timestamp,rel_time_s,q_1,q_2,q_3,q_4,q_5,q_6,q_7,q_8,q_9,q_10,q_11,q_12,q_13,q_14,q_15,q_16,dq_1,dq_2,dq_3,dq_4,dq_5,dq_6,dq_7,dq_8,dq_9,dq_10,dq_11,dq_12,dq_13,dq_14,dq_15,dq_16,tau_1,tau_2,tau_3,tau_4,tau_5,tau_6,tau_7,tau_8,tau_9,tau_10,tau_11,tau_12,tau_13,tau_14,tau_15,tau_16,t_mos_1,t_mos_2,t_mos_3,t_mos_4,t_mos_5,t_mos_6,t_mos_7,t_mos_8,t_mos_9,t_mos_10,t_mos_11,t_mos_12,t_mos_13,t_mos_14,t_mos_15,t_mos_16
1790307700.848609,0.011,-0.00286,-0.03071,-0.00019,-0.00019,0.42973,0.00248,0.05207,0.00001,-3.12257,-3.05581,-1.49214,-0.11273,-1.26135,0.18254,0.07687,0.00028,-0.0110,-0.0110,-0.0024,-0.0024,-0.0073,-0.0073,0.0073,-0.0073,-0.0110,-0.0110,-0.0024,-0.0024,-0.0073,-0.0073,0.0073,-0.0073,-0.013,-0.013,0.007,-0.021,-0.002,-0.007,-0.002,0.002,-0.013,-0.013,0.007,0.007,0.002,0.002,-0.007,-0.002,28.0,29.0,30.0,29.0,30.0,30.0,29.0,28.0,28.0,29.0,30.0,29.0,30.0,30.0,29.0,29.0
1790307700.859317,0.022,-0.00286,-0.03071,-0.00019,-0.00019,0.42973,0.00248,0.05207,0.00001,-3.12257,-3.05581,-1.49214,-0.11273,-1.26135,0.18254,0.07687,0.00028,-0.0110,-0.0110,-0.0024,0.0024,-0.0073,-0.0073,-0.0073,-0.0073,-0.0110,-0.0110,-0.0024,-0.0024,-0.0073,-0.0073,0.0073,-0.0073,-0.013,-0.013,0.007,-0.021,0.002,-0.007,-0.002,0.002,-0.013,-0.013,0.007,0.007,0.002,0.002,-0.007,-0.002,28.0,29.0,30.0,29.0,30.0,30.0,29.0,28.0,28.0,29.0,30.0,29.0,30.0,30.0,29.0,29.0
1790307700.867707,0.030,-0.00286,-0.03071,-0.00019,-0.00019,0.42973,0.00248,0.05207,0.00001,-3.12257,-3.05581,-1.49214,-0.11273,-1.26135,0.18254,0.07687,0.00028,-0.0110,-0.0110,-0.0024,0.0024,-0.0073,-0.0073,-0.0073,-0.0073,-0.0110,-0.0110,-0.0024,-0.0024,-0.0073,-0.0073,0.0073,-0.0220,-0.013,-0.013,0.007,-0.021,0.002,-0.007,-0.002,0.002,-0.013,-0.013,0.007,0.007,0.002,0.002,-0.007,-0.002,28.0,29.0,30.0,29.0,30.0,30.0,29.0,28.0,28.0,29.0,30.0,29.0,30.0,30.0,29.0,29.0
1790307700.877675,0.040,-0.00286,-0.03071,-0.00019,-0.00019,0.42973,0.00248,0.05207,0.00001,-3.12257,-3.05581,-1.49214,-0.11311,-1.26135,0.18254,0.07687,0.00028,-0.0110,-0.0110,-0.0024,0.0024,-0.0073,-0.0073,-0.0073,-0.0073,-0.0110,-0.0110,-0.0024,-0.0024,-0.0073,-0.0073,-0.0220,-0.0220,-0.013,-0.013,0.007,-0.021,0.002,-0.007,-0.002,0.002,-0.013,-0.013,0.007,0.007,-0.002,0.002,-0.007,-0.002,28.0,29.0,30.0,29.0,30.0,30.0,29.0,28.0,28.0,29.0,30.0,29.0,30.0,30.0,29.0,29.0
1790307700.887408,0.050,-0.00286,-0.03071,-0.00019,-0.00019,0.42973,0.00248,0.05207,0.00001,-3.12257,-3.05581,-1.49214,-0.11311,-1.26135,0.18254,0.07687,0.00028,-0.0110,-0.0110,-0.0024,0.0024,-0.0073,-0.0073,-0.0073,-0.0073,-0.0110,-0.0110,-0.0024,-0.0024,-0.0073,-0.0073,-0.0220,-0.0073,-0.013,-0.013,0.007,-0.021,0.002,-0.007,-0.002,-0.012,-0.013,-0.013,0.007,0.007,-0.002,0.002,-0.007,0.002,28.0,29.0,30.0,29.0,30.0,30.0,29.0,28.0,28.0,29.0,30.0,29.0,30.0,30.0,29.0,29.0
1790307700.897594,0.060,-0.00286,-0.03071,-0.00019,-0.00019,0.42973,0.00248,0.05207,0.00001,-3.12257,-3.05581,-1.49214,-0.11311,-1.26135,0.18254,0.07687,0.00028,-0.0110,-0.0110,-0.0024,0.0024,-0.0073,-0.0073,-0.0073,-0.0073,-0.0110,-0.0110,-0.0024,-0.0024,-0.0073,-0.0073,-0.0220,-0.0073,-0.013,-0.013,0.007,-0.021,0.002,-0.007,-0.002,-0.012,-0.013,-0.013,0.007,0.007,-0.002,0.002,-0.007,0.002,28.0,29.0,30.0,29.0,30.0,30.0,29.0,28.0,28.0,29.0,30.0,29.0,30.0,30.0,29.0,29.0
1790307700.907389,0.070,-0.00286,-0.03071,-0.00019,-0.00019,0.42973,0.00248,0.05207,0.00001,-3.12257,-3.05581,-1.49214,-0.11311,-1.26135,0.18254,0.07687,0.00028,-0.0110,-0.0110,-0.0024,0.0024,-0.0073,-0.0073,-0.0073,-0.0073,-0.0110,-0.0110,-0.0024,-0.0024,-0.0073,-0.0073,-0.0220,-0.0073,-0.013,-0.013,0.007,-0.021,0.002,-0.007,-0.002,-0.012,-0.013,-0.013,0.007,0.007,-0.002,0.002,-0.007,0.002,28.0,29.0,30.0,29.0,30.0,30.0,29.0,28.0,28.0,29.0,30.0,29.0,30.0,30.0,29.0,29.0
1790307700.917519,0.080,-0.00286,-0.03071,-0.00019,-0.00019,0.42973,0.00248,0.05207,0.00001,-3.12257,-3.05581,-1.49214,-0.11311,-1.26135,0.18254,0.07687,0.00028,-0.0110,-0.0110,-0.0024,0.0024,-0.0073,-0.0073,-0.0073,-0.0073,-0.0110,-0.0110,-0.0024,-0.0024,-0.0073,-0.0073,-0.0220,-0.0073,-0.013,-0.013,0.007,-0.021,0.002,-0.007,-0.002,-0.012,-0.013,-0.013,0.007,0.007,-0.002,0.002,-0.007,0.002,28.0,29.0,30.0,29.0,30.0,30.0,29.0,28.0,28.0,29.0,30.0,29.0,30.0,30.0,29.0,29.0
1790307700.927818,0.090,-0.00286,-0.03071,-0.00019,-0.00019,0.42973,0.00248,0.05207,0.00001,-3.12257,-3.05581,-1.49214,-0.11273,-1.26097,0.18254,0.07687,0.00028,-0.0110,-0.0110,-0.0024,-0.0024,-0.0220,-0.0073,-0.0073,-0.0073,-0.0110,-0.0110,-0.0024,-0.0024,0.0073,-0.0073,-0.0073,-0.0073,-0.013,-0.013,0.007,-0.021,0.002,-0.007,-0.002,-0.012,-0.013,-0.013,-0.007,0.007,-0.002,0.002,-0.002,0.002,28.0,29.0,30.0,29.0,30.0,30.0,29.0,28.0,28.0,29.0,30.0,29.0,30.0,30.0,29.0,29.0
1790307700.937994,0.100,-0.00286,-0.03071,-0.00019,-0.00019,0.42973,0.00248,0.05207,0.00001,-3.12257,-3.05581,-1.49214,-0.11273,-1.26097,0.18254,0.07687,0.00028,-0.0110,-0.0110,-0.0024,-0.0024,-0.0220,-0.0073,-0.0073,-0.0073,-0.0110,-0.0110,-0.0024,-0.0024,0.0073,-0.0073,-0.0073,-0.0220,-0.013,-0.013,0.007,-0.021,0.002,-0.007,-0.002,-0.012,-0.013,-0.013,-0.007,0.007,-0.002,0.002,-0.002,0.002,28.0,29.0,30.0,29.0,30.0,30.0,29.0,28.0,28.0,29.0,30.0,29.0,30.0,30.0,29.0,29.0
1790307700.947375,0.110,-0.00286,-0.03071,-0.00019,-0.00019,0.42973,0.00248,0.05207,0.00001,-3.12257,-3.05581,-1.49214,-0.11273,-1.26097,0.18254,0.07687,0.00028,-0.0110,-0.0110,-0.0024,-0.0024,-0.0220,-0.0073,-0.0073,-0.0073,-0.0110,-0.0110,-0.0024,-0.0024,0.0073,-0.0073,-0.0073,-0.0220,-0.013,-0.013,0.007,-0.021,0.002,-0.007,-0.002,-0.012,-0.013,-0.013,-0.007,0.007,-0.002,0.002,-0.002,0.002,28.0,29.0,30.0,29.0,30.0,30.0,29.0,28.0,28.0,29.0,30.0,29.0,30.0,30.0,29.0,29.0
1790307700.957572,0.120,-0.00324,-0.03071,-0.00019,-0.00019,0.42973,0.00248,0.05207,0.00001,-3.12257,-3.05581,-1.49214,-0.11273,-1.26097,0.18254,0.07687,0.00028,-0.0110,-0.0110,-0.0024,-0.0024,-0.0220,-0.0073,-0.0073,-0.0073,-0.0110,0.0110,0.0024,-0.0024,0.0073,-0.0073,-0.0073,0.0073,-0.013,-0.013,0.007,-0.021,0.002,-0.007,-0.002,-0.017,-0.013,-0.013,0.007,0.007,-0.002,0.002,-0.002,0.002,28.0,29.0,30.0,29.0,30.0,30.0,29.0,28.0,28.0,29.0,30.0,29.0,30.0,30.0,29.0,29.0
1790307700.967395,0.130,-0.00324,-0.03071,-0.00019,-0.00019,0.42973,0.00248,0.05207,0.00001,-3.12257,-3.05581,-1.49214,-0.11273,-1.26135,0.18254,0.07687,0.00028,-0.0110,-0.0110,-0.0024,-0.0024,-0.0220,-0.0073,-0.0220,-0.0073,-0.0110,0.0110,0.0024,-0.0024,-0.0220,-0.0073,-0.0073,0.0073,-0.013,-0.013,0.007,-0.021,0.002,-0.007,-0.002,-0.017,-0.013,-0.013,0.007,0.007,-0.002,0.002,-0.002,0.002,28.0,29.0,30.0,29.0,30.0,30.0,29.0,28.0,28.0,29.0,30.0,29.0,30.0,30.0,29.0,29.0
1790307700.977573,0.140,-0.00324,-0.03071,-0.00019,-0.00019,0.42973,0.00248,0.05207,0.00001,-3.12257,-3.05581,-1.49214,-0.11273,-1.26135,0.18254,0.07687,0.00028,-0.0110,-0.0110,-0.0024,-0.0024,-0.0220,-0.0073,-0.0220,-0.0073,-0.0110,0.0110,0.0024,-0.0024,-0.0220,-0.0073,-0.0073,0.0073,-0.013,-0.013,0.007,-0.021,0.002,-0.007,-0.002,-0.017,-0.013,-0.013,0.007,0.007,-0.002,0.002,-0.002,0.002,28.0,29.0,30.0,29.0,30.0,30.0,29.0,28.0,28.0,29.0,30.0,29.0,30.0,30.0,29.0,29.0
1790307700.987592,0.150,-0.00324,-0.03071,-0.00019,-0.00019,0.42973,0.00248,0.05207,0.00001,-3.12257,-3.05581,-1.49214,-0.11273,-1.26135,0.18254,0.07687,0.00028,-0.0110,-0.0110,-0.0024,-0.0024,-0.0220,-0.0073,-0.0220,-0.0073,-0.0110,0.0110,0.0024,-0.0024,-0.0220,-0.0073,-0.0073,-0.0073,-0.013,-0.013,0.007,-0.021,0.002,-0.007,-0.002,-0.022,-0.013,-0.013,0.007,0.007,-0.002,0.002,-0.002,0.002,28.0,29.0,30.0,29.0,30.0,30.0,29.0,28.0,28.0,29.0,30.0,29.0,30.0,30.0,29.0,29.0
1790307700.997801,0.160,-0.00286,-0.03071,-0.00019,-0.00019,0.42973,0.00248,0.05207,0.00002,-3.12257,-3.05581,-1.49214,-0.11273,-1.26135,0.18254,0.07687,0.00028,0.0110,-0.0110,-0.0073,-0.0024,-0.0220,-0.0073,-0.0220,-0.0073,-0.0110,-0.0110,-0.0024,-0.0024,-0.0220,-0.0073,-0.0073,-0.0220,-0.040,-0.013,0.007,-0.021,0.002,-0.007,-0.002,-0.022,-0.013,-0.013,0.007,0.007,-0.002,0.002,-0.002,0.002,28.0,29.0,30.0,29.0,30.0,30.0,29.0,28.0,28.0,29.0,30.0,29.0,30.0,30.0,29.0,29.0
1790307701.007412,0.170,-0.00286,-0.03071,-0.00019,-0.00019,0.42973,0.00248,0.05207,0.00002,-3.12257,-3.05581,-1.49214,-0.11273,-1.26135,0.18254,0.07687,0.00028,0.0110,-0.0110,-0.0073,-0.0024,-0.0220,-0.0073,-0.0073,-0.0073,-0.0110,-0.0110,-0.0024,-0.0024,0.0073,-0.0073,-0.0220,-0.0220,-0.040,-0.013,0.007,-0.021,0.002,-0.007,-0.002,-0.022,-0.013,-0.013,0.007,0.007,-0.002,-0.002,-0.007,0.002,28.0,29.0,30.0,29.0,30.0,30.0,29.0,28.0,28.0,29.0,30.0,29.0,30.0,30.0,29.0,29.0
1790307701.017587,0.180,-0.00286,-0.03071,-0.00019,-0.00019,0.42973,0.00248,0.05207,0.00002,-3.12257,-3.05581,-1.49214,-0.11273,-1.26135,0.18254,0.07687,0.00028,0.0110,-0.0110,-0.0073,-0.0024,-0.0220,-0.0073,-0.0073,-0.0073,-0.0110,-0.0110,-0.0024,-0.0024,0.0073,-0.0073,-0.0220,-0.0220,-0.040,-0.013,0.007,-0.021,0.002,-0.007,-0.002,-0.022,-0.013,-0.013,0.007,0.007,-0.002,-0.002,-0.007,0.002,28.0,29.0,30.0,29.0,30.0,30.0,29.0,28.0,28.0,29.0,30.0,29.0,30.0,30.0,29.0,29.0
1790307701.027416,0.190,-0.00286,-0.03071,-0.00019,-0.00019,0.42973,0.00248,0.05207,0.00002,-3.12257,-3.05581,-1.49214,-0.11273,-1.26135,0.18254,0.07687,0.00028,0.0110,-0.0110,-0.0073,-0.0024,-0.0220,-0.0073,-0.0073,-0.0073,-0.0110,-0.0110,-0.0024,-0.0024,0.0073,-0.0073,-0.0220,-0.0220,-0.040,-0.013,0.007,-0.021,0.002,-0.007,-0.002,-0.022,-0.013,-0.013,0.007,0.007,-0.002,-0.002,-0.007,0.002,28.0,29.0,30.0,29.0,30.0,30.0,29.0,28.0,28.0,29.0,30.0,29.0,30.0,30.0,29.0,29.0
1790307701.037499,0.200,-0.00286,-0.03071,-0.00019,-0.00019,0.42973,0.00248,0.05207,0.00001,-3.12257,-3.05581,-1.49214,-0.11273,-1.26135,0.18254,0.07687,0.00028,-0.0110,-0.0110,-0.0073,-0.0024,-0.0220,-0.0073,-0.0073,-0.0073,-0.0110,-0.0110,-0.0024,-0.0024,0.0073,-0.0073,-0.0220,-0.0220,-0.040,-0.013,0.007,-0.021,0.002,-0.007,-0.002,-0.032,-0.013,-0.013,0.007,0.007,-0.002,-0.002,-0.007,0.002,28.0,29.0,30.0,29.0,30.0,30.0,29.0,28.0,28.0,29.0,30.0,29.0,30.0,30.0,29.0,29.0
1790307701.047785,0.210,-0.00286,-0.03071,-0.00019,-0.00019,0.42973,0.00248,0.05207,0.00001,-3.12257,-3.05581,-1.49214,-0.11273,-1.26135,0.18254,0.07687,0.00028,-0.0110,-0.0110,-0.0024,-0.0024,-0.0073,0.0073,-0.0073,-0.0220,0.0110,0.0110,-0.0024,-0.0024,-0.0073,-0.0073,-0.0220,-0.0073,-0.040,-0.013,0.007,-0.021,0.002,-0.007,-0.002,-0.027,-0.013,-0.013,0.007,0.007,-0.002,0.002,-0.007,-0.002,28.0,29.0,30.0,29.0,30.0,30.0,29.0,28.0,28.0,29.0,30.0,29.0,30.0,30.0,29.0,29.0
1790307701.057409,0.220,-0.00286,-0.03071,-0.00019,-0.00019,0.42973,0.00248,0.05207,0.00001,-3.12257,-3.05581,-1.49214,-0.11273,-1.26135,0.18254,0.07687,0.00028,-0.0110,-0.0110,-0.0024,-0.0024,-0.0073,0.0073,-0.0073,-0.0220,0.0110,0.0110,-0.0024,-0.0024,-0.0073,-0.0073,-0.0220,-0.0073,-0.040,-0.013,0.007,-0.021,0.002,-0.007,-0.002,-0.027,-0.013,-0.013,0.007,0.007,-0.002,0.002,-0.007,-0.002,28.0,29.0,30.0,29.0,30.0,30.0,29.0,28.0,28.0,29.0,30.0,29.0,30.0,30.0,29.0,29.0
1790307701.067439,0.230,-0.00286,-0.03071,-0.00019,-0.00019,0.42973,0.00248,0.05207,0.00001,-3.12257,-3.05581,-1.49214,-0.11273,-1.26135,0.18254,0.07687,0.00028,-0.0110,-0.0110,-0.0024,-0.0024,-0.0073,0.0073,-0.0073,-0.0220,0.0110,0.0110,-0.0024,-0.0024,-0.0073,-0.0073,-0.0220,-0.0073,-0.040,-0.013,0.007,-0.021,0.002,-0.007,-0.002,-0.027,-0.013,-0.013,0.007,0.007,-0.002,0.002,-0.007,-0.002,28.0,29.0,30.0,29.0,30.0,30.0,29.0,28.0,28.0,29.0,30.0,29.0,30.0,30.0,29.0,29.0
1790307701.077435,0.240,-0.00286,-0.03071,-0.00019,-0.00019,0.42973,0.00248,0.05207,0.00001,-3.12257,-3.05581,-1.49214,-0.11273,-1.26135,0.18254,0.07687,0.00028,-0.0110,-0.0110,-0.0024,-0.0024,-0.0073,0.0073,-0.0073,-0.0220,0.0110,0.0110,-0.0024,-0.0024,-0.0073,-0.0073,-0.0220,-0.0073,-0.040,-0.013,0.007,-0.021,0.002,-0.007,-0.002,-0.027,-0.013,-0.013,0.007,0.007,-0.002,0.002,-0.007,-0.002,28.0,29.0,30.0,29.0,30.0,30.0,29.0,28.0,28.0,29.0,30.0,29.0,30.0,30.0,29.0,29.0
1790307701.087356,0.250,-0.00324,-0.03071,-0.00019,-0.00019,0.42973,0.00248,0.05207,0.00001,-3.12257,-3.05581,-1.49214,-0.11311,-1.26135,0.18254,0.07687,0.00028,-0.0110,-0.0110,-0.0024,-0.0024,-0.0073,0.0073,-0.0073,-0.0073,-0.0110,-0.0110,-0.0073,-0.0024,-0.0073,-0.0073,0.0073,-0.0073,-0.040,-0.013,0.007,-0.021,0.002,-0.007,-0.007,-0.037,-0.013,-0.013,0.007,0.007,-0.002,0.002,-0.002,-0.002,28.0,29.0,30.0,29.0,30.0,30.0,29.0,28.0,28.0,29.0,30.0,29.0,30.0,30.0,29.0,29.0
1790307701.097526,0.260,-0.00324,-0.03071,-0.00019,-0.00019,0.42973,0.00248,0.05207,0.00001,-3.12257,-3.05581,-1.49214,-0.11311,-1.26135,0.18254,0.07687,0.00028,-0.0110,-0.0110,-0.0024,-0.0024,-0.0073,0.0073,-0.0073,-0.0073,-0.0110,-0.0110,-0.0073,-0.0024,-0.0073,-0.0073,0.0073,-0.0073,-0.040,-0.013,0.007,-0.021,0.002,-0.007,-0.007,-0.032,-0.013,-0.013,0.007,0.007,-0.002,0.002,-0.002,0.002,28.0,29.0,30.0,29.0,30.0,30.0,29.0,28.0,28.0,29.0,30.0,29.0,30.0,30.0,29.0,29.0
1790307701.107394,0.270,-0.00324,-0.03071,-0.00019,-0.00019,0.42973,0.00248,0.05207,0.00001,-3.12257,-3.05581,-1.49214,-0.11311,-1.26135,0.18254,0.07687,0.00028,-0.0110,-0.0110,-0.0024,-0.0024,-0.0073,0.0073,-0.0073,-0.0073,-0.0110,-0.0110,-0.0073,-0.0024,-0.0073,-0.0073,0.0073,-0.0073,-0.040,-0.013,0.007,-0.021,0.002,-0.007,-0.007,-0.032,-0.013,-0.013,0.007,0.007,-0.002,0.002,-0.002,0.002,28.0,29.0,30.0,29.0,30.0,30.0,29.0,28.0,28.0,29.0,30.0,29.0,30.0,30.0,29.0,29.0
1790307701.117510,0.280,-0.00324,-0.03071,-0.00019,-0.00019,0.42973,0.00248,0.05207,0.00001,-3.12257,-3.05581,-1.49214,-0.11311,-1.26135,0.18254,0.07687,0.00028,-0.0110,-0.0110,-0.0024,-0.0024,-0.0073,0.0073,-0.0073,-0.0073,-0.0110,-0.0110,-0.0073,-0.0024,-0.0073,-0.0073,0.0073,-0.0073,-0.040,-0.013,0.007,-0.021,0.002,-0.007,-0.007,-0.032,-0.013,-0.013,0.007,0.007,-0.002,0.002,-0.002,0.002,28.0,29.0,30.0,29.0,30.0,30.0,29.0,28.0,28.0,29.0,30.0,29.0,30.0,30.0,29.0,29.0
1790307701.127794,0.290,-0.00324,-0.03071,-0.00019,-0.00019,0.42973,0.00248,0.05207,0.00001,-3.12257,-3.05581,-1.49214,-0.11273,-1.26135,0.18254,0.07687,0.00028,-0.0110,-0.0110,-0.0024,0.0024,-0.0220,0.0073,0.0073,-0.0073,-0.0110,-0.0110,-0.0024,-0.0024,-0.0073,0.0073,-0.0220,-0.0073,-0.013,-0.013,0.007,-0.021,0.002,-0.007,0.002,-0.037,-0.013,-0.013,0.007,0.007,0.002,0.002,-0.007,-0.002,28.0,29.0,30.0,29.0,30.0,30.0,29.0,28.0,28.0,29.0,30.0,29.0,30.0,30.0,29.0,29.0
1790307701.137484,0.300,-0.00324,-0.03071,-0.00019,-0.00019,0.42973,0.00248,0.05207,0.00001,-3.12257,-3.05581,-1.49214,-0.11273,-1.26135,0.18254,0.07687,0.00028,-0.0110,-0.0110,-0.0024,0.0024,-0.0220,0.0073,0.0073,-0.0073,-0.0110,-0.0110,-0.0024,-0.0024,-0.0073,0.0073,-0.0220,-0.0073,-0.013,-0.013,0.007,-0.021,0.002,-0.007,0.002,-0.037,-0.013,-0.013,0.007,0.007,0.002,0.002,-0.007,-0.002,28.0,29.0,30.0,29.0,30.0,30.0,29.0,28.0,28.0,29.0,30.0,29.0,30.0,30.0,29.0,29.0
1790307701.148038,0.310,-0.00324,-0.03071,-0.00019,-0.00019,0.42973,0.00248,0.05207,0.00001,-3.12257,-3.05581,-1.49214,-0.11273,-1.26135,0.18254,0.07687,0.00028,-0.0110,-0.0110,-0.0024,0.0024,-0.0220,0.0073,0.0073,-0.0073,-0.0110,-0.0110,-0.0024,-0.0024,-0.0073,0.0073,-0.0220,0.0073,-0.013,-0.013,0.007,-0.021,0.002,-0.007,0.002,-0.037,-0.013,-0.013,0.007,0.007,0.002,0.002,-0.007,0.002,28.0,29.0,30.0,29.0,30.0,30.0,29.0,28.0,28.0,29.0,30.0,29.0,30.0,30.0,29.0,29.0
1790307701.157594,0.320,-0.00324,-0.03071,-0.00019,-0.00019,0.42973,0.00248,0.05207,0.00001,-3.12257,-3.05581,-1.49214,-0.11273,-1.26135,0.18254,0.07687,0.00028,-0.0110,-0.0110,-0.0024,0.0024,-0.0220,0.0073,0.0073,-0.0073,-0.0110,-0.0110,-0.0024,-0.0024,-0.0073,0.0073,-0.0220,0.0073,-0.013,-0.013,0.007,-0.021,0.002,-0.007,0.002,-0.037,-0.013,-0.013,0.007,0.007,0.002,0.002,-0.007,0.002,28.0,29.0,30.0,29.0,30.0,30.0,29.0,28.0,28.0,29.0,30.0,29.0,30.0,30.0,29.0,29.0
1790307701.167364,0.330,-0.00324,-0.03071,-0.00019,-0.00019,0.42973,0.00248,0.05207,0.00002,-3.12257,-3.05581,-1.49214,-0.11273,-1.26135,0.18254,0.07687,0.00028,-0.0110,-0.0330,-0.0024,-0.0024,-0.0220,-0.0073,-0.0073,-0.0073,-0.0110,-0.0110,-0.0024,-0.0024,-0.0073,-0.0073,-0.0073,0.0073,-0.013,-0.013,0.007,-0.021,0.002,-0.007,-0.002,-0.042,-0.013,-0.013,0.007,0.007,-0.002,0.002,-0.007,0.002,28.0,29.0,30.0,29.0,30.0,30.0,29.0,28.0,28.0,29.0,30.0,29.0,30.0,30.0,29.0,29.0
1790307701.177589,0.340,-0.00324,-0.03071,-0.00019,-0.00019,0.42973,0.00248,0.05207,0.00002,-3.12257,-3.05581,-1.49214,-0.11273,-1.26135,0.18254,0.07687,0.00028,-0.0110,-0.0330,-0.0024,-0.0024,-0.0220,-0.0073,-0.0073,-0.0073,-0.0110,-0.0110,-0.0024,-0.0024,-0.0073,-0.0073,-0.0073,0.0073,-0.013,-0.013,0.007,-0.021,0.002,-0.007,-0.002,-0.042,-0.013,-0.013,0.007,0.007,-0.002,0.002,-0.007,0.002,28.0,29.0,30.0,29.0,30.0,30.0,29.0,28.0,28.0,29.0,30.0,29.0,30.0,30.0,29.0,29.0
1790307701.188248,0.351,-0.00324,-0.03071,-0.00019,-0.00019,0.42973,0.00248,0.05207,0.00002,-3.12257,-3.05581,-1.49214,-0.11273,-1.26135,0.18254,0.07687,0.00028,-0.0110,-0.0330,-0.0024,-0.0024,-0.0220,-0.0073,-0.0073,-0.0073,-0.0110,-0.0110,-0.0024,-0.0024,-0.0073,-0.0073,-0.0073,0.0073,-0.013,-0.013,0.007,-0.021,0.002,-0.007,-0.002,-0.042,-0.013,-0.013,0.007,0.007,-0.002,0.002,-0.007,0.002,28.0,29.0,30.0,29.0,30.0,30.0,29.0,28.0,28.0,29.0,30.0,29.0,30.0,30.0,29.0,29.0
1790307701.197578,0.360,-0.00324,-0.03071,-0.00019,-0.00019,0.42973,0.00248,0.05207,0.00001,-3.12257,-3.05581,-1.49214,-0.11273,-1.26135,0.18254,0.07687,0.00028,-0.0110,-0.0330,-0.0024,-0.0024,-0.0220,-0.0073,-0.0073,0.0220,-0.0110,-0.0110,-0.0024,-0.0024,-0.0073,-0.0073,-0.0073,-0.0073,-0.013,-0.013,0.007,-0.021,0.002,-0.007,-0.002,-0.042,-0.013,-0.013,0.007,0.007,-0.002,0.002,-0.007,-0.002,28.0,29.0,30.0,29.0,30.0,30.0,29.0,28.0,28.0,29.0,30.0,29.0,30.0,30.0,29.0,29.0
1790307701.207402,0.370,-0.00324,-0.03071,-0.00019,-0.00019,0.42973,0.00248,0.05207,0.00001,-3.12257,-3.05581,-1.49214,-0.11273,-1.26135,0.18254,0.07687,0.00028,-0.0110,-0.0330,-0.0024,-0.0024,0.0073,-0.0073,-0.0073,0.0073,-0.0110,-0.0330,-0.0024,-0.0024,-0.0073,-0.0073,-0.0073,-0.0073,-0.013,-0.013,0.007,-0.034,0.002,-0.007,-0.002,-0.042,-0.013,0.013,0.007,0.007,-0.002,0.002,-0.007,-0.002,28.0,29.0,30.0,29.0,30.0,30.0,29.0,28.0,28.0,29.0,30.0,29.0,30.0,30.0,29.0,29.0
1790307701.217529,0.380,-0.00324,-0.03071,-0.00019,-0.00019,0.42973,0.00248,0.05207,0.00001,-3.12257,-3.05581,-1.49214,-0.11273,-1.26135,0.18254,0.07687,0.00028,-0.0110,-0.0330,-0.0024,-0.0024,0.0073,-0.0073,-0.0073,0.0073,-0.0110,-0.0330,-0.0024,-0.0024,-0.0073,-0.0073,-0.0073,-0.0073,-0.013,-0.013,0.007,-0.034,0.002,-0.007,-0.002,-0.042,-0.013,0.013,0.007,0.007,-0.002,0.002,-0.007,-0.002,28.0,29.0,30.0,29.0,30.0,30.0,29.0,28.0,28.0,29.0,30.0,29.0,30.0,30.0,29.0,29.0
1790307701.227417,0.390,-0.00324,-0.03071,-0.00019,-0.00019,0.42973,0.00248,0.05207,0.00001,-3.12257,-3.05581,-1.49214,-0.11273,-1.26135,0.18254,0.07687,0.00028,-0.0110,-0.0330,-0.0024,-0.0024,0.0073,-0.0073,-0.0073,0.0073,-0.0110,-0.0330,-0.0024,-0.0024,-0.0073,-0.0073,-0.0073,-0.0073,-0.013,-0.013,0.007,-0.034,0.002,-0.007,-0.002,-0.042,-0.013,0.013,0.007,0.007,-0.002,0.002,-0.007,-0.002,28.0,29.0,30.0,29.0,30.0,30.0,29.0,28.0,28.0,29.0,30.0,29.0,30.0,30.0,29.0,29.0
1790307701.237423,0.400,-0.00324,-0.03071,-0.00019,-0.00019,0.42973,0.00248,0.05207,0.00001,-3.12257,-3.05581,-1.49214,-0.11273,-1.26135,0.18254,0.07687,0.00028,-0.0110,-0.0330,-0.0024,-0.0024,0.0073,-0.0073,-0.0073,0.0073,-0.0110,-0.0330,-0.0024,-0.0024,-0.0073,-0.0073,-0.0073,-0.0073,-0.013,-0.013,0.007,-0.034,0.002,-0.007,-0.002,-0.042,-0.013,0.013,0.007,0.007,-0.002,0.002,-0.007,-0.002,28.0,29.0,30.0,29.0,30.0,30.0,29.0,28.0,28.0,29.0,30.0,29.0,30.0,30.0,29.0,29.0
1790307701.247430,0.410,-0.00324,-0.03071,-0.00019,-0.00019,0.42973,0.00248,0.05207,0.00001,-3.12257,-3.05581,-1.49214,-0.11311,-1.26135,0.18254,0.07687,0.00028,-0.0330,-0.0110,-0.0024,-0.0024,-0.0073,-0.0073,-0.0220,-0.0073,-0.0110,-0.0110,-0.0024,-0.0073,-0.0073,-0.0073,-0.0073,-0.0073,-0.013,-0.013,0.021,-0.021,0.002,-0.007,-0.002,-0.042,-0.013,-0.013,0.007,0.007,-0.002,0.002,-0.007,0.002,28.0,29.0,30.0,29.0,30.0,30.0,29.0,28.0,28.0,29.0,30.0,29.0,30.0,30.0,29.0,29.0
1790307701.257565,0.420,-0.00324,-0.03071,-0.00019,-0.00019,0.42973,0.00248,0.05207,0.00002,-3.12257,-3.05581,-1.49214,-0.11311,-1.26135,0.18254,0.07687,0.00028,-0.0330,-0.0110,-0.0024,-0.0024,-0.0073,-0.0073,-0.0220,-0.0073,-0.0110,-0.0110,-0.0024,-0.0073,-0.0073,-0.0073,-0.0073,-0.0073,-0.013,-0.013,0.021,-0.021,0.002,-0.007,-0.002,-0.042,-0.013,-0.013,0.007,0.007,-0.002,0.002,-0.007,0.002,28.0,29.0,30.0,29.0,30.0,30.0,29.0,28.0,28.0,29.0,30.0,29.0,30.0,30.0,29.0,29.0
1790307701.267367,0.430,-0.00324,-0.03071,-0.00019,-0.00019,0.42973,0.00248,0.05207,0.00002,-3.12257,-3.05581,-1.49214,-0.11311,-1.26135,0.18254,0.07687,0.00028,-0.0330,-0.0110,-0.0024,-0.0024,-0.0073,-0.0073,-0.0220,-0.0073,-0.0110,-0.0110,-0.0024,-0.0073,-0.0073,-0.0073,-0.0073,-0.0073,-0.013,-0.013,0.021,-0.021,0.002,-0.007,-0.002,-0.042,-0.013,-0.013,0.007,0.007,-0.002,0.002,-0.007,0.002,28.0,29.0,30.0,29.0,30.0,30.0,29.0,28.0,28.0,29.0,30.0,29.0,30.0,30.0,29.0,29.0
1790307701.277559,0.440,-0.00324,-0.03071,-0.00019,-0.00019,0.42973,0.00248,0.05207,0.00002,-3.12257,-3.05581,-1.49214,-0.11311,-1.26135,0.18254,0.07687,0.00028,-0.0330,-0.0110,-0.0024,-0.0024,-0.0073,-0.0073,-0.0220,-0.0073,-0.0110,-0.0110,-0.0024,-0.0073,-0.0073,-0.0073,-0.0073,-0.0073,-0.013,-0.013,0.021,-0.021,0.002,-0.007,-0.002,-0.042,-0.013,-0.013,0.007,0.007,-0.002,0.002,-0.007,0.002,28.0,29.0,30.0,29.0,30.0,30.0,29.0,28.0,28.0,29.0,30.0,29.0,30.0,30.0,29.0,29.0
1790307701.287373,0.450,-0.00324,-0.03071,-0.00019,-0.00019,0.42973,0.00248,0.05207,0.00001,-3.12257,-3.05581,-1.49214,-0.11273,-1.26135,0.18254,0.07687,0.00028,-0.0110,-0.0110,-0.0073,-0.0024,-0.0073,-0.0073,0.0073,-0.0073,-0.0110,-0.0110,-0.0024,-0.0073,0.0073,-0.0073,-0.0073,-0.0073,-0.040,-0.013,0.007,-0.021,-0.002,-0.007,-0.002,-0.046,-0.013,-0.013,0.007,0.021,-0.002,0.002,-0.007,-0.002,28.0,29.0,30.0,29.0,30.0,30.0,29.0,28.0,28.0,29.0,30.0,29.0,30.0,30.0,29.0,29.0
1790307701.297560,0.460,-0.00324,-0.03071,-0.00019,-0.00019,0.42973,0.00248,0.05207,0.00001,-3.12257,-3.05581,-1.49214,-0.11273,-1.26135,0.18254,0.07687,0.00028,-0.0110,-0.0110,-0.0073,-0.0024,-0.0073,-0.0073,0.0073,-0.0073,-0.0110,-0.0110,-0.0024,-0.0073,0.0073,-0.0073,-0.0073,-0.0073,-0.040,-0.013,0.007,-0.021,-0.002,-0.007,-0.002,-0.046,-0.013,-0.013,0.007,0.021,-0.002,0.002,-0.007,-0.002,28.0,29.0,30.0,29.0,30.0,30.0,29.0,28.0,28.0,29.0,30.0,29.0,30.0,30.0,29.0,29.0
1790307701.307372,0.470,-0.00324,-0.03071,-0.00019,-0.00019,0.42973,0.00248,0.05207,0.00001,-3.12257,-3.05581,-1.49214,-0.11273,-1.26135,0.18254,0.07687,0.00028,-0.0110,-0.0110,-0.0073,-0.0024,-0.0073,-0.0073,0.0073,-0.0073,-0.0110,-0.0110,-0.0024,-0.0073,0.0073,-0.0073,-0.0073,-0.0073,-0.040,-0.013,0.007,-0.021,-0.002,-0.007,-0.002,-0.046,-0.013,-0.013,0.007,0.021,-0.002,0.002,-0.007,-0.002,28.0,29.0,30.0,29.0,30.0,30.0,29.0,28.0,28.0,29.0,30.0,29.0,30.0,30.0,29.0,29.0
1790307701.318011,0.480,-0.00324,-0.03071,-0.00019,-0.00019,0.42973,0.00248,0.05207,0.00001,-3.12257,-3.05581,-1.49214,-0.11273,-1.26135,0.18254,0.07687,0.00028,-0.0110,-0.0110,-0.0073,-0.0024,-0.0073,-0.0073,0.0073,-0.0073,-0.0110,-0.0110,-0.0024,-0.0073,0.0073,-0.0073,-0.0073,-0.0073,-0.040,-0.013,0.007,-0.021,-0.002,-0.007,-0.002,-0.046,-0.013,-0.013,0.007,0.021,-0.002,0.002,-0.007,-0.002,28.0,29.0,30.0,29.0,30.0,30.0,29.0,28.0,28.0,29.0,30.0,29.0,30.0,30.0,29.0,29.0
1790307701.327363,0.490,-0.00324,-0.03071,-0.00019,-0.00019,0.42973,0.00248,0.05207,0.00001,-3.12257,-3.05581,-1.49214,-0.11311,-1.26135,0.18254,0.07687,0.00028,-0.0110,-0.0110,-0.0073,-0.0024,-0.0220,-0.0073,-0.0073,0.0073,-0.0110,-0.0110,-0.0024,-0.0073,0.0073,-0.0073,0.0073,-0.0073,-0.013,-0.013,0.007,-0.021,0.002,-0.007,-0.002,-0.051,-0.013,-0.013,0.007,0.007,-0.002,0.002,-0.007,-0.002,28.0,29.0,30.0,29.0,30.0,30.0,29.0,28.0,28.0,29.0,30.0,29.0,30.0,30.0,29.0,29.0
1790307701.337571,0.500,-0.00324,-0.03071,-0.00019,-0.00019,0.42973,0.00248,0.05207,0.00001,-3.12257,-3.05581,-1.49214,-0.11311,-1.26135,0.18254,0.07687,0.00028,-0.0110,-0.0110,-0.0073,-0.0024,-0.0220,-0.0073,-0.0073,0.0073,-0.0110,-0.0110,-0.0024,-0.0073,0.0073,-0.0073,0.0073,-0.0073,-0.013,-0.013,0.007,-0.021,0.002,-0.007,-0.002,-0.051,-0.013,-0.013,0.007,0.007,-0.002,0.002,-0.007,-0.002,28.0,29.0,30.0,29.0,30.0,30.0,29.0,28.0,28.0,29.0,30.0,29.0,30.0,30.0,29.0,29.0
1790307701.347430,0.510,-0.00324,-0.03071,-0.00019,-0.00019,0.42973,0.00248,0.05207,0.00001,-3.12257,-3.05581,-1.49214,-0.11311,-1.26135,0.18254,0.07687,0.00028,-0.0110,-0.0110,-0.0073,-0.0024,-0.0220,-0.0073,-0.0073,0.0073,-0.0110,-0.0110,-0.0024,-0.0073,0.0073,-0.0073,0.0073,-0.0073,-0.013,-0.013,0.007,-0.021,0.002,-0.007,-0.002,-0.051,-0.013,-0.013,0.007,0.007,-0.002,0.002,-0.007,-0.002,28.0,29.0,30.0,29.0,30.0,30.0,29.0,28.0,28.0,29.0,30.0,29.0,30.0,30.0,29.0,29.0
1790307701.357594,0.520,-0.00324,-0.03071,-0.00019,-0.00019,0.42973,0.00248,0.05207,0.00002,-3.12257,-3.05581,-1.49214,-0.11311,-1.26135,0.18254,0.07687,0.00028,-0.0110,-0.0110,-0.0073,-0.0024,-0.0220,-0.0073,-0.0073,-0.0220,-0.0110,-0.0110,-0.0024,-0.0073,0.0073,-0.0073,0.0073,-0.0073,-0.013,-0.013,0.007,-0.021,0.002,-0.007,-0.002,-0.051,-0.013,-0.013,0.007,0.007,-0.002,0.002,-0.007,-0.002,28.0,29.0,30.0,29.0,30.0,30.0,29.0,28.0,28.0,29.0,30.0,29.0,30.0,30.0,29.0,29.0
1790307701.367405,0.530,-0.00286,-0.03071,-0.00019,-0.00019,0.42973,0.00248,0.05207,0.00002,-3.12257,-3.05581,-1.49214,-0.11311,-1.26135,0.18254,0.07687,0.00028,-0.0110,0.0110,0.0024,-0.0073,-0.0073,-0.0220,0.0073,-0.0220,-0.0110,-0.0110,-0.0024,-0.0024,-0.0073,-0.0073,0.0073,-0.0073,-0.040,-0.013,0.007,-0.021,0.002,-0.012,-0.002,-0.051,-0.013,-0.013,0.007,0.007,-0.002,0.002,-0.002,0.002,28.0,29.0,30.0,29.0,30.0,30.0,29.0,28.0,28.0,29.0,30.0,29.0,30.0,30.0,29.0,29.0
1790307701.377596,0.540,-0.00286,-0.03071,-0.00019,-0.00019,0.42973,0.00248,0.05207,0.00002,-3.12257,-3.05581,-1.49214,-0.11311,-1.26135,0.18254,0.07687,0.00028,-0.0110,0.0110,0.0024,-0.0073,-0.0073,-0.0220,0.0073,-0.0220,-0.0110,-0.0110,-0.0024,-0.0024,-0.0073,-0.0073,0.0073,-0.0073,-0.040,-0.013,0.007,-0.021,0.002,-0.012,-0.002,-0.051,-0.013,-0.013,0.007,0.007,-0.002,0.002,-0.002,0.002,28.0,29.0,30.0,29.0,30.0,30.0,29.0,28.0,28.0,29.0,30.0,29.0,30.0,30.0,29.0,29.0
1790307701.387379,0.550,-0.00286,-0.03071,-0.00019,-0.00019,0.42973,0.00248,0.05207,0.00002,-3.12257,-3.05581,-1.49214,-0.11311,-1.26135,0.18254,0.07687,0.00028,-0.0110,0.0110,0.0024,-0.0073,-0.0073,-0.0220,0.0073,-0.0220,-0.0110,-0.0110,-0.0024,-0.0024,-0.0073,-0.0073,0.0073,-0.0073,-0.040,-0.013,0.007,-0.021,0.002,-0.012,-0.002,-0.051,-0.013,-0.013,0.007,0.007,-0.002,0.002,-0.002,0.002,28.0,29.0,30.0,29.0,30.0,30.0,29.0,28.0,28.0,29.0,30.0,29.0,30.0,30.0,29.0,29.0
1790307701.397570,0.560,-0.00286,-0.03071,-0.00019,-0.00019,0.42973,0.00248,0.05207,0.00002,-3.12257,-3.05581,-1.49214,-0.11311,-1.26135,0.18254,0.07687,0.00028,-0.0110,0.0110,0.0024,-0.0073,-0.0073,-0.0220,0.0073,-0.0220,-0.0110,-0.0110,-0.0024,-0.0024,-0.0073,-0.0073,0.0073,-0.0073,-0.040,-0.013,0.007,-0.021,0.002,-0.012,-0.002,-0.051,-0.013,-0.013,0.007,0.007,-0.002,0.002,-0.002,0.002,28.0,29.0,30.0,29.0,30.0,30.0,29.0,28.0,28.0,29.0,30.0,29.0,30.0,30.0,29.0,29.0
1790307701.407389,0.570,-0.00286,-0.03071,-0.00019,-0.00019,0.42973,0.00248,0.05207,0.00002,-3.12257,-3.05581,-1.49214,-0.11311,-1.26135,0.18254,0.07687,0.00028,-0.0110,-0.0110,-0.0024,-0.0024,-0.0366,-0.0220,-0.0073,-0.0073,0.0110,-0.0330,-0.0073,-0.0024,-0.0073,-0.0073,-0.0073,-0.0220,-0.013,-0.013,0.007,-0.021,0.002,-0.007,-0.002,-0.056,-0.013,-0.013,0.007,0.007,-0.002,-0.002,-0.002,-0.002,28.0,29.0,30.0,29.0,30.0,30.0,29.0,28.0,28.0,29.0,30.0,29.0,30.0,30.0,29.0,29.0
1790307701.417990,0.580,-0.00286,-0.03071,-0.00019,-0.00019,0.42973,0.00248,0.05207,0.00002,-3.12257,-3.05581,-1.49214,-0.11311,-1.26135,0.18254,0.07687,0.00028,-0.0110,-0.0110,-0.0024,-0.0024,-0.0366,-0.0220,-0.0073,-0.0073,0.0110,-0.0330,-0.0073,-0.0024,-0.0073,-0.0073,-0.0073,-0.0220,-0.013,-0.013,0.007,-0.021,0.002,-0.007,-0.002,-0.056,-0.013,-0.013,0.007,0.007,-0.002,-0.002,-0.002,-0.002,28.0,29.0,30.0,29.0,30.0,30.0,29.0,28.0,28.0,29.0,30.0,29.0,30.0,30.0,29.0,29.0
1790307701.427411,0.590,-0.00286,-0.03071,-0.00019,-0.00019,0.42973,0.00248,0.05207,0.00002,-3.12257,-3.05581,-1.49214,-0.11311,-1.26135,0.18254,0.07687,0.00028,-0.0110,-0.0110,-0.0024,-0.0024,-0.0366,-0.0220,-0.0073,-0.0073,0.0110,-0.0330,-0.0073,-0.0024,-0.0073,-0.0073,-0.0073,-0.0220,-0.013,-0.013,0.007,-0.021,0.002,-0.007,-0.002,-0.056,-0.013,-0.013,0.007,0.007,-0.002,-0.002,-0.002,-0.002,28.0,29.0,30.0,29.0,30.0,30.0,29.0,28.0,28.0,29.0,30.0,29.0,30.0,30.0,29.0,29.0
1790307701.437624,0.600,-0.00286,-0.03071,-0.00019,-0.00019,0.42973,0.00248,0.05207,0.00002,-3.12257,-3.05581,-1.49214,-0.11311,-1.26135,0.18254,0.07687,0.00028,-0.0110,-0.0110,-0.0024,-0.0024,-0.0366,-0.0220,-0.0073,-0.0073,0.0110,-0.0330,-0.0073,-0.0024,-0.0073,-0.0073,-0.0073,-0.0220,-0.013,-0.013,0.007,-0.021,0.002,-0.007,-0.002,-0.056,-0.013,-0.013,0.007,0.007,-0.002,-0.002,-0.002,-0.002,28.0,29.0,30.0,29.0,30.0,30.0,29.0,28.0,28.0,29.0,30.0,29.0,30.0,30.0,29.0,29.0
1790307701.447395,0.610,-0.00324,-0.03071,-0.00019,-0.00019,0.42973,0.00248,0.05207,0.00002,-3.12257,-3.05581,-1.49214,-0.11273,-1.26135,0.18254,0.07687,0.00028,-0.0110,-0.0110,-0.0073,-0.0024,-0.0073,-0.0073,-0.0073,-0.0073,-0.0110,-0.0110,-0.0024,-0.0024,0.0073,-0.0220,0.0073,-0.0073,-0.040,-0.013,0.007,-0.021,0.002,-0.007,-0.002,-0.056,-0.013,-0.013,0.007,0.007,-0.002,0.002,-0.002,-0.002,28.0,29.0,30.0,29.0,30.0,30.0,29.0,28.0,28.0,29.0,30.0,29.0,30.0,30.0,29.0,29.0
1790307701.457507,0.620,-0.00324,-0.03071,-0.00019,-0.00019,0.42973,0.00248,0.05207,0.00002,-3.12257,-3.05581,-1.49214,-0.11273,-1.26135,0.18254,0.07687,0.00028,-0.0110,-0.0110,-0.0073,-0.0024,-0.0073,-0.0073,-0.0073,-0.0073,-0.0110,-0.0110,-0.0024,-0.0024,0.0073,-0.0220,0.0073,-0.0073,-0.040,-0.013,0.007,-0.021,0.002,-0.007,-0.002,-0.056,-0.013,-0.013,0.007,0.007,-0.002,0.002,-0.002,-0.002,28.0,29.0,30.0,29.0,30.0,30.0,29.0,28.0,28.0,29.0,30.0,29.0,30.0,30.0,29.0,29.0
1790307701.467388,0.630,-0.00324,-0.03071,-0.00019,-0.00019,0.42973,0.00248,0.05207,0.00002,-3.12257,-3.05581,-1.49214,-0.11273,-1.26135,0.18254,0.07687,0.00028,-0.0110,-0.0110,-0.0073,-0.0024,-0.0073,-0.0073,-0.0073,-0.0073,-0.0110,-0.0110,-0.0024,-0.0024,0.0073,-0.0220,0.0073,-0.0073,-0.040,-0.013,0.007,-0.021,0.002,-0.007,-0.002,-0.056,-0.013,-0.013,0.007,0.007,-0.002,0.002,-0.002,-0.002,28.0,29.0,30.0,29.0,30.0,30.0,29.0,28.0,28.0,29.0,30.0,29.0,30.0,30.0,29.0,29.0
1790307701.477509,0.640,-0.00324,-0.03071,-0.00019,-0.00019,0.42973,0.00248,0.05207,0.00002,-3.12257,-3.05581,-1.49214,-0.11273,-1.26135,0.18254,0.07687,0.00028,-0.0110,-0.0110,-0.0073,-0.0024,-0.0073,-0.0073,-0.0073,-0.0073,-0.0110,-0.0110,-0.0024,-0.0024,0.0073,-0.0220,0.0073,-0.0073,-0.040,-0.013,0.007,-0.021,0.002,-0.007,-0.002,-0.056,-0.013,-0.013,0.007,0.007,-0.002,0.002,-0.002,-0.002,28.0,29.0,30.0,29.0,30.0,30.0,29.0,28.0,28.0,29.0,30.0,29.0,30.0,30.0,29.0,29.0
1790307701.487406,0.650,-0.00324,-0.03071,-0.00019,-0.00019,0.42973,0.00248,0.05207,0.00002,-3.12257,-3.05581,-1.49214,-0.11311,-1.26135,0.18254,0.07687,0.00028,-0.0110,-0.0110,-0.0024,-0.0024,-0.0220,-0.0220,-0.0073,-0.0220,-0.0110,-0.0330,-0.0024,-0.0024,0.0073,-0.0073,0.0073,0.0073,-0.040,-0.013,0.007,-0.021,0.002,-0.007,-0.002,-0.061,-0.013,0.013,0.007,0.007,-0.002,0.002,-0.002,0.002,28.0,29.0,30.0,29.0,30.0,30.0,29.0,28.0,28.0,29.0,30.0,29.0,30.0,30.0,29.0,29.0
1790307701.497498,0.660,-0.00324,-0.03071,-0.00019,-0.00019,0.42973,0.00248,0.05207,0.00002,-3.12257,-3.05581,-1.49214,-0.11311,-1.26135,0.18254,0.07687,0.00028,-0.0110,-0.0110,-0.0024,-0.0024,-0.0220,-0.0220,-0.0073,-0.0220,-0.0110,-0.0330,-0.0024,-0.0024,0.0073,0.0073,0.0073,0.0073,-0.040,-0.013,0.007,-0.021,0.002,-0.007,-0.002,-0.061,-0.013,0.013,0.007,0.007,-0.002,0.002,-0.002,0.002,28.0,29.0,30.0,29.0,30.0,30.0,29.0,28.0,28.0,29.0,30.0,29.0,30.0,30.0,29.0,29.0
1790307701.507770,0.670,-0.00324,-0.03071,-0.00019,-0.00019,0.42973,0.00248,0.05207,0.00002,-3.12257,-3.05581,-1.49214,-0.11311,-1.26135,0.18254,0.07687,0.00028,-0.0110,-0.0110,-0.0024,-0.0024,-0.0220,-0.0220,-0.0073,-0.0073,-0.0110,-0.0330,-0.0024,-0.0024,0.0073,0.0073,0.0073,-0.0073,-0.040,-0.013,0.007,-0.021,0.002,-0.007,-0.002,-0.061,-0.013,0.013,0.007,0.007,-0.002,0.002,-0.002,-0.002,28.0,29.0,30.0,29.0,30.0,30.0,29.0,28.0,28.0,29.0,30.0,29.0,30.0,30.0,29.0,29.0
1790307701.517596,0.680,-0.00324,-0.03071,-0.00019,-0.00019,0.42973,0.00248,0.05207,0.00002,-3.12257,-3.05581,-1.49214,-0.11311,-1.26135,0.18254,0.07687,0.00028,-0.0110,-0.0110,-0.0024,-0.0024,-0.0220,-0.0220,-0.0073,-0.0073,-0.0110,-0.0330,-0.0024,-0.0024,0.0073,0.0073,0.0073,-0.0073,-0.040,-0.013,0.007,-0.021,0.002,-0.007,-0.002,-0.061,-0.013,0.013,0.007,0.007,-0.002,0.002,-0.002,-0.002,28.0,29.0,30.0,29.0,30.0,30.0,29.0,28.0,28.0,29.0,30.0,29.0,30.0,30.0,29.0,29.0
1790307701.527598,0.690,-0.00286,-0.03071,-0.00019,-0.00019,0.42973,0.00248,0.05207,0.00002,-3.12257,-3.05581,-1.49214,-0.11311,-1.26135,0.18254,0.07687,0.00028,-0.0110,-0.0110,-0.0024,-0.0024,-0.0220,-0.0073,-0.0073,-0.0073,-0.0110,-0.0330,-0.0073,-0.0024,-0.0220,0.0073,0.0073,0.0073,-0.040,-0.013,0.007,-0.021,0.002,-0.007,-0.002,-0.066,-0.013,-0.013,0.007,0.007,-0.002,0.002,-0.002,-0.002,28.0,29.0,30.0,29.0,30.0,30.0,29.0,28.0,28.0,29.0,30.0,29.0,30.0,30.0,29.0,29.0
1790307701.537584,0.700,-0.00286,-0.03071,-0.00019,-0.00019,0.42973,0.00248,0.05207,0.00002,-3.12257,-3.05581,-1.49214,-0.11311,-1.26135,0.18254,0.07687,0.00028,-0.0110,-0.0110,-0.0024,-0.0024,-0.0220,-0.0073,-0.0073,-0.0073,-0.0110,-0.0330,-0.0073,-0.0024,-0.0220,-0.0220,-0.0220,0.0073,-0.040,-0.013,0.007,-0.021,0.002,-0.007,-0.002,-0.066,-0.013,-0.013,0.007,0.007,-0.002,0.002,-0.002,-0.002,28.0,29.0,30.0,29.0,30.0,30.0,29.0,28.0,28.0,29.0,30.0,29.0,30.0,30.0,29.0,29.0
1790307701.547386,0.710,-0.00286,-0.03071,-0.00019,-0.00019,0.42973,0.00248,0.05207,0.00002,-3.12257,-3.05581,-1.49214,-0.11311,-1.26135,0.18254,0.07687,0.00028,-0.0110,-0.0110,-0.0024,-0.0024,-0.0220,-0.0073,-0.0073,-0.0073,-0.0110,-0.0330,-0.0073,-0.0024,-0.0220,-0.0220,-0.0220,0.0073,-0.040,-0.013,0.007,-0.021,0.002,-0.007,-0.002,-0.066,-0.013,-0.013,0.007,0.007,-0.002,0.002,-0.002,-0.002,28.0,29.0,30.0,29.0,30.0,30.0,29.0,28.0,28.0,29.0,30.0,29.0,30.0,30.0,29.0,29.0
1790307701.557618,0.720,-0.00286,-0.03071,-0.00019,-0.00019,0.42973,0.00248,0.05207,0.00002,-3.12257,-3.05581,-1.49214,-0.11311,-1.26135,0.18254,0.07687,0.00028,-0.0110,-0.0110,-0.0024,-0.0024,-0.0220,-0.0073,-0.0073,-0.0073,-0.0110,-0.0330,-0.0073,-0.0024,-0.0220,-0.0220,-0.0220,0.0073,-0.040,-0.013,0.007,-0.021,0.002,-0.007,-0.002,-0.066,-0.013,-0.013,0.007,0.007,-0.002,0.002,-0.002,-0.002,28.0,29.0,30.0,29.0,30.0,30.0,29.0,28.0,28.0,29.0,30.0,29.0,30.0,30.0,29.0,29.0
1790307701.567367,0.730,-0.00286,-0.03071,-0.00019,-0.00019,0.42973,0.00248,0.05207,0.00002,-3.12257,-3.05581,-1.49214,-0.11311,-1.26135,0.18254,0.07687,0.00028,-0.0110,-0.0110,-0.0024,-0.0024,-0.0220,-0.0073,-0.0073,-0.0073,-0.0110,-0.0330,-0.0073,-0.0024,-0.0220,-0.0220,-0.0220,-0.0073,-0.040,-0.013,0.007,-0.021,0.002,-0.007,-0.002,-0.076,-0.013,-0.013,0.007,0.007,-0.002,0.002,-0.002,-0.007,28.0,29.0,30.0,29.0,30.0,30.0,29.0,28.0,28.0,29.0,30.0,29.0,30.0,30.0,29.0,29.0
1790307701.577613,0.740,-0.00286,-0.03071,-0.00019,-0.00019,0.42973,0.00248,0.05207,0.00002,-3.12257,-3.05581,-1.49214,-0.11311,-1.26135,0.18254,0.07687,0.00028,-0.0110,-0.0330,0.0024,-0.0024,-0.0073,-0.0073,-0.0073,-0.0073,-0.0110,-0.0110,-0.0024,0.0024,-0.0073,0.0073,0.0073,-0.0073,-0.040,-0.013,0.007,-0.021,0.002,-0.007,-0.002,-0.076,-0.013,-0.013,0.007,0.007,-0.002,0.002,-0.007,-0.007,28.0,29.0,30.0,29.0,30.0,30.0,29.0,28.0,28.0,29.0,30.0,29.0,30.0,30.0,29.0,29.0
1790307701.587370,0.750,-0.00286,-0.03071,-0.00019,-0.00019,0.42973,0.00248,0.05207,0.00002,-3.12257,-3.05581,-1.49214,-0.11311,-1.26135,0.18254,0.07687,0.00028,-0.0110,-0.0330,0.0024,-0.0024,-0.0073,-0.0073,-0.0073,-0.0073,-0.0110,-0.0110,-0.0024,0.0024,-0.0073,0.0073,0.0073,-0.0073,-0.040,-0.013,0.007,-0.021,0.002,-0.007,-0.002,-0.076,-0.013,-0.013,0.007,0.007,-0.002,0.002,-0.007,-0.007,28.0,29.0,30.0,29.0,30.0,30.0,29.0,28.0,28.0,29.0,30.0,29.0,30.0,30.0,29.0,29.0
1790307701.597579,0.760,-0.00286,-0.03071,-0.00019,-0.00019,0.42973,0.00248,0.05207,0.00002,-3.12257,-3.05581,-1.49214,-0.11311,-1.26135,0.18254,0.07687,0.00028,-0.0110,-0.0330,0.0024,-0.0024,-0.0073,-0.0073,-0.0073,-0.0073,-0.0110,-0.0110,-0.0024,0.0024,-0.0073,0.0073,0.0073,-0.0073,-0.040,-0.013,0.007,-0.021,0.002,-0.007,-0.002,-0.076,-0.013,-0.013,0.007,0.007,-0.002,0.002,-0.007,-0.007,28.0,29.0,30.0,29.0,30.0,30.0,29.0,28.0,28.0,29.0,30.0,29.0,30.0,30.0,29.0,29.0
1790307701.607370,0.770,-0.00324,-0.03071,-0.00019,-0.00019,0.42973,0.00248,0.05207,0.00002,-3.12257,-3.05581,-1.49214,-0.11311,-1.26135,0.18254,0.07687,0.00028,-0.0110,-0.0330,0.0024,-0.0024,-0.0073,-0.0073,-0.0073,-0.0073,-0.0110,-0.0110,-0.0024,0.0024,-0.0073,0.0073,0.0073,-0.0073,-0.013,-0.013,0.007,-0.021,0.002,-0.007,-0.002,-0.071,-0.013,-0.013,0.007,0.007,-0.002,0.002,-0.007,-0.007,28.0,29.0,30.0,29.0,30.0,30.0,29.0,28.0,28.0,29.0,30.0,29.0,30.0,30.0,29.0,29.0
1790307701.617579,0.780,-0.00324,-0.03071,-0.00019,-0.00019,0.42973,0.00248,0.05207,0.00002,-3.12257,-3.05581,-1.49214,-0.11311,-1.26135,0.18254,0.07725,0.00028,-0.0110,-0.0110,-0.0024,0.0024,-0.0073,-0.0073,0.0073,-0.0073,-0.0110,-0.0110,-0.0024,-0.0024,-0.0073,-0.0073,0.0073,-0.0220,-0.013,-0.013,0.007,-0.021,0.002,-0.007,-0.002,-0.076,-0.013,0.013,0.007,0.021,-0.002,0.002,-0.007,-0.002,28.0,29.0,30.0,29.0,30.0,30.0,29.0,28.0,28.0,29.0,30.0,29.0,30.0,30.0,29.0,29.0
1790307701.627363,0.790,-0.00324,-0.03071,-0.00019,-0.00019,0.42973,0.00248,0.05207,0.00002,-3.12257,-3.05581,-1.49214,-0.11311,-1.26135,0.18254,0.07725,0.00028,-0.0110,-0.0110,-0.0024,0.0024,-0.0073,-0.0073,0.0073,-0.0073,-0.0110,-0.0110,-0.0024,-0.0024,-0.0073,-0.0073,0.0073,-0.0220,-0.013,-0.013,0.007,-0.021,0.002,-0.007,-0.002,-0.076,-0.013,0.013,0.007,0.021,-0.002,0.002,-0.007,-0.002,28.0,29.0,30.0,29.0,30.0,30.0,29.0,28.0,28.0,29.0,30.0,29.0,30.0,30.0,29.0,29.0
1790307701.637504,0.800,-0.00324,-0.03071,-0.00019,-0.00019,0.42973,0.00248,0.05207,0.00002,-3.12257,-3.05581,-1.49214,-0.11311,-1.26135,0.18254,0.07725,0.00028,-0.0110,-0.0110,-0.0024,0.0024,-0.0073,-0.0073,0.0073,-0.0073,-0.0110,-0.0110,-0.0024,-0.0024,-0.0073,-0.0073,0.0073,-0.0220,-0.013,-0.013,0.007,-0.021,0.002,-0.007,-0.002,-0.076,-0.013,0.013,0.007,0.021,-0.002,0.002,-0.007,-0.002,28.0,29.0,30.0,29.0,30.0,30.0,29.0,28.0,28.0,29.0,30.0,29.0,30.0,30.0,29.0,29.0
1790307701.647374,0.810,-0.00324,-0.03071,-0.00019,-0.00019,0.42973,0.00248,0.05207,0.00002,-3.12257,-3.05581,-1.49214,-0.11311,-1.26135,0.18254,0.07725,0.00028,-0.0110,-0.0110,-0.0024,0.0024,-0.0073,-0.0073,0.0073,-0.0073,-0.0110,-0.0110,-0.0024,-0.0024,-0.0073,-0.0073,0.0073,-0.0220,-0.013,-0.013,0.007,-0.021,0.002,-0.007,-0.002,-0.076,-0.013,0.013,0.007,0.021,-0.002,0.002,-0.007,-0.002,28.0,29.0,30.0,29.0,30.0,30.0,29.0,28.0,28.0,29.0,30.0,29.0,30.0,30.0,29.0,29.0
1790307701.657582,0.820,-0.00324,-0.03071,-0.00019,-0.00019,0.42973,0.00248,0.05207,0.00002,-3.12257,-3.05581,-1.49214,-0.11311,-1.26135,0.18254,0.07687,0.00028,-0.0110,-0.0110,-0.0024,0.0024,-0.0220,-0.0073,-0.0073,-0.0073,-0.0110,-0.0110,-0.0024,-0.0073,0.0073,-0.0073,-0.0073,-0.0073,-0.040,-0.013,0.007,-0.021,0.002,-0.007,-0.002,-0.076,-0.013,-0.013,0.007,0.007,-0.002,0.002,-0.007,-0.012,28.0,29.0,30.0,29.0,30.0,30.0,29.0,28.0,28.0,29.0,30.0,29.0,30.0,30.0,29.0,29.0
1790307701.667375,0.830,-0.00324,-0.03071,-0.00019,-0.00019,0.42973,0.00248,0.05207,0.00002,-3.12257,-3.05581,-1.49214,-0.11311,-1.26135,0.18254,0.07687,0.00028,-0.0110,-0.0110,-0.0024,0.0024,-0.0220,-0.0073,-0.0073,-0.0073,-0.0110,-0.0110,-0.0024,-0.0073,0.0073,-0.0073,-0.0073,0.0073,-0.040,-0.013,0.007,-0.021,0.002,-0.007,-0.002,-0.076,-0.013,-0.013,0.007,0.007,-0.002,0.002,-0.007,-0.002,28.0,29.0,30.0,29.0,30.0,30.0,29.0,28.0,28.0,29.0,30.0,29.0,30.0,30.0,29.0,29.0
1790307701.677611,0.840,-0.00324,-0.03071,-0.00019,-0.00019,0.42973,0.00248,0.05207,0.00002,-3.12257,-3.05581,-1.49214,-0.11311,-1.26135,0.18254,0.07687,0.00028,-0.0110,-0.0110,-0.0024,0.0024,-0.0220,-0.0073,-0.0073,-0.0073,-0.0110,-0.0110,-0.0024,-0.0073,0.0073,-0.0073,-0.0073,0.0073,-0.040,-0.013,0.007,-0.021,0.002,-0.007,-0.002,-0.076,-0.013,-0.013,0.007,0.007,-0.002,0.002,-0.007,-0.002,28.0,29.0,30.0,29.0,30.0,30.0,29.0,28.0,28.0,29.0,30.0,29.0,30.0,30.0,29.0,29.0
1790307701.687438,0.850,-0.00324,-0.03071,-0.00019,-0.00019,0.42973,0.00248,0.05207,0.00002,-3.12257,-3.05581,-1.49214,-0.11311,-1.26135,0.18254,0.07687,0.00028,-0.0110,-0.0110,-0.0024,0.0024,-0.0220,-0.0073,-0.0073,-0.0073,-0.0110,-0.0110,-0.0024,-0.0073,0.0073,-0.0073,-0.0073,0.0073,-0.040,-0.013,0.007,-0.021,0.002,-0.007,-0.002,-0.076,-0.013,-0.013,0.007,0.007,-0.002,0.002,-0.007,-0.002,28.0,29.0,30.0,29.0,30.0,30.0,29.0,28.0,28.0,29.0,30.0,29.0,30.0,30.0,29.0,29.0
1790307701.697585,0.860,-0.00286,-0.03071,-0.00019,-0.00019,0.42973,0.00248,0.05207,0.00002,-3.12257,-3.05581,-1.49214,-0.11311,-1.26135,0.18254,0.07687,0.00028,-0.0110,-0.0330,-0.0024,-0.0024,-0.0073,-0.0220,-0.0073,-0.0073,-0.0110,-0.0110,-0.0024,-0.0073,-0.0073,0.0073,0.0073,-0.0073,-0.040,-0.013,0.021,-0.021,0.002,-0.007,-0.002,-0.081,-0.013,0.013,0.021,0.021,0.002,0.002,-0.002,-0.007,28.0,29.0,30.0,29.0,30.0,30.0,29.0,28.0,28.0,29.0,30.0,29.0,30.0,30.0,29.0,29.0
1790307701.707392,0.870,-0.00286,-0.03071,-0.00019,-0.00019,0.42973,0.00248,0.05207,0.00002,-3.12257,-3.05581,-1.49214,-0.11311,-1.26135,0.18254,0.07687,0.00028,-0.0110,-0.0330,-0.0024,-0.0024,-0.0073,-0.0220,-0.0073,-0.0073,-0.0110,-0.0110,-0.0024,-0.0073,-0.0073,0.0073,0.0073,-0.0073,-0.040,-0.013,0.021,-0.021,0.002,-0.007,-0.002,-0.081,-0.013,0.013,0.021,0.021,0.002,0.002,-0.002,-0.007,28.0,29.0,30.0,29.0,30.0,30.0,29.0,28.0,28.0,29.0,30.0,29.0,30.0,30.0,29.0,29.0
1790307701.717589,0.880,-0.00286,-0.03071,-0.00019,-0.00019,0.42973,0.00248,0.05207,0.00002,-3.12257,-3.05581,-1.49214,-0.11311,-1.26135,0.18254,0.07687,0.00028,-0.0110,-0.0330,-0.0024,-0.0024,-0.0073,-0.0220,-0.0073,-0.0220,-0.0110,-0.0110,-0.0024,-0.0073,-0.0073,0.0073,0.0073,-0.0073,-0.040,-0.013,0.021,-0.021,0.002,-0.007,-0.002,-0.081,-0.013,0.013,0.021,0.021,0.002,0.002,-0.002,-0.007,28.0,29.0,30.0,29.0,30.0,30.0,29.0,28.0,28.0,29.0,30.0,29.0,30.0,30.0,29.0,29.0
1790307701.727385,0.890,-0.00286,-0.03071,-0.00019,-0.00019,0.42973,0.00248,0.05207,0.00002,-3.12257,-3.05581,-1.49214,-0.11311,-1.26135,0.18254,0.07687,0.00028,-0.0110,-0.0330,-0.0024,-0.0024,-0.0073,-0.0220,-0.0073,-0.0220,-0.0110,-0.0110,-0.0024,-0.0073,-0.0073,0.0073,0.0073,-0.0073,-0.040,-0.013,0.021,-0.021,0.002,-0.007,-0.002,-0.081,-0.013,0.013,0.021,0.021,0.002,0.002,-0.002,-0.007,28.0,29.0,30.0,29.0,30.0,30.0,29.0,28.0,28.0,29.0,30.0,29.0,30.0,30.0,29.0,29.0
1790307701.737587,0.900,-0.00324,-0.03071,-0.00019,-0.00019,0.42973,0.00248,0.05207,0.00002,-3.12257,-3.05581,-1.49214,-0.11311,-1.26135,0.18254,0.07687,0.00028,-0.0110,-0.0110,-0.0024,0.0024,-0.0073,-0.0073,-0.0073,-0.0220,-0.0110,-0.0110,-0.0024,-0.0024,-0.0073,-0.0073,-0.0073,-0.0073,-0.040,-0.013,0.007,-0.021,0.002,-0.007,-0.002,-0.081,-0.013,0.013,0.007,0.007,-0.002,0.002,-0.007,-0.007,28.0,29.0,30.0,29.0,30.0,30.0,29.0,28.0,28.0,29.0,30.0,29.0,30.0,30.0,29.0,29.0
1790307701.747380,0.910,-0.00324,-0.03071,-0.00019,-0.00019,0.42973,0.00248,0.05207,0.00002,-3.12257,-3.05581,-1.49214,-0.11311,-1.26135,0.18254,0.07687,0.00028,-0.0110,-0.0110,-0.0024,0.0024,-0.0073,-0.0073,-0.0073,-0.0220,-0.0110,-0.0110,-0.0024,-0.0024,-0.0073,-0.0073,-0.0073,-0.0073,-0.040,-0.013,0.007,-0.021,0.002,-0.007,-0.002,-0.081,-0.013,0.013,0.007,0.007,-0.002,0.002,-0.007,-0.007,28.0,29.0,30.0,29.0,30.0,30.0,29.0,28.0,28.0,29.0,30.0,29.0,30.0,30.0,29.0,29.0
1790307701.758018,0.920,-0.00324,-0.03071,-0.00019,-0.00019,0.42973,0.00248,0.05207,0.00002,-3.12257,-3.05581,-1.49214,-0.11311,-1.26135,0.18254,0.07687,0.00028,-0.0110,-0.0110,-0.0024,0.0024,-0.0073,-0.0073,-0.0073,-0.0220,-0.0110,-0.0110,-0.0024,-0.0024,-0.0073,-0.0073,-0.0073,-0.0073,-0.040,-0.013,0.007,-0.021,0.002,-0.007,-0.002,-0.081,-0.013,0.013,0.007,0.007,-0.002,0.002,-0.007,-0.007,28.0,29.0,30.0,29.0,30.0,30.0,29.0,28.0,28.0,29.0,30.0,29.0,30.0,30.0,29.0,29.0
1790307701.767446,0.930,-0.00324,-0.03071,-0.00019,-0.00019,0.42973,0.00248,0.05207,0.00002,-3.12257,-3.05581,-1.49214,-0.11311,-1.26135,0.18254,0.07687,0.00030,-0.0110,-0.0110,-0.0024,0.0024,-0.0073,-0.0073,-0.0073,-0.0073,-0.0110,-0.0110,-0.0024,-0.0024,-0.0073,-0.0073,-0.0073,-0.0220,-0.040,-0.013,0.007,-0.021,0.002,-0.007,-0.002,-0.090,-0.013,0.013,0.007,0.007,-0.002,0.002,-0.007,-0.002,28.0,29.0,30.0,29.0,30.0,30.0,29.0,28.0,28.0,29.0,30.0,29.0,30.0,30.0,29.0,29.0
1790307701.777596,0.940,-0.00324,-0.03071,-0.00019,-0.00019,0.42973,0.00248,0.05207,0.00002,-3.12257,-3.05581,-1.49214,-0.11311,-1.26135,0.18254,0.07687,0.00028,-0.0110,-0.0110,-0.0024,-0.0024,-0.0073,-0.0073,-0.0073,-0.0220,-0.0110,-0.0330,-0.0024,-0.0024,-0.0073,-0.0220,-0.0073,0.0073,-0.040,-0.013,0.007,-0.021,0.002,-0.007,-0.002,-0.085,-0.013,-0.013,0.021,0.007,-0.002,0.002,-0.007,-0.002,28.0,29.0,30.0,29.0,30.0,30.0,29.0,28.0,28.0,29.0,30.0,29.0,30.0,30.0,29.0,29.0
1790307701.788190,0.951,-0.00324,-0.03071,-0.00019,-0.00019,0.42973,0.00248,0.05207,0.00002,-3.12257,-3.05581,-1.49214,-0.11311,-1.26135,0.18254,0.07687,0.00028,-0.0110,-0.0110,-0.0024,-0.0024,-0.0073,-0.0073,-0.0073,-0.0220,-0.0110,-0.0330,-0.0024,-0.0024,-0.0073,-0.0220,-0.0073,0.0073,-0.040,-0.013,0.007,-0.021,0.002,-0.007,-0.002,-0.085,-0.013,-0.013,0.021,0.007,-0.002,0.002,-0.007,-0.002,28.0,29.0,30.0,29.0,30.0,30.0,29.0,28.0,28.0,29.0,30.0,29.0,30.0,30.0,29.0,29.0
1790307701.797612,0.960,-0.00324,-0.03071,-0.00019,-0.00019,0.42973,0.00248,0.05207,0.00002,-3.12257,-3.05581,-1.49214,-0.11311,-1.26135,0.18254,0.07687,0.00028,-0.0110,-0.0110,-0.0024,-0.0024,-0.0073,-0.0073,-0.0073,-0.0220,-0.0110,-0.0330,-0.0024,-0.0024,-0.0073,-0.0220,-0.0073,0.0073,-0.040,-0.013,0.007,-0.021,0.002,-0.007,-0.002,-0.085,-0.013,-0.013,0.021,0.007,-0.002,0.002,-0.007,-0.002,28.0,29.0,30.0,29.0,30.0,30.0,29.0,28.0,28.0,29.0,30.0,29.0,30.0,30.0,29.0,29.0
1790307701.808208,0.971,-0.00324,-0.03071,-0.00019,-0.00019,0.42973,0.00248,0.05207,0.00002,-3.12257,-3.05581,-1.49214,-0.11311,-1.26135,0.18254,0.07687,0.00028,-0.0110,-0.0110,-0.0024,-0.0024,-0.0073,-0.0073,-0.0073,-0.0220,-0.0110,-0.0330,-0.0024,-0.0024,-0.0073,-0.0220,-0.0073,0.0073,-0.040,-0.013,0.007,-0.021,0.002,-0.007,-0.002,-0.085,-0.013,-0.013,0.021,0.007,-0.002,0.002,-0.007,-0.002,28.0,29.0,30.0,29.0,30.0,30.0,29.0,28.0,28.0,29.0,30.0,29.0,30.0,30.0,29.0,29.0
1790307701.817367,0.980,-0.00324,-0.03071,-0.00019,-0.00019,0.42973,0.00248,0.05207,0.00002,-3.12257,-3.05581,-1.49214,-0.11273,-1.26135,0.18254,0.07687,0.00028,-0.0110,-0.0110,-0.0024,-0.0024,0.0073,-0.0073,-0.0073,-0.0073,-0.0110,-0.0110,-0.0073,0.0024,-0.0220,-0.0073,-0.0073,-0.0073,-0.040,-0.013,0.007,-0.021,0.002,-0.007,-0.002,-0.090,-0.013,-0.013,0.007,0.007,-0.002,0.002,-0.007,0.002,28.0,29.0,30.0,29.0,30.0,30.0,29.0,28.0,28.0,29.0,30.0,29.0,30.0,30.0,29.0,29.0
1790307701.827399,0.990,-0.00324,-0.03071,-0.00019,-0.00019,0.42973,0.00248,0.05207,0.00002,-3.12257,-3.05581,-1.49214,-0.11273,-1.26135,0.18254,0.07687,0.00028,-0.0110,-0.0110,-0.0024,-0.0024,0.0073,-0.0073,-0.0073,-0.0073,-0.0110,-0.0110,-0.0073,0.0024,-0.0220,-0.0073,-0.0073,-0.0073,-0.040,-0.013,0.007,-0.021,0.002,-0.007,-0.002,-0.090,-0.013,-0.013,0.007,0.007,-0.002,0.002,-0.007,-0.002,28.0,29.0,30.0,29.0,30.0,30.0,29.0,28.0,28.0,29.0,30.0,29.0,30.0,30.0,29.0,29.0
1790307701.837537,1.000,-0.00324,-0.03071,-0.00019,-0.00019,0.42973,0.00248,0.05207,0.00002,-3.12257,-3.05581,-1.49214,-0.11273,-1.26135,0.18254,0.07687,0.00028,-0.0110,-0.0110,-0.0024,-0.0024,0.0073,-0.0073,-0.0073,-0.0073,-0.0110,-0.0110,-0.0073,0.0024,-0.0220,-0.0073,-0.0073,-0.0073,-0.040,-0.013,0.007,-0.021,0.002,-0.007,-0.002,-0.090,-0.013,-0.013,0.007,0.007,-0.002,0.002,-0.007,-0.002,28.0,29.0,30.0,29.0,30.0,30.0,29.0,28.0,28.0,29.0,30.0,29.0,30.0,30.0,29.0,29.0
1790307701.847385,1.010,-0.00324,-0.03071,-0.00019,-0.00019,0.42973,0.00248,0.05207,0.00002,-3.12257,-3.05581,-1.49214,-0.11273,-1.26135,0.18254,0.07687,0.00028,-0.0110,-0.0110,-0.0024,-0.0024,0.0073,-0.0073,-0.0073,-0.0073,-0.0110,-0.0110,-0.0073,0.0024,-0.0220,-0.0073,-0.0073,-0.0073,-0.040,-0.013,0.007,-0.021,0.002,-0.007,-0.002,-0.090,-0.013,-0.013,0.007,0.007,-0.002,0.002,-0.007,-0.002,28.0,29.0,30.0,29.0,30.0,30.0,29.0,28.0,28.0,29.0,30.0,29.0,30.0,30.0,29.0,29.0
1790307701.857510,1.020,-0.00286,-0.03071,-0.00019,-0.00019,0.42973,0.00248,0.05207,0.00002,-3.12257,-3.05581,-1.49214,-0.11273,-1.26097,0.18254,0.07687,0.00028,0.0110,-0.0330,-0.0073,-0.0024,0.0073,-0.0073,0.0073,-0.0073,-0.0110,-0.0110,0.0024,-0.0024,-0.0073,0.0073,-0.0073,-0.0073,-0.013,-0.013,0.007,-0.021,0.002,-0.007,-0.002,-0.095,-0.013,-0.013,0.007,0.007,-0.002,0.002,-0.007,0.002,28.0,29.0,30.0,29.0,30.0,30.0,29.0,28.0,28.0,29.0,30.0,29.0,30.0,30.0,29.0,29.0
1790307701.867384,1.030,-0.00286,-0.03071,-0.00019,-0.00019,0.42973,0.00248,0.05207,0.00002,-3.12257,-3.05581,-1.49214,-0.11273,-1.26097,0.18254,0.07687,0.00028,0.0110,-0.0330,-0.0073,-0.0024,0.0073,-0.0073,0.0073,-0.0073,-0.0110,-0.0110,0.0024,-0.0024,-0.0073,0.0073,-0.0073,-0.0073,-0.013,-0.013,0.007,-0.021,0.002,-0.007,-0.002,-0.095,-0.013,-0.013,0.007,0.007,-0.002,0.002,-0.007,0.002,28.0,29.0,30.0,29.0,30.0,30.0,29.0,28.0,28.0,29.0,30.0,29.0,30.0,30.0,29.0,29.0
1790307701.877495,1.040,-0.00286,-0.03071,-0.00019,-0.00019,0.42973,0.00248,0.05207,0.00002,-3.12257,-3.05581,-1.49214,-0.11273,-1.26097,0.18254,0.07687,0.00028,0.0110,-0.0330,-0.0073,-0.0024,0.0073,-0.0073,0.0073,0.0073,-0.0110,-0.0110,0.0024,-0.0024,-0.0073,0.0073,-0.0073,-0.0220,-0.013,-0.013,0.007,-0.021,0.002,-0.007,-0.002,-0.095,-0.013,-0.013,0.007,0.007,-0.002,0.002,-0.007,-0.002,28.0,29.0,30.0,29.0,30.0,30.0,29.0,28.0,28.0,29.0,30.0,29.0,30.0,30.0,29.0,29.0
1790307701.887381,1.050,-0.00286,-0.03071,-0.00019,-0.00019,0.42973,0.00248,0.05207,0.00002,-3.12257,-3.05581,-1.49214,-0.11273,-1.26097,0.18254,0.07687,0.00028,0.0110,-0.0330,-0.0073,-0.0024,0.0073,-0.0073,0.0073,0.0073,-0.0110,-0.0110,0.0024,-0.0024,-0.0073,0.0073,-0.0073,-0.0220,-0.013,-0.013,0.007,-0.021,0.002,-0.007,-0.002,-0.095,-0.013,-0.013,0.007,0.007,-0.002,0.002,-0.007,-0.002,28.0,29.0,30.0,29.0,30.0,30.0,29.0,28.0,28.0,29.0,30.0,29.0,30.0,30.0,29.0,29.0
1790307701.898465,1.061,-0.00324,-0.03071,-0.00019,-0.00019,0.42973,0.00248,0.05207,0.00002,-3.12257,-3.05581,-1.49214,-0.11311,-1.26135,0.18254,0.07687,0.00028,-0.0110,0.0110,-0.0024,-0.0073,-0.0073,-0.0073,-0.0073,-0.0073,-0.0110,-0.0110,-0.0024,-0.0024,-0.0073,-0.0073,-0.0073,-0.0220,-0.040,-0.013,0.007,-0.021,0.002,-0.007,-0.002,-0.095,-0.013,-0.013,0.007,0.007,-0.002,0.002,-0.002,-0.002,28.0,29.0,30.0,29.0,30.0,30.0,29.0,28.0,28.0,29.0,30.0,29.0,30.0,30.0,29.0,29.0
1790307701.907377,1.070,-0.00324,-0.03071,-0.00019,-0.00019,0.42973,0.00248,0.05207,0.00002,-3.12257,-3.05581,-1.49214,-0.11311,-1.26135,0.18254,0.07687,0.00028,-0.0110,0.0110,-0.0024,-0.0073,-0.0073,-0.0073,-0.0073,-0.0073,-0.0110,-0.0110,-0.0024,-0.0024,-0.0073,-0.0073,-0.0073,-0.0220,-0.040,-0.013,0.007,-0.021,0.002,-0.007,-0.002,-0.095,-0.013,-0.013,0.007,0.007,-0.002,0.002,-0.002,-0.002,28.0,29.0,30.0,29.0,30.0,30.0,29.0,28.0,28.0,29.0,30.0,29.0,30.0,30.0,29.0,29.0
1790307701.917609,1.080,-0.00324,-0.03071,-0.00019,-0.00019,0.42973,0.00248,0.05207,0.00002,-3.12257,-3.05581,-1.49214,-0.11311,-1.26135,0.18254,0.07687,0.00028,-0.0110,0.0110,-0.0024,-0.0073,-0.0073,-0.0073,-0.0073,-0.0073,-0.0110,-0.0110,-0.0024,-0.0024,-0.0073,-0.0073,-0.0073,-0.0220,-0.040,-0.013,0.007,-0.021,0.002,-0.007,-0.002,-0.095,-0.013,-0.013,0.007,0.007,-0.002,0.002,-0.002,-0.002,28.0,29.0,30.0,29.0,30.0,30.0,29.0,28.0,28.0,29.0,30.0,29.0,30.0,30.0,29.0,29.0
1790307701.927404,1.090,-0.00324,-0.03071,-0.00019,-0.00019,0.42973,0.00248,0.05207,0.00002,-3.12257,-3.05581,-1.49214,-0.11311,-1.26135,0.18254,0.07687,0.00028,-0.0110,0.0110,-0.0024,-0.0073,-0.0073,-0.0073,-0.0073,-0.0073,-0.0110,-0.0110,-0.0024,-0.0024,-0.0073,-0.0073,-0.0073,-0.0220,-0.040,-0.013,0.007,-0.021,0.002,-0.007,-0.002,-0.100,-0.013,-0.013,0.007,0.007,-0.002,0.002,-0.002,-0.002,28.0,29.0,30.0,29.0,30.0,30.0,29.0,28.0,28.0,29.0,30.0,29.0,30.0,30.0,29.0,29.0
1790307701.937594,1.100,-0.00324,-0.03071,-0.00019,-0.00019,0.42973,0.00248,0.05207,0.00002,-3.12257,-3.05581,-1.49214,-0.11311,-1.26135,0.18254,0.07687,0.00028,-0.0110,0.0110,-0.0024,-0.0073,-0.0073,-0.0073,-0.0073,-0.0073,-0.0110,-0.0110,-0.0024,-0.0024,-0.0073,-0.0073,-0.0073,-0.0073,-0.040,-0.013,0.007,-0.021,0.002,-0.007,-0.002,-0.100,-0.013,-0.013,-0.007,0.007,-0.002,0.002,-0.002,-0.002,28.0,29.0,30.0,29.0,30.0,30.0,29.0,28.0,28.0,29.0,30.0,29.0,30.0,30.0,29.0,29.0
1790307701.948234,1.111,-0.00324,-0.03071,-0.00019,-0.00019,0.42973,0.00248,0.05207,0.00002,-3.12257,-3.05581,-1.49214,-0.11273,-1.26135,0.18254,0.07687,0.00028,-0.0110,0.0110,-0.0024,0.0024,0.0073,-0.0073,0.0073,-0.0073,-0.0110,-0.0110,-0.0024,-0.0024,0.0073,-0.0073,-0.0220,-0.0073,-0.040,-0.013,0.007,-0.021,0.002,-0.007,-0.002,-0.100,-0.013,-0.013,-0.007,0.007,-0.002,0.002,-0.007,-0.002,28.0,29.0,30.0,29.0,30.0,30.0,29.0,28.0,28.0,29.0,30.0,29.0,30.0,30.0,29.0,29.0
1790307701.958011,1.120,-0.00324,-0.03071,-0.00019,-0.00019,0.42973,0.00248,0.05207,0.00002,-3.12257,-3.05581,-1.49214,-0.11273,-1.26135,0.18254,0.07687,0.00028,-0.0110,0.0110,-0.0024,0.0024,0.0073,-0.0073,0.0073,-0.0073,-0.0110,-0.0110,-0.0024,-0.0024,0.0073,-0.0073,-0.0220,-0.0073,-0.040,-0.013,0.007,-0.021,0.002,-0.007,-0.002,-0.100,-0.013,-0.013,-0.007,0.007,-0.002,0.002,-0.007,-0.002,28.0,29.0,30.0,29.0,30.0,30.0,29.0,28.0,28.0,29.0,30.0,29.0,30.0,30.0,29.0,29.0
1790307701.967788,1.130,-0.00324,-0.03071,-0.00019,-0.00019,0.42973,0.00248,0.05207,0.00002,-3.12257,-3.05581,-1.49214,-0.11273,-1.26135,0.18254,0.07687,0.00028,-0.0110,0.0110,-0.0024,0.0024,0.0073,-0.0073,0.0073,-0.0073,-0.0110,-0.0110,-0.0024,-0.0024,0.0073,-0.0073,-0.0220,-0.0073,-0.040,-0.013,0.007,-0.021,0.002,-0.007,-0.002,-0.100,-0.013,-0.013,-0.007,0.007,-0.002,0.002,-0.007,-0.002,28.0,29.0,30.0,29.0,30.0,30.0,29.0,28.0,28.0,29.0,30.0,29.0,30.0,30.0,29.0,29.0
1790307701.977553,1.140,-0.00286,-0.03071,-0.00019,-0.00019,0.42973,0.00248,0.05207,0.00002,-3.12257,-3.05581,-1.49214,-0.11273,-1.26135,0.18254,0.07687,0.00028,-0.0110,0.0110,-0.0024,0.0024,0.0073,-0.0073,0.0073,-0.0073,-0.0110,-0.0110,-0.0024,-0.0024,0.0073,-0.0073,-0.0220,0.0073,-0.013,-0.013,0.007,-0.021,0.002,-0.007,-0.002,-0.100,-0.013,-0.013,-0.007,0.007,-0.002,0.002,-0.007,-0.002,28.0,29.0,30.0,29.0,30.0,30.0,29.0,28.0,28.0,29.0,30.0,29.0,30.0,30.0,29.0,29.0
1790307701.987411,1.150,-0.00286,-0.03071,-0.00019,-0.00019,0.42973,0.00248,0.05207,0.00002,-3.12257,-3.05581,-1.49214,-0.11273,-1.26135,0.18254,0.07687,0.00028,-0.0110,-0.0110,-0.0024,-0.0024,-0.0073,0.0073,-0.0073,-0.0073,-0.0110,-0.0110,-0.0024,0.0024,0.0073,-0.0073,-0.0073,-0.0073,-0.013,-0.013,0.007,-0.021,-0.002,-0.007,-0.002,-0.100,-0.013,-0.013,0.007,0.021,-0.002,0.002,-0.007,-0.002,28.0,29.0,30.0,29.0,30.0,30.0,29.0,28.0,28.0,29.0,30.0,29.0,30.0,30.0,29.0,29.0
1790307701.997406,1.160,-0.00286,-0.03071,-0.00019,-0.00019,0.42973,0.00248,0.05207,0.00002,-3.12257,-3.05581,-1.49214,-0.11273,-1.26135,0.18254,0.07687,0.00028,-0.0110,-0.0110,-0.0024,-0.0024,-0.0073,0.0073,-0.0073,-0.0073,-0.0110,-0.0110,-0.0024,0.0024,0.0073,-0.0073,-0.0073,-0.0073,-0.013,-0.013,0.007,-0.021,-0.002,-0.007,-0.002,-0.100,-0.013,-0.013,0.007,0.021,-0.002,0.002,-0.007,-0.002,28.0,29.0,30.0,29.0,30.0,30.0,29.0,28.0,28.0,29.0,30.0,29.0,30.0,30.0,29.0,29.0
1790307702.007397,1.170,-0.00286,-0.03071,-0.00019,-0.00019,0.42973,0.00248,0.05207,0.00002,-3.12257,-3.05581,-1.49214,-0.11273,-1.26135,0.18254,0.07687,0.00028,-0.0110,-0.0110,-0.0024,-0.0024,-0.0073,0.0073,-0.0073,-0.0073,-0.0110,-0.0110,-0.0024,0.0024,0.0073,-0.0073,-0.0073,-0.0073,-0.013,-0.013,0.007,-0.021,-0.002,-0.007,-0.002,-0.100,-0.013,-0.013,0.007,0.021,-0.002,0.002,-0.007,-0.002,28.0,29.0,30.0,29.0,30.0,30.0,29.0,28.0,28.0,29.0,30.0,29.0,30.0,30.0,29.0,29.0
1790307702.017418,1.180,-0.00286,-0.03071,-0.00019,-0.00019,0.42973,0.00248,0.05207,0.00002,-3.12257,-3.05581,-1.49214,-0.11273,-1.26135,0.18254,0.07687,0.00028,-0.0110,-0.0110,-0.0024,-0.0024,-0.0073,0.0073,-0.0073,-0.0073,-0.0110,-0.0110,-0.0024,0.0024,0.0073,-0.0073,-0.0073,-0.0073,-0.013,-0.013,0.007,-0.021,-0.002,-0.007,-0.002,-0.100,-0.013,-0.013,0.007,0.021,-0.002,0.002,-0.007,-0.002,28.0,29.0,30.0,29.0,30.0,30.0,29.0,28.0,28.0,29.0,30.0,29.0,30.0,30.0,29.0,29.0
1790307702.027404,1.190,-0.00324,-0.03071,-0.00019,-0.00019,0.42973,0.00248,0.05207,0.00003,-3.12257,-3.05581,-1.49214,-0.11311,-1.26135,0.18254,0.07687,0.00028,-0.0110,0.0110,0.0024,-0.0024,-0.0073,-0.0073,-0.0220,-0.0073,-0.0330,-0.0110,-0.0024,-0.0024,-0.0073,-0.0073,-0.0366,-0.0073,-0.013,-0.013,0.007,-0.021,0.002,-0.007,-0.002,-0.105,-0.013,-0.013,0.021,0.007,-0.002,0.002,-0.007,-0.002,28.0,29.0,30.0,29.0,30.0,30.0,29.0,28.0,28.0,29.0,30.0,29.0,30.0,30.0,29.0,29.0
1790307702.038051,1.200,-0.00324,-0.03071,-0.00019,-0.00019,0.42973,0.00248,0.05207,0.00003,-3.12257,-3.05581,-1.49214,-0.11311,-1.26135,0.18254,0.07687,0.00028,-0.0110,0.0110,0.0024,-0.0024,-0.0073,-0.0073,-0.0220,-0.0073,-0.0330,-0.0110,-0.0024,-0.0024,-0.0073,-0.0073,-0.0366,-0.0073,-0.013,-0.013,0.007,-0.021,0.002,-0.007,-0.002,-0.105,-0.013,-0.013,0.021,0.007,-0.002,0.002,-0.007,-0.002,28.0,29.0,30.0,29.0,30.0,30.0,29.0,28.0,28.0,29.0,30.0,29.0,30.0,30.0,29.0,29.0
1790307702.047772,1.210,-0.00324,-0.03071,-0.00019,-0.00019,0.42973,0.00248,0.05207,0.00003,-3.12257,-3.05581,-1.49214,-0.11311,-1.26135,0.18254,0.07687,0.00028,-0.0110,0.0110,0.0024,-0.0024,-0.0073,-0.0073,-0.0220,-0.0073,-0.0330,-0.0110,-0.0024,-0.0024,-0.0073,-0.0073,-0.0366,-0.0073,-0.013,-0.013,0.007,-0.021,0.002,-0.007,-0.002,-0.105,-0.013,-0.013,0.021,0.007,-0.002,0.002,-0.007,-0.002,28.0,29.0,30.0,29.0,30.0,30.0,29.0,28.0,28.0,29.0,30.0,29.0,30.0,30.0,29.0,29.0
1790307702.057421,1.220,-0.00324,-0.03071,-0.00019,-0.00019,0.42973,0.00248,0.05207,0.00003,-3.12257,-3.05581,-1.49214,-0.11311,-1.26135,0.18254,0.07687,0.00028,-0.0110,0.0110,0.0024,-0.0024,-0.0073,-0.0073,-0.0220,-0.0073,-0.0330,-0.0110,-0.0024,-0.0024,-0.0073,-0.0073,-0.0366,-0.0073,-0.013,-0.013,0.007,-0.021,0.002,-0.007,-0.002,-0.105,-0.013,-0.013,0.021,0.007,-0.002,0.002,-0.007,-0.002,28.0,29.0,30.0,29.0,30.0,30.0,29.0,28.0,28.0,29.0,30.0,29.0,30.0,30.0,29.0,29.0
1790307702.067806,1.230,-0.00324,-0.03071,-0.00019,-0.00019,0.42973,0.00248,0.05207,0.00003,-3.12257,-3.05581,-1.49214,-0.11273,-1.26135,0.18254,0.07687,0.00028,-0.0110,-0.0110,-0.0024,-0.0024,-0.0220,-0.0073,-0.0073,-0.0220,-0.0110,-0.0110,-0.0024,-0.0024,0.0073,-0.0073,-0.0073,-0.0220,-0.013,-0.013,0.021,-0.034,0.002,-0.007,-0.002,-0.110,-0.013,-0.013,0.007,0.007,-0.002,0.002,-0.002,-0.002,28.0,29.0,30.0,29.0,30.0,30.0,29.0,28.0,28.0,29.0,30.0,29.0,30.0,30.0,29.0,29.0
1790307702.078007,1.240,-0.00324,-0.03071,-0.00019,-0.00019,0.42973,0.00248,0.05207,0.00003,-3.12257,-3.05581,-1.49214,-0.11273,-1.26135,0.18254,0.07687,0.00028,-0.0110,-0.0110,-0.0024,-0.0024,-0.0220,-0.0073,-0.0073,-0.0220,-0.0110,-0.0110,-0.0024,-0.0024,0.0073,-0.0073,-0.0073,-0.0220,-0.013,-0.013,0.021,-0.034,0.002,-0.007,-0.002,-0.110,-0.013,-0.013,0.007,0.007,-0.002,0.002,-0.002,-0.002,28.0,29.0,30.0,29.0,30.0,30.0,29.0,28.0,28.0,29.0,30.0,29.0,30.0,30.0,29.0,29.0
1790307702.087807,1.250,-0.00324,-0.03071,-0.00019,-0.00019,0.42973,0.00248,0.05207,0.00003,-3.12257,-3.05581,-1.49214,-0.11273,-1.26135,0.18254,0.07687,0.00028,-0.0110,-0.0110,-0.0024,-0.0024,-0.0220,-0.0073,-0.0073,0.0073,-0.0110,-0.0110,-0.0024,-0.0024,0.0073,-0.0073,-0.0073,-0.0220,-0.013,-0.013,0.021,-0.034,0.002,-0.007,-0.002,-0.105,-0.013,-0.013,0.007,0.007,-0.002,0.002,-0.002,-0.002,28.0,29.0,30.0,29.0,30.0,30.0,29.0,28.0,28.0,29.0,30.0,29.0,30.0,30.0,29.0,29.0
1790307702.097658,1.260,-0.00324,-0.03071,-0.00019,-0.00019,0.42973,0.00248,0.05207,0.00003,-3.12257,-3.05581,-1.49214,-0.11273,-1.26135,0.18254,0.07687,0.00028,-0.0110,-0.0110,-0.0024,-0.0024,-0.0220,-0.0073,-0.0073,0.0073,-0.0110,-0.0110,-0.0024,-0.0024,0.0073,-0.0073,-0.0073,-0.0220,-0.013,-0.013,0.021,-0.034,0.002,-0.007,-0.002,-0.105,-0.013,-0.013,0.007,0.007,-0.002,0.002,-0.002,-0.002,28.0,29.0,30.0,29.0,30.0,30.0,29.0,28.0,28.0,29.0,30.0,29.0,30.0,30.0,29.0,29.0
1790307702.107417,1.270,-0.00286,-0.03071,-0.00019,-0.00019,0.42973,0.00248,0.05207,0.00003,-3.12257,-3.05581,-1.49214,-0.11311,-1.26135,0.18254,0.07687,0.00028,-0.0110,-0.0110,-0.0024,-0.0024,-0.0220,-0.0073,0.0073,-0.0073,0.0110,-0.0110,-0.0024,-0.0073,-0.0073,0.0073,-0.0073,-0.0073,-0.013,-0.013,0.007,-0.021,0.002,-0.007,-0.002,-0.105,-0.013,-0.013,0.007,0.007,-0.002,-0.002,-0.007,-0.002,28.0,29.0,30.0,29.0,30.0,30.0,29.0,28.0,28.0,29.0,30.0,29.0,30.0,30.0,29.0,29.0
1790307702.117405,1.280,-0.00286,-0.03071,-0.00019,-0.00019,0.42973,0.00248,0.05207,0.00003,-3.12257,-3.05581,-1.49214,-0.11311,-1.26135,0.18254,0.07687,0.00028,-0.0110,-0.0110,-0.0024,-0.0024,-0.0220,-0.0073,0.0073,-0.0073,0.0110,-0.0110,-0.0024,-0.0073,-0.0073,0.0073,-0.0073,-0.0073,-0.013,-0.013,0.007,-0.021,0.002,-0.007,-0.002,-0.105,-0.013,-0.013,0.007,0.007,-0.002,-0.002,-0.007,-0.002,28.0,29.0,30.0,29.0,30.0,30.0,29.0,28.0,28.0,29.0,30.0,29.0,30.0,30.0,29.0,29.0
1790307702.127440,1.290,-0.00286,-0.03071,-0.00019,-0.00019,0.42973,0.00248,0.05207,0.00003,-3.12257,-3.05581,-1.49214,-0.11311,-1.26135,0.18254,0.07687,0.00028,-0.0110,-0.0110,-0.0024,-0.0024,-0.0220,-0.0073,0.0073,-0.0073,0.0110,-0.0110,-0.0024,-0.0073,-0.0073,0.0073,-0.0073,-0.0073,-0.013,-0.013,0.007,-0.021,0.002,-0.007,-0.002,-0.105,-0.013,-0.013,0.007,0.007,-0.002,-0.002,-0.007,-0.002,28.0,29.0,30.0,29.0,30.0,30.0,29.0,28.0,28.0,29.0,30.0,29.0,30.0,30.0,29.0,29.0
1790307702.137555,1.300,-0.00286,-0.03071,-0.00019,-0.00019,0.42973,0.00248,0.05207,0.00003,-3.12257,-3.05581,-1.49214,-0.11311,-1.26135,0.18254,0.07687,0.00028,-0.0110,-0.0110,-0.0024,-0.0024,-0.0220,-0.0073,0.0073,-0.0073,0.0110,-0.0110,-0.0024,-0.0073,-0.0073,0.0073,-0.0073,-0.0220,-0.013,-0.013,0.007,-0.021,0.002,-0.007,-0.002,-0.110,-0.013,-0.013,0.007,0.007,-0.002,-0.002,-0.007,-0.007,28.0,29.0,30.0,29.0,30.0,30.0,29.0,28.0,28.0,29.0,30.0,29.0,30.0,30.0,29.0,29.0
1790307702.147400,1.310,-0.00324,-0.03071,-0.00019,-0.00019,0.42973,0.00248,0.05207,0.00003,-3.12257,-3.05581,-1.49214,-0.11311,-1.26135,0.18254,0.07687,0.00028,0.0110,-0.0330,-0.0024,-0.0073,-0.0073,-0.0073,-0.0073,-0.0073,-0.0110,-0.0110,-0.0073,-0.0024,-0.0073,0.0073,-0.0073,-0.0073,-0.013,-0.013,0.007,-0.021,0.002,-0.007,-0.002,-0.110,-0.013,-0.013,0.007,0.007,-0.002,0.002,-0.007,-0.002,28.0,29.0,30.0,29.0,30.0,30.0,29.0,28.0,28.0,29.0,30.0,29.0,30.0,30.0,29.0,29.0
1790307702.157404,1.320,-0.00324,-0.03071,-0.00019,-0.00019,0.42973,0.00248,0.05207,0.00003,-3.12257,-3.05581,-1.49214,-0.11311,-1.26135,0.18254,0.07687,0.00028,0.0110,-0.0330,-0.0024,-0.0073,-0.0073,-0.0073,-0.0073,-0.0073,-0.0110,-0.0110,-0.0073,-0.0024,-0.0073,0.0073,-0.0073,-0.0073,-0.013,-0.013,0.007,-0.021,0.002,-0.007,-0.002,-0.110,-0.013,-0.013,0.007,0.007,-0.002,0.002,-0.007,-0.002,28.0,29.0,30.0,29.0,30.0,30.0,29.0,28.0,28.0,29.0,30.0,29.0,30.0,30.0,29.0,29.0
1790307702.167437,1.330,-0.00324,-0.03071,-0.00019,-0.00019,0.42973,0.00248,0.05207,0.00003,-3.12257,-3.05581,-1.49214,-0.11311,-1.26135,0.18254,0.07687,0.00028,0.0110,-0.0330,-0.0024,-0.0073,-0.0073,-0.0073,-0.0073,-0.0073,-0.0110,-0.0110,-0.0073,-0.0024,-0.0073,0.0073,-0.0073,-0.0073,-0.013,-0.013,0.007,-0.021,0.002,-0.007,-0.002,-0.110,-0.013,-0.013,0.007,0.007,-0.002,0.002,-0.007,-0.002,28.0,29.0,30.0,29.0,30.0,30.0,29.0,28.0,28.0,29.0,30.0,29.0,30.0,30.0,29.0,29.0
1790307702.177407,1.340,-0.00324,-0.03071,-0.00019,-0.00019,0.42973,0.00248,0.05207,0.00003,-3.12257,-3.05581,-1.49214,-0.11311,-1.26135,0.18254,0.07687,0.00028,0.0110,-0.0330,-0.0024,-0.0073,-0.0073,-0.0073,-0.0073,-0.0073,-0.0110,-0.0110,-0.0073,-0.0024,-0.0073,0.0073,-0.0073,-0.0073,-0.013,-0.013,0.007,-0.021,0.002,-0.007,-0.002,-0.110,-0.013,-0.013,0.007,0.007,-0.002,0.002,-0.007,-0.002,28.0,29.0,30.0,29.0,30.0,30.0,29.0,28.0,28.0,29.0,30.0,29.0,30.0,30.0,29.0,29.0
1790307702.187375,1.350,-0.00286,-0.03071,-0.00019,-0.00019,0.42973,0.00248,0.05207,0.00003,-3.12257,-3.05581,-1.49214,-0.11273,-1.26135,0.18254,0.07687,0.00028,0.0110,-0.0110,-0.0024,-0.0024,-0.0073,-0.0073,-0.0073,-0.0073,-0.0110,-0.0110,-0.0073,-0.0024,-0.0073,-0.0073,-0.0073,-0.0073,-0.040,-0.013,0.007,-0.021,0.002,-0.007,-0.002,-0.110,-0.013,-0.013,0.007,0.007,-0.002,0.002,-0.007,-0.002,28.0,29.0,30.0,29.0,30.0,30.0,29.0,28.0,28.0,29.0,30.0,29.0,30.0,30.0,29.0,29.0
1790307702.197974,1.360,-0.00286,-0.03071,-0.00019,-0.00019,0.42973,0.00248,0.05207,0.00003,-3.12257,-3.05581,-1.49214,-0.11273,-1.26135,0.18254,0.07687,0.00028,0.0110,-0.0110,-0.0024,-0.0024,-0.0073,-0.0073,-0.0073,-0.0073,-0.0110,-0.0110,-0.0073,-0.0024,-0.0073,-0.0073,-0.0073,-0.0073,-0.040,-0.013,0.007,-0.021,0.002,-0.007,-0.002,-0.110,-0.013,-0.013,0.007,0.007,-0.002,0.002,-0.007,-0.002,28.0,29.0,30.0,29.0,30.0,30.0,29.0,28.0,28.0,29.0,30.0,29.0,30.0,30.0,29.0,29.0
1790307702.207396,1.370,-0.00286,-0.03071,-0.00019,-0.00019,0.42973,0.00248,0.05207,0.00003,-3.12257,-3.05581,-1.49214,-0.11273,-1.26135,0.18254,0.07687,0.00028,0.0110,-0.0110,-0.0024,-0.0024,-0.0073,-0.0073,-0.0073,-0.0073,-0.0110,-0.0110,-0.0073,-0.0024,-0.0073,-0.0073,-0.0073,-0.0073,-0.040,-0.013,0.007,-0.021,0.002,-0.007,-0.002,-0.110,-0.013,-0.013,0.007,0.007,-0.002,0.002,-0.007,-0.002,28.0,29.0,30.0,29.0,30.0,30.0,29.0,28.0,28.0,29.0,30.0,29.0,30.0,30.0,29.0,29.0
1790307702.217620,1.380,-0.00286,-0.03071,-0.00019,-0.00019,0.42973,0.00248,0.05207,0.00003,-3.12257,-3.05581,-1.49214,-0.11273,-1.26135,0.18254,0.07687,0.00028,0.0110,-0.0110,-0.0024,-0.0024,-0.0073,-0.0073,-0.0073,-0.0073,-0.0110,-0.0110,-0.0073,-0.0024,-0.0073,-0.0073,-0.0073,-0.0073,-0.040,-0.013,0.007,-0.021,0.002,-0.007,-0.002,-0.110,-0.013,-0.013,0.007,0.007,-0.002,0.002,-0.007,-0.002,28.0,29.0,30.0,29.0,30.0,30.0,29.0,28.0,28.0,29.0,30.0,29.0,30.0,30.0,29.0,29.0
1790307702.227358,1.390,-0.00286,-0.03071,-0.00019,-0.00019,0.42973,0.00248,0.05207,0.00003,-3.12257,-3.05581,-1.49214,-0.11311,-1.26135,0.18254,0.07687,0.00028,-0.0110,-0.0110,-0.0024,-0.0024,-0.0073,-0.0073,-0.0073,-0.0073,-0.0110,0.0110,-0.0024,-0.0024,-0.0220,0.0073,-0.0073,-0.0073,-0.040,-0.013,0.007,-0.021,0.002,-0.007,-0.002,-0.110,-0.013,-0.013,0.007,0.007,-0.002,-0.002,-0.002,-0.002,28.0,29.0,30.0,29.0,30.0,30.0,29.0,28.0,28.0,29.0,30.0,29.0,30.0,30.0,29.0,29.0
1790307702.237572,1.400,-0.00286,-0.03071,-0.00019,-0.00019,0.42973,0.00248,0.05207,0.00003,-3.12257,-3.05581,-1.49214,-0.11311,-1.26135,0.18254,0.07687,0.00028,-0.0110,-0.0110,-0.0024,-0.0024,-0.0073,-0.0073,-0.0073,-0.0073,-0.0110,0.0110,-0.0024,-0.0024,-0.0220,0.0073,-0.0073,0.0073,-0.040,-0.013,0.007,-0.021,0.002,-0.007,-0.002,-0.110,-0.013,-0.013,0.007,0.007,-0.002,-0.002,-0.002,-0.002,28.0,29.0,30.0,29.0,30.0,30.0,29.0,28.0,28.0,29.0,30.0,29.0,30.0,30.0,29.0,29.0
1790307702.247768,1.410,-0.00286,-0.03071,-0.00019,-0.00019,0.42973,0.00248,0.05207,0.00003,-3.12257,-3.05581,-1.49214,-0.11311,-1.26135,0.18254,0.07687,0.00028,-0.0110,-0.0110,-0.0024,-0.0024,-0.0073,-0.0073,-0.0073,-0.0073,-0.0110,0.0110,-0.0024,-0.0024,-0.0220,0.0073,-0.0073,0.0073,-0.040,-0.013,0.007,-0.021,0.002,-0.007,-0.002,-0.110,-0.013,-0.013,0.007,0.007,-0.002,-0.002,-0.002,-0.002,28.0,29.0,30.0,29.0,30.0,30.0,29.0,28.0,28.0,29.0,30.0,29.0,30.0,30.0,29.0,29.0
1790307702.257974,1.420,-0.00286,-0.03071,-0.00019,-0.00019,0.42973,0.00248,0.05207,0.00003,-3.12257,-3.05581,-1.49214,-0.11311,-1.26135,0.18254,0.07687,0.00028,-0.0110,-0.0110,-0.0024,-0.0024,-0.0073,-0.0073,-0.0073,-0.0073,-0.0110,0.0110,-0.0024,-0.0024,-0.0220,0.0073,-0.0073,0.0073,-0.040,-0.013,0.007,-0.021,0.002,-0.007,-0.002,-0.110,-0.013,-0.013,0.007,0.007,-0.002,-0.002,-0.002,-0.002,28.0,29.0,30.0,29.0,30.0,30.0,29.0,28.0,28.0,29.0,30.0,29.0,30.0,30.0,29.0,29.0
1790307702.267357,1.430,-0.00286,-0.03071,-0.00019,-0.00019,0.42973,0.00248,0.05207,0.00003,-3.12257,-3.05581,-1.49214,-0.11273,-1.26135,0.18254,0.07687,0.00028,-0.0110,-0.0110,-0.0024,-0.0024,0.0073,-0.0073,0.0073,-0.0220,-0.0110,-0.0110,-0.0024,-0.0024,-0.0073,-0.0073,-0.0073,-0.0220,-0.040,-0.013,0.007,-0.021,0.002,-0.007,-0.007,-0.110,-0.013,-0.013,0.007,0.021,-0.002,0.002,-0.002,-0.002,28.0,29.0,30.0,29.0,30.0,30.0,29.0,28.0,28.0,29.0,30.0,29.0,30.0,30.0,29.0,29.0
1790307702.277971,1.440,-0.00286,-0.03071,-0.00019,-0.00019,0.42973,0.00248,0.05207,0.00003,-3.12257,-3.05581,-1.49214,-0.11273,-1.26135,0.18254,0.07687,0.00028,-0.0110,-0.0110,-0.0024,-0.0024,0.0073,-0.0073,0.0073,-0.0220,-0.0110,-0.0110,-0.0024,-0.0024,-0.0073,-0.0073,-0.0073,-0.0220,-0.040,-0.013,0.007,-0.021,0.002,-0.007,-0.007,-0.110,-0.013,-0.013,0.007,0.021,-0.002,0.002,-0.002,-0.002,28.0,29.0,30.0,29.0,30.0,30.0,29.0,28.0,28.0,29.0,30.0,29.0,30.0,30.0,29.0,29.0
1790307702.287396,1.450,-0.00286,-0.03071,-0.00019,-0.00019,0.42973,0.00248,0.05207,0.00003,-3.12257,-3.05581,-1.49214,-0.11273,-1.26135,0.18254,0.07687,0.00028,-0.0110,-0.0110,-0.0024,-0.0024,0.0073,-0.0073,0.0073,0.0073,-0.0110,-0.0110,-0.0024,-0.0024,-0.0073,-0.0073,-0.0073,-0.0073,-0.040,-0.013,0.007,-0.021,0.002,-0.007,-0.007,-0.105,-0.013,-0.013,0.007,0.021,-0.002,0.002,-0.002,0.002,28.0,29.0,30.0,29.0,30.0,30.0,29.0,28.0,28.0,29.0,30.0,29.0,30.0,30.0,29.0,29.0
1790307702.297990,1.460,-0.00286,-0.03071,-0.00019,-0.00019,0.42973,0.00248,0.05207,0.00003,-3.12257,-3.05581,-1.49214,-0.11273,-1.26135,0.18254,0.07687,0.00028,-0.0110,-0.0110,-0.0024,-0.0024,0.0073,-0.0073,0.0073,0.0073,-0.0110,-0.0110,-0.0024,-0.0024,-0.0073,-0.0073,-0.0073,0.0073,-0.040,-0.013,0.007,-0.021,0.002,-0.007,-0.007,-0.105,-0.013,-0.013,0.007,0.021,-0.002,0.002,-0.002,0.002,28.0,29.0,30.0,29.0,30.0,30.0,29.0,28.0,28.0,29.0,30.0,29.0,30.0,30.0,29.0,29.0
1790307702.307389,1.470,-0.00286,-0.03071,-0.00019,-0.00019,0.42973,0.00248,0.05207,0.00003,-3.12257,-3.05581,-1.49214,-0.11273,-1.26135,0.18254,0.07687,0.00028,-0.0110,-0.0330,-0.0024,-0.0024,0.0073,0.0073,-0.0073,-0.0073,-0.0110,-0.0110,-0.0024,-0.0024,-0.0073,-0.0073,-0.0220,0.0073,-0.013,-0.013,0.007,-0.034,0.002,-0.007,-0.002,-0.105,-0.013,-0.013,0.007,0.007,-0.002,0.002,-0.002,0.002,28.0,29.0,30.0,29.0,30.0,30.0,29.0,28.0,28.0,29.0,30.0,29.0,30.0,30.0,29.0,29.0
1790307702.318009,1.480,-0.00286,-0.03071,-0.00019,-0.00019,0.42973,0.00248,0.05207,0.00003,-3.12257,-3.05581,-1.49214,-0.11273,-1.26135,0.18254,0.07687,0.00028,-0.0110,-0.0330,-0.0024,-0.0024,0.0073,0.0073,-0.0073,-0.0073,-0.0110,-0.0110,-0.0024,-0.0024,-0.0073,-0.0073,-0.0220,0.0073,-0.013,-0.013,0.007,-0.034,0.002,-0.007,-0.002,-0.105,-0.013,-0.013,0.007,0.007,-0.002,0.002,-0.002,0.002,28.0,29.0,30.0,29.0,30.0,30.0,29.0,28.0,28.0,29.0,30.0,29.0,30.0,30.0,29.0,29.0
1790307702.327779,1.490,-0.00286,-0.03071,-0.00019,-0.00019,0.42973,0.00248,0.05207,0.00003,-3.12257,-3.05581,-1.49214,-0.11273,-1.26135,0.18254,0.07687,0.00028,-0.0110,-0.0330,-0.0024,-0.0024,0.0073,0.0073,-0.0073,-0.0073,-0.0110,-0.0110,-0.0024,-0.0024,-0.0073,-0.0073,-0.0220,0.0073,-0.013,-0.013,0.007,-0.034,0.002,-0.007,-0.002,-0.105,-0.013,-0.013,0.007,0.007,-0.002,0.002,-0.002,0.002,28.0,29.0,30.0,29.0,30.0,30.0,29.0,28.0,28.0,29.0,30.0,29.0,30.0,30.0,29.0,29.0
1790307702.337650,1.500,-0.00286,-0.03071,-0.00019,-0.00019,0.42973,0.00248,0.05207,0.00003,-3.12257,-3.05581,-1.49214,-0.11273,-1.26135,0.18254,0.07687,0.00028,-0.0110,-0.0330,-0.0024,-0.0024,0.0073,0.0073,-0.0073,-0.0073,-0.0110,-0.0110,-0.0024,-0.0024,-0.0073,-0.0073,-0.0220,0.0073,-0.013,-0.013,0.007,-0.034,0.002,-0.007,-0.002,-0.105,-0.013,-0.013,0.007,0.007,-0.002,0.002,-0.002,0.002,28.0,29.0,30.0,29.0,30.0,30.0,29.0,28.0,28.0,29.0,30.0,29.0,30.0,30.0,29.0,29.0
1790307702.347768,1.510,-0.00286,-0.03071,-0.00019,-0.00019,0.42973,0.00248,0.05207,0.00003,-3.12257,-3.05581,-1.49214,-0.11311,-1.26097,0.18254,0.07687,0.00028,-0.0110,-0.0110,-0.0073,-0.0024,-0.0073,-0.0073,-0.0073,-0.0073,-0.0110,-0.0330,-0.0073,-0.0024,0.0073,-0.0073,-0.0073,-0.0073,-0.013,-0.013,0.007,-0.021,-0.002,-0.007,-0.002,-0.110,-0.013,-0.013,0.007,0.007,-0.002,0.002,-0.007,-0.002,28.0,29.0,30.0,29.0,30.0,30.0,29.0,28.0,28.0,29.0,30.0,29.0,30.0,30.0,29.0,29.0
1790307702.358008,1.520,-0.00286,-0.03071,-0.00019,-0.00019,0.42973,0.00248,0.05207,0.00003,-3.12257,-3.05581,-1.49214,-0.11311,-1.26097,0.18254,0.07687,0.00028,-0.0110,-0.0110,-0.0073,-0.0024,-0.0073,-0.0073,-0.0073,-0.0073,-0.0110,-0.0330,-0.0073,-0.0024,0.0073,-0.0073,-0.0073,-0.0073,-0.013,-0.013,0.007,-0.021,-0.002,-0.007,-0.002,-0.110,-0.013,-0.013,0.007,0.007,-0.002,0.002,-0.007,-0.002,28.0,29.0,30.0,29.0,30.0,30.0,29.0,28.0,28.0,29.0,30.0,29.0,30.0,30.0,29.0,29.0
1790307702.367769,1.530,-0.00286,-0.03071,-0.00019,-0.00019,0.42973,0.00248,0.05207,0.00003,-3.12257,-3.05581,-1.49214,-0.11311,-1.26097,0.18254,0.07687,0.00028,-0.0110,-0.0110,-0.0073,-0.0024,-0.0073,-0.0073,-0.0073,-0.0073,-0.0110,-0.0330,-0.0073,-0.0024,0.0073,-0.0073,-0.0073,-0.0073,-0.013,-0.013,0.007,-0.021,-0.002,-0.007,-0.002,-0.110,-0.013,-0.013,0.007,0.007,-0.002,0.002,-0.007,-0.002,28.0,29.0,30.0,29.0,30.0,30.0,29.0,28.0,28.0,29.0,30.0,29.0,30.0,30.0,29.0,29.0
1790307702.378023,1.540,-0.00286,-0.03071,-0.00019,-0.00019,0.42973,0.00248,0.05207,0.00003,-3.12257,-3.05581,-1.49214,-0.11311,-1.26097,0.18254,0.07687,0.00028,-0.0110,-0.0110,-0.0073,-0.0024,-0.0073,-0.0073,-0.0073,-0.0073,-0.0110,-0.0330,-0.0073,-0.0024,0.0073,-0.0073,-0.0073,-0.0073,-0.013,-0.013,0.007,-0.021,-0.002,-0.007,-0.002,-0.110,-0.013,-0.013,0.007,0.007,-0.002,0.002,-0.007,-0.002,28.0,29.0,30.0,29.0,30.0,30.0,29.0,28.0,28.0,29.0,30.0,29.0,30.0,30.0,29.0,29.0
1790307702.387861,1.550,-0.00324,-0.03071,-0.00019,-0.00019,0.42973,0.00248,0.05207,0.00003,-3.12257,-3.05581,-1.49214,-0.11311,-1.26135,0.18254,0.07687,0.00028,-0.0110,-0.0110,0.0024,-0.0024,-0.0073,-0.0073,-0.0073,-0.0220,0.0110,-0.0110,-0.0024,-0.0024,-0.0220,-0.0073,-0.0073,-0.0073,-0.013,-0.013,0.007,-0.021,-0.002,-0.007,-0.002,-0.105,-0.013,-0.013,-0.007,0.007,-0.002,0.002,-0.007,-0.002,28.0,29.0,30.0,29.0,30.0,30.0,29.0,28.0,28.0,29.0,30.0,29.0,30.0,30.0,29.0,29.0
1790307702.397973,1.560,-0.00324,-0.03071,-0.00019,-0.00019,0.42973,0.00248,0.05207,0.00003,-3.12257,-3.05581,-1.49214,-0.11311,-1.26135,0.18254,0.07687,0.00028,-0.0110,-0.0110,0.0024,-0.0024,-0.0073,-0.0073,-0.0073,-0.0073,0.0110,-0.0110,-0.0024,-0.0024,-0.0220,-0.0073,-0.0073,-0.0073,-0.013,-0.013,0.007,-0.021,-0.002,-0.007,-0.002,-0.105,-0.013,-0.013,-0.007,0.007,-0.002,0.002,-0.007,-0.002,28.0,29.0,30.0,29.0,30.0,30.0,29.0,28.0,28.0,29.0,30.0,29.0,30.0,30.0,29.0,29.0
1790307702.407753,1.570,-0.00324,-0.03071,-0.00019,-0.00019,0.42973,0.00248,0.05207,0.00003,-3.12257,-3.05581,-1.49214,-0.11311,-1.26135,0.18254,0.07687,0.00028,-0.0110,-0.0110,0.0024,-0.0024,-0.0073,-0.0073,-0.0073,-0.0073,0.0110,-0.0110,-0.0024,-0.0024,-0.0220,-0.0073,-0.0073,-0.0073,-0.013,-0.013,0.007,-0.021,-0.002,-0.007,-0.002,-0.105,-0.013,-0.013,-0.007,0.007,-0.002,0.002,-0.007,-0.002,28.0,29.0,30.0,29.0,30.0,30.0,29.0,28.0,28.0,29.0,30.0,29.0,30.0,30.0,29.0,29.0
1790307702.417973,1.580,-0.00324,-0.03071,-0.00019,-0.00019,0.42973,0.00248,0.05207,0.00003,-3.12257,-3.05581,-1.49214,-0.11311,-1.26135,0.18254,0.07687,0.00028,-0.0110,-0.0110,0.0024,-0.0024,-0.0073,-0.0073,-0.0073,-0.0073,0.0110,-0.0110,-0.0024,-0.0024,-0.0220,-0.0073,-0.0073,-0.0073,-0.013,-0.013,0.007,-0.021,-0.002,-0.007,-0.002,-0.105,-0.013,-0.013,-0.007,0.007,-0.002,0.002,-0.007,-0.002,28.0,29.0,30.0,29.0,30.0,30.0,29.0,28.0,28.0,29.0,30.0,29.0,30.0,30.0,29.0,29.0
1790307702.427406,1.590,-0.00286,-0.03071,-0.00019,-0.00019,0.42973,0.00248,0.05207,0.00003,-3.12257,-3.05581,-1.49214,-0.11273,-1.26135,0.18254,0.07687,0.00030,0.0110,-0.0110,-0.0024,0.0024,0.0073,-0.0073,-0.0073,-0.0220,0.0110,-0.0330,-0.0024,-0.0024,-0.0073,-0.0073,0.0073,-0.0220,-0.040,-0.013,0.007,-0.021,0.002,-0.007,-0.002,-0.105,-0.013,-0.013,0.007,0.007,-0.002,0.002,-0.007,-0.002,28.0,29.0,30.0,29.0,30.0,30.0,29.0,28.0,28.0,29.0,30.0,29.0,30.0,30.0,29.0,29.0
1790307702.437632,1.600,-0.00286,-0.03071,-0.00019,-0.00019,0.42973,0.00248,0.05207,0.00003,-3.12257,-3.05581,-1.49214,-0.11273,-1.26135,0.18254,0.07687,0.00030,0.0110,-0.0110,-0.0024,0.0024,0.0073,-0.0073,-0.0073,-0.0220,0.0110,-0.0330,-0.0024,-0.0024,-0.0073,-0.0073,0.0073,-0.0220,-0.040,-0.013,0.007,-0.021,0.002,-0.007,-0.002,-0.105,-0.013,-0.013,0.007,0.007,-0.002,0.002,-0.007,-0.002,28.0,29.0,30.0,29.0,30.0,30.0,29.0,28.0,28.0,29.0,30.0,29.0,30.0,30.0,29.0,29.0
1790307702.448229,1.611,-0.00286,-0.03071,-0.00019,-0.00019,0.42973,0.00248,0.05207,0.00003,-3.12257,-3.05581,-1.49214,-0.11273,-1.26135,0.18254,0.07687,0.00028,0.0110,-0.0110,-0.0024,0.0024,0.0073,-0.0073,-0.0073,-0.0073,0.0110,-0.0330,-0.0024,-0.0024,-0.0073,-0.0073,0.0073,-0.0073,-0.040,-0.013,0.007,-0.021,0.002,-0.007,-0.002,-0.110,-0.013,-0.013,0.007,0.007,-0.002,0.002,-0.007,-0.007,28.0,29.0,30.0,29.0,30.0,30.0,29.0,28.0,28.0,29.0,30.0,29.0,30.0,30.0,29.0,29.0
1790307702.458134,1.621,-0.00286,-0.03071,-0.00019,-0.00019,0.42973,0.00248,0.05207,0.00003,-3.12257,-3.05581,-1.49214,-0.11273,-1.26135,0.18254,0.07687,0.00028,0.0110,-0.0110,-0.0024,0.0024,0.0073,-0.0073,-0.0073,-0.0073,0.0110,-0.0330,-0.0024,-0.0024,-0.0073,-0.0073,0.0073,-0.0073,-0.040,-0.013,0.007,-0.021,0.002,-0.007,-0.002,-0.110,-0.013,-0.013,0.007,0.007,-0.002,0.002,-0.007,-0.007,28.0,29.0,30.0,29.0,30.0,30.0,29.0,28.0,28.0,29.0,30.0,29.0,30.0,30.0,29.0,29.0
1790307702.467395,1.630,-0.00324,-0.03071,-0.00019,-0.00019,0.43011,0.00248,0.05207,0.00003,-3.12257,-3.05581,-1.49214,-0.11273,-1.26135,0.18254,0.07687,0.00028,-0.0330,-0.0110,-0.0024,-0.0024,0.0073,-0.0073,-0.0073,-0.0073,0.0110,-0.0110,-0.0024,0.0024,-0.0073,-0.0220,0.0073,-0.0073,-0.040,-0.013,0.007,-0.021,0.002,-0.007,-0.002,-0.100,-0.013,-0.013,0.007,0.021,-0.002,-0.002,-0.007,-0.002,28.0,29.0,30.0,29.0,30.0,30.0,29.0,28.0,28.0,29.0,30.0,29.0,30.0,30.0,29.0,29.0
1790307702.477548,1.640,-0.00324,-0.03071,-0.00019,-0.00019,0.43011,0.00248,0.05207,0.00003,-3.12257,-3.05581,-1.49214,-0.11273,-1.26135,0.18254,0.07687,0.00028,-0.0330,-0.0110,-0.0024,-0.0024,0.0073,-0.0073,-0.0073,-0.0073,0.0110,-0.0110,-0.0024,0.0024,-0.0073,-0.0220,-0.0073,-0.0073,-0.040,-0.013,0.007,-0.021,0.002,-0.007,-0.002,-0.100,-0.013,-0.013,0.007,0.021,-0.002,-0.002,-0.007,-0.002,28.0,29.0,30.0,29.0,30.0,30.0,29.0,28.0,28.0,29.0,30.0,29.0,30.0,30.0,29.0,29.0
1790307702.487395,1.650,-0.00324,-0.03071,-0.00019,-0.00019,0.43011,0.00248,0.05207,0.00003,-3.12257,-3.05581,-1.49214,-0.11273,-1.26135,0.18254,0.07687,0.00028,-0.0330,-0.0110,-0.0024,-0.0024,0.0073,-0.0073,-0.0073,-0.0073,0.0110,-0.0110,-0.0024,0.0024,-0.0073,-0.0220,-0.0073,-0.0073,-0.040,-0.013,0.007,-0.021,0.002,-0.007,-0.002,-0.100,-0.013,-0.013,0.007,0.021,-0.002,-0.002,-0.007,-0.002,28.0,29.0,30.0,29.0,30.0,30.0,29.0,28.0,28.0,29.0,30.0,29.0,30.0,30.0,29.0,29.0
1790307702.497496,1.660,-0.00324,-0.03071,-0.00019,-0.00019,0.43011,0.00248,0.05207,0.00003,-3.12257,-3.05581,-1.49214,-0.11273,-1.26135,0.18254,0.07687,0.00028,-0.0330,-0.0110,-0.0024,-0.0024,0.0073,-0.0073,-0.0073,-0.0073,0.0110,-0.0110,-0.0024,0.0024,-0.0073,-0.0220,-0.0073,-0.0073,-0.040,-0.013,0.007,-0.021,0.002,-0.007,-0.002,-0.100,-0.013,-0.013,0.007,0.021,-0.002,-0.002,-0.007,-0.002,28.0,29.0,30.0,29.0,30.0,30.0,29.0,28.0,28.0,29.0,30.0,29.0,30.0,30.0,29.0,29.0
1790307702.507560,1.670,-0.00324,-0.03071,-0.00019,-0.00019,0.43011,0.00248,0.05207,0.00003,-3.12257,-3.05581,-1.49214,-0.11273,-1.26135,0.18254,0.07687,0.00028,-0.0110,-0.0110,-0.0024,-0.0024,0.0073,-0.0073,-0.0073,-0.0073,0.0110,-0.0110,-0.0024,0.0024,-0.0073,-0.0220,-0.0073,-0.0073,-0.013,-0.013,0.007,-0.021,0.002,-0.007,-0.002,-0.100,-0.013,-0.013,0.007,0.021,-0.002,-0.002,-0.007,-0.002,28.0,29.0,30.0,29.0,30.0,30.0,29.0,28.0,28.0,29.0,30.0,29.0,30.0,30.0,29.0,29.0
1790307702.518123,1.681,-0.00324,-0.03071,-0.00019,-0.00019,0.42973,0.00248,0.05207,0.00003,-3.12257,-3.05581,-1.49214,-0.11273,-1.26135,0.18254,0.07687,0.00028,-0.0110,-0.0110,-0.0073,-0.0024,-0.0073,-0.0073,-0.0073,-0.0073,-0.0110,-0.0110,-0.0024,-0.0024,-0.0073,-0.0073,0.0073,-0.0220,-0.013,-0.013,0.021,-0.021,0.002,-0.007,0.002,-0.100,-0.013,-0.013,0.007,0.007,-0.002,0.002,-0.002,-0.002,28.0,29.0,30.0,29.0,30.0,30.0,29.0,28.0,28.0,29.0,30.0,29.0,30.0,30.0,29.0,29.0
1790307702.527902,1.690,-0.00324,-0.03071,-0.00019,-0.00019,0.42973,0.00248,0.05207,0.00003,-3.12257,-3.05581,-1.49214,-0.11273,-1.26135,0.18254,0.07687,0.00028,-0.0110,-0.0110,-0.0073,-0.0024,-0.0073,-0.0073,-0.0073,-0.0073,-0.0110,-0.0110,-0.0024,-0.0024,-0.0073,-0.0073,0.0073,-0.0220,-0.013,-0.013,0.021,-0.021,0.002,-0.007,0.002,-0.100,-0.013,-0.013,0.007,0.007,-0.002,0.002,-0.002,-0.002,28.0,29.0,30.0,29.0,30.0,30.0,29.0,28.0,28.0,29.0,30.0,29.0,30.0,30.0,29.0,29.0
1790307702.538180,1.701,-0.00324,-0.03071,-0.00019,-0.00019,0.42973,0.00248,0.05207,0.00003,-3.12257,-3.05581,-1.49214,-0.11273,-1.26135,0.18254,0.07687,0.00028,-0.0110,-0.0110,-0.0073,-0.0024,-0.0073,-0.0073,-0.0073,-0.0073,-0.0110,-0.0110,-0.0024,-0.0024,-0.0073,-0.0073,0.0073,-0.0220,-0.013,-0.013,0.021,-0.021,0.002,-0.007,0.002,-0.100,-0.013,-0.013,0.007,0.007,-0.002,0.002,-0.002,-0.002,28.0,29.0,30.0,29.0,30.0,30.0,29.0,28.0,28.0,29.0,30.0,29.0,30.0,30.0,29.0,29.0
1790307702.547870,1.710,-0.00324,-0.03071,-0.00019,-0.00019,0.42973,0.00248,0.05207,0.00003,-3.12257,-3.05581,-1.49214,-0.11273,-1.26135,0.18254,0.07687,0.00028,-0.0110,-0.0110,-0.0073,-0.0024,-0.0073,-0.0073,-0.0073,0.0073,-0.0110,-0.0110,-0.0024,-0.0024,-0.0073,-0.0073,0.0073,-0.0073,-0.013,-0.013,0.021,-0.021,0.002,-0.007,0.002,-0.100,-0.013,-0.013,0.007,0.007,-0.002,0.002,-0.002,-0.002,28.0,29.0,30.0,29.0,30.0,30.0,29.0,28.0,28.0,29.0,30.0,29.0,30.0,30.0,29.0,29.0
1790307702.558084,1.720,-0.00324,-0.03071,-0.00019,-0.00019,0.42973,0.00248,0.05207,0.00003,-3.12257,-3.05581,-1.49214,-0.11273,-1.26135,0.18254,0.07687,0.00028,-0.0110,-0.0110,0.0024,-0.0024,-0.0073,-0.0073,-0.0073,-0.0073,-0.0110,0.0110,-0.0073,-0.0024,-0.0073,0.0073,-0.0073,-0.0073,-0.013,-0.013,0.021,-0.021,0.002,-0.007,-0.002,-0.100,-0.013,-0.013,0.007,0.007,-0.002,0.002,-0.007,-0.002,28.0,29.0,30.0,29.0,30.0,30.0,29.0,28.0,28.0,29.0,30.0,29.0,30.0,30.0,29.0,29.0
1790307702.568716,1.731,-0.00324,-0.03071,-0.00019,-0.00019,0.42973,0.00248,0.05207,0.00003,-3.12257,-3.05581,-1.49214,-0.11273,-1.26135,0.18254,0.07687,0.00028,-0.0110,-0.0110,0.0024,-0.0024,-0.0073,-0.0073,-0.0073,-0.0073,-0.0110,0.0110,-0.0073,-0.0024,-0.0073,0.0073,-0.0073,-0.0073,-0.013,-0.013,0.021,-0.021,0.002,-0.007,-0.002,-0.100,-0.013,-0.013,0.007,0.007,-0.002,0.002,-0.007,-0.002,28.0,29.0,30.0,29.0,30.0,30.0,29.0,28.0,28.0,29.0,30.0,29.0,30.0,30.0,29.0,29.0
1790307702.578158,1.741,-0.00324,-0.03071,-0.00019,-0.00019,0.42973,0.00248,0.05207,0.00003,-3.12257,-3.05581,-1.49214,-0.11273,-1.26135,0.18254,0.07687,0.00028,-0.0110,-0.0110,0.0024,-0.0024,-0.0073,-0.0073,-0.0073,-0.0073,-0.0110,0.0110,-0.0073,-0.0024,-0.0073,0.0073,-0.0073,-0.0073,-0.013,-0.013,0.021,-0.021,0.002,-0.007,-0.002,-0.100,-0.013,-0.013,0.007,0.007,-0.002,0.002,-0.007,-0.002,28.0,29.0,30.0,29.0,30.0,30.0,29.0,28.0,28.0,29.0,30.0,29.0,30.0,30.0,29.0,29.0
1790307702.587889,1.750,-0.00324,-0.03071,-0.00019,-0.00019,0.42973,0.00248,0.05207,0.00003,-3.12257,-3.05581,-1.49214,-0.11273,-1.26135,0.18254,0.07687,0.00028,-0.0110,-0.0110,0.0024,-0.0024,-0.0073,-0.0073,-0.0073,-0.0073,-0.0110,0.0110,-0.0073,-0.0024,-0.0073,0.0073,-0.0073,-0.0073,-0.013,-0.013,0.021,-0.021,0.002,-0.007,-0.002,-0.100,-0.013,-0.013,0.007,0.007,-0.002,0.002,-0.007,-0.002,28.0,29.0,30.0,29.0,30.0,30.0,29.0,28.0,28.0,29.0,30.0,29.0,30.0,30.0,29.0,29.0
1790307702.597741,1.760,-0.00324,-0.03071,-0.00019,-0.00019,0.42973,0.00248,0.05207,0.00003,-3.12257,-3.05581,-1.49214,-0.11273,-1.26135,0.18254,0.07687,0.00028,-0.0110,-0.0110,0.0024,-0.0024,-0.0073,-0.0073,-0.0073,-0.0073,-0.0110,0.0110,-0.0073,-0.0024,-0.0073,0.0073,-0.0073,-0.0073,-0.013,-0.013,0.021,-0.021,0.002,-0.007,-0.002,-0.100,-0.013,-0.013,0.007,0.007,-0.002,0.002,-0.007,-0.002,28.0,29.0,30.0,29.0,30.0,30.0,29.0,28.0,28.0,29.0,30.0,29.0,30.0,30.0,29.0,29.0
1790307702.607445,1.770,-0.00286,-0.03071,-0.00019,-0.00019,0.42973,0.00248,0.05207,0.00003,-3.12257,-3.05581,-1.49214,-0.11311,-1.26135,0.18254,0.07687,0.00028,0.0110,-0.0110,0.0024,-0.0024,0.0073,-0.0073,0.0073,0.0073,-0.0110,-0.0110,-0.0073,-0.0024,0.0073,-0.0220,-0.0073,-0.0073,-0.013,-0.013,0.007,-0.021,0.002,-0.007,-0.007,-0.100,-0.013,-0.013,0.021,0.007,-0.002,0.002,-0.007,-0.002,28.0,29.0,30.0,29.0,30.0,30.0,29.0,28.0,28.0,29.0,30.0,29.0,30.0,30.0,29.0,29.0
1790307702.617630,1.780,-0.00286,-0.03071,-0.00019,-0.00019,0.42973,0.00248,0.05207,0.00003,-3.12257,-3.05581,-1.49214,-0.11311,-1.26135,0.18254,0.07687,0.00028,0.0110,-0.0110,0.0024,-0.0024,0.0073,-0.0073,0.0073,0.0073,-0.0110,-0.0110,-0.0073,-0.0024,0.0073,-0.0220,-0.0073,-0.0073,-0.013,-0.013,0.007,-0.021,0.002,-0.007,-0.007,-0.100,-0.013,-0.013,0.021,0.007,-0.002,0.002,-0.007,-0.002,28.0,29.0,30.0,29.0,30.0,30.0,29.0,28.0,28.0,29.0,30.0,29.0,30.0,30.0,29.0,29.0
1790307702.627374,1.790,-0.00286,-0.03071,-0.00019,-0.00019,0.42973,0.00248,0.05207,0.00003,-3.12257,-3.05581,-1.49214,-0.11311,-1.26135,0.18254,0.07687,0.00028,0.0110,-0.0110,0.0024,-0.0024,0.0073,-0.0073,0.0073,0.0073,-0.0110,-0.0110,-0.0073,-0.0024,0.0073,-0.0220,-0.0073,-0.0073,-0.013,-0.013,0.007,-0.021,0.002,-0.007,-0.007,-0.100,-0.013,-0.013,0.021,0.007,-0.002,0.002,-0.007,-0.002,28.0,29.0,30.0,29.0,30.0,30.0,29.0,28.0,28.0,29.0,30.0,29.0,30.0,30.0,29.0,29.0
1790307702.637425,1.800,-0.00286,-0.03071,-0.00019,-0.00019,0.42973,0.00248,0.05207,0.00003,-3.12257,-3.05581,-1.49214,-0.11311,-1.26135,0.18254,0.07687,0.00028,0.0110,-0.0110,0.0024,-0.0024,0.0073,-0.0073,0.0073,0.0073,-0.0110,-0.0110,-0.0073,-0.0024,0.0073,-0.0220,-0.0073,-0.0073,-0.013,-0.013,0.007,-0.021,0.002,-0.007,-0.007,-0.100,-0.013,-0.013,0.021,0.007,-0.002,0.002,-0.007,-0.002,28.0,29.0,30.0,29.0,30.0,30.0,29.0,28.0,28.0,29.0,30.0,29.0,30.0,30.0,29.0,29.0
1790307702.647395,1.810,-0.00286,-0.03071,-0.00019,-0.00019,0.42973,0.00248,0.05207,0.00003,-3.12257,-3.05581,-1.49214,-0.11311,-1.26097,0.18254,0.07687,0.00028,-0.0110,0.0110,-0.0024,-0.0024,-0.0073,-0.0073,0.0073,-0.0073,-0.0110,0.0110,-0.0024,-0.0024,0.0073,0.0073,-0.0073,-0.0220,-0.040,-0.013,0.021,-0.021,0.002,-0.007,-0.002,-0.100,-0.013,-0.013,0.007,0.007,-0.002,0.002,-0.007,-0.007,28.0,29.0,30.0,29.0,30.0,30.0,29.0,28.0,28.0,29.0,30.0,29.0,30.0,30.0,29.0,29.0
1790307702.657971,1.820,-0.00286,-0.03071,-0.00019,-0.00019,0.42973,0.00248,0.05207,0.00003,-3.12257,-3.05581,-1.49214,-0.11311,-1.26097,0.18254,0.07687,0.00028,-0.0110,0.0110,-0.0024,-0.0024,-0.0073,-0.0073,0.0073,-0.0073,-0.0110,0.0110,-0.0024,-0.0024,0.0073,0.0073,-0.0073,-0.0220,-0.040,-0.013,0.021,-0.021,0.002,-0.007,-0.002,-0.100,-0.013,-0.013,0.007,0.007,-0.002,0.002,-0.007,-0.007,28.0,29.0,30.0,29.0,30.0,30.0,29.0,28.0,28.0,29.0,30.0,29.0,30.0,30.0,29.0,29.0
1790307702.667573,1.830,-0.00286,-0.03071,-0.00019,-0.00019,0.42973,0.00248,0.05207,0.00003,-3.12257,-3.05581,-1.49214,-0.11311,-1.26097,0.18254,0.07687,0.00028,-0.0110,0.0110,-0.0024,-0.0024,-0.0073,-0.0073,0.0073,-0.0073,-0.0110,0.0110,-0.0024,-0.0024,0.0073,0.0073,-0.0073,-0.0220,-0.040,-0.013,0.021,-0.021,0.002,-0.007,-0.002,-0.100,-0.013,-0.013,0.007,0.007,-0.002,0.002,-0.007,-0.007,28.0,29.0,30.0,29.0,30.0,30.0,29.0,28.0,28.0,29.0,30.0,29.0,30.0,30.0,29.0,29.0
1790307702.677728,1.840,-0.00286,-0.03071,-0.00019,-0.00019,0.42973,0.00248,0.05207,0.00003,-3.12257,-3.05581,-1.49214,-0.11311,-1.26097,0.18254,0.07687,0.00028,-0.0110,0.0110,-0.0024,-0.0024,-0.0073,-0.0073,0.0073,-0.0073,-0.0110,0.0110,-0.0024,-0.0024,0.0073,0.0073,-0.0073,-0.0220,-0.040,-0.013,0.021,-0.021,0.002,-0.007,-0.002,-0.100,-0.013,-0.013,0.007,0.007,-0.002,0.002,-0.007,-0.007,28.0,29.0,30.0,29.0,30.0,30.0,29.0,28.0,28.0,29.0,30.0,29.0,30.0,30.0,29.0,29.0
1790307702.687815,1.850,-0.00286,-0.03071,-0.00019,-0.00019,0.42973,0.00248,0.05207,0.00003,-3.12257,-3.05581,-1.49214,-0.11311,-1.26097,0.18254,0.07687,0.00028,-0.0110,0.0110,-0.0024,-0.0024,-0.0073,-0.0073,0.0073,-0.0073,-0.0110,0.0110,-0.0024,-0.0024,0.0073,0.0073,-0.0073,-0.0220,-0.040,-0.013,0.021,-0.021,0.002,-0.007,-0.002,-0.100,-0.013,-0.013,0.007,0.007,-0.002,0.002,-0.007,-0.007,28.0,29.0,30.0,29.0,30.0,30.0,29.0,28.0,28.0,29.0,30.0,29.0,30.0,30.0,29.0,29.0
1790307702.697714,1.860,-0.00286,-0.03071,-0.00019,-0.00019,0.42973,0.00248,0.05207,0.00005,-3.12257,-3.05581,-1.49214,-0.11273,-1.26135,0.18254,0.07687,0.00030,-0.0110,-0.0110,-0.0024,-0.0024,0.0073,-0.0220,-0.0073,-0.0073,-0.0110,-0.0110,-0.0024,-0.0024,-0.0073,0.0073,-0.0220,-0.0073,-0.040,-0.013,0.007,-0.021,0.002,-0.007,-0.002,-0.100,-0.013,-0.013,0.007,0.007,-0.002,0.002,-0.007,-0.002,28.0,29.0,30.0,29.0,30.0,30.0,29.0,28.0,28.0,29.0,30.0,29.0,30.0,30.0,29.0,29.0
1790307702.707578,1.870,-0.00286,-0.03071,-0.00019,-0.00019,0.42973,0.00248,0.05207,0.00005,-3.12257,-3.05581,-1.49214,-0.11273,-1.26135,0.18254,0.07687,0.00028,-0.0110,-0.0110,-0.0024,-0.0024,0.0073,-0.0220,-0.0073,-0.0073,-0.0110,-0.0110,-0.0024,-0.0024,-0.0073,0.0073,-0.0220,-0.0073,-0.040,-0.013,0.007,-0.021,0.002,-0.007,-0.002,-0.100,-0.013,-0.013,0.007,0.007,-0.002,0.002,-0.007,-0.002,28.0,29.0,30.0,29.0,30.0,30.0,29.0,28.0,28.0,29.0,30.0,29.0,30.0,30.0,29.0,29.0
1790307702.717782,1.880,-0.00286,-0.03071,-0.00019,-0.00019,0.42973,0.00248,0.05207,0.00005,-3.12257,-3.05581,-1.49214,-0.11273,-1.26135,0.18254,0.07687,0.00028,-0.0110,-0.0110,-0.0024,-0.0024,0.0073,-0.0220,-0.0073,-0.0073,-0.0110,-0.0110,-0.0024,-0.0024,-0.0073,0.0073,-0.0220,-0.0073,-0.040,-0.013,0.007,-0.021,0.002,-0.007,-0.002,-0.100,-0.013,-0.013,0.007,0.007,-0.002,0.002,-0.007,-0.002,28.0,29.0,30.0,29.0,30.0,30.0,29.0,28.0,28.0,29.0,30.0,29.0,30.0,30.0,29.0,29.0
1790307702.727825,1.890,-0.00286,-0.03071,-0.00019,-0.00019,0.42973,0.00248,0.05207,0.00003,-3.12257,-3.05581,-1.49214,-0.11273,-1.26135,0.18254,0.07687,0.00028,-0.0110,-0.0110,-0.0024,-0.0024,0.0073,-0.0220,-0.0073,-0.0220,-0.0110,-0.0110,-0.0024,-0.0024,-0.0073,0.0073,-0.0220,-0.0073,-0.040,-0.013,0.007,-0.021,0.002,-0.007,-0.002,-0.100,-0.013,-0.013,0.007,0.007,-0.002,0.002,-0.007,-0.002,28.0,29.0,30.0,29.0,30.0,30.0,29.0,28.0,28.0,29.0,30.0,29.0,30.0,30.0,29.0,29.0
1790307702.737655,1.900,-0.00286,-0.03071,-0.00019,-0.00019,0.42973,0.00248,0.05207,0.00003,-3.12257,-3.05581,-1.49214,-0.11273,-1.26135,0.18254,0.07687,0.00028,-0.0110,-0.0330,-0.0073,-0.0024,-0.0073,-0.0073,-0.0073,-0.0073,-0.0110,-0.0110,-0.0024,-0.0024,-0.0073,-0.0073,-0.0073,-0.0220,-0.040,-0.013,0.021,-0.021,0.002,-0.007,-0.002,-0.100,-0.013,-0.013,0.007,0.007,-0.002,0.002,-0.007,-0.007,28.0,29.0,30.0,29.0,30.0,30.0,29.0,28.0,28.0,29.0,30.0,29.0,30.0,30.0,29.0,29.0
1790307702.748270,1.911,-0.00286,-0.03071,-0.00019,-0.00019,0.42973,0.00248,0.05207,0.00005,-3.12257,-3.05581,-1.49214,-0.11273,-1.26135,0.18254,0.07687,0.00028,-0.0110,-0.0330,-0.0073,-0.0024,-0.0073,-0.0073,-0.0073,-0.0073,-0.0110,-0.0110,-0.0024,-0.0024,-0.0073,-0.0073,-0.0073,-0.0073,-0.040,-0.013,0.021,-0.021,0.002,-0.007,-0.002,-0.105,-0.013,-0.013,0.007,0.007,-0.002,0.002,-0.007,-0.007,28.0,29.0,30.0,29.0,30.0,30.0,29.0,28.0,28.0,29.0,30.0,29.0,30.0,30.0,29.0,29.0
1790307702.757597,1.920,-0.00286,-0.03071,-0.00019,-0.00019,0.42973,0.00248,0.05207,0.00005,-3.12257,-3.05581,-1.49214,-0.11273,-1.26135,0.18254,0.07687,0.00028,-0.0110,-0.0330,-0.0073,-0.0024,-0.0073,-0.0073,-0.0073,-0.0073,-0.0110,-0.0110,-0.0024,-0.0024,-0.0073,-0.0073,-0.0073,-0.0073,-0.040,-0.013,0.021,-0.021,0.002,-0.007,-0.002,-0.105,-0.013,-0.013,0.007,0.007,-0.002,0.002,-0.007,-0.007,28.0,29.0,30.0,29.0,30.0,30.0,29.0,28.0,28.0,29.0,30.0,29.0,30.0,30.0,29.0,29.0
1790307702.767400,1.930,-0.00324,-0.03071,-0.00019,-0.00019,0.42973,0.00248,0.05207,0.00005,-3.12257,-3.05581,-1.49214,-0.11273,-1.26135,0.18254,0.07687,0.00028,-0.0110,-0.0330,-0.0073,-0.0024,-0.0073,-0.0073,-0.0073,-0.0220,-0.0110,-0.0110,-0.0024,-0.0024,-0.0073,-0.0073,-0.0073,-0.0073,-0.013,-0.013,0.021,-0.021,0.002,-0.007,-0.002,-0.100,-0.013,-0.013,0.007,0.007,-0.002,0.002,-0.007,-0.007,28.0,29.0,30.0,29.0,30.0,30.0,29.0,28.0,28.0,29.0,30.0,29.0,30.0,30.0,29.0,29.0
1790307702.777610,1.940,-0.00324,-0.03071,-0.00019,-0.00019,0.42973,0.00248,0.05207,0.00005,-3.12257,-3.05581,-1.49214,-0.11311,-1.26135,0.18254,0.07687,0.00028,-0.0110,-0.0110,-0.0073,-0.0024,-0.0073,-0.0220,-0.0073,-0.0220,-0.0110,0.0110,-0.0024,-0.0024,-0.0073,-0.0073,-0.0073,-0.0073,-0.040,-0.013,0.021,-0.034,0.002,-0.007,-0.002,-0.100,-0.013,-0.013,0.007,0.007,-0.002,-0.002,-0.007,-0.007,28.0,29.0,30.0,29.0,30.0,30.0,29.0,28.0,28.0,29.0,30.0,29.0,30.0,30.0,29.0,29.0
1790307702.788247,1.951,-0.00324,-0.03071,-0.00019,-0.00019,0.42973,0.00248,0.05207,0.00005,-3.12257,-3.05581,-1.49214,-0.11311,-1.26135,0.18254,0.07687,0.00028,-0.0110,-0.0110,-0.0073,-0.0024,-0.0073,-0.0220,-0.0073,-0.0220,-0.0110,0.0110,-0.0024,-0.0024,-0.0073,-0.0073,-0.0073,-0.0073,-0.040,-0.013,0.021,-0.034,0.002,-0.007,-0.002,-0.100,-0.013,-0.013,0.007,0.007,-0.002,-0.002,-0.007,-0.007,28.0,29.0,30.0,29.0,30.0,30.0,29.0,28.0,28.0,29.0,30.0,29.0,30.0,30.0,29.0,29.0
1790307702.798117,1.961,-0.00324,-0.03071,-0.00019,-0.00019,0.42973,0.00248,0.05207,0.00005,-3.12257,-3.05581,-1.49214,-0.11311,-1.26135,0.18254,0.07687,0.00028,-0.0110,-0.0110,-0.0073,-0.0024,-0.0073,-0.0220,-0.0073,-0.0220,-0.0110,0.0110,-0.0024,-0.0024,-0.0073,-0.0073,-0.0073,-0.0073,-0.040,-0.013,0.021,-0.034,0.002,-0.007,-0.002,-0.100,-0.013,-0.013,0.007,0.007,-0.002,-0.002,-0.007,-0.007,28.0,29.0,30.0,29.0,30.0,30.0,29.0,28.0,28.0,29.0,30.0,29.0,30.0,30.0,29.0,29.0
1790307702.808201,1.971,-0.00286,-0.03071,-0.00019,-0.00019,0.42973,0.00248,0.05207,0.00005,-3.12257,-3.05581,-1.49214,-0.11311,-1.26135,0.18254,0.07687,0.00028,-0.0110,-0.0110,-0.0073,-0.0024,-0.0073,-0.0220,-0.0073,-0.0073,-0.0110,0.0110,-0.0024,-0.0024,-0.0073,-0.0073,-0.0073,-0.0073,-0.040,-0.013,0.021,-0.034,0.002,-0.007,-0.002,-0.095,-0.013,-0.013,0.007,0.007,-0.002,-0.002,-0.007,-0.007,28.0,29.0,30.0,29.0,30.0,30.0,29.0,28.0,28.0,29.0,30.0,29.0,30.0,30.0,29.0,29.0
1790307702.817634,1.980,-0.00286,-0.03071,-0.00019,-0.00019,0.42973,0.00248,0.05207,0.00005,-3.12257,-3.05581,-1.49214,-0.11311,-1.26135,0.18254,0.07687,0.00028,-0.0110,-0.0110,-0.0024,-0.0024,-0.0073,-0.0073,-0.0073,-0.0073,-0.0110,-0.0110,-0.0024,-0.0024,-0.0073,0.0073,0.0073,-0.0073,-0.040,-0.013,0.007,-0.021,0.002,-0.007,-0.002,-0.095,-0.013,-0.013,0.007,0.007,-0.002,0.002,-0.002,-0.007,28.0,29.0,30.0,29.0,30.0,30.0,29.0,28.0,28.0,29.0,30.0,29.0,30.0,30.0,29.0,29.0
1790307702.828231,1.991,-0.00286,-0.03071,-0.00019,-0.00019,0.42973,0.00248,0.05207,0.00005,-3.12257,-3.05581,-1.49214,-0.11311,-1.26135,0.18254,0.07687,0.00028,-0.0110,-0.0110,-0.0024,-0.0024,-0.0073,-0.0073,-0.0073,-0.0073,-0.0110,-0.0110,-0.0024,-0.0024,-0.0073,0.0073,0.0073,-0.0073,-0.040,-0.013,0.007,-0.021,0.002,-0.007,-0.002,-0.095,-0.013,-0.013,0.007,0.007,-0.002,0.002,-0.002,-0.007,28.0,29.0,30.0,29.0,30.0,30.0,29.0,28.0,28.0,29.0,30.0,29.0,30.0,30.0,29.0,29.0
1790307702.838025,2.000,-0.00286,-0.03071,-0.00019,-0.00019,0.42973,0.00248,0.05207,0.00005,-3.12257,-3.05581,-1.49214,-0.11311,-1.26135,0.18254,0.07687,0.00028,-0.0110,-0.0110,-0.0024,-0.0024,-0.0073,-0.0073,-0.0073,-0.0073,-0.0110,-0.0110,-0.0024,-0.0024,-0.0073,0.0073,0.0073,-0.0073,-0.040,-0.013,0.007,-0.021,0.002,-0.007,-0.002,-0.095,-0.013,-0.013,0.007,0.007,-0.002,0.002,-0.002,-0.007,28.0,29.0,30.0,29.0,30.0,30.0,29.0,28.0,28.0,29.0,30.0,29.0,30.0,30.0,29.0,29.0
1790307702.848220,2.011,-0.00286,-0.03071,-0.00019,-0.00019,0.42973,0.00248,0.05207,0.00005,-3.12257,-3.05581,-1.49214,-0.11311,-1.26135,0.18254,0.07687,0.00028,-0.0110,-0.0110,-0.0024,-0.0024,-0.0073,-0.0073,-0.0073,-0.0073,-0.0110,-0.0110,-0.0024,-0.0024,-0.0073,0.0073,0.0073,-0.0073,-0.040,-0.013,0.007,-0.021,0.002,-0.007,-0.002,-0.095,-0.013,-0.013,0.007,0.007,-0.002,0.002,-0.002,-0.007,28.0,29.0,30.0,29.0,30.0,30.0,29.0,28.0,28.0,29.0,30.0,29.0,30.0,30.0,29.0,29.0
1790307702.857996,2.020,-0.00324,-0.03071,-0.00019,-0.00019,0.42973,0.00248,0.05207,0.00005,-3.12257,-3.05581,-1.49214,-0.11273,-1.26135,0.18254,0.07687,0.00028,-0.0110,-0.0110,-0.0024,0.0024,-0.0220,0.0073,-0.0073,-0.0220,-0.0110,-0.0110,-0.0024,-0.0024,-0.0073,0.0220,-0.0073,-0.0073,-0.013,-0.013,0.007,-0.021,0.002,-0.007,-0.002,-0.090,-0.013,-0.013,0.007,-0.007,-0.002,0.002,-0.007,-0.002,28.0,29.0,30.0,29.0,30.0,30.0,29.0,28.0,28.0,29.0,30.0,29.0,30.0,30.0,29.0,29.0
1790307702.868254,2.031,-0.00324,-0.03071,-0.00019,-0.00019,0.42973,0.00248,0.05207,0.00005,-3.12257,-3.05581,-1.49214,-0.11273,-1.26135,0.18254,0.07687,0.00028,-0.0110,-0.0110,-0.0024,0.0024,-0.0220,0.0073,-0.0073,-0.0220,-0.0110,-0.0110,-0.0024,-0.0024,-0.0073,0.0220,-0.0073,-0.0073,-0.013,-0.013,0.007,-0.021,0.002,-0.007,-0.002,-0.090,-0.013,-0.013,0.007,-0.007,-0.002,0.002,-0.007,-0.002,28.0,29.0,30.0,29.0,30.0,30.0,29.0,28.0,28.0,29.0,30.0,29.0,30.0,30.0,29.0,29.0
1790307702.878156,2.041,-0.00324,-0.03071,-0.00019,-0.00019,0.42973,0.00248,0.05207,0.00005,-3.12257,-3.05581,-1.49214,-0.11273,-1.26135,0.18254,0.07687,0.00028,-0.0110,-0.0110,-0.0024,0.0024,-0.0220,0.0073,-0.0073,-0.0220,-0.0110,-0.0110,-0.0024,-0.0024,-0.0073,0.0220,-0.0073,-0.0073,-0.013,-0.013,0.007,-0.021,0.002,-0.007,-0.002,-0.090,-0.013,-0.013,0.007,-0.007,-0.002,0.002,-0.007,-0.002,28.0,29.0,30.0,29.0,30.0,30.0,29.0,28.0,28.0,29.0,30.0,29.0,30.0,30.0,29.0,29.0
1790307702.888335,2.051,-0.00324,-0.03071,-0.00019,-0.00019,0.42973,0.00248,0.05207,0.00005,-3.12257,-3.05581,-1.49214,-0.11273,-1.26135,0.18254,0.07687,0.00028,-0.0110,-0.0110,-0.0024,0.0024,-0.0220,0.0073,-0.0073,-0.0220,-0.0110,-0.0110,-0.0024,-0.0024,-0.0073,0.0220,-0.0073,-0.0073,-0.013,-0.013,0.007,-0.021,0.002,-0.007,-0.002,-0.090,-0.013,-0.013,0.007,-0.007,-0.002,0.002,-0.007,-0.002,28.0,29.0,30.0,29.0,30.0,30.0,29.0,28.0,28.0,29.0,30.0,29.0,30.0,30.0,29.0,29.0
1790307702.898071,2.060,-0.00324,-0.03071,-0.00019,-0.00019,0.42973,0.00248,0.05207,0.00005,-3.12257,-3.05581,-1.49214,-0.11311,-1.26097,0.18254,0.07687,0.00028,-0.0110,-0.0110,-0.0024,-0.0024,-0.0073,-0.0073,-0.0073,0.0073,-0.0330,0.0110,-0.0024,-0.0024,0.0073,-0.0073,-0.0073,-0.0073,-0.013,-0.013,0.021,-0.021,0.002,-0.007,-0.002,-0.090,-0.013,-0.013,0.007,0.007,-0.002,0.002,-0.002,-0.007,28.0,29.0,30.0,29.0,30.0,30.0,29.0,28.0,28.0,29.0,30.0,29.0,30.0,30.0,29.0,29.0
1790307702.907883,2.070,-0.00324,-0.03071,-0.00019,-0.00019,0.42973,0.00248,0.05207,0.00005,-3.12257,-3.05581,-1.49214,-0.11311,-1.26097,0.18254,0.07687,0.00028,-0.0110,-0.0110,-0.0024,-0.0024,-0.0073,-0.0073,-0.0073,-0.0073,-0.0330,0.0110,-0.0024,-0.0024,0.0073,-0.0073,-0.0073,0.0073,-0.013,-0.013,0.021,-0.021,0.002,-0.007,-0.002,-0.085,-0.013,-0.013,0.007,0.007,-0.002,0.002,-0.002,-0.007,28.0,29.0,30.0,29.0,30.0,30.0,29.0,28.0,28.0,29.0,30.0,29.0,30.0,30.0,29.0,29.0
1790307702.917604,2.080,-0.00324,-0.03071,-0.00019,-0.00019,0.42973,0.00248,0.05207,0.00005,-3.12257,-3.05581,-1.49214,-0.11311,-1.26097,0.18254,0.07687,0.00028,-0.0110,-0.0110,-0.0024,-0.0024,-0.0073,-0.0073,-0.0073,-0.0073,-0.0330,0.0110,-0.0024,-0.0024,0.0073,-0.0073,-0.0073,0.0073,-0.013,-0.013,0.021,-0.021,0.002,-0.007,-0.002,-0.085,-0.013,-0.013,0.007,0.007,-0.002,0.002,-0.002,-0.007,28.0,29.0,30.0,29.0,30.0,30.0,29.0,28.0,28.0,29.0,30.0,29.0,30.0,30.0,29.0,29.0
1790307702.927443,2.090,-0.00324,-0.03071,-0.00019,-0.00019,0.42973,0.00248,0.05207,0.00005,-3.12257,-3.05581,-1.49214,-0.11311,-1.26097,0.18254,0.07687,0.00028,-0.0110,-0.0110,-0.0024,-0.0024,-0.0073,-0.0073,-0.0073,-0.0073,-0.0330,0.0110,-0.0024,-0.0024,0.0073,-0.0073,-0.0073,0.0073,-0.013,-0.013,0.021,-0.021,0.002,-0.007,-0.002,-0.085,-0.013,-0.013,0.007,0.007,-0.002,0.002,-0.002,-0.007,28.0,29.0,30.0,29.0,30.0,30.0,29.0,28.0,28.0,29.0,30.0,29.0,30.0,30.0,29.0,29.0
1790307702.937625,2.100,-0.00324,-0.03071,-0.00019,-0.00019,0.42973,0.00248,0.05207,0.00005,-3.12257,-3.05581,-1.49214,-0.11273,-1.26135,0.18254,0.07687,0.00028,-0.0110,0.0110,0.0024,-0.0024,-0.0073,-0.0073,-0.0073,-0.0073,-0.0110,-0.0110,-0.0024,-0.0024,0.0073,-0.0073,-0.0220,-0.0220,-0.013,-0.013,0.007,-0.021,0.002,-0.007,-0.002,-0.085,-0.013,-0.013,0.007,0.007,-0.002,0.002,-0.002,-0.012,28.0,29.0,30.0,29.0,30.0,30.0,29.0,28.0,28.0,29.0,30.0,29.0,30.0,30.0,29.0,29.0
1790307702.948217,2.111,-0.00324,-0.03071,-0.00019,-0.00019,0.42973,0.00248,0.05207,0.00005,-3.12257,-3.05581,-1.49214,-0.11273,-1.26135,0.18254,0.07687,0.00028,-0.0110,0.0110,0.0024,-0.0024,-0.0073,-0.0073,-0.0073,-0.0073,-0.0110,-0.0110,-0.0024,-0.0024,0.0073,-0.0073,-0.0220,-0.0220,-0.013,-0.013,0.007,-0.021,0.002,-0.007,-0.002,-0.085,-0.013,-0.013,0.007,0.007,-0.002,0.002,-0.002,-0.012,28.0,29.0,30.0,29.0,30.0,30.0,29.0,28.0,28.0,29.0,30.0,29.0,30.0,30.0,29.0,29.0
1790307702.958016,2.120,-0.00324,-0.03071,-0.00019,-0.00019,0.42973,0.00248,0.05207,0.00005,-3.12257,-3.05581,-1.49214,-0.11273,-1.26135,0.18254,0.07687,0.00028,-0.0110,0.0110,0.0024,-0.0024,-0.0073,-0.0073,-0.0073,-0.0073,-0.0110,-0.0110,-0.0024,-0.0024,0.0073,-0.0073,-0.0220,-0.0220,-0.013,-0.013,0.007,-0.021,0.002,-0.007,-0.002,-0.085,-0.013,-0.013,0.007,0.007,-0.002,0.002,-0.002,-0.007,28.0,29.0,30.0,29.0,30.0,30.0,29.0,28.0,28.0,29.0,30.0,29.0,30.0,30.0,29.0,29.0
1790307702.968282,2.131,-0.00324,-0.03071,-0.00019,-0.00019,0.42973,0.00248,0.05207,0.00005,-3.12257,-3.05581,-1.49214,-0.11273,-1.26135,0.18254,0.07687,0.00028,-0.0110,0.0110,0.0024,-0.0024,-0.0073,-0.0073,-0.0073,-0.0073,-0.0110,-0.0110,-0.0024,-0.0024,0.0073,-0.0073,-0.0220,-0.0220,-0.013,-0.013,0.007,-0.021,0.002,-0.007,-0.002,-0.085,-0.013,-0.013,0.007,0.007,-0.002,0.002,-0.002,-0.007,28.0,29.0,30.0,29.0,30.0,30.0,29.0,28.0,28.0,29.0,30.0,29.0,30.0,30.0,29.0,29.0
1790307702.977435,2.140,-0.00286,-0.03071,-0.00019,-0.00019,0.42973,0.00248,0.05207,0.00005,-3.12257,-3.05581,-1.49214,-0.11311,-1.26135,0.18254,0.07687,0.00028,-0.0110,-0.0110,0.0024,0.0024,-0.0073,-0.0073,-0.0073,-0.0073,-0.0110,-0.0110,-0.0024,-0.0024,-0.0073,-0.0073,-0.0073,0.0073,-0.040,-0.013,0.021,-0.021,-0.002,-0.007,-0.002,-0.085,-0.013,-0.013,0.007,0.007,-0.002,-0.002,-0.007,-0.007,28.0,29.0,30.0,29.0,30.0,30.0,29.0,28.0,28.0,29.0,30.0,29.0,30.0,30.0,29.0,29.0
1790307702.987441,2.150,-0.00286,-0.03071,-0.00019,-0.00019,0.42973,0.00248,0.05207,0.00005,-3.12257,-3.05581,-1.49214,-0.11311,-1.26135,0.18254,0.07687,0.00028,-0.0110,-0.0110,0.0024,0.0024,-0.0073,-0.0073,-0.0073,-0.0073,-0.0110,-0.0110,-0.0024,-0.0024,-0.0073,-0.0073,-0.0073,0.0073,-0.040,-0.013,0.021,-0.021,-0.002,-0.007,-0.002,-0.085,-0.013,-0.013,0.007,0.007,-0.002,-0.002,-0.007,-0.007,28.0,29.0,30.0,29.0,30.0,30.0,29.0,28.0,28.0,29.0,30.0,29.0,30.0,30.0,29.0,29.0
1790307702.997566,2.160,-0.00286,-0.03071,-0.00019,-0.00019,0.42973,0.00248,0.05207,0.00005,-3.12257,-3.05581,-1.49214,-0.11311,-1.26135,0.18254,0.07687,0.00028,-0.0110,-0.0110,0.0024,0.0024,-0.0073,-0.0073,-0.0073,-0.0073,-0.0110,-0.0110,-0.0024,-0.0024,-0.0073,-0.0073,-0.0073,0.0073,-0.040,-0.013,0.021,-0.021,-0.002,-0.007,-0.002,-0.085,-0.013,-0.013,0.007,0.007,-0.002,-0.002,-0.007,-0.007,28.0,29.0,30.0,29.0,30.0,30.0,29.0,28.0,28.0,29.0,30.0,29.0,30.0,30.0,29.0,29.0
1790307703.007523,2.170,-0.00286,-0.03071,-0.00019,-0.00019,0.42973,0.00248,0.05207,0.00005,-3.12257,-3.05581,-1.49214,-0.11311,-1.26135,0.18254,0.07687,0.00028,-0.0110,-0.0110,0.0024,0.0024,-0.0073,-0.0073,-0.0073,-0.0073,-0.0110,-0.0110,-0.0024,-0.0024,-0.0073,-0.0073,-0.0073,-0.0073,-0.040,-0.013,0.021,-0.021,-0.002,-0.007,-0.002,-0.085,-0.013,-0.013,0.007,0.007,-0.002,-0.002,-0.007,-0.007,28.0,29.0,30.0,29.0,30.0,30.0,29.0,28.0,28.0,29.0,30.0,29.0,30.0,30.0,29.0,29.0
1790307703.017648,2.180,-0.00286,-0.03071,-0.00019,-0.00019,0.42973,0.00248,0.05207,0.00005,-3.12257,-3.05581,-1.49214,-0.11311,-1.26135,0.18254,0.07687,0.00028,0.0110,-0.0110,0.0024,-0.0024,-0.0220,-0.0220,0.0073,0.0073,-0.0330,-0.0110,-0.0024,-0.0024,-0.0073,-0.0220,-0.0220,0.0073,-0.040,-0.013,0.021,-0.021,0.002,-0.007,-0.002,-0.085,-0.013,-0.013,0.007,0.007,-0.002,0.002,-0.002,-0.012,28.0,29.0,30.0,29.0,30.0,30.0,29.0,28.0,28.0,29.0,30.0,29.0,30.0,30.0,29.0,29.0
1790307703.028255,2.191,-0.00286,-0.03071,-0.00019,-0.00019,0.42973,0.00248,0.05207,0.00005,-3.12257,-3.05581,-1.49214,-0.11311,-1.26135,0.18254,0.07687,0.00028,0.0110,-0.0110,0.0024,-0.0024,-0.0220,-0.0220,0.0073,0.0073,-0.0330,-0.0110,-0.0024,-0.0024,-0.0073,-0.0220,-0.0220,0.0073,-0.040,-0.013,0.021,-0.021,0.002,-0.007,-0.002,-0.085,-0.013,-0.013,0.007,0.007,-0.002,0.002,-0.002,-0.012,28.0,29.0,30.0,29.0,30.0,30.0,29.0,28.0,28.0,29.0,30.0,29.0,30.0,30.0,29.0,29.0
1790307703.037621,2.200,-0.00286,-0.03071,-0.00019,-0.00019,0.42973,0.00248,0.05207,0.00005,-3.12257,-3.05581,-1.49214,-0.11311,-1.26135,0.18254,0.07687,0.00028,0.0110,-0.0110,0.0024,-0.0024,-0.0220,-0.0220,0.0073,0.0073,-0.0330,-0.0110,-0.0024,-0.0024,-0.0073,-0.0220,-0.0220,0.0073,-0.040,-0.013,0.021,-0.021,0.002,-0.007,-0.002,-0.085,-0.013,-0.013,0.007,0.007,-0.002,0.002,-0.002,-0.012,28.0,29.0,30.0,29.0,30.0,30.0,29.0,28.0,28.0,29.0,30.0,29.0,30.0,30.0,29.0,29.0
1790307703.048190,2.211,-0.00286,-0.03071,-0.00019,-0.00019,0.42973,0.00248,0.05207,0.00005,-3.12257,-3.05581,-1.49214,-0.11311,-1.26135,0.18254,0.07687,0.00028,0.0110,-0.0110,0.0024,-0.0024,-0.0220,-0.0220,0.0073,0.0073,-0.0330,-0.0110,-0.0024,-0.0024,-0.0073,-0.0220,-0.0220,0.0073,-0.040,-0.013,0.021,-0.021,0.002,-0.007,-0.002,-0.085,-0.013,-0.013,0.007,0.007,-0.002,0.002,-0.002,-0.012,28.0,29.0,30.0,29.0,30.0,30.0,29.0,28.0,28.0,29.0,30.0,29.0,30.0,30.0,29.0,29.0
1790307703.057595,2.220,-0.00324,-0.03071,-0.00019,-0.00019,0.42973,0.00248,0.05207,0.00005,-3.12257,-3.05581,-1.49214,-0.11311,-1.26135,0.18254,0.07687,0.00028,-0.0110,-0.0330,-0.0073,-0.0024,-0.0220,-0.0073,-0.0073,0.0073,-0.0110,-0.0110,0.0024,-0.0073,-0.0220,-0.0073,-0.0220,-0.0073,-0.013,-0.013,0.007,-0.021,0.002,-0.007,-0.002,-0.085,-0.013,-0.013,0.007,0.007,-0.002,0.002,-0.007,-0.012,28.0,29.0,30.0,29.0,30.0,30.0,29.0,28.0,28.0,29.0,30.0,29.0,30.0,30.0,29.0,29.0
1790307703.067864,2.230,-0.00324,-0.03071,-0.00019,-0.00019,0.42973,0.00248,0.05207,0.00005,-3.12257,-3.05581,-1.49214,-0.11311,-1.26135,0.18254,0.07687,0.00028,-0.0110,-0.0330,-0.0073,-0.0024,-0.0220,-0.0073,-0.0073,0.0073,-0.0110,-0.0110,0.0024,-0.0073,-0.0220,-0.0073,-0.0220,-0.0073,-0.013,-0.013,0.007,-0.021,0.002,-0.007,-0.002,-0.085,-0.013,-0.013,0.007,0.007,-0.002,0.002,-0.007,-0.012,28.0,29.0,30.0,29.0,30.0,30.0,29.0,28.0,28.0,29.0,30.0,29.0,30.0,30.0,29.0,29.0
1790307703.077619,2.240,-0.00324,-0.03071,-0.00019,-0.00019,0.42973,0.00248,0.05207,0.00005,-3.12257,-3.05581,-1.49214,-0.11311,-1.26135,0.18254,0.07687,0.00028,-0.0110,-0.0330,-0.0073,-0.0024,-0.0220,-0.0073,-0.0073,0.0073,-0.0110,-0.0110,0.0024,-0.0073,-0.0220,-0.0073,-0.0220,-0.0073,-0.013,-0.013,0.007,-0.021,0.002,-0.007,-0.002,-0.085,-0.013,-0.013,0.007,0.007,-0.002,0.002,-0.007,-0.012,28.0,29.0,30.0,29.0,30.0,30.0,29.0,28.0,28.0,29.0,30.0,29.0,30.0,30.0,29.0,29.0
1790307703.088251,2.251,-0.00324,-0.03071,-0.00019,-0.00019,0.42973,0.00248,0.05207,0.00005,-3.12257,-3.05581,-1.49214,-0.11311,-1.26135,0.18254,0.07687,0.00028,-0.0110,-0.0330,-0.0073,-0.0024,-0.0220,-0.0073,-0.0073,0.0073,-0.0110,-0.0110,0.0024,-0.0073,-0.0220,-0.0073,-0.0220,-0.0073,-0.013,-0.013,0.007,-0.021,0.002,-0.007,-0.002,-0.085,-0.013,-0.013,0.007,0.007,-0.002,0.002,-0.007,-0.012,28.0,29.0,30.0,29.0,30.0,30.0,29.0,28.0,28.0,29.0,30.0,29.0,30.0,30.0,29.0,29.0
1790307703.097488,2.260,-0.00286,-0.03071,-0.00019,-0.00019,0.42973,0.00248,0.05207,0.00005,-3.12257,-3.05581,-1.49214,-0.11311,-1.26135,0.18254,0.07687,0.00028,0.0110,-0.0110,-0.0024,-0.0024,-0.0073,-0.0073,-0.0073,-0.0073,-0.0110,-0.0110,-0.0073,-0.0024,0.0073,0.0073,-0.0220,-0.0073,-0.040,-0.013,0.007,-0.021,0.002,-0.007,-0.002,-0.085,-0.013,-0.013,0.007,0.021,-0.002,0.002,-0.007,-0.012,28.0,29.0,30.0,29.0,30.0,30.0,29.0,28.0,28.0,29.0,30.0,29.0,30.0,30.0,29.0,29.0
1790307703.107461,2.270,-0.00286,-0.03071,-0.00019,-0.00019,0.42973,0.00248,0.05207,0.00005,-3.12257,-3.05581,-1.49214,-0.11311,-1.26135,0.18254,0.07687,0.00028,0.0110,-0.0110,-0.0024,-0.0024,-0.0073,-0.0073,-0.0073,-0.0073,-0.0110,-0.0110,-0.0073,-0.0024,0.0073,0.0073,-0.0220,-0.0073,-0.040,-0.013,0.007,-0.021,0.002,-0.007,-0.002,-0.081,-0.013,-0.013,0.007,0.021,-0.002,0.002,-0.007,-0.012,28.0,29.0,30.0,29.0,30.0,30.0,29.0,28.0,28.0,29.0,30.0,29.0,30.0,30.0,29.0,29.0
1790307703.117491,2.280,-0.00286,-0.03071,-0.00019,-0.00019,0.42973,0.00248,0.05207,0.00005,-3.12257,-3.05581,-1.49214,-0.11311,-1.26135,0.18254,0.07687,0.00028,0.0110,-0.0110,-0.0024,-0.0024,-0.0073,-0.0073,-0.0073,-0.0073,-0.0110,-0.0110,-0.0073,-0.0024,0.0073,0.0073,-0.0220,-0.0073,-0.040,-0.013,0.007,-0.021,0.002,-0.007,-0.002,-0.081,-0.013,-0.013,0.007,0.021,-0.002,0.002,-0.007,-0.012,28.0,29.0,30.0,29.0,30.0,30.0,29.0,28.0,28.0,29.0,30.0,29.0,30.0,30.0,29.0,29.0
1790307703.127435,2.290,-0.00286,-0.03071,-0.00019,-0.00019,0.42973,0.00248,0.05207,0.00005,-3.12257,-3.05581,-1.49214,-0.11311,-1.26135,0.18254,0.07687,0.00028,0.0110,-0.0110,-0.0024,-0.0024,-0.0073,-0.0073,-0.0073,-0.0073,-0.0110,-0.0110,-0.0073,-0.0024,0.0073,0.0073,-0.0220,-0.0073,-0.040,-0.013,0.007,-0.021,0.002,-0.007,-0.002,-0.081,-0.013,-0.013,0.007,0.021,-0.002,0.002,-0.007,-0.012,28.0,29.0,30.0,29.0,30.0,30.0,29.0,28.0,28.0,29.0,30.0,29.0,30.0,30.0,29.0,29.0
1790307703.137699,2.300,-0.00324,-0.03071,-0.00019,-0.00019,0.42973,0.00248,0.05207,0.00005,-3.12257,-3.05581,-1.49214,-0.11311,-1.26135,0.18254,0.07687,0.00030,-0.0110,-0.0110,-0.0024,-0.0024,0.0073,-0.0073,-0.0073,-0.0220,-0.0110,-0.0110,-0.0024,-0.0024,0.0073,-0.0073,-0.0073,-0.0220,-0.040,-0.013,0.021,-0.021,0.002,-0.007,-0.002,-0.081,-0.013,-0.013,0.021,0.007,-0.002,0.002,-0.002,-0.012,28.0,29.0,30.0,29.0,30.0,30.0,29.0,28.0,28.0,29.0,30.0,29.0,30.0,30.0,29.0,29.0
1790307703.147390,2.310,-0.00324,-0.03071,-0.00019,-0.00019,0.42973,0.00248,0.05207,0.00005,-3.12257,-3.05581,-1.49214,-0.11311,-1.26135,0.18254,0.07687,0.00030,-0.0110,-0.0110,-0.0024,-0.0024,0.0073,-0.0073,-0.0073,-0.0220,-0.0110,-0.0110,-0.0024,-0.0024,0.0073,-0.0073,-0.0073,-0.0220,-0.040,-0.013,0.021,-0.021,0.002,-0.007,-0.002,-0.081,-0.013,-0.013,0.021,0.007,-0.002,0.002,-0.002,-0.012,28.0,29.0,30.0,29.0,30.0,30.0,29.0,28.0,28.0,29.0,30.0,29.0,30.0,30.0,29.0,29.0
1790307703.158258,2.321,-0.00324,-0.03071,-0.00019,-0.00019,0.42973,0.00248,0.05207,0.00005,-3.12257,-3.05581,-1.49214,-0.11311,-1.26135,0.18254,0.07687,0.00030,-0.0110,-0.0110,-0.0024,-0.0024,0.0073,-0.0073,-0.0073,-0.0220,-0.0110,-0.0110,-0.0024,-0.0024,0.0073,-0.0073,-0.0073,-0.0220,-0.040,-0.013,0.021,-0.021,0.002,-0.007,-0.002,-0.081,-0.013,-0.013,0.021,0.007,-0.002,0.002,-0.002,-0.012,28.0,29.0,30.0,29.0,30.0,30.0,29.0,28.0,28.0,29.0,30.0,29.0,30.0,30.0,29.0,29.0
1790307703.168212,2.331,-0.00324,-0.03071,-0.00019,-0.00019,0.42973,0.00248,0.05207,0.00005,-3.12257,-3.05581,-1.49214,-0.11311,-1.26135,0.18254,0.07687,0.00028,-0.0110,-0.0110,-0.0024,-0.0024,0.0073,-0.0073,-0.0073,-0.0073,-0.0110,-0.0110,-0.0024,-0.0024,0.0073,-0.0073,-0.0073,-0.0073,-0.040,-0.013,0.021,-0.021,0.002,-0.007,-0.002,-0.081,-0.013,-0.013,0.021,0.007,-0.002,0.002,-0.002,-0.012,28.0,29.0,30.0,29.0,30.0,30.0,29.0,28.0,28.0,29.0,30.0,29.0,30.0,30.0,29.0,29.0
1790307703.177370,2.340,-0.00286,-0.03071,-0.00019,-0.00019,0.42973,0.00248,0.05207,0.00005,-3.12257,-3.05581,-1.49214,-0.11311,-1.26135,0.18254,0.07687,0.00028,-0.0110,-0.0110,-0.0073,-0.0024,-0.0073,0.0073,-0.0220,-0.0073,0.0110,-0.0110,-0.0024,-0.0024,-0.0220,-0.0073,-0.0073,-0.0073,-0.040,-0.013,0.007,-0.021,0.002,-0.007,-0.002,-0.081,-0.013,0.013,0.021,0.007,-0.002,0.002,-0.007,-0.012,28.0,29.0,30.0,29.0,30.0,30.0,29.0,28.0,28.0,29.0,30.0,29.0,30.0,30.0,29.0,29.0
1790307703.188412,2.351,-0.00286,-0.03071,-0.00019,-0.00019,0.42973,0.00248,0.05207,0.00005,-3.12257,-3.05581,-1.49214,-0.11311,-1.26135,0.18254,0.07687,0.00028,-0.0110,-0.0110,-0.0073,-0.0024,-0.0073,0.0073,-0.0220,-0.0073,0.0110,-0.0110,-0.0024,-0.0024,-0.0220,-0.0073,-0.0073,-0.0073,-0.040,-0.013,0.007,-0.021,0.002,-0.007,-0.002,-0.081,-0.013,0.013,0.021,0.007,-0.002,0.002,-0.007,-0.012,28.0,29.0,30.0,29.0,30.0,30.0,29.0,28.0,28.0,29.0,30.0,29.0,30.0,30.0,29.0,29.0
1790307703.197995,2.360,-0.00286,-0.03071,-0.00019,-0.00019,0.42973,0.00248,0.05207,0.00005,-3.12257,-3.05581,-1.49214,-0.11311,-1.26135,0.18254,0.07687,0.00028,-0.0110,-0.0110,-0.0073,-0.0024,-0.0073,0.0073,-0.0220,-0.0073,0.0110,-0.0110,-0.0024,-0.0024,-0.0220,-0.0073,-0.0073,-0.0073,-0.040,-0.013,0.007,-0.021,0.002,-0.007,-0.002,-0.081,-0.013,0.013,0.021,0.007,-0.002,0.002,-0.007,-0.012,28.0,29.0,30.0,29.0,30.0,30.0,29.0,28.0,28.0,29.0,30.0,29.0,30.0,30.0,29.0,29.0
1790307703.208286,2.371,-0.00286,-0.03071,-0.00019,-0.00019,0.42973,0.00248,0.05207,0.00005,-3.12257,-3.05581,-1.49214,-0.11311,-1.26135,0.18254,0.07687,0.00028,-0.0110,-0.0110,-0.0073,-0.0024,-0.0073,0.0073,-0.0220,-0.0073,0.0110,-0.0110,-0.0024,-0.0024,-0.0220,-0.0073,-0.0073,-0.0073,-0.040,-0.013,0.007,-0.021,0.002,-0.007,-0.002,-0.081,-0.013,0.013,0.021,0.007,-0.002,0.002,-0.007,-0.012,28.0,29.0,30.0,29.0,30.0,30.0,29.0,28.0,28.0,29.0,30.0,29.0,30.0,30.0,29.0,29.0
1790307703.217989,2.380,-0.00324,-0.03071,-0.00019,-0.00019,0.42973,0.00248,0.05207,0.00005,-3.12257,-3.05581,-1.49214,-0.11311,-1.26135,0.18254,0.07687,0.00028,-0.0110,-0.0110,-0.0024,-0.0024,-0.0220,-0.0073,-0.0073,-0.0073,-0.0110,-0.0330,-0.0024,-0.0024,-0.0220,0.0073,-0.0073,-0.0073,-0.013,-0.013,0.021,-0.021,0.002,-0.007,-0.002,-0.076,-0.013,0.013,0.007,0.007,-0.002,0.002,-0.007,-0.012,28.0,29.0,30.0,29.0,30.0,30.0,29.0,28.0,28.0,29.0,30.0,29.0,30.0,30.0,29.0,29.0
1790307703.228251,2.391,-0.00324,-0.03071,-0.00019,-0.00019,0.42973,0.00248,0.05207,0.00005,-3.12257,-3.05581,-1.49214,-0.11311,-1.26135,0.18254,0.07687,0.00028,-0.0110,-0.0110,-0.0024,-0.0024,-0.0220,-0.0073,-0.0073,-0.0073,-0.0110,-0.0330,-0.0024,-0.0024,-0.0220,0.0073,0.0073,-0.0073,-0.013,-0.013,0.021,-0.021,0.002,-0.007,-0.002,-0.076,-0.013,0.013,0.007,0.007,-0.002,0.002,-0.007,-0.012,28.0,29.0,30.0,29.0,30.0,30.0,29.0,28.0,28.0,29.0,30.0,29.0,30.0,30.0,29.0,29.0
1790307703.238024,2.400,-0.00324,-0.03071,-0.00019,-0.00019,0.42973,0.00248,0.05207,0.00005,-3.12257,-3.05581,-1.49214,-0.11311,-1.26135,0.18254,0.07687,0.00028,-0.0110,-0.0110,-0.0024,-0.0024,-0.0220,-0.0073,-0.0073,-0.0073,-0.0110,-0.0330,-0.0024,-0.0024,-0.0220,0.0073,0.0073,-0.0073,-0.013,-0.013,0.021,-0.021,0.002,-0.007,-0.002,-0.076,-0.013,0.013,0.007,0.007,-0.002,0.002,-0.007,-0.012,28.0,29.0,30.0,29.0,30.0,30.0,29.0,28.0,28.0,29.0,30.0,29.0,30.0,30.0,29.0,29.0
1790307703.248243,2.411,-0.00324,-0.03071,-0.00019,-0.00019,0.42973,0.00248,0.05207,0.00005,-3.12257,-3.05581,-1.49214,-0.11311,-1.26135,0.18254,0.07687,0.00028,-0.0110,-0.0110,-0.0024,-0.0024,-0.0220,-0.0073,-0.0073,-0.0073,-0.0110,-0.0330,-0.0024,-0.0024,-0.0220,0.0073,0.0073,-0.0073,-0.013,-0.013,0.021,-0.021,0.002,-0.007,-0.002,-0.076,-0.013,0.013,0.007,0.007,-0.002,0.002,-0.007,-0.012,28.0,29.0,30.0,29.0,30.0,30.0,29.0,28.0,28.0,29.0,30.0,29.0,30.0,30.0,29.0,29.0
1790307703.258035,2.420,-0.00324,-0.03071,-0.00019,-0.00019,0.42973,0.00248,0.05207,0.00005,-3.12257,-3.05581,-1.49214,-0.11311,-1.26135,0.18254,0.07687,0.00030,-0.0110,-0.0110,-0.0024,-0.0024,-0.0220,-0.0073,-0.0073,-0.0220,-0.0110,0.0110,-0.0024,-0.0024,-0.0220,0.0073,0.0073,-0.0220,-0.040,-0.013,0.021,-0.021,0.002,-0.007,-0.002,-0.071,-0.013,-0.013,0.007,0.007,-0.002,0.002,-0.007,-0.012,28.0,29.0,30.0,29.0,30.0,30.0,29.0,28.0,28.0,29.0,30.0,29.0,30.0,30.0,29.0,29.0
1790307703.267465,2.430,-0.00324,-0.03071,-0.00019,-0.00019,0.42973,0.00248,0.05207,0.00005,-3.12257,-3.05581,-1.49214,-0.11273,-1.26097,0.18254,0.07687,0.00028,-0.0110,-0.0110,0.0024,-0.0024,-0.0220,-0.0073,-0.0073,-0.0073,-0.0110,0.0110,-0.0024,-0.0024,0.0073,-0.0220,-0.0073,-0.0073,-0.040,-0.013,0.007,-0.021,0.002,-0.007,-0.002,-0.076,-0.013,-0.013,0.007,0.021,-0.002,0.002,-0.002,-0.012,28.0,29.0,30.0,29.0,30.0,30.0,29.0,28.0,28.0,29.0,30.0,29.0,30.0,30.0,29.0,29.0
1790307703.278003,2.440,-0.00324,-0.03071,-0.00019,-0.00019,0.42973,0.00248,0.05207,0.00005,-3.12257,-3.05581,-1.49214,-0.11273,-1.26097,0.18254,0.07687,0.00028,-0.0110,-0.0110,0.0024,-0.0024,-0.0220,-0.0073,-0.0073,-0.0073,-0.0110,0.0110,-0.0024,-0.0024,0.0073,-0.0220,-0.0073,-0.0073,-0.040,-0.013,0.007,-0.021,0.002,-0.007,-0.002,-0.076,-0.013,-0.013,0.007,0.021,-0.002,0.002,-0.002,-0.012,28.0,29.0,30.0,29.0,30.0,30.0,29.0,28.0,28.0,29.0,30.0,29.0,30.0,30.0,29.0,29.0
1790307703.288248,2.451,-0.00324,-0.03071,-0.00019,-0.00019,0.42973,0.00248,0.05207,0.00005,-3.12257,-3.05581,-1.49214,-0.11273,-1.26097,0.18254,0.07687,0.00028,-0.0110,-0.0110,0.0024,-0.0024,-0.0220,-0.0073,-0.0073,-0.0073,-0.0110,0.0110,-0.0024,-0.0024,0.0073,-0.0220,-0.0073,-0.0073,-0.040,-0.013,0.007,-0.021,0.002,-0.007,-0.002,-0.076,-0.013,-0.013,0.007,0.021,-0.002,0.002,-0.002,-0.012,28.0,29.0,30.0,29.0,30.0,30.0,29.0,28.0,28.0,29.0,30.0,29.0,30.0,30.0,29.0,29.0
1790307703.298044,2.460,-0.00324,-0.03071,-0.00019,-0.00019,0.42973,0.00248,0.05207,0.00005,-3.12257,-3.05581,-1.49214,-0.11273,-1.26097,0.18254,0.07687,0.00028,-0.0110,-0.0110,0.0024,-0.0024,-0.0220,-0.0073,-0.0073,-0.0073,-0.0110,0.0110,-0.0024,-0.0024,0.0073,-0.0220,-0.0073,-0.0073,-0.040,-0.013,0.007,-0.021,0.002,-0.007,-0.002,-0.076,-0.013,-0.013,0.007,0.021,-0.002,0.002,-0.002,-0.012,28.0,29.0,30.0,29.0,30.0,30.0,29.0,28.0,28.0,29.0,30.0,29.0,30.0,30.0,29.0,29.0
1790307703.307813,2.470,-0.00286,-0.03071,-0.00019,-0.00019,0.42973,0.00248,0.05207,0.00005,-3.12257,-3.05581,-1.49214,-0.11311,-1.26135,0.18254,0.07687,0.00028,-0.0110,-0.0110,-0.0024,-0.0024,-0.0073,-0.0073,-0.0220,-0.0073,-0.0110,-0.0110,0.0024,-0.0073,-0.0073,-0.0073,-0.0073,-0.0073,-0.013,-0.013,0.007,-0.021,0.002,-0.007,-0.002,-0.071,-0.013,-0.013,0.021,0.007,-0.002,0.002,-0.002,-0.012,28.0,29.0,30.0,29.0,30.0,30.0,29.0,28.0,28.0,29.0,30.0,29.0,30.0,30.0,29.0,29.0
1790307703.318036,2.480,-0.00286,-0.03071,-0.00019,-0.00019,0.42973,0.00248,0.05207,0.00005,-3.12257,-3.05581,-1.49214,-0.11311,-1.26135,0.18254,0.07687,0.00028,-0.0110,-0.0110,-0.0024,-0.0024,-0.0073,-0.0073,-0.0220,-0.0073,-0.0110,-0.0110,0.0024,-0.0073,-0.0073,-0.0073,-0.0073,-0.0073,-0.013,-0.013,0.007,-0.021,0.002,-0.007,-0.002,-0.071,-0.013,-0.013,0.021,0.007,-0.002,0.002,-0.002,-0.017,28.0,29.0,30.0,29.0,30.0,30.0,29.0,28.0,28.0,29.0,30.0,29.0,30.0,30.0,29.0,29.0
1790307703.327368,2.490,-0.00286,-0.03071,-0.00019,-0.00019,0.42973,0.00248,0.05207,0.00005,-3.12257,-3.05581,-1.49214,-0.11311,-1.26135,0.18254,0.07687,0.00028,-0.0110,-0.0110,-0.0024,-0.0024,-0.0073,-0.0073,-0.0220,-0.0073,-0.0110,-0.0110,0.0024,-0.0073,-0.0073,-0.0073,-0.0073,-0.0073,-0.013,-0.013,0.007,-0.021,0.002,-0.007,-0.002,-0.071,-0.013,-0.013,0.021,0.007,-0.002,0.002,-0.002,-0.017,28.0,29.0,30.0,29.0,30.0,30.0,29.0,28.0,28.0,29.0,30.0,29.0,30.0,30.0,29.0,29.0
1790307703.337593,2.500,-0.00286,-0.03071,-0.00019,-0.00019,0.42973,0.00248,0.05207,0.00005,-3.12257,-3.05581,-1.49214,-0.11311,-1.26135,0.18254,0.07687,0.00028,-0.0110,-0.0110,-0.0024,-0.0024,-0.0073,-0.0073,-0.0220,-0.0073,-0.0110,-0.0110,0.0024,-0.0073,-0.0073,-0.0073,-0.0073,-0.0073,-0.013,-0.013,0.007,-0.021,0.002,-0.007,-0.002,-0.071,-0.013,-0.013,0.021,0.007,-0.002,0.002,-0.002,-0.017,28.0,29.0,30.0,29.0,30.0,30.0,29.0,28.0,28.0,29.0,30.0,29.0,30.0,30.0,29.0,29.0
1790307703.347434,2.510,-0.00324,-0.03071,-0.00019,-0.00019,0.42973,0.00248,0.05207,0.00005,-3.12257,-3.05581,-1.49214,-0.11311,-1.26097,0.18254,0.07687,0.00028,-0.0110,-0.0110,-0.0024,-0.0024,-0.0220,-0.0073,0.0073,-0.0073,-0.0110,-0.0110,-0.0024,-0.0024,0.0220,-0.0220,-0.0220,-0.0073,-0.013,-0.013,0.021,-0.021,0.002,-0.012,-0.002,-0.071,-0.013,-0.013,0.021,0.007,-0.002,0.002,-0.007,-0.017,28.0,29.0,30.0,29.0,30.0,30.0,29.0,28.0,28.0,29.0,30.0,29.0,30.0,30.0,29.0,29.0
1790307703.358012,2.520,-0.00324,-0.03071,-0.00019,-0.00019,0.42973,0.00248,0.05207,0.00005,-3.12257,-3.05581,-1.49214,-0.11311,-1.26097,0.18254,0.07687,0.00028,-0.0110,-0.0110,-0.0024,-0.0024,-0.0220,-0.0073,0.0073,-0.0073,-0.0110,-0.0110,-0.0024,-0.0024,0.0220,-0.0220,-0.0220,-0.0073,-0.013,-0.013,0.021,-0.021,0.002,-0.012,-0.002,-0.071,-0.013,-0.013,0.021,0.007,-0.002,0.002,-0.007,-0.017,28.0,29.0,30.0,29.0,30.0,30.0,29.0,28.0,28.0,29.0,30.0,29.0,30.0,30.0,29.0,29.0
1790307703.367851,2.530,-0.00324,-0.03071,-0.00019,-0.00019,0.42973,0.00248,0.05207,0.00005,-3.12257,-3.05581,-1.49214,-0.11311,-1.26097,0.18254,0.07687,0.00030,-0.0110,-0.0110,-0.0024,-0.0024,-0.0220,-0.0073,0.0073,-0.0073,-0.0110,-0.0110,-0.0024,-0.0024,0.0220,-0.0220,-0.0220,-0.0073,-0.013,-0.013,0.021,-0.021,0.002,-0.012,-0.002,-0.071,-0.013,-0.013,0.021,0.007,-0.002,0.002,-0.007,-0.012,28.0,29.0,30.0,29.0,30.0,30.0,29.0,28.0,28.0,29.0,30.0,29.0,30.0,30.0,29.0,29.0
1790307703.377974,2.540,-0.00324,-0.03071,-0.00019,-0.00019,0.42973,0.00248,0.05207,0.00005,-3.12257,-3.05581,-1.49214,-0.11311,-1.26097,0.18254,0.07687,0.00030,-0.0110,-0.0110,-0.0024,-0.0024,-0.0220,-0.0073,0.0073,-0.0073,-0.0110,-0.0110,-0.0024,-0.0024,0.0220,-0.0220,-0.0220,-0.0073,-0.013,-0.013,0.021,-0.021,0.002,-0.012,-0.002,-0.071,-0.013,-0.013,0.021,0.007,-0.002,0.002,-0.007,-0.012,28.0,29.0,30.0,29.0,30.0,30.0,29.0,28.0,28.0,29.0,30.0,29.0,30.0,30.0,29.0,29.0
1790307703.387399,2.550,-0.00324,-0.03071,-0.00019,-0.00019,0.42973,0.00248,0.05207,0.00005,-3.12257,-3.05581,-1.49214,-0.11311,-1.26135,0.18254,0.07687,0.00028,-0.0110,-0.0110,-0.0024,-0.0024,0.0073,-0.0073,-0.0073,-0.0073,-0.0110,-0.0110,-0.0073,-0.0024,-0.0073,-0.0073,0.0073,-0.0220,-0.040,-0.013,0.007,-0.021,0.002,-0.007,-0.002,-0.066,-0.013,-0.013,0.021,0.007,-0.002,0.002,-0.007,-0.012,28.0,29.0,30.0,29.0,30.0,30.0,29.0,28.0,28.0,29.0,30.0,29.0,30.0,30.0,29.0,29.0
1790307703.397399,2.560,-0.00324,-0.03071,-0.00019,-0.00019,0.42973,0.00248,0.05207,0.00005,-3.12257,-3.05581,-1.49214,-0.11311,-1.26135,0.18254,0.07687,0.00028,-0.0110,-0.0110,-0.0024,-0.0024,0.0073,-0.0073,-0.0073,-0.0073,-0.0110,-0.0110,-0.0073,-0.0024,-0.0073,-0.0073,0.0073,-0.0220,-0.040,-0.013,0.007,-0.021,0.002,-0.007,-0.002,-0.066,-0.013,-0.013,0.021,0.007,-0.002,0.002,-0.007,-0.012,28.0,29.0,30.0,29.0,30.0,30.0,29.0,28.0,28.0,29.0,30.0,29.0,30.0,30.0,29.0,29.0
1790307703.407388,2.570,-0.00324,-0.03071,-0.00019,-0.00019,0.42973,0.00248,0.05207,0.00005,-3.12257,-3.05581,-1.49214,-0.11311,-1.26135,0.18254,0.07687,0.00028,-0.0110,-0.0110,-0.0024,-0.0024,0.0073,-0.0073,-0.0073,-0.0073,-0.0110,-0.0110,-0.0073,-0.0024,-0.0073,-0.0073,0.0073,-0.0220,-0.040,-0.013,0.007,-0.021,0.002,-0.007,-0.002,-0.066,-0.013,-0.013,0.021,0.007,-0.002,0.002,-0.007,-0.012,28.0,29.0,30.0,29.0,30.0,30.0,29.0,28.0,28.0,29.0,30.0,29.0,30.0,30.0,29.0,29.0
1790307703.417409,2.580,-0.00324,-0.03071,-0.00019,-0.00019,0.42973,0.00248,0.05207,0.00005,-3.12257,-3.05581,-1.49214,-0.11311,-1.26135,0.18254,0.07687,0.00028,-0.0110,-0.0110,-0.0024,-0.0024,0.0073,-0.0073,-0.0073,-0.0073,-0.0110,-0.0110,-0.0073,-0.0024,-0.0073,-0.0073,0.0073,-0.0220,-0.040,-0.013,0.007,-0.021,0.002,-0.007,-0.002,-0.066,-0.013,-0.013,0.021,0.007,-0.002,0.002,-0.007,-0.012,28.0,29.0,30.0,29.0,30.0,30.0,29.0,28.0,28.0,29.0,30.0,29.0,30.0,30.0,29.0,29.0
1790307703.427399,2.590,-0.00324,-0.03071,-0.00019,-0.00019,0.42973,0.00248,0.05207,0.00005,-3.12257,-3.05581,-1.49214,-0.11273,-1.26135,0.18254,0.07687,0.00028,-0.0110,-0.0110,-0.0073,-0.0024,0.0073,-0.0073,-0.0073,-0.0220,-0.0110,-0.0110,-0.0024,-0.0024,0.0073,-0.0073,0.0073,-0.0073,-0.013,-0.013,0.007,-0.021,0.002,-0.007,-0.002,-0.061,-0.013,-0.013,0.007,0.007,-0.002,0.002,-0.007,-0.012,28.0,29.0,30.0,29.0,30.0,30.0,29.0,28.0,28.0,29.0,30.0,29.0,30.0,30.0,29.0,29.0
1790307703.437389,2.600,-0.00324,-0.03071,-0.00019,-0.00019,0.42973,0.00248,0.05207,0.00005,-3.12257,-3.05581,-1.49214,-0.11273,-1.26135,0.18254,0.07687,0.00028,-0.0110,-0.0110,-0.0073,-0.0024,0.0073,-0.0073,-0.0073,-0.0220,-0.0110,-0.0110,-0.0024,-0.0024,0.0073,-0.0073,0.0073,-0.0073,-0.013,-0.013,0.007,-0.021,0.002,-0.007,-0.002,-0.061,-0.013,-0.013,0.007,0.007,-0.002,0.002,-0.007,-0.012,28.0,29.0,30.0,29.0,30.0,30.0,29.0,28.0,28.0,29.0,30.0,29.0,30.0,30.0,29.0,29.0
1790307703.447392,2.610,-0.00324,-0.03071,-0.00019,-0.00019,0.42973,0.00248,0.05207,0.00005,-3.12257,-3.05581,-1.49214,-0.11273,-1.26135,0.18254,0.07687,0.00028,-0.0110,-0.0110,-0.0073,-0.0024,0.0073,-0.0073,-0.0073,-0.0220,-0.0110,-0.0110,-0.0024,-0.0024,0.0073,-0.0073,0.0073,-0.0073,-0.013,-0.013,0.007,-0.021,0.002,-0.007,-0.002,-0.061,-0.013,-0.013,0.007,0.007,-0.002,0.002,-0.007,-0.012,28.0,29.0,30.0,29.0,30.0,30.0,29.0,28.0,28.0,29.0,30.0,29.0,30.0,30.0,29.0,29.0
1790307703.457408,2.620,-0.00324,-0.03071,-0.00019,-0.00019,0.42973,0.00248,0.05207,0.00005,-3.12257,-3.05581,-1.49214,-0.11273,-1.26135,0.18254,0.07687,0.00028,-0.0110,-0.0110,-0.0073,-0.0024,0.0073,-0.0073,-0.0073,-0.0220,-0.0110,-0.0110,-0.0024,-0.0024,0.0073,-0.0073,0.0073,-0.0073,-0.013,-0.013,0.007,-0.021,0.002,-0.007,-0.002,-0.061,-0.013,-0.013,0.007,0.007,-0.002,0.002,-0.007,-0.012,28.0,29.0,30.0,29.0,30.0,30.0,29.0,28.0,28.0,29.0,30.0,29.0,30.0,30.0,29.0,29.0
1790307703.467423,2.630,-0.00324,-0.03071,-0.00019,-0.00019,0.42973,0.00248,0.05207,0.00005,-3.12257,-3.05581,-1.49214,-0.11273,-1.26135,0.18254,0.07687,0.00028,-0.0330,-0.0110,-0.0024,-0.0024,-0.0073,-0.0073,-0.0073,-0.0220,0.0110,0.0110,-0.0073,-0.0024,-0.0220,-0.0220,-0.0220,-0.0073,-0.040,-0.013,0.007,-0.021,0.002,-0.007,-0.002,-0.061,-0.013,-0.013,0.007,-0.007,-0.002,0.002,-0.002,-0.012,28.0,29.0,30.0,29.0,30.0,30.0,29.0,28.0,28.0,29.0,30.0,29.0,30.0,30.0,29.0,29.0
1790307703.477574,2.640,-0.00324,-0.03071,-0.00019,-0.00019,0.42973,0.00248,0.05207,0.00005,-3.12257,-3.05581,-1.49214,-0.11273,-1.26135,0.18254,0.07687,0.00028,-0.0330,-0.0110,-0.0024,-0.0024,-0.0073,-0.0073,-0.0073,-0.0220,0.0110,0.0110,-0.0073,-0.0024,-0.0220,-0.0220,-0.0220,-0.0073,-0.040,-0.013,0.007,-0.021,0.002,-0.007,-0.002,-0.061,-0.013,-0.013,0.007,-0.007,-0.002,0.002,-0.002,-0.012,28.0,29.0,30.0,29.0,30.0,30.0,29.0,28.0,28.0,29.0,30.0,29.0,30.0,30.0,29.0,29.0
1790307703.487361,2.650,-0.00324,-0.03071,-0.00019,-0.00019,0.42973,0.00248,0.05207,0.00005,-3.12257,-3.05581,-1.49214,-0.11273,-1.26135,0.18254,0.07687,0.00028,-0.0330,-0.0110,-0.0024,-0.0024,-0.0073,-0.0073,-0.0073,-0.0220,0.0110,0.0110,-0.0073,-0.0024,-0.0220,-0.0220,-0.0220,-0.0073,-0.040,-0.013,0.007,-0.021,0.002,-0.007,-0.002,-0.061,-0.013,-0.013,0.007,-0.007,-0.002,0.002,-0.002,-0.012,28.0,29.0,30.0,29.0,30.0,30.0,29.0,28.0,28.0,29.0,30.0,29.0,30.0,30.0,29.0,29.0
1790307703.497604,2.660,-0.00324,-0.03071,-0.00019,-0.00019,0.42973,0.00248,0.05207,0.00005,-3.12257,-3.05581,-1.49214,-0.11273,-1.26135,0.18254,0.07687,0.00028,-0.0330,-0.0110,-0.0024,-0.0024,-0.0073,-0.0073,-0.0073,-0.0220,0.0110,0.0110,-0.0073,-0.0024,-0.0220,-0.0220,-0.0220,-0.0073,-0.040,-0.013,0.007,-0.021,0.002,-0.007,-0.002,-0.061,-0.013,-0.013,0.007,-0.007,-0.002,0.002,-0.002,-0.012,28.0,29.0,30.0,29.0,30.0,30.0,29.0,28.0,28.0,29.0,30.0,29.0,30.0,30.0,29.0,29.0
1790307703.507400,2.670,-0.00286,-0.03071,-0.00019,-0.00019,0.43011,0.00248,0.05207,0.00005,-3.12257,-3.05581,-1.49214,-0.11273,-1.26135,0.18254,0.07687,0.00028,-0.0110,-0.0110,-0.0024,0.0024,-0.0073,-0.0073,-0.0073,-0.0073,0.0110,-0.0110,0.0024,0.0024,0.0073,0.0073,-0.0073,-0.0073,-0.040,-0.013,0.007,-0.021,0.002,-0.007,-0.002,-0.061,-0.013,0.013,0.007,0.007,-0.002,0.002,-0.007,-0.012,28.0,29.0,30.0,29.0,30.0,30.0,29.0,28.0,28.0,29.0,30.0,29.0,30.0,30.0,29.0,29.0
1790307703.517570,2.680,-0.00286,-0.03071,-0.00019,-0.00019,0.43011,0.00248,0.05207,0.00005,-3.12257,-3.05581,-1.49214,-0.11273,-1.26135,0.18254,0.07687,0.00028,-0.0110,-0.0110,-0.0024,0.0024,-0.0073,-0.0073,-0.0073,-0.0073,0.0110,-0.0110,0.0024,0.0024,0.0073,0.0073,-0.0073,-0.0073,-0.040,-0.013,0.007,-0.021,0.002,-0.007,-0.002,-0.061,-0.013,0.013,0.007,0.007,-0.002,0.002,-0.007,-0.012,28.0,29.0,30.0,29.0,30.0,30.0,29.0,28.0,28.0,29.0,30.0,29.0,30.0,30.0,29.0,29.0
1790307703.527371,2.690,-0.00286,-0.03071,-0.00019,-0.00019,0.43011,0.00248,0.05207,0.00005,-3.12257,-3.05581,-1.49214,-0.11273,-1.26135,0.18254,0.07687,0.00030,-0.0110,-0.0110,-0.0024,0.0024,-0.0073,-0.0073,-0.0073,-0.0220,0.0110,-0.0110,0.0024,0.0024,0.0073,0.0073,-0.0073,-0.0073,-0.040,-0.013,0.007,-0.021,0.002,-0.007,-0.002,-0.056,-0.013,0.013,0.007,0.007,-0.002,0.002,-0.007,-0.007,28.0,29.0,30.0,29.0,30.0,30.0,29.0,28.0,28.0,29.0,30.0,29.0,30.0,30.0,29.0,29.0
1790307703.538023,2.700,-0.00286,-0.03071,-0.00019,-0.00019,0.43011,0.00248,0.05207,0.00005,-3.12257,-3.05581,-1.49214,-0.11273,-1.26135,0.18254,0.07687,0.00030,-0.0110,-0.0110,-0.0024,0.0024,-0.0073,-0.0073,-0.0073,-0.0220,0.0110,-0.0110,0.0024,0.0024,0.0073,0.0073,-0.0073,-0.0073,-0.040,-0.013,0.007,-0.021,0.002,-0.007,-0.002,-0.056,-0.013,0.013,0.007,0.007,-0.002,0.002,-0.007,-0.007,28.0,29.0,30.0,29.0,30.0,30.0,29.0,28.0,28.0,29.0,30.0,29.0,30.0,30.0,29.0,29.0
1790307703.547462,2.710,-0.00324,-0.03071,-0.00019,-0.00019,0.42973,0.00248,0.05207,0.00005,-3.12257,-3.05581,-1.49214,-0.11311,-1.26135,0.18254,0.07687,0.00028,-0.0110,0.0110,0.0024,0.0024,-0.0073,-0.0073,-0.0073,-0.0073,-0.0110,-0.0110,-0.0024,-0.0024,-0.0073,-0.0073,-0.0073,-0.0220,-0.040,-0.013,0.007,-0.021,-0.002,-0.007,-0.002,-0.061,-0.013,-0.013,0.007,0.007,-0.002,0.002,-0.007,-0.007,28.0,29.0,30.0,29.0,30.0,30.0,29.0,28.0,28.0,29.0,30.0,29.0,30.0,30.0,29.0,29.0
1790307703.558011,2.720,-0.00324,-0.03071,-0.00019,-0.00019,0.42973,0.00248,0.05207,0.00005,-3.12257,-3.05581,-1.49214,-0.11311,-1.26135,0.18254,0.07687,0.00028,-0.0110,0.0110,0.0024,0.0024,-0.0073,-0.0073,-0.0073,-0.0073,-0.0110,-0.0110,-0.0024,-0.0024,-0.0073,-0.0073,-0.0073,-0.0220,-0.040,-0.013,0.007,-0.021,-0.002,-0.007,-0.002,-0.061,-0.013,-0.013,0.007,0.007,-0.002,0.002,-0.007,-0.007,28.0,29.0,30.0,29.0,30.0,30.0,29.0,28.0,28.0,29.0,30.0,29.0,30.0,30.0,29.0,29.0
1790307703.567415,2.730,-0.00324,-0.03071,-0.00019,-0.00019,0.42973,0.00248,0.05207,0.00005,-3.12257,-3.05581,-1.49214,-0.11311,-1.26135,0.18254,0.07687,0.00028,-0.0110,0.0110,0.0024,0.0024,-0.0073,-0.0073,-0.0073,-0.0073,-0.0110,-0.0110,-0.0024,-0.0024,-0.0073,-0.0073,-0.0073,-0.0220,-0.040,-0.013,0.007,-0.021,-0.002,-0.007,-0.002,-0.061,-0.013,-0.013,0.007,0.007,-0.002,0.002,-0.007,-0.007,28.0,29.0,30.0,29.0,30.0,30.0,29.0,28.0,28.0,29.0,30.0,29.0,30.0,30.0,29.0,29.0
1790307703.577473,2.740,-0.00324,-0.03071,-0.00019,-0.00019,0.42973,0.00248,0.05207,0.00005,-3.12257,-3.05581,-1.49214,-0.11311,-1.26135,0.18254,0.07687,0.00028,-0.0110,0.0110,0.0024,0.0024,-0.0073,-0.0073,-0.0073,-0.0220,-0.0110,-0.0110,-0.0024,-0.0024,-0.0073,-0.0073,-0.0073,-0.0073,-0.040,-0.013,0.007,-0.021,-0.002,-0.007,-0.002,-0.056,-0.013,-0.013,0.007,0.007,-0.002,0.002,-0.007,-0.007,28.0,29.0,30.0,29.0,30.0,30.0,29.0,28.0,28.0,29.0,30.0,29.0,30.0,30.0,29.0,29.0
1790307703.587369,2.750,-0.00324,-0.03071,-0.00019,-0.00019,0.42973,0.00248,0.05207,0.00005,-3.12257,-3.05581,-1.49214,-0.11273,-1.26135,0.18254,0.07687,0.00028,-0.0110,0.0110,0.0024,-0.0024,-0.0220,-0.0220,-0.0073,-0.0220,-0.0330,0.0110,0.0024,-0.0024,0.0073,-0.0073,-0.0220,-0.0073,-0.040,-0.013,0.007,-0.021,-0.002,-0.007,-0.002,-0.056,-0.013,-0.013,0.007,0.007,-0.002,0.002,-0.007,-0.007,28.0,29.0,30.0,29.0,30.0,30.0,29.0,28.0,28.0,29.0,30.0,29.0,30.0,30.0,29.0,29.0
1790307703.597375,2.760,-0.00324,-0.03071,-0.00019,-0.00019,0.42973,0.00248,0.05207,0.00005,-3.12257,-3.05581,-1.49214,-0.11273,-1.26135,0.18254,0.07687,0.00028,-0.0110,0.0110,0.0024,-0.0024,-0.0220,-0.0220,-0.0073,-0.0220,-0.0330,0.0110,0.0024,-0.0024,0.0073,-0.0073,-0.0220,-0.0073,-0.040,-0.013,0.007,-0.021,-0.002,-0.007,-0.002,-0.056,-0.013,-0.013,0.007,0.007,-0.002,0.002,-0.007,-0.007,28.0,29.0,30.0,29.0,30.0,30.0,29.0,28.0,28.0,29.0,30.0,29.0,30.0,30.0,29.0,29.0
1790307703.607416,2.770,-0.00324,-0.03071,-0.00019,-0.00019,0.42973,0.00248,0.05207,0.00005,-3.12257,-3.05581,-1.49214,-0.11273,-1.26135,0.18254,0.07687,0.00028,-0.0110,0.0110,0.0024,-0.0024,-0.0220,-0.0220,-0.0073,-0.0220,-0.0330,0.0110,0.0024,-0.0024,0.0073,-0.0073,-0.0220,-0.0073,-0.040,-0.013,0.007,-0.021,-0.002,-0.007,-0.002,-0.056,-0.013,-0.013,0.007,0.007,-0.002,0.002,-0.007,-0.007,28.0,29.0,30.0,29.0,30.0,30.0,29.0,28.0,28.0,29.0,30.0,29.0,30.0,30.0,29.0,29.0
1790307703.617559,2.780,-0.00324,-0.03071,-0.00019,-0.00019,0.42973,0.00248,0.05207,0.00005,-3.12257,-3.05581,-1.49214,-0.11273,-1.26135,0.18254,0.07687,0.00028,-0.0110,0.0110,0.0024,-0.0024,-0.0220,-0.0220,-0.0073,-0.0220,-0.0330,0.0110,0.0024,-0.0024,0.0073,-0.0073,-0.0220,-0.0073,-0.040,-0.013,0.007,-0.021,-0.002,-0.007,-0.002,-0.056,-0.013,-0.013,0.007,0.007,-0.002,0.002,-0.007,-0.007,28.0,29.0,30.0,29.0,30.0,30.0,29.0,28.0,28.0,29.0,30.0,29.0,30.0,30.0,29.0,29.0
1790307703.627397,2.790,-0.00324,-0.03071,-0.00019,-0.00019,0.42973,0.00248,0.05207,0.00005,-3.12257,-3.05581,-1.49214,-0.11273,-1.26135,0.18254,0.07687,0.00028,-0.0110,-0.0330,-0.0024,-0.0024,-0.0220,-0.0220,-0.0073,-0.0073,-0.0110,-0.0110,-0.0024,-0.0024,-0.0073,-0.0073,0.0073,0.0073,-0.040,-0.013,0.021,-0.034,0.002,-0.007,-0.002,-0.051,-0.013,-0.013,0.007,0.007,-0.002,0.002,-0.002,-0.007,28.0,29.0,30.0,29.0,30.0,30.0,29.0,28.0,28.0,29.0,30.0,29.0,30.0,30.0,29.0,29.0
1790307703.637390,2.800,-0.00324,-0.03071,-0.00019,-0.00019,0.42973,0.00248,0.05207,0.00005,-3.12257,-3.05581,-1.49214,-0.11273,-1.26135,0.18254,0.07687,0.00028,-0.0110,-0.0330,-0.0024,-0.0024,-0.0220,-0.0220,-0.0073,-0.0073,-0.0110,-0.0110,-0.0024,-0.0024,-0.0073,-0.0073,0.0073,0.0073,-0.040,-0.013,0.021,-0.034,0.002,-0.007,-0.002,-0.051,-0.013,-0.013,0.007,0.007,-0.002,0.002,-0.002,-0.007,28.0,29.0,30.0,29.0,30.0,30.0,29.0,28.0,28.0,29.0,30.0,29.0,30.0,30.0,29.0,29.0
1790307703.647378,2.810,-0.00324,-0.03071,-0.00019,-0.00019,0.42973,0.00248,0.05207,0.00005,-3.12257,-3.05581,-1.49214,-0.11273,-1.26135,0.18254,0.07687,0.00028,-0.0110,-0.0330,-0.0024,-0.0024,-0.0220,-0.0220,-0.0073,-0.0073,-0.0110,-0.0110,-0.0024,-0.0024,-0.0073,-0.0073,0.0073,0.0073,-0.040,-0.013,0.021,-0.034,0.002,-0.007,-0.002,-0.051,-0.013,-0.013,0.007,0.007,-0.002,0.002,-0.002,-0.007,28.0,29.0,30.0,29.0,30.0,30.0,29.0,28.0,28.0,29.0,30.0,29.0,30.0,30.0,29.0,29.0
1790307703.657422,2.820,-0.00324,-0.03071,-0.00019,-0.00019,0.42973,0.00248,0.05207,0.00005,-3.12257,-3.05581,-1.49214,-0.11273,-1.26135,0.18254,0.07687,0.00028,-0.0110,-0.0330,-0.0024,-0.0024,-0.0220,-0.0220,-0.0073,-0.0073,-0.0110,-0.0110,-0.0024,-0.0024,-0.0073,-0.0073,0.0073,0.0073,-0.040,-0.013,0.021,-0.034,0.002,-0.007,-0.002,-0.051,-0.013,-0.013,0.007,0.007,-0.002,0.002,-0.002,-0.007,28.0,29.0,30.0,29.0,30.0,30.0,29.0,28.0,28.0,29.0,30.0,29.0,30.0,30.0,29.0,29.0
1790307703.667405,2.830,-0.00324,-0.03071,-0.00019,-0.00019,0.42973,0.00248,0.05207,0.00005,-3.12257,-3.05581,-1.49214,-0.11311,-1.26135,0.18254,0.07687,0.00028,-0.0110,-0.0110,-0.0024,-0.0024,-0.0073,0.0073,0.0073,-0.0220,-0.0110,0.0110,-0.0024,-0.0024,-0.0073,-0.0073,-0.0073,-0.0073,-0.013,-0.013,0.007,-0.021,-0.002,-0.007,-0.007,-0.051,-0.013,-0.013,0.007,-0.007,-0.002,-0.002,-0.007,-0.007,28.0,29.0,30.0,29.0,30.0,30.0,29.0,28.0,28.0,29.0,30.0,29.0,30.0,30.0,29.0,29.0
1790307703.678304,2.841,-0.00324,-0.03071,-0.00019,-0.00019,0.42973,0.00248,0.05207,0.00005,-3.12257,-3.05581,-1.49214,-0.11311,-1.26135,0.18254,0.07687,0.00028,-0.0110,-0.0110,-0.0024,-0.0024,-0.0073,0.0073,0.0073,-0.0220,-0.0110,0.0110,-0.0024,-0.0024,-0.0073,-0.0073,-0.0073,-0.0073,-0.013,-0.013,0.007,-0.021,-0.002,-0.007,-0.007,-0.051,-0.013,-0.013,0.007,-0.007,-0.002,-0.002,-0.007,-0.012,28.0,29.0,30.0,29.0,30.0,30.0,29.0,28.0,28.0,29.0,30.0,29.0,30.0,30.0,29.0,29.0
1790307703.687433,2.850,-0.00324,-0.03071,-0.00019,-0.00019,0.42973,0.00248,0.05207,0.00005,-3.12257,-3.05581,-1.49214,-0.11311,-1.26135,0.18254,0.07687,0.00028,-0.0110,-0.0110,-0.0024,-0.0024,-0.0073,0.0073,0.0073,-0.0220,-0.0110,0.0110,-0.0024,-0.0024,-0.0073,-0.0073,-0.0073,-0.0073,-0.013,-0.013,0.007,-0.021,-0.002,-0.007,-0.007,-0.051,-0.013,-0.013,0.007,-0.007,-0.002,-0.002,-0.007,-0.012,28.0,29.0,30.0,29.0,30.0,30.0,29.0,28.0,28.0,29.0,30.0,29.0,30.0,30.0,29.0,29.0
1790307703.697572,2.860,-0.00324,-0.03071,-0.00019,-0.00019,0.42973,0.00248,0.05207,0.00005,-3.12257,-3.05581,-1.49214,-0.11311,-1.26135,0.18254,0.07687,0.00028,-0.0110,-0.0110,-0.0024,-0.0024,-0.0073,0.0073,0.0073,-0.0220,-0.0110,0.0110,-0.0024,-0.0024,-0.0073,-0.0073,-0.0073,-0.0073,-0.013,-0.013,0.007,-0.021,-0.002,-0.007,-0.007,-0.051,-0.013,-0.013,0.007,-0.007,-0.002,-0.002,-0.007,-0.012,28.0,29.0,30.0,29.0,30.0,30.0,29.0,28.0,28.0,29.0,30.0,29.0,30.0,30.0,29.0,29.0
1790307703.707558,2.870,-0.00324,-0.03071,-0.00019,-0.00019,0.42973,0.00248,0.05207,0.00005,-3.12257,-3.05581,-1.49214,-0.11273,-1.26135,0.18254,0.07687,0.00028,-0.0110,-0.0110,-0.0073,0.0024,-0.0073,-0.0220,-0.0073,-0.0073,-0.0110,-0.0110,-0.0024,-0.0024,-0.0073,0.0073,-0.0073,-0.0073,-0.040,-0.013,0.021,-0.021,0.002,-0.007,-0.002,-0.051,-0.013,-0.013,0.007,0.007,-0.002,0.002,-0.007,-0.007,28.0,29.0,30.0,29.0,30.0,30.0,29.0,28.0,28.0,29.0,30.0,29.0,30.0,30.0,29.0,29.0
1790307703.717406,2.880,-0.00324,-0.03071,-0.00019,-0.00019,0.42973,0.00248,0.05207,0.00005,-3.12257,-3.05581,-1.49214,-0.11273,-1.26135,0.18254,0.07687,0.00028,-0.0110,-0.0110,-0.0073,0.0024,-0.0073,-0.0220,-0.0073,-0.0073,-0.0110,-0.0110,-0.0024,-0.0024,-0.0073,0.0073,-0.0073,-0.0073,-0.040,-0.013,0.021,-0.021,0.002,-0.007,-0.002,-0.051,-0.013,-0.013,0.007,0.007,-0.002,0.002,-0.007,-0.007,28.0,29.0,30.0,29.0,30.0,30.0,29.0,28.0,28.0,29.0,30.0,29.0,30.0,30.0,29.0,29.0
1790307703.727402,2.890,-0.00324,-0.03071,-0.00019,-0.00019,0.42973,0.00248,0.05207,0.00005,-3.12257,-3.05581,-1.49214,-0.11273,-1.26135,0.18254,0.07687,0.00028,-0.0110,-0.0110,-0.0073,0.0024,-0.0073,-0.0220,-0.0073,-0.0073,-0.0110,-0.0110,-0.0024,-0.0024,-0.0073,0.0073,-0.0073,0.0073,-0.040,-0.013,0.021,-0.021,0.002,-0.007,-0.002,-0.056,-0.013,-0.013,0.007,0.007,-0.002,0.002,-0.007,-0.007,28.0,29.0,30.0,29.0,30.0,30.0,29.0,28.0,28.0,29.0,30.0,29.0,30.0,30.0,29.0,29.0
1790307703.737393,2.900,-0.00324,-0.03071,-0.00019,-0.00019,0.42973,0.00248,0.05207,0.00005,-3.12257,-3.05581,-1.49214,-0.11273,-1.26135,0.18254,0.07687,0.00028,-0.0110,-0.0110,-0.0073,0.0024,-0.0073,-0.0220,-0.0073,-0.0073,-0.0110,-0.0110,-0.0024,-0.0024,-0.0073,0.0073,-0.0073,0.0073,-0.040,-0.013,0.021,-0.021,0.002,-0.007,-0.002,-0.056,-0.013,-0.013,0.007,0.007,-0.002,0.002,-0.007,-0.007,28.0,29.0,30.0,29.0,30.0,30.0,29.0,28.0,28.0,29.0,30.0,29.0,30.0,30.0,29.0,29.0
1790307703.747825,2.910,-0.00324,-0.03071,-0.00019,-0.00019,0.42973,0.00248,0.05207,0.00005,-3.12257,-3.05581,-1.49214,-0.11273,-1.26135,0.18254,0.07687,0.00028,-0.0110,-0.0110,-0.0024,-0.0024,-0.0073,-0.0073,-0.0073,0.0073,-0.0110,-0.0110,-0.0024,-0.0024,-0.0220,0.0073,-0.0073,-0.0073,-0.040,-0.013,0.007,-0.021,0.002,-0.007,-0.002,-0.051,-0.013,-0.013,-0.007,0.007,-0.002,0.002,-0.007,-0.007,28.0,29.0,30.0,29.0,30.0,30.0,29.0,28.0,28.0,29.0,30.0,29.0,30.0,30.0,29.0,29.0
1790307703.757987,2.920,-0.00324,-0.03071,-0.00019,-0.00019,0.42973,0.00248,0.05207,0.00005,-3.12257,-3.05581,-1.49214,-0.11273,-1.26135,0.18254,0.07687,0.00028,-0.0110,-0.0110,-0.0024,-0.0024,-0.0073,-0.0073,-0.0073,0.0073,-0.0110,-0.0110,-0.0024,-0.0024,-0.0220,0.0073,0.0073,-0.0073,-0.040,-0.013,0.007,-0.021,0.002,-0.007,-0.002,-0.051,-0.013,-0.013,-0.007,0.007,-0.002,0.002,-0.007,-0.007,28.0,29.0,30.0,29.0,30.0,30.0,29.0,28.0,28.0,29.0,30.0,29.0,30.0,30.0,29.0,29.0
1790307703.767777,2.930,-0.00324,-0.03071,-0.00019,-0.00019,0.42973,0.00248,0.05207,0.00005,-3.12257,-3.05581,-1.49214,-0.11273,-1.26135,0.18254,0.07687,0.00028,-0.0110,-0.0110,-0.0024,-0.0024,-0.0073,-0.0073,-0.0073,0.0073,-0.0110,-0.0110,-0.0024,-0.0024,-0.0220,0.0073,0.0073,-0.0073,-0.040,-0.013,0.007,-0.021,0.002,-0.007,-0.002,-0.051,-0.013,-0.013,-0.007,0.007,-0.002,0.002,-0.007,-0.007,28.0,29.0,30.0,29.0,30.0,30.0,29.0,28.0,28.0,29.0,30.0,29.0,30.0,30.0,29.0,29.0
1790307703.777975,2.940,-0.00324,-0.03071,-0.00019,-0.00019,0.42973,0.00248,0.05207,0.00005,-3.12257,-3.05581,-1.49214,-0.11273,-1.26135,0.18254,0.07687,0.00028,-0.0110,-0.0110,-0.0024,-0.0024,-0.0073,-0.0073,-0.0073,-0.0220,-0.0110,-0.0110,-0.0024,-0.0024,-0.0220,0.0073,0.0073,-0.0073,-0.040,-0.013,0.007,-0.021,0.002,-0.007,-0.002,-0.051,-0.013,-0.013,-0.007,0.007,-0.002,0.002,-0.007,-0.012,28.0,29.0,30.0,29.0,30.0,30.0,29.0,28.0,28.0,29.0,30.0,29.0,30.0,30.0,29.0,29.0
1790307703.787410,2.950,-0.00324,-0.03071,-0.00019,-0.00019,0.42973,0.00248,0.05207,0.00005,-3.12257,-3.05581,-1.49214,-0.11273,-1.26135,0.18254,0.07687,0.00028,-0.0110,-0.0110,-0.0024,-0.0024,-0.0073,-0.0073,-0.0073,-0.0220,-0.0110,-0.0110,-0.0024,-0.0024,-0.0220,0.0073,0.0073,-0.0073,-0.040,-0.013,0.007,-0.021,0.002,-0.007,-0.002,-0.051,-0.013,-0.013,-0.007,0.007,-0.002,0.002,-0.007,-0.012,28.0,29.0,30.0,29.0,30.0,30.0,29.0,28.0,28.0,29.0,30.0,29.0,30.0,30.0,29.0,29.0
1790307703.797505,2.960,-0.00286,-0.03071,-0.00019,-0.00019,0.42973,0.00248,0.05207,0.00005,-3.12257,-3.05581,-1.49214,-0.11273,-1.26135,0.18254,0.07687,0.00028,-0.0110,-0.0110,-0.0024,-0.0024,0.0073,-0.0073,-0.0073,-0.0073,-0.0110,-0.0110,-0.0024,-0.0024,-0.0073,-0.0220,-0.0073,-0.0073,-0.013,-0.013,0.007,-0.021,0.002,-0.007,-0.002,-0.046,-0.013,-0.013,0.007,0.007,-0.002,0.002,-0.002,-0.012,28.0,29.0,30.0,29.0,30.0,30.0,29.0,28.0,28.0,29.0,30.0,29.0,30.0,30.0,29.0,29.0
1790307703.807375,2.970,-0.00286,-0.03071,-0.00019,-0.00019,0.42973,0.00248,0.05207,0.00005,-3.12257,-3.05581,-1.49214,-0.11273,-1.26135,0.18254,0.07687,0.00028,-0.0110,-0.0110,-0.0024,-0.0024,0.0073,-0.0073,-0.0073,-0.0073,-0.0110,-0.0110,-0.0024,-0.0024,-0.0073,-0.0220,-0.0073,-0.0073,-0.013,-0.013,0.007,-0.021,0.002,-0.007,-0.002,-0.046,-0.013,-0.013,0.007,0.007,-0.002,0.002,-0.002,-0.012,28.0,29.0,30.0,29.0,30.0,30.0,29.0,28.0,28.0,29.0,30.0,29.0,30.0,30.0,29.0,29.0
1790307703.817497,2.980,-0.00286,-0.03071,-0.00019,-0.00019,0.42973,0.00248,0.05207,0.00005,-3.12257,-3.05581,-1.49214,-0.11273,-1.26135,0.18254,0.07687,0.00028,-0.0110,-0.0110,-0.0024,-0.0024,0.0073,-0.0073,-0.0073,-0.0073,-0.0110,-0.0110,-0.0024,-0.0024,-0.0073,-0.0220,-0.0073,-0.0073,-0.013,-0.013,0.007,-0.021,0.002,-0.007,-0.002,-0.046,-0.013,-0.013,0.007,0.007,-0.002,0.002,-0.002,-0.012,28.0,29.0,30.0,29.0,30.0,30.0,29.0,28.0,28.0,29.0,30.0,29.0,30.0,30.0,29.0,29.0
1790307703.827399,2.990,-0.00286,-0.03071,-0.00019,-0.00019,0.42973,0.00248,0.05207,0.00005,-3.12257,-3.05581,-1.49214,-0.11273,-1.26135,0.18254,0.07687,0.00028,-0.0110,-0.0110,-0.0024,-0.0024,0.0073,-0.0073,-0.0073,-0.0073,-0.0110,-0.0110,-0.0024,-0.0024,-0.0073,-0.0220,-0.0073,-0.0073,-0.013,-0.013,0.007,-0.021,0.002,-0.007,-0.002,-0.046,-0.013,-0.013,0.007,0.007,-0.002,0.002,-0.002,-0.012,28.0,29.0,30.0,29.0,30.0,30.0,29.0,28.0,28.0,29.0,30.0,29.0,30.0,30.0,29.0,29.0
1790307703.837498,3.000,-0.00324,-0.03071,-0.00019,-0.00019,0.42973,0.00248,0.05207,0.00005,-3.12257,-3.05581,-1.49214,-0.11273,-1.26135,0.18254,0.07687,0.00028,-0.0110,-0.0110,-0.0024,-0.0024,-0.0220,-0.0073,-0.0073,-0.0073,-0.0110,-0.0110,-0.0024,-0.0024,-0.0073,-0.0073,-0.0073,-0.0073,-0.040,-0.013,0.007,-0.021,0.002,-0.007,-0.002,-0.046,-0.013,-0.013,0.021,0.007,-0.002,0.002,-0.007,-0.012,28.0,29.0,30.0,29.0,30.0,30.0,29.0,28.0,28.0,29.0,30.0,29.0,30.0,30.0,29.0,29.0
1790307703.847830,3.010,-0.00324,-0.03071,-0.00019,-0.00019,0.42973,0.00248,0.05207,0.00005,-3.12257,-3.05581,-1.49214,-0.11273,-1.26135,0.18254,0.07687,0.00028,-0.0110,-0.0110,-0.0024,-0.0024,-0.0220,-0.0073,-0.0073,-0.0073,-0.0110,-0.0110,-0.0024,-0.0024,-0.0073,-0.0073,-0.0073,-0.0073,-0.040,-0.013,0.007,-0.021,0.002,-0.007,-0.002,-0.046,-0.013,-0.013,0.021,0.007,-0.002,0.002,-0.007,-0.012,28.0,29.0,30.0,29.0,30.0,30.0,29.0,28.0,28.0,29.0,30.0,29.0,30.0,30.0,29.0,29.0
1790307703.857495,3.020,-0.00324,-0.03071,-0.00019,-0.00019,0.42973,0.00248,0.05207,0.00005,-3.12257,-3.05581,-1.49214,-0.11273,-1.26135,0.18254,0.07687,0.00028,-0.0110,-0.0110,-0.0024,-0.0024,-0.0220,-0.0073,-0.0073,-0.0073,-0.0110,-0.0110,-0.0024,-0.0024,-0.0073,-0.0073,-0.0073,-0.0073,-0.040,-0.013,0.007,-0.021,0.002,-0.007,-0.002,-0.046,-0.013,-0.013,0.021,0.007,-0.002,0.002,-0.007,-0.012,28.0,29.0,30.0,29.0,30.0,30.0,29.0,28.0,28.0,29.0,30.0,29.0,30.0,30.0,29.0,29.0
1790307703.868194,3.031,-0.00324,-0.03071,-0.00019,-0.00019,0.42973,0.00248,0.05207,0.00005,-3.12257,-3.05581,-1.49214,-0.11273,-1.26135,0.18254,0.07687,0.00028,-0.0110,-0.0110,-0.0024,-0.0024,-0.0220,-0.0073,-0.0073,-0.0073,-0.0110,-0.0110,-0.0024,-0.0024,-0.0073,-0.0073,-0.0073,-0.0073,-0.040,-0.013,0.007,-0.021,0.002,-0.007,-0.002,-0.046,-0.013,-0.013,0.021,0.007,-0.002,0.002,-0.007,-0.012,28.0,29.0,30.0,29.0,30.0,30.0,29.0,28.0,28.0,29.0,30.0,29.0,30.0,30.0,29.0,29.0
1790307703.878159,3.041,-0.00286,-0.03071,-0.00019,-0.00019,0.42973,0.00248,0.05207,0.00005,-3.12257,-3.05581,-1.49214,-0.11273,-1.26135,0.18254,0.07687,0.00030,-0.0110,-0.0110,-0.0024,0.0024,-0.0073,0.0073,0.0073,-0.0220,-0.0110,-0.0110,0.0024,-0.0024,-0.0073,-0.0220,0.0073,-0.0220,-0.040,-0.013,0.007,-0.021,0.002,-0.007,-0.002,-0.046,-0.013,-0.013,0.007,0.007,-0.002,0.002,-0.007,-0.017,28.0,29.0,30.0,29.0,30.0,30.0,29.0,28.0,28.0,29.0,30.0,29.0,30.0,30.0,29.0,29.0
1790307703.888195,3.051,-0.00286,-0.03071,-0.00019,-0.00019,0.42973,0.00248,0.05207,0.00005,-3.12257,-3.05581,-1.49214,-0.11273,-1.26135,0.18254,0.07687,0.00028,-0.0110,-0.0110,-0.0024,0.0024,-0.0073,0.0073,0.0073,-0.0073,-0.0110,-0.0110,0.0024,-0.0024,-0.0073,-0.0220,0.0073,-0.0073,-0.040,-0.013,0.007,-0.021,0.002,-0.007,-0.002,-0.046,-0.013,-0.013,0.007,0.007,-0.002,0.002,-0.007,-0.017,28.0,29.0,30.0,29.0,30.0,30.0,29.0,28.0,28.0,29.0,30.0,29.0,30.0,30.0,29.0,29.0
1790307703.898137,3.061,-0.00286,-0.03071,-0.00019,-0.00019,0.42973,0.00248,0.05207,0.00005,-3.12257,-3.05581,-1.49214,-0.11273,-1.26135,0.18254,0.07687,0.00028,-0.0110,-0.0110,-0.0024,0.0024,-0.0073,0.0073,0.0073,-0.0073,-0.0110,-0.0110,0.0024,-0.0024,-0.0073,-0.0220,0.0073,-0.0073,-0.040,-0.013,0.007,-0.021,0.002,-0.007,-0.002,-0.046,-0.013,-0.013,0.007,0.007,-0.002,0.002,-0.007,-0.017,28.0,29.0,30.0,29.0,30.0,30.0,29.0,28.0,28.0,29.0,30.0,29.0,30.0,30.0,29.0,29.0
1790307703.907364,3.070,-0.00286,-0.03071,-0.00019,-0.00019,0.42973,0.00248,0.05207,0.00005,-3.12257,-3.05581,-1.49214,-0.11273,-1.26135,0.18254,0.07687,0.00028,-0.0110,-0.0110,-0.0024,0.0024,-0.0073,0.0073,0.0073,-0.0073,-0.0110,-0.0110,0.0024,-0.0024,-0.0073,-0.0220,0.0073,-0.0073,-0.040,-0.013,0.007,-0.021,0.002,-0.007,-0.002,-0.046,-0.013,-0.013,0.007,0.007,-0.002,0.002,-0.007,-0.017,28.0,29.0,30.0,29.0,30.0,30.0,29.0,28.0,28.0,29.0,30.0,29.0,30.0,30.0,29.0,29.0
1790307703.917676,3.080,-0.00324,-0.03071,-0.00019,-0.00019,0.42973,0.00248,0.05207,0.00005,-3.12257,-3.05581,-1.49214,-0.11311,-1.26097,0.18254,0.07687,0.00028,-0.0110,-0.0110,0.0024,-0.0024,-0.0073,-0.0073,-0.0073,-0.0073,-0.0110,-0.0330,-0.0024,-0.0024,0.0073,-0.0073,-0.0220,-0.0073,-0.040,-0.013,0.007,-0.021,0.002,-0.007,-0.002,-0.046,-0.013,-0.013,0.021,0.007,-0.002,0.002,-0.002,-0.012,28.0,29.0,30.0,29.0,30.0,30.0,29.0,28.0,28.0,29.0,30.0,29.0,30.0,30.0,29.0,29.0
1790307703.927450,3.090,-0.00324,-0.03071,-0.00019,-0.00019,0.42973,0.00248,0.05207,0.00005,-3.12257,-3.05581,-1.49214,-0.11311,-1.26097,0.18254,0.07687,0.00028,-0.0110,-0.0110,0.0024,-0.0024,-0.0073,-0.0073,-0.0073,-0.0073,-0.0110,-0.0330,-0.0024,-0.0024,0.0073,-0.0073,-0.0220,-0.0073,-0.040,-0.013,0.007,-0.021,0.002,-0.007,-0.002,-0.046,-0.013,-0.013,0.021,0.007,-0.002,0.002,-0.002,-0.012,28.0,29.0,30.0,29.0,30.0,30.0,29.0,28.0,28.0,29.0,30.0,29.0,30.0,30.0,29.0,29.0
1790307703.937598,3.100,-0.00324,-0.03071,-0.00019,-0.00019,0.42973,0.00248,0.05207,0.00005,-3.12257,-3.05581,-1.49214,-0.11311,-1.26097,0.18254,0.07687,0.00028,-0.0110,-0.0110,0.0024,-0.0024,-0.0073,-0.0073,-0.0073,-0.0073,-0.0110,-0.0330,-0.0024,-0.0024,0.0073,-0.0073,-0.0220,-0.0220,-0.040,-0.013,0.007,-0.021,0.002,-0.007,-0.002,-0.046,-0.013,-0.013,0.021,0.007,-0.002,0.002,-0.002,-0.012,28.0,29.0,30.0,29.0,30.0,30.0,29.0,28.0,28.0,29.0,30.0,29.0,30.0,30.0,29.0,29.0
1790307703.948274,3.111,-0.00324,-0.03071,-0.00019,-0.00019,0.42973,0.00248,0.05207,0.00005,-3.12257,-3.05581,-1.49214,-0.11311,-1.26097,0.18254,0.07687,0.00028,-0.0110,-0.0110,0.0024,-0.0024,-0.0073,-0.0073,-0.0073,-0.0073,-0.0110,-0.0330,-0.0024,-0.0024,0.0073,-0.0073,-0.0220,-0.0220,-0.040,-0.013,0.007,-0.021,0.002,-0.007,-0.002,-0.046,-0.013,-0.013,0.021,0.007,-0.002,0.002,-0.002,-0.012,28.0,29.0,30.0,29.0,30.0,30.0,29.0,28.0,28.0,29.0,30.0,29.0,30.0,30.0,29.0,29.0
1790307703.957649,3.120,-0.00324,-0.03071,-0.00019,-0.00019,0.42973,0.00248,0.05207,0.00005,-3.12257,-3.05581,-1.49214,-0.11273,-1.26135,0.18254,0.07687,0.00028,-0.0110,-0.0110,-0.0073,0.0024,-0.0073,-0.0073,-0.0073,-0.0073,-0.0110,-0.0110,-0.0073,0.0024,-0.0073,-0.0073,-0.0073,-0.0220,-0.013,-0.013,0.007,-0.021,-0.002,-0.012,-0.002,-0.046,-0.013,-0.013,0.007,0.007,-0.002,0.002,-0.002,-0.012,28.0,29.0,30.0,29.0,30.0,30.0,29.0,28.0,28.0,29.0,30.0,29.0,30.0,30.0,29.0,29.0
1790307703.968358,3.131,-0.00324,-0.03071,-0.00019,-0.00019,0.42973,0.00248,0.05207,0.00005,-3.12257,-3.05581,-1.49214,-0.11273,-1.26135,0.18254,0.07687,0.00028,-0.0110,-0.0110,-0.0073,0.0024,-0.0073,-0.0073,-0.0073,-0.0073,-0.0110,-0.0110,-0.0073,0.0024,-0.0073,-0.0073,-0.0073,-0.0220,-0.013,-0.013,0.007,-0.021,-0.002,-0.012,-0.002,-0.046,-0.013,-0.013,0.007,0.007,-0.002,0.002,-0.002,-0.012,28.0,29.0,30.0,29.0,30.0,30.0,29.0,28.0,28.0,29.0,30.0,29.0,30.0,30.0,29.0,29.0
1790307703.977623,3.140,-0.00324,-0.03071,-0.00019,-0.00019,0.42973,0.00248,0.05207,0.00005,-3.12257,-3.05581,-1.49214,-0.11273,-1.26135,0.18254,0.07687,0.00028,-0.0110,-0.0110,-0.0073,0.0024,-0.0073,-0.0073,-0.0073,-0.0073,-0.0110,-0.0110,-0.0073,0.0024,-0.0073,-0.0073,-0.0073,-0.0220,-0.013,-0.013,0.007,-0.021,-0.002,-0.012,-0.002,-0.046,-0.013,-0.013,0.007,0.007,-0.002,0.002,-0.002,-0.012,28.0,29.0,30.0,29.0,30.0,30.0,29.0,28.0,28.0,29.0,30.0,29.0,30.0,30.0,29.0,29.0
1790307703.987514,3.150,-0.00324,-0.03071,-0.00019,-0.00019,0.42973,0.00248,0.05207,0.00005,-3.12257,-3.05581,-1.49214,-0.11273,-1.26135,0.18254,0.07687,0.00030,-0.0110,-0.0110,-0.0073,0.0024,-0.0073,-0.0073,-0.0073,0.0073,-0.0110,-0.0110,-0.0073,0.0024,-0.0073,-0.0073,-0.0073,-0.0220,-0.013,-0.013,0.007,-0.021,-0.002,-0.012,-0.002,-0.042,-0.013,-0.013,0.007,0.007,-0.002,0.002,-0.002,-0.012,28.0,29.0,30.0,29.0,30.0,30.0,29.0,28.0,28.0,29.0,30.0,29.0,30.0,30.0,29.0,29.0
1790307703.997555,3.160,-0.00286,-0.03071,-0.00019,-0.00019,0.42973,0.00248,0.05207,0.00005,-3.12257,-3.05581,-1.49214,-0.11311,-1.26135,0.18254,0.07687,0.00028,-0.0110,-0.0110,-0.0024,-0.0024,-0.0073,0.0073,-0.0073,-0.0220,-0.0110,-0.0110,-0.0024,-0.0024,-0.0073,-0.0073,-0.0220,0.0073,-0.013,-0.013,0.021,-0.021,0.002,-0.007,-0.002,-0.042,-0.013,-0.013,0.007,0.007,-0.002,0.002,-0.007,-0.012,28.0,29.0,30.0,29.0,30.0,30.0,29.0,28.0,28.0,29.0,30.0,29.0,30.0,30.0,29.0,29.0
1790307704.007381,3.170,-0.00286,-0.03071,-0.00019,-0.00019,0.42973,0.00248,0.05207,0.00005,-3.12257,-3.05581,-1.49214,-0.11311,-1.26135,0.18254,0.07687,0.00028,-0.0110,-0.0110,-0.0024,-0.0024,-0.0073,0.0073,-0.0073,-0.0220,-0.0110,-0.0110,-0.0024,-0.0024,-0.0073,-0.0073,-0.0220,0.0073,-0.013,-0.013,0.021,-0.021,0.002,-0.007,-0.002,-0.042,-0.013,-0.013,0.007,0.007,-0.002,0.002,-0.007,-0.012,28.0,29.0,30.0,29.0,30.0,30.0,29.0,28.0,28.0,29.0,30.0,29.0,30.0,30.0,29.0,29.0
1790307704.017500,3.180,-0.00286,-0.03071,-0.00019,-0.00019,0.42973,0.00248,0.05207,0.00005,-3.12257,-3.05581,-1.49214,-0.11311,-1.26135,0.18254,0.07687,0.00028,-0.0110,-0.0110,-0.0024,-0.0024,-0.0073,0.0073,-0.0073,-0.0220,-0.0110,-0.0110,-0.0024,-0.0024,-0.0073,-0.0073,-0.0220,0.0073,-0.013,-0.013,0.021,-0.021,0.002,-0.007,-0.002,-0.042,-0.013,-0.013,0.007,0.007,-0.002,0.002,-0.007,-0.012,28.0,29.0,30.0,29.0,30.0,30.0,29.0,28.0,28.0,29.0,30.0,29.0,30.0,30.0,29.0,29.0
1790307704.027380,3.190,-0.00286,-0.03071,-0.00019,-0.00019,0.42973,0.00248,0.05207,0.00005,-3.12257,-3.05581,-1.49214,-0.11311,-1.26135,0.18254,0.07687,0.00028,-0.0110,-0.0110,-0.0024,-0.0024,-0.0073,0.0073,-0.0073,-0.0220,-0.0110,-0.0110,-0.0024,-0.0024,-0.0073,-0.0073,-0.0220,0.0073,-0.013,-0.013,0.021,-0.021,0.002,-0.007,-0.002,-0.042,-0.013,-0.013,0.007,0.007,-0.002,0.002,-0.007,-0.012,28.0,29.0,30.0,29.0,30.0,30.0,29.0,28.0,28.0,29.0,30.0,29.0,30.0,30.0,29.0,29.0
1790307704.037485,3.200,-0.00286,-0.03071,-0.00019,-0.00019,0.42973,0.00248,0.05207,0.00005,-3.12257,-3.05581,-1.49214,-0.11311,-1.26135,0.18254,0.07687,0.00028,-0.0110,-0.0110,-0.0024,-0.0024,-0.0073,-0.0073,-0.0073,-0.0073,-0.0110,-0.0110,-0.0024,-0.0024,-0.0220,-0.0073,-0.0220,0.0073,-0.040,-0.013,0.007,-0.021,-0.002,-0.007,-0.002,-0.042,-0.013,-0.013,0.007,0.007,-0.002,0.002,-0.007,-0.012,28.0,29.0,30.0,29.0,30.0,30.0,29.0,28.0,28.0,29.0,30.0,29.0,30.0,30.0,29.0,29.0
1790307704.048187,3.211,-0.00286,-0.03071,-0.00019,-0.00019,0.42973,0.00248,0.05207,0.00005,-3.12257,-3.05581,-1.49214,-0.11311,-1.26135,0.18254,0.07687,0.00028,-0.0110,-0.0110,-0.0024,-0.0024,-0.0073,-0.0073,-0.0073,-0.0073,-0.0110,-0.0110,-0.0024,-0.0024,-0.0220,-0.0073,-0.0220,0.0073,-0.040,-0.013,0.007,-0.021,-0.002,-0.007,-0.002,-0.042,-0.013,-0.013,0.007,0.007,-0.002,0.002,-0.007,-0.012,28.0,29.0,30.0,29.0,30.0,30.0,29.0,28.0,28.0,29.0,30.0,29.0,30.0,30.0,29.0,29.0
1790307704.058240,3.221,-0.00286,-0.03071,-0.00019,-0.00019,0.42973,0.00248,0.05207,0.00005,-3.12257,-3.05581,-1.49214,-0.11311,-1.26135,0.18254,0.07687,0.00028,-0.0110,-0.0110,-0.0024,-0.0024,-0.0073,-0.0073,-0.0073,-0.0073,-0.0110,-0.0110,-0.0024,-0.0024,-0.0220,-0.0073,-0.0220,0.0073,-0.040,-0.013,0.007,-0.021,-0.002,-0.007,-0.002,-0.042,-0.013,-0.013,0.007,0.007,-0.002,0.002,-0.007,-0.012,28.0,29.0,30.0,29.0,30.0,30.0,29.0,28.0,28.0,29.0,30.0,29.0,30.0,30.0,29.0,29.0
1790307704.068332,3.231,-0.00286,-0.03071,-0.00019,-0.00019,0.42973,0.00248,0.05207,0.00005,-3.12257,-3.05581,-1.49214,-0.11311,-1.26135,0.18254,0.07687,0.00028,-0.0110,-0.0110,-0.0024,-0.0024,-0.0073,-0.0073,-0.0073,-0.0073,-0.0110,-0.0110,-0.0024,-0.0024,-0.0220,-0.0073,-0.0220,0.0073,-0.040,-0.013,0.007,-0.021,-0.002,-0.007,-0.002,-0.042,-0.013,-0.013,0.007,0.007,-0.002,0.002,-0.007,-0.012,28.0,29.0,30.0,29.0,30.0,30.0,29.0,28.0,28.0,29.0,30.0,29.0,30.0,30.0,29.0,29.0
1790307704.077374,3.240,-0.00286,-0.03071,-0.00019,-0.00019,0.42973,0.00248,0.05207,0.00005,-3.12257,-3.05581,-1.49214,-0.11273,-1.26135,0.18254,0.07687,0.00028,-0.0110,-0.0110,-0.0024,-0.0024,-0.0073,0.0073,-0.0073,-0.0073,-0.0110,-0.0110,-0.0024,-0.0024,-0.0073,0.0073,0.0073,0.0073,-0.040,-0.013,0.021,-0.021,0.002,-0.007,-0.002,-0.042,-0.013,0.013,0.007,0.007,-0.002,0.002,-0.002,-0.012,28.0,29.0,30.0,29.0,30.0,30.0,29.0,28.0,28.0,29.0,30.0,29.0,30.0,30.0,29.0,29.0
1790307704.087404,3.250,-0.00286,-0.03071,-0.00019,-0.00019,0.42973,0.00248,0.05207,0.00005,-3.12257,-3.05581,-1.49214,-0.11273,-1.26135,0.18254,0.07687,0.00028,-0.0110,-0.0110,-0.0024,-0.0024,-0.0073,0.0073,-0.0073,0.0073,-0.0110,-0.0110,-0.0024,-0.0024,-0.0073,0.0073,0.0073,-0.0073,-0.040,-0.013,0.021,-0.021,0.002,-0.007,-0.002,-0.042,-0.013,0.013,0.007,0.007,-0.002,0.002,-0.007,-0.012,28.0,29.0,30.0,29.0,30.0,30.0,29.0,28.0,28.0,29.0,30.0,29.0,30.0,30.0,29.0,29.0
1790307704.097578,3.260,-0.00286,-0.03071,-0.00019,-0.00019,0.42973,0.00248,0.05207,0.00005,-3.12257,-3.05581,-1.49214,-0.11273,-1.26135,0.18254,0.07687,0.00028,-0.0110,-0.0110,-0.0024,-0.0024,-0.0073,0.0073,-0.0073,0.0073,-0.0110,-0.0110,-0.0024,-0.0024,-0.0073,0.0073,0.0073,-0.0073,-0.040,-0.013,0.021,-0.021,0.002,-0.007,-0.002,-0.042,-0.013,0.013,0.007,0.007,-0.002,0.002,-0.007,-0.012,28.0,29.0,30.0,29.0,30.0,30.0,29.0,28.0,28.0,29.0,30.0,29.0,30.0,30.0,29.0,29.0
1790307704.107385,3.270,-0.00286,-0.03071,-0.00019,-0.00019,0.42973,0.00248,0.05207,0.00005,-3.12257,-3.05581,-1.49214,-0.11273,-1.26135,0.18254,0.07687,0.00028,-0.0110,-0.0110,-0.0024,-0.0024,-0.0073,0.0073,-0.0073,0.0073,-0.0110,-0.0110,-0.0024,-0.0024,-0.0073,0.0073,0.0073,-0.0073,-0.040,-0.013,0.021,-0.021,0.002,-0.007,-0.002,-0.042,-0.013,0.013,0.007,0.007,-0.002,0.002,-0.007,-0.012,28.0,29.0,30.0,29.0,30.0,30.0,29.0,28.0,28.0,29.0,30.0,29.0,30.0,30.0,29.0,29.0
1790307704.118113,3.281,-0.00324,-0.03071,-0.00019,-0.00019,0.42973,0.00248,0.05207,0.00005,-3.12257,-3.05581,-1.49214,-0.11273,-1.26135,0.18254,0.07687,0.00030,-0.0110,-0.0110,-0.0073,0.0024,-0.0073,0.0073,-0.0073,-0.0073,-0.0110,-0.0110,-0.0024,-0.0024,-0.0073,0.0073,0.0073,-0.0073,-0.040,-0.013,0.021,-0.034,-0.002,-0.007,-0.002,-0.046,-0.013,-0.013,0.007,0.007,-0.002,0.002,-0.007,-0.017,28.0,29.0,30.0,29.0,30.0,30.0,29.0,28.0,28.0,29.0,30.0,29.0,30.0,30.0,29.0,29.0
1790307704.127387,3.290,-0.00324,-0.03071,-0.00019,-0.00019,0.42973,0.00248,0.05207,0.00005,-3.12257,-3.05581,-1.49214,-0.11311,-1.26135,0.18254,0.07687,0.00030,-0.0110,-0.0110,-0.0073,0.0024,-0.0073,-0.0073,-0.0073,-0.0073,-0.0110,-0.0110,-0.0024,-0.0024,0.0073,-0.0073,-0.0073,-0.0073,-0.040,-0.013,0.021,-0.034,-0.002,-0.007,-0.002,-0.046,-0.013,-0.013,0.007,0.007,-0.002,0.002,-0.007,-0.017,28.0,29.0,30.0,29.0,30.0,30.0,29.0,28.0,28.0,29.0,30.0,29.0,30.0,30.0,29.0,29.0
1790307704.137593,3.300,-0.00324,-0.03071,-0.00019,-0.00019,0.42973,0.00248,0.05207,0.00005,-3.12257,-3.05581,-1.49214,-0.11311,-1.26135,0.18254,0.07687,0.00028,-0.0110,-0.0110,-0.0073,0.0024,-0.0073,-0.0073,-0.0073,-0.0220,-0.0110,-0.0110,-0.0024,-0.0024,0.0073,-0.0073,-0.0073,-0.0073,-0.040,-0.013,0.021,-0.034,-0.002,-0.007,-0.002,-0.042,-0.013,-0.013,0.007,0.007,-0.002,0.002,-0.007,-0.017,28.0,29.0,30.0,29.0,30.0,30.0,29.0,28.0,28.0,29.0,30.0,29.0,30.0,30.0,29.0,29.0
1790307704.147388,3.310,-0.00324,-0.03071,-0.00019,-0.00019,0.42973,0.00248,0.05207,0.00005,-3.12257,-3.05581,-1.49214,-0.11311,-1.26135,0.18254,0.07687,0.00028,-0.0110,-0.0110,-0.0073,0.0024,-0.0073,-0.0073,-0.0073,-0.0220,-0.0110,-0.0110,-0.0024,-0.0024,0.0073,-0.0073,-0.0073,-0.0073,-0.040,-0.013,0.021,-0.034,-0.002,-0.007,-0.002,-0.042,-0.013,-0.013,0.007,0.007,-0.002,0.002,-0.007,-0.017,28.0,29.0,30.0,29.0,30.0,30.0,29.0,28.0,28.0,29.0,30.0,29.0,30.0,30.0,29.0,29.0
1790307704.158041,3.320,-0.00324,-0.03071,-0.00019,-0.00019,0.42973,0.00248,0.05207,0.00005,-3.12257,-3.05581,-1.49214,-0.11311,-1.26135,0.18254,0.07687,0.00028,-0.0110,-0.0110,-0.0073,-0.0024,-0.0073,-0.0073,-0.0073,-0.0073,-0.0110,-0.0110,-0.0024,-0.0073,0.0073,-0.0073,-0.0073,-0.0073,-0.013,-0.013,0.007,-0.021,-0.002,-0.007,-0.002,-0.042,-0.013,-0.013,0.007,-0.007,-0.002,0.002,-0.007,-0.012,28.0,29.0,30.0,29.0,30.0,30.0,29.0,28.0,28.0,29.0,30.0,29.0,30.0,30.0,29.0,29.0
1790307704.167358,3.330,-0.00324,-0.03071,-0.00019,-0.00019,0.42973,0.00248,0.05207,0.00005,-3.12257,-3.05581,-1.49214,-0.11311,-1.26135,0.18254,0.07687,0.00028,-0.0110,-0.0110,-0.0073,-0.0024,-0.0220,-0.0073,-0.0220,-0.0073,-0.0110,-0.0110,-0.0024,-0.0073,0.0073,-0.0073,0.0073,-0.0073,-0.013,-0.013,0.007,-0.021,-0.002,-0.007,-0.002,-0.042,-0.013,-0.013,0.007,-0.007,-0.002,0.002,-0.007,-0.012,28.0,29.0,30.0,29.0,30.0,30.0,29.0,28.0,28.0,29.0,30.0,29.0,30.0,30.0,29.0,29.0
1790307704.177665,3.340,-0.00324,-0.03071,-0.00019,-0.00019,0.42973,0.00248,0.05207,0.00005,-3.12257,-3.05581,-1.49214,-0.11311,-1.26135,0.18254,0.07687,0.00028,-0.0110,-0.0110,-0.0073,-0.0024,-0.0220,-0.0073,-0.0220,-0.0073,-0.0110,-0.0110,-0.0024,-0.0073,0.0073,-0.0073,0.0073,-0.0073,-0.013,-0.013,0.007,-0.021,-0.002,-0.007,-0.002,-0.042,-0.013,-0.013,0.007,-0.007,-0.002,0.002,-0.007,-0.012,28.0,29.0,30.0,29.0,30.0,30.0,29.0,28.0,28.0,29.0,30.0,29.0,30.0,30.0,29.0,29.0
1790307704.187405,3.350,-0.00324,-0.03071,-0.00019,-0.00019,0.42973,0.00248,0.05207,0.00005,-3.12257,-3.05581,-1.49214,-0.11311,-1.26135,0.18254,0.07687,0.00028,-0.0110,-0.0110,-0.0073,-0.0024,-0.0220,-0.0073,-0.0220,0.0073,-0.0110,-0.0110,-0.0024,-0.0073,0.0073,-0.0073,0.0073,-0.0073,-0.013,-0.013,0.007,-0.021,-0.002,-0.007,-0.002,-0.042,-0.013,-0.013,0.007,-0.007,-0.002,0.002,-0.007,-0.012,28.0,29.0,30.0,29.0,30.0,30.0,29.0,28.0,28.0,29.0,30.0,29.0,30.0,30.0,29.0,29.0
1790307704.197586,3.360,-0.00324,-0.03071,-0.00019,-0.00019,0.42973,0.00248,0.05207,0.00005,-3.12257,-3.05581,-1.49214,-0.11311,-1.26135,0.18254,0.07687,0.00028,-0.0110,-0.0110,-0.0073,-0.0024,-0.0220,-0.0073,-0.0220,-0.0220,-0.0110,-0.0330,-0.0024,-0.0073,0.0073,-0.0073,0.0073,-0.0220,-0.040,-0.013,0.007,-0.021,-0.002,-0.007,-0.002,-0.042,-0.013,0.013,0.007,-0.007,-0.002,0.002,-0.007,-0.012,28.0,29.0,30.0,29.0,30.0,30.0,29.0,28.0,28.0,29.0,30.0,29.0,30.0,30.0,29.0,29.0
1790307704.207376,3.370,-0.00324,-0.03071,-0.00019,-0.00019,0.42973,0.00248,0.05207,0.00005,-3.12257,-3.05581,-1.49214,-0.11273,-1.26135,0.18254,0.07687,0.00028,-0.0110,-0.0110,-0.0024,-0.0024,-0.0073,-0.0073,-0.0073,-0.0220,-0.0110,-0.0330,-0.0024,-0.0024,-0.0073,-0.0073,-0.0073,-0.0220,-0.040,-0.013,0.007,-0.021,-0.002,-0.007,-0.002,-0.042,-0.013,0.013,-0.007,0.007,-0.002,0.002,-0.007,-0.012,28.0,29.0,30.0,29.0,30.0,30.0,29.0,28.0,28.0,29.0,30.0,29.0,30.0,30.0,29.0,29.0
1790307704.217671,3.380,-0.00324,-0.03071,-0.00019,-0.00019,0.42973,0.00248,0.05207,0.00005,-3.12257,-3.05581,-1.49214,-0.11273,-1.26135,0.18254,0.07687,0.00028,-0.0110,-0.0110,-0.0024,-0.0024,-0.0073,-0.0073,-0.0073,-0.0220,-0.0110,-0.0330,-0.0024,-0.0024,-0.0073,-0.0073,-0.0073,-0.0220,-0.040,-0.013,0.007,-0.021,-0.002,-0.007,-0.002,-0.042,-0.013,0.013,-0.007,0.007,-0.002,0.002,-0.007,-0.012,28.0,29.0,30.0,29.0,30.0,30.0,29.0,28.0,28.0,29.0,30.0,29.0,30.0,30.0,29.0,29.0
1790307704.227407,3.390,-0.00324,-0.03071,-0.00019,-0.00019,0.42973,0.00248,0.05207,0.00005,-3.12257,-3.05581,-1.49214,-0.11273,-1.26135,0.18254,0.07687,0.00028,-0.0110,-0.0110,-0.0024,-0.0024,-0.0073,-0.0073,-0.0073,-0.0220,-0.0110,-0.0330,-0.0024,-0.0024,-0.0073,-0.0073,-0.0073,-0.0220,-0.040,-0.013,0.007,-0.021,-0.002,-0.007,-0.002,-0.042,-0.013,0.013,-0.007,0.007,-0.002,0.002,-0.007,-0.012,28.0,29.0,30.0,29.0,30.0,30.0,29.0,28.0,28.0,29.0,30.0,29.0,30.0,30.0,29.0,29.0
1790307704.238018,3.400,-0.00324,-0.03071,-0.00019,-0.00019,0.42973,0.00248,0.05207,0.00005,-3.12257,-3.05581,-1.49214,-0.11273,-1.26135,0.18254,0.07687,0.00028,-0.0110,-0.0110,-0.0024,-0.0024,-0.0073,-0.0073,-0.0073,-0.0220,-0.0110,-0.0330,-0.0024,-0.0024,-0.0073,-0.0073,-0.0073,-0.0220,-0.040,-0.013,0.007,-0.021,-0.002,-0.007,-0.002,-0.042,-0.013,0.013,-0.007,0.007,-0.002,0.002,-0.007,-0.012,28.0,29.0,30.0,29.0,30.0,30.0,29.0,28.0,28.0,29.0,30.0,29.0,30.0,30.0,29.0,29.0
1790307704.247389,3.410,-0.00286,-0.03071,-0.00019,-0.00019,0.42973,0.00248,0.05207,0.00005,-3.12257,-3.05581,-1.49214,-0.11273,-1.26135,0.18254,0.07687,0.00028,-0.0110,-0.0110,-0.0024,-0.0024,-0.0073,-0.0073,-0.0073,-0.0220,-0.0110,-0.0110,-0.0073,0.0024,0.0073,-0.0220,-0.0220,-0.0073,-0.040,-0.013,0.007,-0.021,0.002,-0.007,-0.002,-0.037,-0.013,-0.013,0.021,0.007,-0.002,0.002,-0.007,-0.012,28.0,29.0,30.0,29.0,30.0,30.0,29.0,28.0,28.0,29.0,30.0,29.0,30.0,30.0,29.0,29.0
1790307704.257648,3.420,-0.00286,-0.03071,-0.00019,-0.00019,0.42973,0.00248,0.05207,0.00005,-3.12257,-3.05581,-1.49214,-0.11273,-1.26135,0.18254,0.07687,0.00028,-0.0110,-0.0110,-0.0024,-0.0024,-0.0073,-0.0073,-0.0073,-0.0220,-0.0110,-0.0110,-0.0073,0.0024,0.0073,-0.0220,-0.0220,-0.0073,-0.040,-0.013,0.007,-0.021,0.002,-0.007,-0.002,-0.037,-0.013,-0.013,0.021,0.007,-0.002,0.002,-0.007,-0.012,28.0,29.0,30.0,29.0,30.0,30.0,29.0,28.0,28.0,29.0,30.0,29.0,30.0,30.0,29.0,29.0
1790307704.267381,3.430,-0.00286,-0.03071,-0.00019,-0.00019,0.42973,0.00248,0.05207,0.00005,-3.12257,-3.05581,-1.49214,-0.11273,-1.26135,0.18254,0.07687,0.00028,-0.0110,-0.0110,-0.0024,-0.0024,-0.0073,-0.0073,-0.0073,-0.0220,-0.0110,-0.0110,-0.0073,0.0024,0.0073,-0.0220,-0.0220,-0.0073,-0.040,-0.013,0.007,-0.021,0.002,-0.007,-0.002,-0.037,-0.013,-0.013,0.021,0.007,-0.002,0.002,-0.007,-0.012,28.0,29.0,30.0,29.0,30.0,30.0,29.0,28.0,28.0,29.0,30.0,29.0,30.0,30.0,29.0,29.0
1790307704.277609,3.440,-0.00286,-0.03071,-0.00019,-0.00019,0.42973,0.00248,0.05207,0.00005,-3.12257,-3.05581,-1.49214,-0.11273,-1.26135,0.18254,0.07687,0.00028,-0.0110,-0.0110,-0.0024,-0.0024,-0.0073,-0.0073,-0.0073,-0.0220,-0.0110,-0.0110,-0.0073,0.0024,0.0073,-0.0220,-0.0220,-0.0073,-0.040,-0.013,0.007,-0.021,0.002,-0.007,-0.002,-0.037,-0.013,-0.013,0.021,0.007,-0.002,0.002,-0.007,-0.012,28.0,29.0,30.0,29.0,30.0,30.0,29.0,28.0,28.0,29.0,30.0,29.0,30.0,30.0,29.0,29.0
1790307704.287428,3.450,-0.00286,-0.03071,-0.00019,-0.00019,0.42973,0.00248,0.05207,0.00003,-3.12257,-3.05581,-1.49214,-0.11311,-1.26135,0.18254,0.07687,0.00028,-0.0110,0.0110,-0.0024,-0.0024,-0.0073,-0.0073,0.0073,-0.0073,-0.0110,-0.0110,-0.0024,-0.0024,-0.0220,-0.0073,-0.0073,-0.0073,-0.040,-0.013,0.007,-0.021,-0.002,-0.007,-0.002,-0.037,-0.013,-0.013,0.021,0.007,-0.002,0.002,-0.007,-0.012,28.0,29.0,30.0,29.0,30.0,30.0,29.0,28.0,28.0,29.0,30.0,29.0,30.0,30.0,29.0,29.0
1790307704.297576,3.460,-0.00286,-0.03071,-0.00019,-0.00019,0.42973,0.00248,0.05207,0.00003,-3.12257,-3.05581,-1.49214,-0.11311,-1.26135,0.18254,0.07687,0.00028,-0.0110,0.0110,-0.0024,-0.0024,-0.0073,-0.0073,0.0073,-0.0073,-0.0110,-0.0110,-0.0024,-0.0024,-0.0220,-0.0073,-0.0073,0.0073,-0.040,-0.013,0.007,-0.021,-0.002,-0.007,-0.002,-0.037,-0.013,-0.013,0.021,0.007,-0.002,0.002,-0.007,-0.012,28.0,29.0,30.0,29.0,30.0,30.0,29.0,28.0,28.0,29.0,30.0,29.0,30.0,30.0,29.0,29.0
1790307704.307386,3.470,-0.00286,-0.03071,-0.00019,-0.00019,0.42973,0.00248,0.05207,0.00003,-3.12257,-3.05581,-1.49214,-0.11311,-1.26135,0.18254,0.07687,0.00028,-0.0110,0.0110,-0.0024,-0.0024,-0.0073,-0.0073,0.0073,-0.0073,-0.0110,-0.0110,-0.0024,-0.0024,-0.0220,-0.0073,-0.0073,0.0073,-0.040,-0.013,0.007,-0.021,-0.002,-0.007,-0.002,-0.037,-0.013,-0.013,0.021,0.007,-0.002,0.002,-0.007,-0.012,28.0,29.0,30.0,29.0,30.0,30.0,29.0,28.0,28.0,29.0,30.0,29.0,30.0,30.0,29.0,29.0
1790307704.317627,3.480,-0.00286,-0.03071,-0.00019,-0.00019,0.42973,0.00248,0.05207,0.00003,-3.12257,-3.05581,-1.49214,-0.11311,-1.26135,0.18254,0.07687,0.00028,-0.0110,0.0110,-0.0024,-0.0024,-0.0073,-0.0073,0.0073,-0.0073,-0.0110,-0.0110,-0.0024,-0.0024,-0.0220,-0.0073,-0.0073,0.0073,-0.040,-0.013,0.007,-0.021,-0.002,-0.007,-0.002,-0.037,-0.013,-0.013,0.021,0.007,-0.002,0.002,-0.007,-0.012,28.0,29.0,30.0,29.0,30.0,30.0,29.0,28.0,28.0,29.0,30.0,29.0,30.0,30.0,29.0,29.0
1790307704.327483,3.490,-0.00324,-0.03071,-0.00019,-0.00019,0.42973,0.00248,0.05207,0.00003,-3.12257,-3.05581,-1.49214,-0.11273,-1.26135,0.18254,0.07687,0.00028,-0.0110,-0.0110,-0.0024,-0.0024,-0.0073,0.0073,-0.0220,-0.0073,0.0110,-0.0110,-0.0024,-0.0024,0.0073,-0.0073,-0.0073,-0.0220,-0.013,-0.013,0.021,-0.021,-0.002,-0.007,-0.002,-0.037,-0.013,-0.013,0.007,0.007,-0.002,0.002,-0.002,-0.007,28.0,29.0,30.0,29.0,30.0,30.0,29.0,28.0,28.0,29.0,30.0,29.0,30.0,30.0,29.0,29.0
1790307704.337662,3.500,-0.00324,-0.03071,-0.00019,-0.00019,0.42973,0.00248,0.05207,0.00003,-3.12257,-3.05581,-1.49214,-0.11273,-1.26135,0.18254,0.07687,0.00028,-0.0110,-0.0110,-0.0024,-0.0024,-0.0073,0.0073,-0.0220,-0.0073,0.0110,-0.0110,-0.0024,-0.0024,0.0073,-0.0073,-0.0073,-0.0220,-0.013,-0.013,0.021,-0.021,-0.002,-0.007,-0.002,-0.037,-0.013,-0.013,0.007,0.007,-0.002,0.002,-0.002,-0.007,28.0,29.0,30.0,29.0,30.0,30.0,29.0,28.0,28.0,29.0,30.0,29.0,30.0,30.0,29.0,29.0
1790307704.347401,3.510,-0.00324,-0.03071,-0.00019,-0.00019,0.42973,0.00248,0.05207,0.00003,-3.12257,-3.05581,-1.49214,-0.11273,-1.26135,0.18254,0.07687,0.00028,-0.0110,-0.0110,-0.0024,-0.0024,-0.0073,0.0073,-0.0220,0.0073,0.0110,-0.0110,-0.0024,-0.0024,0.0073,-0.0073,-0.0073,-0.0073,-0.013,-0.013,0.021,-0.021,-0.002,-0.007,-0.002,-0.037,-0.013,-0.013,0.007,0.007,-0.002,0.002,-0.002,-0.007,28.0,29.0,30.0,29.0,30.0,30.0,29.0,28.0,28.0,29.0,30.0,29.0,30.0,30.0,29.0,29.0
1790307704.357603,3.520,-0.00324,-0.03071,-0.00019,-0.00019,0.42973,0.00248,0.05207,0.00003,-3.12257,-3.05581,-1.49214,-0.11273,-1.26135,0.18254,0.07687,0.00028,-0.0110,-0.0110,-0.0024,-0.0024,-0.0073,0.0073,-0.0220,0.0073,0.0110,-0.0110,-0.0024,-0.0024,0.0073,-0.0073,-0.0073,-0.0073,-0.013,-0.013,0.021,-0.021,-0.002,-0.007,-0.002,-0.037,-0.013,-0.013,0.007,0.007,-0.002,0.002,-0.002,-0.007,28.0,29.0,30.0,29.0,30.0,30.0,29.0,28.0,28.0,29.0,30.0,29.0,30.0,30.0,29.0,29.0
1790307704.367418,3.530,-0.00286,-0.03071,-0.00019,-0.00019,0.42973,0.00248,0.05207,0.00005,-3.12257,-3.05581,-1.49214,-0.11273,-1.26135,0.18254,0.07687,0.00028,-0.0110,-0.0110,0.0024,-0.0024,-0.0073,-0.0220,-0.0073,-0.0220,-0.0110,-0.0110,-0.0024,-0.0024,-0.0073,0.0073,-0.0073,-0.0073,-0.040,-0.013,0.021,-0.021,0.002,-0.007,-0.002,-0.037,-0.013,-0.013,0.007,0.007,-0.002,0.002,-0.007,-0.007,28.0,29.0,30.0,29.0,30.0,30.0,29.0,28.0,28.0,29.0,30.0,29.0,30.0,30.0,29.0,29.0
1790307704.378045,3.540,-0.00286,-0.03071,-0.00019,-0.00019,0.42973,0.00248,0.05207,0.00005,-3.12257,-3.05581,-1.49214,-0.11273,-1.26135,0.18254,0.07687,0.00028,-0.0110,-0.0110,0.0024,-0.0024,-0.0073,-0.0220,-0.0073,-0.0220,-0.0110,-0.0110,-0.0024,-0.0024,-0.0073,0.0073,-0.0073,-0.0073,-0.040,-0.013,0.021,-0.021,0.002,-0.007,-0.002,-0.037,-0.013,-0.013,0.007,0.007,-0.002,0.002,-0.007,-0.007,28.0,29.0,30.0,29.0,30.0,30.0,29.0,28.0,28.0,29.0,30.0,29.0,30.0,30.0,29.0,29.0
1790307704.388227,3.551,-0.00286,-0.03071,-0.00019,-0.00019,0.42973,0.00248,0.05207,0.00005,-3.12257,-3.05581,-1.49214,-0.11273,-1.26135,0.18254,0.07687,0.00028,-0.0110,-0.0110,0.0024,-0.0024,-0.0073,-0.0220,-0.0073,-0.0220,-0.0110,-0.0110,-0.0024,-0.0024,-0.0073,0.0073,-0.0073,-0.0073,-0.040,-0.013,0.021,-0.021,0.002,-0.007,-0.002,-0.037,-0.013,-0.013,0.007,0.007,-0.002,0.002,-0.007,-0.007,28.0,29.0,30.0,29.0,30.0,30.0,29.0,28.0,28.0,29.0,30.0,29.0,30.0,30.0,29.0,29.0
1790307704.397438,3.560,-0.00286,-0.03071,-0.00019,-0.00019,0.42973,0.00248,0.05207,0.00005,-3.12257,-3.05581,-1.49214,-0.11273,-1.26135,0.18254,0.07687,0.00028,-0.0110,-0.0110,0.0024,-0.0024,-0.0073,-0.0220,-0.0073,-0.0073,-0.0110,-0.0110,-0.0024,-0.0024,-0.0073,0.0073,-0.0073,-0.0073,-0.040,-0.013,0.021,-0.021,0.002,-0.007,-0.002,-0.032,-0.013,-0.013,0.007,0.007,-0.002,0.002,-0.007,-0.002,28.0,29.0,30.0,29.0,30.0,30.0,29.0,28.0,28.0,29.0,30.0,29.0,30.0,30.0,29.0,29.0
1790307704.407344,3.570,-0.00286,-0.03071,-0.00019,-0.00019,0.42973,0.00248,0.05207,0.00003,-3.12257,-3.05581,-1.49214,-0.11273,-1.26135,0.18254,0.07687,0.00028,-0.0110,-0.0110,-0.0024,-0.0024,-0.0220,0.0073,-0.0073,-0.0073,-0.0110,-0.0330,0.0024,-0.0024,-0.0073,0.0073,-0.0073,-0.0220,-0.013,-0.013,0.007,-0.021,-0.002,-0.007,-0.002,-0.032,-0.013,-0.013,0.007,0.007,-0.002,0.002,-0.007,-0.002,28.0,29.0,30.0,29.0,30.0,30.0,29.0,28.0,28.0,29.0,30.0,29.0,30.0,30.0,29.0,29.0
1790307704.418037,3.580,-0.00286,-0.03071,-0.00019,-0.00019,0.42973,0.00248,0.05207,0.00003,-3.12257,-3.05581,-1.49214,-0.11273,-1.26135,0.18254,0.07687,0.00028,-0.0110,-0.0110,-0.0024,-0.0024,-0.0220,0.0073,-0.0073,-0.0073,-0.0110,-0.0330,0.0024,-0.0024,-0.0073,0.0073,-0.0073,-0.0220,-0.013,-0.013,0.007,-0.021,-0.002,-0.007,-0.002,-0.032,-0.013,-0.013,0.007,0.007,-0.002,0.002,-0.007,-0.002,28.0,29.0,30.0,29.0,30.0,30.0,29.0,28.0,28.0,29.0,30.0,29.0,30.0,30.0,29.0,29.0
1790307704.427450,3.590,-0.00286,-0.03071,-0.00019,-0.00019,0.42973,0.00248,0.05207,0.00003,-3.12257,-3.05581,-1.49214,-0.11273,-1.26135,0.18254,0.07687,0.00028,-0.0110,-0.0110,-0.0024,-0.0024,-0.0220,0.0073,-0.0073,-0.0073,-0.0110,-0.0330,0.0024,-0.0024,-0.0073,0.0073,-0.0073,-0.0220,-0.013,-0.013,0.007,-0.021,-0.002,-0.007,-0.002,-0.032,-0.013,-0.013,0.007,0.007,-0.002,0.002,-0.007,-0.002,28.0,29.0,30.0,29.0,30.0,30.0,29.0,28.0,28.0,29.0,30.0,29.0,30.0,30.0,29.0,29.0
1790307704.437638,3.600,-0.00286,-0.03071,-0.00019,-0.00019,0.42973,0.00248,0.05207,0.00003,-3.12257,-3.05581,-1.49214,-0.11273,-1.26135,0.18254,0.07687,0.00028,-0.0110,-0.0110,-0.0024,-0.0024,-0.0220,0.0073,-0.0073,-0.0073,-0.0110,-0.0330,0.0024,-0.0024,-0.0073,0.0073,-0.0073,-0.0220,-0.013,-0.013,0.007,-0.021,-0.002,-0.007,-0.002,-0.032,-0.013,-0.013,0.007,0.007,-0.002,0.002,-0.007,-0.002,28.0,29.0,30.0,29.0,30.0,30.0,29.0,28.0,28.0,29.0,30.0,29.0,30.0,30.0,29.0,29.0
1790307704.447384,3.610,-0.00324,-0.03071,-0.00019,-0.00019,0.42973,0.00248,0.05207,0.00003,-3.12257,-3.05581,-1.49214,-0.11311,-1.26135,0.18254,0.07687,0.00028,-0.0110,-0.0330,-0.0024,-0.0024,-0.0220,-0.0220,-0.0073,-0.0073,-0.0330,-0.0110,0.0024,-0.0073,-0.0073,-0.0220,0.0073,-0.0366,-0.013,-0.013,0.007,-0.021,0.002,-0.007,-0.002,-0.037,-0.013,-0.013,0.007,0.007,-0.002,0.002,-0.007,-0.002,28.0,29.0,30.0,29.0,30.0,30.0,29.0,28.0,28.0,29.0,30.0,29.0,30.0,30.0,29.0,29.0
1790307704.457557,3.620,-0.00324,-0.03071,-0.00019,-0.00019,0.42973,0.00248,0.05207,0.00003,-3.12257,-3.05581,-1.49214,-0.11311,-1.26135,0.18254,0.07687,0.00028,-0.0110,-0.0330,-0.0024,-0.0024,-0.0220,-0.0220,-0.0073,-0.0073,-0.0330,-0.0110,0.0024,-0.0073,-0.0073,-0.0220,0.0073,-0.0366,-0.013,-0.013,0.007,-0.021,0.002,-0.007,-0.002,-0.037,-0.013,-0.013,0.007,0.007,-0.002,0.002,-0.007,-0.002,28.0,29.0,30.0,29.0,30.0,30.0,29.0,28.0,28.0,29.0,30.0,29.0,30.0,30.0,29.0,29.0
1790307704.467405,3.630,-0.00324,-0.03071,-0.00019,-0.00019,0.42973,0.00248,0.05207,0.00003,-3.12257,-3.05581,-1.49214,-0.11311,-1.26135,0.18254,0.07687,0.00028,-0.0110,-0.0330,-0.0024,-0.0024,-0.0220,-0.0220,-0.0073,-0.0073,-0.0330,-0.0110,0.0024,-0.0073,-0.0073,-0.0220,0.0073,-0.0366,-0.013,-0.013,0.007,-0.021,0.002,-0.007,-0.002,-0.037,-0.013,-0.013,0.007,0.007,-0.002,0.002,-0.007,-0.002,28.0,29.0,30.0,29.0,30.0,30.0,29.0,28.0,28.0,29.0,30.0,29.0,30.0,30.0,29.0,29.0
1790307704.477488,3.640,-0.00324,-0.03071,-0.00019,-0.00019,0.42973,0.00248,0.05207,0.00003,-3.12257,-3.05581,-1.49214,-0.11311,-1.26135,0.18254,0.07687,0.00028,-0.0110,-0.0330,-0.0024,-0.0024,-0.0220,-0.0220,-0.0073,-0.0073,-0.0330,-0.0110,0.0024,-0.0073,-0.0073,-0.0220,0.0073,-0.0366,-0.013,-0.013,0.007,-0.021,0.002,-0.007,-0.002,-0.037,-0.013,-0.013,0.007,0.007,-0.002,0.002,-0.007,-0.002,28.0,29.0,30.0,29.0,30.0,30.0,29.0,28.0,28.0,29.0,30.0,29.0,30.0,30.0,29.0,29.0
1790307704.487420,3.650,-0.00286,-0.03071,-0.00019,-0.00019,0.42973,0.00248,0.05207,0.00003,-3.12257,-3.05581,-1.49214,-0.11311,-1.26135,0.18254,0.07687,0.00028,-0.0110,0.0110,-0.0024,-0.0024,-0.0073,-0.0073,-0.0073,-0.0073,-0.0110,-0.0110,0.0024,-0.0024,-0.0220,-0.0073,-0.0073,-0.0220,-0.013,-0.013,0.007,-0.021,0.002,-0.007,-0.002,-0.032,-0.013,-0.013,0.007,0.007,-0.002,0.002,-0.002,-0.002,28.0,29.0,30.0,29.0,30.0,30.0,29.0,28.0,28.0,29.0,30.0,29.0,30.0,30.0,29.0,29.0
1790307704.497550,3.660,-0.00286,-0.03071,-0.00019,-0.00019,0.42973,0.00248,0.05207,0.00003,-3.12257,-3.05581,-1.49214,-0.11311,-1.26135,0.18254,0.07687,0.00028,-0.0110,0.0110,-0.0024,-0.0024,-0.0073,-0.0073,-0.0073,-0.0220,-0.0110,-0.0110,0.0024,-0.0024,-0.0220,-0.0073,-0.0073,-0.0073,-0.013,-0.013,0.007,-0.021,0.002,-0.007,-0.002,-0.037,-0.013,-0.013,0.007,0.007,-0.002,0.002,-0.002,-0.002,28.0,29.0,30.0,29.0,30.0,30.0,29.0,28.0,28.0,29.0,30.0,29.0,30.0,30.0,29.0,29.0
1790307704.507539,3.670,-0.00286,-0.03071,-0.00019,-0.00019,0.42973,0.00248,0.05207,0.00003,-3.12257,-3.05581,-1.49214,-0.11311,-1.26135,0.18254,0.07687,0.00028,-0.0110,0.0110,-0.0024,-0.0024,-0.0073,-0.0073,-0.0073,-0.0220,-0.0110,-0.0110,0.0024,-0.0024,-0.0220,-0.0073,-0.0073,-0.0073,-0.013,-0.013,0.007,-0.021,0.002,-0.007,-0.002,-0.037,-0.013,-0.013,0.007,0.007,-0.002,0.002,-0.002,-0.002,28.0,29.0,30.0,29.0,30.0,30.0,29.0,28.0,28.0,29.0,30.0,29.0,30.0,30.0,29.0,29.0
1790307704.517493,3.680,-0.00286,-0.03071,-0.00019,-0.00019,0.42973,0.00248,0.05207,0.00003,-3.12257,-3.05581,-1.49214,-0.11311,-1.26135,0.18254,0.07687,0.00028,-0.0110,0.0110,-0.0024,-0.0024,-0.0073,-0.0073,-0.0073,-0.0220,-0.0110,-0.0110,0.0024,-0.0024,-0.0220,-0.0073,-0.0073,-0.0073,-0.013,-0.013,0.007,-0.021,0.002,-0.007,-0.002,-0.037,-0.013,-0.013,0.007,0.007,-0.002,0.002,-0.002,-0.002,28.0,29.0,30.0,29.0,30.0,30.0,29.0,28.0,28.0,29.0,30.0,29.0,30.0,30.0,29.0,29.0
1790307704.527433,3.690,-0.00286,-0.03071,-0.00019,-0.00019,0.42973,0.00248,0.05207,0.00003,-3.12257,-3.05581,-1.49214,-0.11273,-1.26135,0.18254,0.07687,0.00028,-0.0110,-0.0110,-0.0073,-0.0024,-0.0073,0.0073,-0.0073,-0.0220,-0.0110,-0.0110,-0.0024,-0.0024,-0.0073,-0.0073,-0.0073,-0.0073,-0.040,-0.013,0.007,-0.021,-0.002,-0.007,-0.002,-0.037,-0.013,-0.013,-0.007,0.007,-0.002,-0.002,-0.007,-0.002,28.0,29.0,30.0,29.0,30.0,30.0,29.0,28.0,28.0,29.0,30.0,29.0,30.0,30.0,29.0,29.0
1790307704.538084,3.700,-0.00286,-0.03071,-0.00019,-0.00019,0.42973,0.00248,0.05207,0.00003,-3.12257,-3.05581,-1.49214,-0.11273,-1.26135,0.18254,0.07687,0.00028,-0.0110,-0.0110,-0.0073,-0.0024,-0.0073,0.0073,-0.0073,-0.0220,-0.0110,-0.0110,-0.0024,-0.0024,-0.0073,-0.0073,-0.0073,-0.0073,-0.040,-0.013,0.007,-0.021,-0.002,-0.007,-0.002,-0.037,-0.013,-0.013,-0.007,0.007,-0.002,-0.002,-0.007,-0.002,28.0,29.0,30.0,29.0,30.0,30.0,29.0,28.0,28.0,29.0,30.0,29.0,30.0,30.0,29.0,29.0
1790307704.547408,3.710,-0.00286,-0.03071,-0.00019,-0.00019,0.42973,0.00248,0.05207,0.00003,-3.12257,-3.05581,-1.49214,-0.11273,-1.26135,0.18254,0.07687,0.00028,-0.0110,-0.0110,-0.0073,-0.0024,-0.0073,0.0073,-0.0073,-0.0073,-0.0110,-0.0110,-0.0024,-0.0024,-0.0073,-0.0073,-0.0073,-0.0220,-0.040,-0.013,0.007,-0.021,-0.002,-0.007,-0.002,-0.037,-0.013,-0.013,-0.007,0.007,-0.002,-0.002,-0.007,-0.002,28.0,29.0,30.0,29.0,30.0,30.0,29.0,28.0,28.0,29.0,30.0,29.0,30.0,30.0,29.0,29.0
1790307704.557957,3.720,-0.00286,-0.03071,-0.00019,-0.00019,0.42973,0.00248,0.05207,0.00003,-3.12257,-3.05581,-1.49214,-0.11273,-1.26135,0.18254,0.07687,0.00028,-0.0110,-0.0110,-0.0073,-0.0024,-0.0073,0.0073,-0.0073,-0.0073,-0.0110,-0.0110,-0.0024,-0.0024,-0.0073,-0.0073,-0.0073,-0.0220,-0.040,-0.013,0.007,-0.021,-0.002,-0.007,-0.002,-0.037,-0.013,-0.013,-0.007,0.007,-0.002,-0.002,-0.007,-0.002,28.0,29.0,30.0,29.0,30.0,30.0,29.0,28.0,28.0,29.0,30.0,29.0,30.0,30.0,29.0,29.0
1790307704.568202,3.731,-0.00286,-0.03071,-0.00019,-0.00019,0.42973,0.00248,0.05207,0.00003,-3.12257,-3.05581,-1.49214,-0.11273,-1.26135,0.18254,0.07687,0.00028,-0.0110,-0.0110,-0.0073,-0.0024,-0.0073,0.0073,-0.0073,-0.0073,-0.0110,-0.0110,-0.0024,-0.0024,-0.0073,-0.0073,-0.0073,-0.0220,-0.040,-0.013,0.007,-0.021,-0.002,-0.007,-0.002,-0.037,-0.013,-0.013,-0.007,0.007,-0.002,-0.002,-0.007,-0.002,28.0,29.0,30.0,29.0,30.0,30.0,29.0,28.0,28.0,29.0,30.0,29.0,30.0,30.0,29.0,29.0
1790307704.578032,3.740,-0.00286,-0.03071,-0.00019,-0.00019,0.43011,0.00248,0.05207,0.00003,-3.12257,-3.05581,-1.49214,-0.11273,-1.26135,0.18254,0.07687,0.00028,-0.0110,-0.0330,-0.0024,-0.0024,0.0073,-0.0220,0.0073,0.0073,-0.0110,-0.0110,-0.0024,-0.0024,-0.0220,-0.0073,-0.0073,-0.0073,-0.013,-0.013,0.007,-0.021,0.002,-0.007,-0.002,-0.037,-0.013,-0.013,0.007,0.007,-0.002,0.002,-0.002,-0.002,28.0,29.0,30.0,29.0,30.0,30.0,29.0,28.0,28.0,29.0,30.0,29.0,30.0,30.0,29.0,29.0
1790307704.588242,3.751,-0.00286,-0.03071,-0.00019,-0.00019,0.43011,0.00248,0.05207,0.00003,-3.12257,-3.05581,-1.49214,-0.11273,-1.26135,0.18254,0.07687,0.00028,-0.0110,-0.0330,-0.0024,-0.0024,0.0073,-0.0220,0.0073,0.0073,-0.0110,-0.0110,-0.0024,-0.0024,-0.0220,-0.0073,-0.0073,-0.0073,-0.013,-0.013,0.007,-0.021,0.002,-0.007,-0.002,-0.037,-0.013,-0.013,0.007,0.007,-0.002,0.002,-0.002,-0.002,28.0,29.0,30.0,29.0,30.0,30.0,29.0,28.0,28.0,29.0,30.0,29.0,30.0,30.0,29.0,29.0
1790307704.598022,3.760,-0.00286,-0.03071,-0.00019,-0.00019,0.43011,0.00248,0.05207,0.00003,-3.12257,-3.05581,-1.49214,-0.11273,-1.26135,0.18254,0.07687,0.00028,-0.0110,-0.0330,-0.0024,-0.0024,0.0073,-0.0220,0.0073,0.0073,-0.0110,-0.0110,-0.0024,-0.0024,-0.0220,-0.0073,-0.0073,-0.0073,-0.013,-0.013,0.007,-0.021,0.002,-0.007,-0.002,-0.037,-0.013,-0.013,0.007,0.007,-0.002,0.002,-0.002,-0.002,28.0,29.0,30.0,29.0,30.0,30.0,29.0,28.0,28.0,29.0,30.0,29.0,30.0,30.0,29.0,29.0
1790307704.608083,3.770,-0.00286,-0.03071,-0.00019,-0.00019,0.43011,0.00248,0.05207,0.00003,-3.12257,-3.05581,-1.49214,-0.11273,-1.26135,0.18254,0.07687,0.00028,-0.0110,-0.0330,-0.0024,-0.0024,0.0073,-0.0220,0.0073,-0.0073,-0.0110,-0.0110,-0.0024,-0.0024,-0.0220,-0.0073,-0.0073,-0.0220,-0.013,-0.013,0.007,-0.021,0.002,-0.007,-0.002,-0.032,-0.013,-0.013,0.007,0.007,-0.002,0.002,-0.002,-0.002,28.0,29.0,30.0,29.0,30.0,30.0,29.0,28.0,28.0,29.0,30.0,29.0,30.0,30.0,29.0,29.0
1790307704.618089,3.780,-0.00324,-0.03071,-0.00019,-0.00019,0.42973,0.00248,0.05207,0.00003,-3.12257,-3.05581,-1.49214,-0.11273,-1.26135,0.18254,0.07687,0.00030,-0.0110,-0.0330,-0.0024,-0.0024,-0.0073,0.0073,-0.0073,-0.0073,-0.0110,-0.0110,-0.0024,-0.0024,-0.0073,-0.0073,-0.0073,-0.0073,-0.013,-0.013,0.007,-0.021,0.002,-0.007,-0.002,-0.037,-0.013,-0.013,0.021,0.007,-0.002,0.002,-0.002,-0.002,28.0,29.0,30.0,29.0,30.0,30.0,29.0,28.0,28.0,29.0,30.0,29.0,30.0,30.0,29.0,29.0
1790307704.628251,3.791,-0.00324,-0.03071,-0.00019,-0.00019,0.42973,0.00248,0.05207,0.00003,-3.12257,-3.05581,-1.49214,-0.11273,-1.26135,0.18254,0.07687,0.00030,-0.0110,-0.0330,-0.0024,-0.0024,-0.0073,0.0073,-0.0073,-0.0073,-0.0110,-0.0110,-0.0024,-0.0024,-0.0073,-0.0073,-0.0073,-0.0073,-0.013,-0.013,0.007,-0.021,0.002,-0.007,-0.002,-0.037,-0.013,-0.013,0.021,0.007,-0.002,0.002,-0.002,-0.002,28.0,29.0,30.0,29.0,30.0,30.0,29.0,28.0,28.0,29.0,30.0,29.0,30.0,30.0,29.0,29.0
1790307704.638033,3.800,-0.00324,-0.03071,-0.00019,-0.00019,0.42973,0.00248,0.05207,0.00003,-3.12257,-3.05581,-1.49214,-0.11273,-1.26135,0.18254,0.07687,0.00030,-0.0110,-0.0330,-0.0024,-0.0024,-0.0073,0.0073,-0.0073,-0.0073,-0.0110,-0.0110,-0.0024,-0.0024,-0.0073,-0.0073,-0.0073,-0.0073,-0.013,-0.013,0.007,-0.021,0.002,-0.007,-0.002,-0.037,-0.013,-0.013,0.021,0.007,-0.002,0.002,-0.002,-0.002,28.0,29.0,30.0,29.0,30.0,30.0,29.0,28.0,28.0,29.0,30.0,29.0,30.0,30.0,29.0,29.0
1790307704.648276,3.811,-0.00324,-0.03071,-0.00019,-0.00019,0.42973,0.00248,0.05207,0.00003,-3.12257,-3.05581,-1.49214,-0.11273,-1.26135,0.18254,0.07687,0.00030,-0.0110,-0.0330,-0.0024,-0.0024,-0.0073,0.0073,-0.0073,-0.0073,-0.0110,-0.0110,-0.0024,-0.0024,-0.0073,-0.0073,-0.0073,-0.0073,-0.013,-0.013,0.007,-0.021,0.002,-0.007,-0.002,-0.037,-0.013,-0.013,0.021,0.007,-0.002,0.002,-0.002,-0.002,28.0,29.0,30.0,29.0,30.0,30.0,29.0,28.0,28.0,29.0,30.0,29.0,30.0,30.0,29.0,29.0
1790307704.657614,3.820,-0.00324,-0.03071,-0.00019,-0.00019,0.42973,0.00248,0.05207,0.00003,-3.12257,-3.05581,-1.49214,-0.11311,-1.26135,0.18254,0.07687,0.00030,-0.0110,-0.0110,-0.0024,-0.0024,-0.0073,-0.0073,-0.0073,-0.0073,-0.0110,-0.0110,-0.0024,-0.0073,-0.0073,-0.0220,-0.0073,-0.0220,-0.040,-0.013,0.007,-0.021,-0.002,-0.007,-0.002,-0.037,-0.013,0.013,0.007,0.007,-0.002,0.002,-0.002,0.002,28.0,29.0,30.0,29.0,30.0,30.0,29.0,28.0,28.0,29.0,30.0,29.0,30.0,30.0,29.0,29.0
1790307704.668378,3.831,-0.00324,-0.03071,-0.00019,-0.00019,0.42973,0.00248,0.05207,0.00003,-3.12257,-3.05581,-1.49214,-0.11311,-1.26135,0.18254,0.07687,0.00030,-0.0110,-0.0110,-0.0024,-0.0024,-0.0073,-0.0073,-0.0073,-0.0073,-0.0110,-0.0110,-0.0024,-0.0073,-0.0073,-0.0220,-0.0073,-0.0220,-0.040,-0.013,0.007,-0.021,-0.002,-0.007,-0.002,-0.037,-0.013,0.013,0.007,0.007,-0.002,0.002,-0.002,0.002,28.0,29.0,30.0,29.0,30.0,30.0,29.0,28.0,28.0,29.0,30.0,29.0,30.0,30.0,29.0,29.0
1790307704.678031,3.840,-0.00324,-0.03071,-0.00019,-0.00019,0.42973,0.00248,0.05207,0.00003,-3.12257,-3.05581,-1.49214,-0.11311,-1.26135,0.18254,0.07687,0.00030,-0.0110,-0.0110,-0.0024,-0.0024,-0.0073,-0.0073,-0.0073,-0.0073,-0.0110,-0.0110,-0.0024,-0.0073,-0.0073,-0.0220,-0.0073,-0.0220,-0.040,-0.013,0.007,-0.021,-0.002,-0.007,-0.002,-0.037,-0.013,0.013,0.007,0.007,-0.002,0.002,-0.002,0.002,28.0,29.0,30.0,29.0,30.0,30.0,29.0,28.0,28.0,29.0,30.0,29.0,30.0,30.0,29.0,29.0
1790307704.687469,3.850,-0.00324,-0.03071,-0.00019,-0.00019,0.42973,0.00248,0.05207,0.00003,-3.12257,-3.05581,-1.49214,-0.11311,-1.26135,0.18254,0.07687,0.00030,-0.0110,-0.0110,-0.0024,-0.0024,-0.0073,-0.0073,-0.0073,-0.0073,-0.0110,-0.0110,-0.0024,-0.0073,-0.0073,-0.0220,-0.0073,-0.0220,-0.040,-0.013,0.007,-0.021,-0.002,-0.007,-0.002,-0.037,-0.013,0.013,0.007,0.007,-0.002,0.002,-0.002,0.002,28.0,29.0,30.0,29.0,30.0,30.0,29.0,28.0,28.0,29.0,30.0,29.0,30.0,30.0,29.0,29.0
1790307704.697987,3.860,-0.00324,-0.03071,-0.00019,-0.00019,0.42973,0.00248,0.05207,0.00003,-3.12257,-3.05581,-1.49214,-0.11311,-1.26135,0.18254,0.07687,0.00030,-0.0110,-0.0110,-0.0024,-0.0024,-0.0073,-0.0073,-0.0073,-0.0073,-0.0110,-0.0110,-0.0024,-0.0073,-0.0073,-0.0220,-0.0073,-0.0220,-0.040,-0.013,0.007,-0.021,-0.002,-0.007,-0.002,-0.037,-0.013,0.013,0.007,0.007,-0.002,0.002,-0.002,0.002,28.0,29.0,30.0,29.0,30.0,30.0,29.0,28.0,28.0,29.0,30.0,29.0,30.0,30.0,29.0,29.0
1790307704.707810,3.870,-0.00324,-0.03071,-0.00019,-0.00019,0.42973,0.00248,0.05207,0.00003,-3.12257,-3.05581,-1.49214,-0.11311,-1.26097,0.18254,0.07687,0.00028,-0.0110,-0.0110,-0.0024,-0.0024,0.0073,-0.0073,-0.0073,-0.0073,-0.0330,-0.0110,-0.0073,-0.0024,-0.0073,-0.0073,-0.0073,-0.0073,-0.013,-0.013,0.021,-0.021,0.002,-0.007,-0.002,-0.037,-0.013,-0.013,-0.007,0.007,-0.002,0.002,-0.007,-0.002,28.0,29.0,30.0,29.0,30.0,30.0,29.0,28.0,28.0,29.0,30.0,29.0,30.0,30.0,29.0,29.0
1790307704.717591,3.880,-0.00324,-0.03071,-0.00019,-0.00019,0.42973,0.00248,0.05207,0.00003,-3.12257,-3.05581,-1.49214,-0.11311,-1.26097,0.18254,0.07687,0.00028,-0.0110,-0.0110,-0.0024,-0.0024,0.0073,-0.0073,-0.0073,-0.0073,-0.0330,-0.0110,-0.0073,-0.0024,-0.0073,-0.0073,-0.0073,-0.0073,-0.013,-0.013,0.021,-0.021,0.002,-0.007,-0.002,-0.037,-0.013,-0.013,-0.007,0.007,-0.002,0.002,-0.007,-0.002,28.0,29.0,30.0,29.0,30.0,30.0,29.0,28.0,28.0,29.0,30.0,29.0,30.0,30.0,29.0,29.0
1790307704.727437,3.890,-0.00324,-0.03071,-0.00019,-0.00019,0.42973,0.00248,0.05207,0.00003,-3.12257,-3.05581,-1.49214,-0.11311,-1.26097,0.18254,0.07687,0.00028,-0.0110,-0.0110,-0.0024,-0.0024,0.0073,-0.0073,-0.0073,-0.0073,-0.0330,-0.0110,-0.0073,-0.0024,-0.0073,-0.0073,-0.0073,-0.0073,-0.013,-0.013,0.021,-0.021,0.002,-0.007,-0.002,-0.037,-0.013,-0.013,-0.007,0.007,-0.002,0.002,-0.007,-0.002,28.0,29.0,30.0,29.0,30.0,30.0,29.0,28.0,28.0,29.0,30.0,29.0,30.0,30.0,29.0,29.0
1790307704.738010,3.900,-0.00324,-0.03071,-0.00019,-0.00019,0.42973,0.00248,0.05207,0.00003,-3.12257,-3.05581,-1.49214,-0.11311,-1.26097,0.18254,0.07687,0.00028,-0.0110,-0.0110,-0.0024,-0.0024,0.0073,-0.0073,-0.0073,-0.0073,-0.0330,-0.0110,-0.0073,-0.0024,-0.0073,-0.0073,-0.0073,-0.0073,-0.013,-0.013,0.021,-0.021,0.002,-0.007,-0.002,-0.037,-0.013,-0.013,-0.007,0.007,-0.002,0.002,-0.007,-0.002,28.0,29.0,30.0,29.0,30.0,30.0,29.0,28.0,28.0,29.0,30.0,29.0,30.0,30.0,29.0,29.0
1790307704.747771,3.910,-0.00324,-0.03071,-0.00019,-0.00019,0.42973,0.00248,0.05207,0.00003,-3.12257,-3.05581,-1.49214,-0.11311,-1.26097,0.18254,0.07687,0.00030,-0.0110,-0.0110,-0.0024,-0.0024,0.0073,-0.0073,-0.0073,-0.0073,-0.0110,-0.0110,-0.0024,-0.0024,-0.0073,-0.0073,-0.0073,-0.0220,-0.013,-0.013,0.007,-0.021,0.002,-0.007,-0.002,-0.037,-0.013,-0.013,0.007,0.007,-0.002,0.002,-0.007,-0.007,28.0,29.0,30.0,29.0,30.0,30.0,29.0,28.0,28.0,29.0,30.0,29.0,30.0,30.0,29.0,29.0
1790307704.758310,3.921,-0.00324,-0.03071,-0.00019,-0.00019,0.42973,0.00248,0.05207,0.00003,-3.12257,-3.05581,-1.49214,-0.11311,-1.26135,0.18254,0.07687,0.00030,-0.0110,-0.0110,-0.0024,-0.0073,-0.0073,-0.0073,-0.0073,-0.0220,-0.0110,-0.0110,-0.0024,-0.0024,-0.0073,-0.0073,-0.0073,-0.0220,-0.013,-0.013,0.007,-0.021,0.002,-0.007,-0.002,-0.037,-0.013,-0.013,0.007,0.007,0.002,0.002,-0.007,-0.007,28.0,29.0,30.0,29.0,30.0,30.0,29.0,28.0,28.0,29.0,30.0,29.0,30.0,30.0,29.0,29.0
1790307704.767799,3.930,-0.00324,-0.03071,-0.00019,-0.00019,0.42973,0.00248,0.05207,0.00003,-3.12257,-3.05581,-1.49214,-0.11311,-1.26135,0.18254,0.07687,0.00028,-0.0110,-0.0110,-0.0024,-0.0073,-0.0073,-0.0073,-0.0073,-0.0220,-0.0110,-0.0110,-0.0024,-0.0024,-0.0073,-0.0073,-0.0073,-0.0073,-0.013,-0.013,0.007,-0.021,0.002,-0.007,-0.002,-0.037,-0.013,-0.013,0.007,0.007,0.002,0.002,-0.007,-0.007,28.0,29.0,30.0,29.0,30.0,30.0,29.0,28.0,28.0,29.0,30.0,29.0,30.0,30.0,29.0,29.0
1790307704.777991,3.940,-0.00324,-0.03071,-0.00019,-0.00019,0.42973,0.00248,0.05207,0.00003,-3.12257,-3.05581,-1.49214,-0.11311,-1.26135,0.18254,0.07687,0.00028,-0.0110,-0.0110,-0.0024,-0.0073,-0.0073,-0.0073,-0.0073,-0.0220,-0.0110,-0.0110,-0.0024,-0.0024,-0.0073,-0.0073,-0.0073,-0.0073,-0.013,-0.013,0.007,-0.021,0.002,-0.007,-0.002,-0.037,-0.013,-0.013,0.007,0.007,0.002,0.002,-0.007,-0.007,28.0,29.0,30.0,29.0,30.0,30.0,29.0,28.0,28.0,29.0,30.0,29.0,30.0,30.0,29.0,29.0
1790307704.788296,3.951,-0.00324,-0.03071,-0.00019,-0.00019,0.42973,0.00248,0.05207,0.00003,-3.12257,-3.05581,-1.49214,-0.11273,-1.26135,0.18254,0.07687,0.00028,-0.0110,-0.0110,-0.0024,-0.0024,-0.0220,-0.0220,-0.0073,-0.0073,-0.0110,0.0110,0.0024,-0.0024,0.0073,0.0073,-0.0220,0.0073,-0.013,-0.013,0.007,-0.021,0.002,-0.007,-0.002,-0.037,-0.013,-0.013,0.007,0.007,-0.002,-0.002,-0.002,-0.002,28.0,29.0,30.0,29.0,30.0,30.0,29.0,28.0,28.0,29.0,30.0,29.0,30.0,30.0,29.0,29.0
1790307704.797587,3.960,-0.00324,-0.03071,-0.00019,-0.00019,0.42973,0.00248,0.05207,0.00003,-3.12257,-3.05581,-1.49214,-0.11273,-1.26135,0.18254,0.07687,0.00028,-0.0110,-0.0110,-0.0024,-0.0024,-0.0220,-0.0220,-0.0073,-0.0073,-0.0110,0.0110,0.0024,-0.0024,0.0073,0.0073,-0.0220,0.0073,-0.013,-0.013,0.007,-0.021,0.002,-0.007,-0.002,-0.037,-0.013,-0.013,0.007,0.007,-0.002,-0.002,-0.002,-0.002,28.0,29.0,30.0,29.0,30.0,30.0,29.0,28.0,28.0,29.0,30.0,29.0,30.0,30.0,29.0,29.0
1790307704.808243,3.971,-0.00324,-0.03071,-0.00019,-0.00019,0.42973,0.00248,0.05207,0.00003,-3.12257,-3.05581,-1.49214,-0.11273,-1.26135,0.18254,0.07687,0.00028,-0.0110,-0.0110,-0.0024,-0.0024,-0.0220,-0.0220,-0.0073,-0.0073,-0.0110,0.0110,0.0024,-0.0024,0.0073,0.0073,-0.0220,-0.0073,-0.013,-0.013,0.007,-0.021,0.002,-0.007,-0.002,-0.037,-0.013,-0.013,0.007,0.007,-0.002,-0.002,-0.002,-0.002,28.0,29.0,30.0,29.0,30.0,30.0,29.0,28.0,28.0,29.0,30.0,29.0,30.0,30.0,29.0,29.0
1790307704.818021,3.980,-0.00324,-0.03071,-0.00019,-0.00019,0.42973,0.00248,0.05207,0.00003,-3.12257,-3.05581,-1.49214,-0.11273,-1.26135,0.18254,0.07687,0.00028,-0.0110,-0.0110,-0.0024,-0.0024,-0.0220,-0.0220,-0.0073,-0.0073,-0.0110,0.0110,0.0024,-0.0024,0.0073,0.0073,-0.0220,-0.0073,-0.013,-0.013,0.007,-0.021,0.002,-0.007,-0.002,-0.037,-0.013,-0.013,0.007,0.007,-0.002,-0.002,-0.002,-0.002,28.0,29.0,30.0,29.0,30.0,30.0,29.0,28.0,28.0,29.0,30.0,29.0,30.0,30.0,29.0,29.0
1790307704.828276,3.991,-0.00286,-0.03071,-0.00019,-0.00019,0.42973,0.00248,0.05207,0.00003,-3.12257,-3.05581,-1.49214,-0.11311,-1.26135,0.18254,0.07687,0.00028,0.0110,-0.0110,0.0024,-0.0024,-0.0073,0.0073,-0.0073,-0.0220,-0.0110,-0.0110,0.0024,-0.0024,0.0073,-0.0073,-0.0220,0.0073,-0.013,-0.013,0.021,-0.021,-0.002,-0.007,-0.002,-0.042,-0.013,-0.013,0.007,0.007,-0.002,-0.002,-0.007,-0.002,28.0,29.0,30.0,29.0,30.0,30.0,29.0,28.0,28.0,29.0,30.0,29.0,30.0,30.0,29.0,29.0
1790307704.838123,4.001,-0.00286,-0.03071,-0.00019,-0.00019,0.42973,0.00248,0.05207,0.00003,-3.12257,-3.05581,-1.49214,-0.11311,-1.26135,0.18254,0.07687,0.00028,0.0110,-0.0110,0.0024,-0.0024,-0.0073,0.0073,-0.0073,-0.0220,-0.0110,-0.0110,0.0024,-0.0024,0.0073,-0.0073,-0.0220,0.0073,-0.013,-0.013,0.021,-0.021,-0.002,-0.007,-0.002,-0.042,-0.013,-0.013,0.007,0.007,-0.002,-0.002,-0.007,-0.002,28.0,29.0,30.0,29.0,30.0,30.0,29.0,28.0,28.0,29.0,30.0,29.0,30.0,30.0,29.0,29.0
1790307704.848243,4.011,-0.00286,-0.03071,-0.00019,-0.00019,0.42973,0.00248,0.05207,0.00003,-3.12257,-3.05581,-1.49214,-0.11311,-1.26135,0.18254,0.07687,0.00028,0.0110,-0.0110,0.0024,-0.0024,-0.0073,0.0073,-0.0073,-0.0220,-0.0110,-0.0110,0.0024,-0.0024,0.0073,-0.0073,-0.0220,0.0073,-0.013,-0.013,0.021,-0.021,-0.002,-0.007,-0.002,-0.042,-0.013,-0.013,0.007,0.007,-0.002,-0.002,-0.007,-0.002,28.0,29.0,30.0,29.0,30.0,30.0,29.0,28.0,28.0,29.0,30.0,29.0,30.0,30.0,29.0,29.0
1790307704.858062,4.020,-0.00286,-0.03071,-0.00019,-0.00019,0.42973,0.00248,0.05207,0.00003,-3.12257,-3.05581,-1.49214,-0.11311,-1.26135,0.18254,0.07687,0.00028,0.0110,-0.0110,0.0024,-0.0024,-0.0073,0.0073,-0.0073,-0.0073,-0.0110,-0.0110,0.0024,-0.0024,0.0073,-0.0073,-0.0220,0.0073,-0.013,-0.013,0.021,-0.021,-0.002,-0.007,-0.002,-0.037,-0.013,-0.013,0.007,0.007,-0.002,-0.002,-0.007,-0.002,28.0,29.0,30.0,29.0,30.0,30.0,29.0,28.0,28.0,29.0,30.0,29.0,30.0,30.0,29.0,29.0
1790307704.868428,4.031,-0.00286,-0.03071,-0.00019,-0.00019,0.42973,0.00248,0.05207,0.00003,-3.12257,-3.05581,-1.49214,-0.11311,-1.26097,0.18254,0.07687,0.00028,-0.0110,-0.0110,-0.0073,-0.0024,-0.0220,-0.0073,-0.0073,-0.0073,-0.0110,-0.0110,-0.0024,-0.0024,0.0073,-0.0073,-0.0073,-0.0073,-0.040,-0.013,0.007,-0.021,0.002,-0.007,-0.002,-0.042,-0.013,-0.013,0.007,0.007,0.002,0.002,-0.007,-0.002,28.0,29.0,30.0,29.0,30.0,30.0,29.0,28.0,28.0,29.0,30.0,29.0,30.0,30.0,29.0,29.0
1790307704.878030,4.040,-0.00286,-0.03071,-0.00019,-0.00019,0.42973,0.00248,0.05207,0.00003,-3.12257,-3.05581,-1.49214,-0.11311,-1.26097,0.18254,0.07687,0.00028,-0.0110,-0.0110,-0.0073,-0.0024,-0.0220,-0.0073,-0.0073,-0.0073,-0.0110,-0.0110,-0.0024,-0.0024,0.0073,-0.0073,-0.0073,-0.0073,-0.040,-0.013,0.007,-0.021,0.002,-0.007,-0.002,-0.042,-0.013,-0.013,0.007,0.007,0.002,0.002,-0.007,-0.002,28.0,29.0,30.0,29.0,30.0,30.0,29.0,28.0,28.0,29.0,30.0,29.0,30.0,30.0,29.0,29.0
1790307704.888318,4.051,-0.00286,-0.03071,-0.00019,-0.00019,0.42973,0.00248,0.05207,0.00003,-3.12257,-3.05581,-1.49214,-0.11311,-1.26097,0.18254,0.07687,0.00028,-0.0110,-0.0110,-0.0073,-0.0024,-0.0220,-0.0073,-0.0073,-0.0073,-0.0110,-0.0110,-0.0024,-0.0024,0.0073,-0.0073,-0.0073,-0.0073,-0.040,-0.013,0.007,-0.021,0.002,-0.007,-0.002,-0.042,-0.013,-0.013,0.007,0.007,0.002,0.002,-0.007,-0.002,28.0,29.0,30.0,29.0,30.0,30.0,29.0,28.0,28.0,29.0,30.0,29.0,30.0,30.0,29.0,29.0
1790307704.898239,4.061,-0.00286,-0.03071,-0.00019,-0.00019,0.42973,0.00248,0.05207,0.00003,-3.12257,-3.05581,-1.49214,-0.11311,-1.26097,0.18254,0.07687,0.00028,-0.0110,-0.0110,-0.0073,-0.0024,-0.0220,-0.0073,-0.0073,-0.0073,-0.0110,-0.0110,-0.0024,-0.0024,0.0073,-0.0073,-0.0073,-0.0073,-0.040,-0.013,0.007,-0.021,0.002,-0.007,-0.002,-0.042,-0.013,-0.013,0.007,0.007,0.002,0.002,-0.007,-0.002,28.0,29.0,30.0,29.0,30.0,30.0,29.0,28.0,28.0,29.0,30.0,29.0,30.0,30.0,29.0,29.0
1790307704.907848,4.070,-0.00324,-0.03071,-0.00019,-0.00019,0.42973,0.00210,0.05207,0.00003,-3.12257,-3.05581,-1.49214,-0.11273,-1.26135,0.18254,0.07687,0.00030,-0.0110,-0.0110,-0.0024,-0.0024,-0.0073,-0.0366,-0.0220,-0.0073,-0.0110,-0.0330,-0.0024,-0.0024,0.0073,-0.0073,-0.0220,-0.0073,-0.040,-0.013,0.007,-0.021,0.002,-0.007,-0.002,-0.042,-0.013,-0.013,0.007,0.007,-0.002,0.002,-0.007,-0.002,28.0,29.0,30.0,29.0,30.0,30.0,29.0,28.0,28.0,29.0,30.0,29.0,30.0,30.0,29.0,29.0
1790307704.917671,4.080,-0.00324,-0.03071,-0.00019,-0.00019,0.42973,0.00210,0.05207,0.00003,-3.12257,-3.05581,-1.49214,-0.11273,-1.26135,0.18254,0.07687,0.00030,-0.0110,-0.0110,-0.0024,-0.0024,-0.0073,-0.0366,-0.0220,-0.0073,-0.0110,-0.0330,-0.0024,-0.0024,0.0073,-0.0073,-0.0220,-0.0073,-0.040,-0.013,0.007,-0.021,0.002,-0.007,-0.002,-0.042,-0.013,-0.013,0.007,0.007,-0.002,0.002,-0.007,-0.002,28.0,29.0,30.0,29.0,30.0,30.0,29.0,28.0,28.0,29.0,30.0,29.0,30.0,30.0,29.0,29.0
1790307704.927357,4.090,-0.00324,-0.03071,-0.00019,-0.00019,0.42973,0.00210,0.05207,0.00003,-3.12257,-3.05581,-1.49214,-0.11273,-1.26135,0.18254,0.07687,0.00030,-0.0110,-0.0110,-0.0024,-0.0024,-0.0073,-0.0366,-0.0220,-0.0073,-0.0110,-0.0330,-0.0024,-0.0024,0.0073,-0.0073,-0.0220,-0.0073,-0.040,-0.013,0.007,-0.021,0.002,-0.007,-0.002,-0.042,-0.013,-0.013,0.007,0.007,-0.002,0.002,-0.007,-0.002,28.0,29.0,30.0,29.0,30.0,30.0,29.0,28.0,28.0,29.0,30.0,29.0,30.0,30.0,29.0,29.0
1790307704.937967,4.100,-0.00324,-0.03071,-0.00019,-0.00019,0.42973,0.00210,0.05207,0.00003,-3.12257,-3.05581,-1.49214,-0.11273,-1.26135,0.18254,0.07687,0.00030,-0.0110,-0.0110,-0.0024,-0.0024,-0.0073,-0.0366,-0.0220,-0.0073,-0.0110,-0.0330,-0.0024,-0.0024,0.0073,-0.0073,-0.0220,-0.0073,-0.040,-0.013,0.007,-0.021,0.002,-0.007,-0.002,-0.042,-0.013,-0.013,0.007,0.007,-0.002,0.002,-0.007,-0.002,28.0,29.0,30.0,29.0,30.0,30.0,29.0,28.0,28.0,29.0,30.0,29.0,30.0,30.0,29.0,29.0
1790307704.947387,4.110,-0.00324,-0.03071,-0.00019,-0.00019,0.42973,0.00248,0.05207,0.00003,-3.12257,-3.05581,-1.49214,-0.11273,-1.26135,0.18254,0.07687,0.00028,-0.0110,-0.0110,-0.0073,-0.0024,-0.0073,-0.0073,-0.0073,-0.0220,-0.0110,-0.0110,-0.0024,-0.0024,0.0073,-0.0220,0.0073,0.0073,-0.040,-0.013,0.007,-0.021,0.002,-0.007,-0.002,-0.042,-0.013,-0.013,0.007,0.007,0.002,0.002,-0.007,-0.002,28.0,29.0,30.0,29.0,30.0,30.0,29.0,28.0,28.0,29.0,30.0,29.0,30.0,30.0,29.0,29.0
1790307704.957496,4.120,-0.00324,-0.03071,-0.00019,-0.00019,0.42973,0.00248,0.05207,0.00003,-3.12257,-3.05581,-1.49214,-0.11273,-1.26135,0.18254,0.07687,0.00028,-0.0110,-0.0110,-0.0073,-0.0024,-0.0073,-0.0073,-0.0073,-0.0220,-0.0110,-0.0110,-0.0024,-0.0024,0.0073,-0.0220,0.0073,0.0073,-0.040,-0.013,0.007,-0.021,0.002,-0.007,-0.002,-0.042,-0.013,-0.013,0.007,0.007,0.002,0.002,-0.007,-0.002,28.0,29.0,30.0,29.0,30.0,30.0,29.0,28.0,28.0,29.0,30.0,29.0,30.0,30.0,29.0,29.0
1790307704.968234,4.131,-0.00324,-0.03071,-0.00019,-0.00019,0.42973,0.00248,0.05207,0.00003,-3.12257,-3.05581,-1.49214,-0.11273,-1.26135,0.18254,0.07687,0.00028,-0.0110,-0.0110,-0.0073,-0.0024,-0.0073,-0.0073,-0.0073,-0.0220,-0.0110,-0.0110,-0.0024,-0.0024,0.0073,-0.0220,0.0073,-0.0073,-0.040,-0.013,0.007,-0.021,0.002,-0.007,-0.002,-0.042,-0.013,-0.013,0.007,0.007,0.002,0.002,-0.007,-0.002,28.0,29.0,30.0,29.0,30.0,30.0,29.0,28.0,28.0,29.0,30.0,29.0,30.0,30.0,29.0,29.0
1790307704.977604,4.140,-0.00324,-0.03071,-0.00019,-0.00019,0.42973,0.00248,0.05207,0.00003,-3.12257,-3.05581,-1.49214,-0.11273,-1.26135,0.18254,0.07687,0.00028,-0.0110,-0.0110,-0.0073,-0.0024,-0.0073,-0.0073,-0.0073,-0.0220,-0.0110,-0.0110,-0.0024,-0.0024,0.0073,-0.0220,0.0073,-0.0073,-0.040,-0.013,0.007,-0.021,0.002,-0.007,-0.002,-0.042,-0.013,-0.013,0.007,0.007,0.002,0.002,-0.007,-0.002,28.0,29.0,30.0,29.0,30.0,30.0,29.0,28.0,28.0,29.0,30.0,29.0,30.0,30.0,29.0,29.0
1790307704.987391,4.150,-0.00324,-0.03071,-0.00019,-0.00019,0.42973,0.00248,0.05207,0.00003,-3.12257,-3.05581,-1.49214,-0.11273,-1.26135,0.18254,0.07687,0.00028,-0.0110,-0.0110,-0.0073,-0.0024,-0.0073,-0.0073,-0.0073,-0.0220,-0.0110,-0.0110,-0.0024,-0.0024,-0.0220,-0.0073,-0.0073,-0.0073,-0.040,-0.013,0.021,-0.021,0.002,-0.007,-0.002,-0.042,-0.013,-0.013,0.007,0.007,-0.002,0.002,-0.002,-0.002,28.0,29.0,30.0,29.0,30.0,30.0,29.0,28.0,28.0,29.0,30.0,29.0,30.0,30.0,29.0,29.0
1790307704.997583,4.160,-0.00324,-0.03071,-0.00019,-0.00019,0.42973,0.00248,0.05207,0.00003,-3.12257,-3.05581,-1.49214,-0.11273,-1.26135,0.18254,0.07687,0.00028,-0.0110,-0.0110,-0.0073,-0.0024,-0.0073,-0.0073,-0.0073,-0.0220,-0.0110,-0.0110,-0.0024,-0.0024,-0.0220,-0.0073,-0.0073,-0.0073,-0.040,-0.013,0.021,-0.021,0.002,-0.007,-0.002,-0.042,-0.013,-0.013,0.007,0.007,-0.002,0.002,-0.002,-0.002,28.0,29.0,30.0,29.0,30.0,30.0,29.0,28.0,28.0,29.0,30.0,29.0,30.0,30.0,29.0,29.0
1790307705.007366,4.170,-0.00324,-0.03071,-0.00019,-0.00019,0.42973,0.00248,0.05207,0.00003,-3.12257,-3.05581,-1.49214,-0.11273,-1.26135,0.18254,0.07687,0.00028,-0.0110,-0.0110,-0.0073,-0.0024,-0.0073,-0.0073,-0.0073,-0.0220,-0.0110,-0.0110,-0.0024,-0.0024,-0.0220,-0.0073,-0.0073,-0.0073,-0.040,-0.013,0.021,-0.021,0.002,-0.007,-0.002,-0.042,-0.013,-0.013,0.007,0.007,-0.002,0.002,-0.002,-0.002,28.0,29.0,30.0,29.0,30.0,30.0,29.0,28.0,28.0,29.0,30.0,29.0,30.0,30.0,29.0,29.0
1790307705.017576,4.180,-0.00324,-0.03071,-0.00019,-0.00019,0.42973,0.00248,0.05207,0.00003,-3.12257,-3.05581,-1.49214,-0.11273,-1.26135,0.18254,0.07687,0.00028,-0.0110,-0.0110,-0.0073,-0.0024,-0.0073,-0.0073,-0.0073,0.0073,-0.0110,-0.0110,-0.0024,-0.0024,-0.0220,-0.0073,-0.0073,-0.0073,-0.040,-0.013,0.021,-0.021,0.002,-0.007,-0.002,-0.042,-0.013,-0.013,0.007,0.007,-0.002,0.002,-0.002,-0.002,28.0,29.0,30.0,29.0,30.0,30.0,29.0,28.0,28.0,29.0,30.0,29.0,30.0,30.0,29.0,29.0
1790307705.027414,4.190,-0.00286,-0.03071,-0.00019,-0.00019,0.42973,0.00248,0.05207,0.00003,-3.12257,-3.05581,-1.49214,-0.11273,-1.26135,0.18254,0.07687,0.00028,-0.0110,0.0110,-0.0024,-0.0024,-0.0073,0.0073,-0.0073,-0.0220,-0.0110,-0.0110,-0.0073,-0.0024,-0.0220,-0.0073,-0.0073,-0.0073,-0.040,-0.013,0.007,-0.021,-0.002,-0.007,-0.002,-0.037,-0.013,-0.013,0.007,-0.007,-0.002,0.002,-0.002,-0.002,28.0,29.0,30.0,29.0,30.0,30.0,29.0,28.0,28.0,29.0,30.0,29.0,30.0,30.0,29.0,29.0
1790307705.037580,4.200,-0.00286,-0.03071,-0.00019,-0.00019,0.42973,0.00248,0.05207,0.00003,-3.12257,-3.05581,-1.49214,-0.11273,-1.26135,0.18254,0.07687,0.00028,-0.0110,0.0110,-0.0024,-0.0024,-0.0073,0.0073,-0.0073,-0.0220,-0.0110,-0.0110,-0.0073,-0.0024,-0.0220,-0.0073,-0.0073,-0.0073,-0.040,-0.013,0.007,-0.021,-0.002,-0.007,-0.002,-0.037,-0.013,-0.013,0.007,-0.007,-0.002,0.002,-0.002,-0.002,28.0,29.0,30.0,29.0,30.0,30.0,29.0,28.0,28.0,29.0,30.0,29.0,30.0,30.0,29.0,29.0
1790307705.047365,4.210,-0.00286,-0.03071,-0.00019,-0.00019,0.42973,0.00248,0.05207,0.00003,-3.12257,-3.05581,-1.49214,-0.11273,-1.26135,0.18254,0.07687,0.00028,-0.0110,0.0110,-0.0024,-0.0024,-0.0073,0.0073,-0.0073,-0.0220,-0.0110,-0.0110,-0.0073,-0.0024,-0.0220,-0.0073,-0.0073,-0.0073,-0.040,-0.013,0.007,-0.021,-0.002,-0.007,-0.002,-0.037,-0.013,-0.013,0.007,-0.007,-0.002,0.002,-0.002,-0.002,28.0,29.0,30.0,29.0,30.0,30.0,29.0,28.0,28.0,29.0,30.0,29.0,30.0,30.0,29.0,29.0
1790307705.057544,4.220,-0.00286,-0.03071,-0.00019,-0.00019,0.42973,0.00248,0.05207,0.00003,-3.12257,-3.05581,-1.49214,-0.11273,-1.26135,0.18254,0.07687,0.00028,-0.0110,0.0110,-0.0024,-0.0024,-0.0073,0.0073,-0.0073,-0.0220,-0.0110,-0.0110,-0.0073,-0.0024,-0.0220,-0.0073,-0.0073,-0.0073,-0.040,-0.013,0.007,-0.021,-0.002,-0.007,-0.002,-0.037,-0.013,-0.013,0.007,-0.007,-0.002,0.002,-0.002,-0.002,28.0,29.0,30.0,29.0,30.0,30.0,29.0,28.0,28.0,29.0,30.0,29.0,30.0,30.0,29.0,29.0
1790307705.067463,4.230,-0.00286,-0.03071,-0.00019,-0.00019,0.42973,0.00248,0.05207,0.00003,-3.12257,-3.05581,-1.49214,-0.11273,-1.26135,0.18254,0.07687,0.00028,-0.0110,-0.0110,-0.0024,-0.0024,-0.0073,-0.0220,-0.0073,0.0073,-0.0110,-0.0110,-0.0024,0.0024,0.0073,-0.0073,-0.0073,-0.0073,-0.013,-0.013,0.007,-0.034,0.002,-0.007,-0.002,-0.046,-0.013,-0.013,0.007,0.007,-0.002,0.002,-0.007,-0.002,28.0,29.0,30.0,29.0,30.0,30.0,29.0,28.0,28.0,29.0,30.0,29.0,30.0,30.0,29.0,29.0
1790307705.077554,4.240,-0.00286,-0.03071,-0.00019,-0.00019,0.42973,0.00248,0.05207,0.00003,-3.12257,-3.05581,-1.49214,-0.11273,-1.26135,0.18254,0.07687,0.00028,-0.0110,-0.0110,-0.0024,-0.0024,-0.0073,-0.0220,-0.0073,0.0073,-0.0110,-0.0110,-0.0024,0.0024,0.0073,-0.0073,-0.0073,-0.0073,-0.013,-0.013,0.007,-0.034,0.002,-0.007,-0.002,-0.046,-0.013,-0.013,0.007,0.007,-0.002,0.002,-0.007,-0.002,28.0,29.0,30.0,29.0,30.0,30.0,29.0,28.0,28.0,29.0,30.0,29.0,30.0,30.0,29.0,29.0
1790307705.087371,4.250,-0.00286,-0.03071,-0.00019,-0.00019,0.42973,0.00248,0.05207,0.00003,-3.12257,-3.05581,-1.49214,-0.11273,-1.26135,0.18254,0.07687,0.00028,-0.0110,-0.0110,-0.0024,-0.0024,-0.0073,-0.0220,-0.0073,0.0073,-0.0110,-0.0110,-0.0024,0.0024,0.0073,-0.0073,-0.0073,-0.0073,-0.013,-0.013,0.007,-0.034,0.002,-0.007,-0.002,-0.046,-0.013,-0.013,0.007,0.007,-0.002,0.002,-0.007,-0.002,28.0,29.0,30.0,29.0,30.0,30.0,29.0,28.0,28.0,29.0,30.0,29.0,30.0,30.0,29.0,29.0
1790307705.097641,4.260,-0.00286,-0.03071,-0.00019,-0.00019,0.42973,0.00248,0.05207,0.00003,-3.12257,-3.05581,-1.49214,-0.11273,-1.26135,0.18254,0.07687,0.00028,-0.0110,-0.0110,-0.0024,-0.0024,-0.0073,-0.0220,-0.0073,0.0073,-0.0110,-0.0110,-0.0024,0.0024,0.0073,-0.0073,-0.0073,-0.0073,-0.013,-0.013,0.007,-0.034,0.002,-0.007,-0.002,-0.046,-0.013,-0.013,0.007,0.007,-0.002,0.002,-0.007,-0.002,28.0,29.0,30.0,29.0,30.0,30.0,29.0,28.0,28.0,29.0,30.0,29.0,30.0,30.0,29.0,29.0
1790307705.107415,4.270,-0.00286,-0.03071,-0.00019,-0.00019,0.42973,0.00248,0.05207,0.00003,-3.12257,-3.05581,-1.49214,-0.11273,-1.26135,0.18254,0.07687,0.00028,-0.0110,-0.0110,-0.0073,-0.0024,-0.0073,-0.0073,-0.0073,-0.0073,0.0110,0.0110,-0.0024,-0.0024,-0.0220,0.0073,-0.0366,-0.0073,-0.040,-0.013,0.021,-0.021,0.002,-0.007,-0.002,-0.046,-0.013,-0.013,0.007,0.007,-0.002,0.002,-0.007,-0.002,28.0,29.0,30.0,29.0,30.0,30.0,29.0,28.0,28.0,29.0,30.0,29.0,30.0,30.0,29.0,29.0
1790307705.117609,4.280,-0.00286,-0.03071,-0.00019,-0.00019,0.42973,0.00248,0.05207,0.00003,-3.12257,-3.05581,-1.49214,-0.11273,-1.26135,0.18254,0.07687,0.00028,-0.0110,-0.0110,-0.0073,-0.0024,-0.0073,-0.0073,-0.0073,-0.0073,0.0110,0.0110,-0.0024,-0.0024,-0.0220,0.0073,-0.0366,0.0073,-0.040,-0.013,0.021,-0.021,0.002,-0.007,-0.002,-0.046,-0.013,-0.013,0.007,0.007,-0.002,0.002,-0.007,-0.002,28.0,29.0,30.0,29.0,30.0,30.0,29.0,28.0,28.0,29.0,30.0,29.0,30.0,30.0,29.0,29.0
1790307705.127850,4.290,-0.00286,-0.03071,-0.00019,-0.00019,0.42973,0.00248,0.05207,0.00003,-3.12257,-3.05581,-1.49214,-0.11273,-1.26135,0.18254,0.07687,0.00028,-0.0110,-0.0110,-0.0073,-0.0024,-0.0073,-0.0073,-0.0073,-0.0073,0.0110,0.0110,-0.0024,-0.0024,-0.0220,0.0073,-0.0366,0.0073,-0.040,-0.013,0.021,-0.021,0.002,-0.007,-0.002,-0.046,-0.013,-0.013,0.007,0.007,-0.002,0.002,-0.007,-0.002,28.0,29.0,30.0,29.0,30.0,30.0,29.0,28.0,28.0,29.0,30.0,29.0,30.0,30.0,29.0,29.0
1790307705.137927,4.300,-0.00286,-0.03071,-0.00019,-0.00019,0.42973,0.00248,0.05207,0.00003,-3.12257,-3.05581,-1.49214,-0.11273,-1.26135,0.18254,0.07687,0.00028,-0.0110,-0.0110,-0.0073,-0.0024,-0.0073,-0.0073,-0.0073,-0.0073,0.0110,0.0110,-0.0024,-0.0024,-0.0220,0.0073,-0.0366,0.0073,-0.040,-0.013,0.021,-0.021,0.002,-0.007,-0.002,-0.046,-0.013,-0.013,0.007,0.007,-0.002,0.002,-0.007,-0.002,28.0,29.0,30.0,29.0,30.0,30.0,29.0,28.0,28.0,29.0,30.0,29.0,30.0,30.0,29.0,29.0
1790307705.147385,4.310,-0.00286,-0.03071,-0.00019,-0.00019,0.42973,0.00248,0.05207,0.00003,-3.12257,-3.05581,-1.49214,-0.11311,-1.26135,0.18254,0.07687,0.00028,-0.0110,-0.0110,-0.0024,-0.0024,-0.0220,-0.0073,-0.0073,-0.0073,-0.0110,-0.0110,-0.0024,-0.0024,0.0073,-0.0073,-0.0073,-0.0073,-0.013,-0.013,0.007,-0.021,0.002,-0.007,-0.002,-0.042,-0.013,-0.013,0.007,0.007,-0.002,0.002,-0.007,-0.002,28.0,29.0,30.0,29.0,30.0,30.0,29.0,28.0,28.0,29.0,30.0,29.0,30.0,30.0,29.0,29.0
1790307705.157581,4.320,-0.00286,-0.03071,-0.00019,-0.00019,0.42973,0.00248,0.05207,0.00003,-3.12257,-3.05581,-1.49214,-0.11311,-1.26135,0.18254,0.07687,0.00028,-0.0110,-0.0110,-0.0024,-0.0024,-0.0220,-0.0073,-0.0073,-0.0073,-0.0110,-0.0110,-0.0024,-0.0024,0.0073,-0.0073,-0.0073,-0.0073,-0.013,-0.013,0.007,-0.021,0.002,-0.007,-0.002,-0.042,-0.013,-0.013,0.007,0.007,-0.002,0.002,-0.007,-0.002,28.0,29.0,30.0,29.0,30.0,30.0,29.0,28.0,28.0,29.0,30.0,29.0,30.0,30.0,29.0,29.0
1790307705.167395,4.330,-0.00286,-0.03071,-0.00019,-0.00019,0.42973,0.00248,0.05207,0.00003,-3.12257,-3.05581,-1.49214,-0.11311,-1.26135,0.18254,0.07687,0.00028,-0.0110,-0.0110,-0.0024,-0.0024,-0.0220,-0.0073,-0.0073,-0.0073,-0.0110,-0.0110,-0.0024,-0.0024,0.0073,-0.0073,-0.0073,0.0073,-0.013,-0.013,0.007,-0.021,0.002,-0.007,-0.002,-0.046,-0.013,-0.013,0.007,0.007,-0.002,0.002,-0.007,-0.002,28.0,29.0,30.0,29.0,30.0,30.0,29.0,28.0,28.0,29.0,30.0,29.0,30.0,30.0,29.0,29.0
1790307705.177566,4.340,-0.00286,-0.03071,-0.00019,-0.00019,0.42973,0.00248,0.05207,0.00003,-3.12257,-3.05581,-1.49214,-0.11311,-1.26135,0.18254,0.07687,0.00028,-0.0110,-0.0110,-0.0024,-0.0024,-0.0220,-0.0073,-0.0073,-0.0073,-0.0110,-0.0110,-0.0024,-0.0024,0.0073,-0.0073,-0.0073,0.0073,-0.013,-0.013,0.007,-0.021,0.002,-0.007,-0.002,-0.046,-0.013,-0.013,0.007,0.007,-0.002,0.002,-0.007,-0.002,28.0,29.0,30.0,29.0,30.0,30.0,29.0,28.0,28.0,29.0,30.0,29.0,30.0,30.0,29.0,29.0
1790307705.187396,4.350,-0.00286,-0.03071,-0.00019,-0.00019,0.42973,0.00248,0.05207,0.00003,-3.12257,-3.05581,-1.49214,-0.11273,-1.26135,0.18254,0.07687,0.00028,-0.0110,-0.0110,-0.0024,0.0024,-0.0220,-0.0220,-0.0073,0.0073,-0.0110,-0.0110,-0.0024,-0.0024,-0.0073,-0.0073,-0.0073,-0.0073,-0.013,-0.013,0.007,-0.021,0.002,-0.007,-0.002,-0.046,-0.013,-0.013,0.007,-0.007,-0.002,0.002,-0.007,-0.002,28.0,29.0,30.0,29.0,30.0,30.0,29.0,28.0,28.0,29.0,30.0,29.0,30.0,30.0,29.0,29.0
1790307705.197650,4.360,-0.00286,-0.03071,-0.00019,-0.00019,0.42973,0.00248,0.05207,0.00003,-3.12257,-3.05581,-1.49214,-0.11273,-1.26135,0.18254,0.07687,0.00028,-0.0110,-0.0110,-0.0024,0.0024,-0.0220,-0.0073,-0.0073,0.0073,-0.0110,-0.0110,-0.0024,-0.0024,-0.0073,-0.0073,0.0073,-0.0073,-0.013,-0.013,0.007,-0.021,0.002,-0.007,-0.002,-0.046,-0.013,-0.013,0.007,-0.007,-0.002,0.002,-0.007,-0.002,28.0,29.0,30.0,29.0,30.0,30.0,29.0,28.0,28.0,29.0,30.0,29.0,30.0,30.0,29.0,29.0
1790307705.207423,4.370,-0.00286,-0.03071,-0.00019,-0.00019,0.42973,0.00248,0.05207,0.00003,-3.12257,-3.05581,-1.49214,-0.11273,-1.26135,0.18254,0.07687,0.00028,-0.0110,-0.0110,-0.0024,0.0024,-0.0220,-0.0073,-0.0073,0.0073,-0.0110,-0.0110,-0.0024,-0.0024,-0.0073,-0.0073,0.0073,-0.0073,-0.013,-0.013,0.007,-0.021,0.002,-0.007,-0.002,-0.046,-0.013,-0.013,0.007,-0.007,-0.002,0.002,-0.007,-0.002,28.0,29.0,30.0,29.0,30.0,30.0,29.0,28.0,28.0,29.0,30.0,29.0,30.0,30.0,29.0,29.0
1790307705.217378,4.380,-0.00286,-0.03071,-0.00019,-0.00019,0.42973,0.00248,0.05207,0.00003,-3.12257,-3.05581,-1.49214,-0.11273,-1.26135,0.18254,0.07687,0.00028,-0.0110,-0.0110,-0.0024,0.0024,-0.0220,-0.0073,-0.0073,-0.0073,-0.0110,-0.0110,-0.0024,-0.0024,-0.0073,-0.0073,0.0073,-0.0220,-0.013,-0.013,0.007,-0.021,0.002,-0.007,-0.002,-0.046,-0.013,-0.013,0.007,-0.007,-0.002,0.002,-0.007,-0.007,28.0,29.0,30.0,29.0,30.0,30.0,29.0,28.0,28.0,29.0,30.0,29.0,30.0,30.0,29.0,29.0
1790307705.227485,4.390,-0.00286,-0.03071,-0.00019,-0.00019,0.42973,0.00248,0.05207,0.00003,-3.12257,-3.05581,-1.49214,-0.11273,-1.26135,0.18254,0.07687,0.00028,-0.0110,-0.0330,-0.0024,-0.0024,-0.0220,-0.0073,-0.0073,-0.0220,-0.0110,-0.0110,-0.0024,-0.0024,0.0073,-0.0073,0.0073,-0.0073,-0.040,-0.013,0.007,-0.021,0.002,-0.007,-0.002,-0.042,-0.013,-0.013,0.007,0.007,0.002,0.002,-0.007,-0.007,28.0,29.0,30.0,29.0,30.0,30.0,29.0,28.0,28.0,29.0,30.0,29.0,30.0,30.0,29.0,29.0
1790307705.237472,4.400,-0.00286,-0.03071,-0.00019,-0.00019,0.42973,0.00248,0.05207,0.00003,-3.12257,-3.05581,-1.49214,-0.11273,-1.26135,0.18254,0.07687,0.00028,-0.0110,-0.0330,-0.0024,-0.0024,-0.0220,-0.0073,-0.0073,-0.0220,-0.0110,-0.0110,-0.0024,-0.0024,0.0073,-0.0220,-0.0220,-0.0073,-0.040,-0.013,0.007,-0.021,0.002,-0.007,-0.002,-0.042,-0.013,-0.013,0.007,0.007,0.002,-0.002,-0.007,-0.007,28.0,29.0,30.0,29.0,30.0,30.0,29.0,28.0,28.0,29.0,30.0,29.0,30.0,30.0,29.0,29.0
1790307705.248260,4.411,-0.00286,-0.03071,-0.00019,-0.00019,0.42973,0.00248,0.05207,0.00003,-3.12257,-3.05581,-1.49214,-0.11273,-1.26135,0.18254,0.07687,0.00028,-0.0110,-0.0330,-0.0024,-0.0024,-0.0220,-0.0073,-0.0073,-0.0220,-0.0110,-0.0110,-0.0024,-0.0024,0.0073,-0.0220,-0.0220,-0.0073,-0.040,-0.013,0.007,-0.021,0.002,-0.007,-0.002,-0.042,-0.013,-0.013,0.007,0.007,0.002,-0.002,-0.007,-0.007,28.0,29.0,30.0,29.0,30.0,30.0,29.0,28.0,28.0,29.0,30.0,29.0,30.0,30.0,29.0,29.0
1790307705.258064,4.420,-0.00286,-0.03071,-0.00019,-0.00019,0.42973,0.00248,0.05207,0.00003,-3.12257,-3.05581,-1.49214,-0.11273,-1.26135,0.18254,0.07687,0.00028,-0.0110,-0.0330,-0.0024,-0.0024,-0.0220,-0.0073,-0.0073,-0.0220,-0.0110,-0.0110,-0.0024,-0.0024,0.0073,-0.0220,-0.0220,-0.0073,-0.040,-0.013,0.007,-0.021,0.002,-0.007,-0.002,-0.042,-0.013,-0.013,0.007,0.007,0.002,-0.002,-0.007,-0.007,28.0,29.0,30.0,29.0,30.0,30.0,29.0,28.0,28.0,29.0,30.0,29.0,30.0,30.0,29.0,29.0
1790307705.268244,4.431,-0.00324,-0.03071,-0.00019,-0.00019,0.42973,0.00248,0.05207,0.00003,-3.12257,-3.05581,-1.49214,-0.11273,-1.26135,0.18254,0.07687,0.00028,-0.0110,-0.0330,-0.0024,-0.0024,-0.0220,-0.0073,-0.0073,-0.0220,-0.0110,-0.0110,-0.0024,-0.0024,0.0073,-0.0220,-0.0220,0.0073,-0.013,-0.013,0.007,-0.021,0.002,-0.007,-0.002,-0.042,-0.013,-0.013,0.007,0.007,0.002,-0.002,-0.007,-0.007,28.0,29.0,30.0,29.0,30.0,30.0,29.0,28.0,28.0,29.0,30.0,29.0,30.0,30.0,29.0,29.0
1790307705.278004,4.440,-0.00324,-0.03071,-0.00019,-0.00019,0.42973,0.00248,0.05207,0.00003,-3.12257,-3.05581,-1.49214,-0.11273,-1.26135,0.18254,0.07687,0.00028,-0.0110,-0.0330,-0.0024,-0.0073,-0.0073,-0.0220,-0.0073,-0.0220,-0.0110,-0.0330,-0.0024,-0.0024,-0.0220,-0.0073,-0.0220,0.0073,-0.013,-0.013,0.007,-0.021,-0.002,-0.007,-0.002,-0.042,-0.013,-0.013,0.007,0.007,-0.002,0.002,-0.007,-0.007,28.0,29.0,30.0,29.0,30.0,30.0,29.0,28.0,28.0,29.0,30.0,29.0,30.0,30.0,29.0,29.0
1790307705.288235,4.451,-0.00324,-0.03071,-0.00019,-0.00019,0.42973,0.00248,0.05207,0.00003,-3.12257,-3.05581,-1.49214,-0.11273,-1.26135,0.18254,0.07687,0.00028,-0.0110,-0.0330,-0.0024,-0.0073,-0.0073,-0.0220,-0.0073,-0.0220,-0.0110,-0.0330,-0.0024,-0.0024,-0.0220,-0.0073,-0.0220,0.0073,-0.013,-0.013,0.007,-0.021,-0.002,-0.007,-0.002,-0.042,-0.013,-0.013,0.007,0.007,-0.002,0.002,-0.007,-0.007,28.0,29.0,30.0,29.0,30.0,30.0,29.0,28.0,28.0,29.0,30.0,29.0,30.0,30.0,29.0,29.0
1790307705.298015,4.460,-0.00324,-0.03071,-0.00019,-0.00019,0.42973,0.00248,0.05207,0.00003,-3.12257,-3.05581,-1.49214,-0.11273,-1.26135,0.18254,0.07687,0.00028,-0.0110,-0.0330,-0.0024,-0.0073,-0.0073,-0.0220,-0.0073,-0.0220,-0.0110,-0.0330,-0.0024,-0.0024,-0.0220,-0.0073,-0.0220,0.0073,-0.013,-0.013,0.007,-0.021,-0.002,-0.007,-0.002,-0.042,-0.013,-0.013,0.007,0.007,-0.002,0.002,-0.007,-0.007,28.0,29.0,30.0,29.0,30.0,30.0,29.0,28.0,28.0,29.0,30.0,29.0,30.0,30.0,29.0,29.0
1790307705.308237,4.471,-0.00324,-0.03071,-0.00019,-0.00019,0.42973,0.00248,0.05207,0.00003,-3.12257,-3.05581,-1.49214,-0.11273,-1.26135,0.18254,0.07687,0.00028,-0.0110,-0.0330,-0.0024,-0.0073,-0.0073,-0.0220,-0.0073,-0.0220,-0.0110,-0.0330,-0.0024,-0.0024,-0.0220,-0.0073,-0.0220,0.0073,-0.013,-0.013,0.007,-0.021,-0.002,-0.007,-0.002,-0.042,-0.013,-0.013,0.007,0.007,-0.002,0.002,-0.007,-0.007,28.0,29.0,30.0,29.0,30.0,30.0,29.0,28.0,28.0,29.0,30.0,29.0,30.0,30.0,29.0,29.0
1790307705.318068,4.480,-0.00324,-0.03071,-0.00019,-0.00019,0.42973,0.00248,0.05207,0.00003,-3.12257,-3.05581,-1.49214,-0.11311,-1.26135,0.18254,0.07687,0.00028,-0.0110,0.0110,-0.0024,-0.0024,-0.0073,-0.0220,0.0073,0.0073,-0.0110,-0.0110,-0.0024,-0.0024,-0.0073,0.0073,0.0073,-0.0073,-0.040,-0.013,0.007,-0.021,0.002,-0.007,-0.002,-0.042,-0.013,-0.013,0.007,-0.007,-0.002,0.002,-0.007,-0.002,28.0,29.0,30.0,29.0,30.0,30.0,29.0,28.0,28.0,29.0,30.0,29.0,30.0,30.0,29.0,29.0
1790307705.327380,4.490,-0.00324,-0.03071,-0.00019,-0.00019,0.42973,0.00248,0.05207,0.00003,-3.12257,-3.05581,-1.49214,-0.11311,-1.26135,0.18254,0.07687,0.00030,-0.0110,0.0110,-0.0024,-0.0024,-0.0073,-0.0220,0.0073,0.0073,-0.0110,-0.0110,-0.0024,-0.0024,-0.0073,0.0073,0.0073,-0.0220,-0.040,-0.013,0.007,-0.021,0.002,-0.007,-0.002,-0.046,-0.013,-0.013,0.007,-0.007,-0.002,0.002,-0.007,-0.007,28.0,29.0,30.0,29.0,30.0,30.0,29.0,28.0,28.0,29.0,30.0,29.0,30.0,30.0,29.0,29.0
1790307705.337566,4.500,-0.00324,-0.03071,-0.00019,-0.00019,0.42973,0.00248,0.05207,0.00003,-3.12257,-3.05581,-1.49214,-0.11311,-1.26135,0.18254,0.07687,0.00030,-0.0110,0.0110,-0.0024,-0.0024,-0.0073,-0.0220,0.0073,0.0073,-0.0110,-0.0110,-0.0024,-0.0024,-0.0073,0.0073,0.0073,-0.0220,-0.040,-0.013,0.007,-0.021,0.002,-0.007,-0.002,-0.046,-0.013,-0.013,0.007,-0.007,-0.002,0.002,-0.007,-0.007,28.0,29.0,30.0,29.0,30.0,30.0,29.0,28.0,28.0,29.0,30.0,29.0,30.0,30.0,29.0,29.0
1790307705.347386,4.510,-0.00324,-0.03071,-0.00019,-0.00019,0.42973,0.00248,0.05207,0.00003,-3.12257,-3.05581,-1.49214,-0.11311,-1.26135,0.18254,0.07687,0.00030,-0.0110,0.0110,-0.0024,-0.0024,-0.0073,-0.0220,0.0073,0.0073,-0.0110,-0.0110,-0.0024,-0.0024,-0.0073,0.0073,0.0073,-0.0220,-0.040,-0.013,0.007,-0.021,0.002,-0.007,-0.002,-0.046,-0.013,-0.013,0.007,-0.007,-0.002,0.002,-0.007,-0.007,28.0,29.0,30.0,29.0,30.0,30.0,29.0,28.0,28.0,29.0,30.0,29.0,30.0,30.0,29.0,29.0
1790307705.357575,4.520,-0.00324,-0.03071,-0.00019,-0.00019,0.42973,0.00248,0.05207,0.00003,-3.12257,-3.05581,-1.49214,-0.11273,-1.26135,0.18254,0.07687,0.00028,-0.0110,-0.0330,-0.0024,-0.0024,-0.0073,-0.0073,-0.0073,0.0073,-0.0110,0.0110,-0.0024,-0.0024,0.0073,-0.0073,-0.0073,-0.0220,-0.013,-0.013,0.007,-0.021,0.002,-0.007,0.002,-0.042,-0.013,-0.013,-0.007,-0.007,-0.002,0.002,-0.002,-0.007,28.0,29.0,30.0,29.0,30.0,30.0,29.0,28.0,28.0,29.0,30.0,29.0,30.0,30.0,29.0,29.0
1790307705.367383,4.530,-0.00324,-0.03071,-0.00019,-0.00019,0.42973,0.00248,0.05207,0.00003,-3.12257,-3.05581,-1.49214,-0.11273,-1.26135,0.18254,0.07687,0.00028,-0.0110,-0.0330,-0.0024,-0.0024,-0.0073,-0.0073,-0.0073,0.0073,-0.0110,0.0110,-0.0024,-0.0024,0.0073,-0.0073,-0.0073,-0.0220,-0.013,-0.013,0.007,-0.021,0.002,-0.007,0.002,-0.042,-0.013,-0.013,-0.007,-0.007,-0.002,0.002,-0.002,-0.007,28.0,29.0,30.0,29.0,30.0,30.0,29.0,28.0,28.0,29.0,30.0,29.0,30.0,30.0,29.0,29.0
1790307705.377581,4.540,-0.00324,-0.03071,-0.00019,-0.00019,0.42973,0.00248,0.05207,0.00003,-3.12257,-3.05581,-1.49214,-0.11273,-1.26135,0.18254,0.07687,0.00028,-0.0110,-0.0330,-0.0024,-0.0024,-0.0073,-0.0073,-0.0073,0.0073,-0.0110,0.0110,-0.0024,-0.0024,0.0073,-0.0073,-0.0073,0.0073,-0.013,-0.013,0.007,-0.021,0.002,-0.007,0.002,-0.042,-0.013,-0.013,-0.007,-0.007,-0.002,0.002,-0.002,-0.007,28.0,29.0,30.0,29.0,30.0,30.0,29.0,28.0,28.0,29.0,30.0,29.0,30.0,30.0,29.0,29.0
1790307705.387373,4.550,-0.00324,-0.03071,-0.00019,-0.00019,0.42973,0.00248,0.05207,0.00003,-3.12257,-3.05581,-1.49214,-0.11273,-1.26135,0.18254,0.07687,0.00028,-0.0110,-0.0330,-0.0024,-0.0024,-0.0073,-0.0073,-0.0073,0.0073,-0.0110,0.0110,-0.0024,-0.0024,0.0073,-0.0073,-0.0073,0.0073,-0.013,-0.013,0.007,-0.021,0.002,-0.007,0.002,-0.042,-0.013,-0.013,-0.007,-0.007,-0.002,0.002,-0.002,-0.007,28.0,29.0,30.0,29.0,30.0,30.0,29.0,28.0,28.0,29.0,30.0,29.0,30.0,30.0,29.0,29.0
1790307705.397565,4.560,-0.00324,-0.03071,-0.00019,-0.00019,0.42973,0.00210,0.05207,0.00003,-3.12257,-3.05581,-1.49214,-0.11273,-1.26135,0.18254,0.07687,0.00028,-0.0110,-0.0110,-0.0073,-0.0024,-0.0073,-0.0073,-0.0073,0.0073,-0.0330,-0.0110,-0.0024,-0.0024,0.0073,0.0073,0.0073,0.0073,-0.040,-0.013,0.007,-0.021,-0.002,-0.007,-0.007,-0.042,-0.013,-0.013,0.007,0.007,-0.002,0.002,-0.007,-0.007,28.0,29.0,30.0,29.0,30.0,30.0,29.0,28.0,28.0,29.0,30.0,29.0,30.0,30.0,29.0,29.0
1790307705.407374,4.570,-0.00324,-0.03071,-0.00019,-0.00019,0.42973,0.00210,0.05207,0.00003,-3.12257,-3.05581,-1.49214,-0.11273,-1.26135,0.18254,0.07687,0.00028,-0.0110,-0.0110,-0.0073,-0.0024,-0.0073,-0.0073,-0.0073,0.0073,-0.0330,-0.0110,-0.0024,-0.0024,0.0073,0.0073,0.0073,0.0073,-0.040,-0.013,0.007,-0.021,-0.002,-0.007,-0.007,-0.042,-0.013,-0.013,0.007,0.007,-0.002,0.002,-0.007,-0.007,28.0,29.0,30.0,29.0,30.0,30.0,29.0,28.0,28.0,29.0,30.0,29.0,30.0,30.0,29.0,29.0
1790307705.417559,4.580,-0.00324,-0.03071,-0.00019,-0.00019,0.42973,0.00210,0.05207,0.00003,-3.12257,-3.05581,-1.49214,-0.11273,-1.26135,0.18254,0.07687,0.00028,-0.0110,-0.0110,-0.0073,-0.0024,-0.0073,-0.0073,-0.0073,0.0073,-0.0330,-0.0110,-0.0024,-0.0024,0.0073,0.0073,0.0073,0.0073,-0.040,-0.013,0.007,-0.021,-0.002,-0.007,-0.007,-0.042,-0.013,-0.013,0.007,0.007,-0.002,0.002,-0.007,-0.007,28.0,29.0,30.0,29.0,30.0,30.0,29.0,28.0,28.0,29.0,30.0,29.0,30.0,30.0,29.0,29.0
1790307705.427382,4.590,-0.00324,-0.03071,-0.00019,-0.00019,0.42973,0.00210,0.05207,0.00003,-3.12257,-3.05581,-1.49214,-0.11273,-1.26135,0.18254,0.07687,0.00030,-0.0110,-0.0110,-0.0073,-0.0024,-0.0073,-0.0073,-0.0073,-0.0073,-0.0330,-0.0110,-0.0024,-0.0024,0.0073,0.0073,0.0073,-0.0366,-0.040,-0.013,0.007,-0.021,-0.002,-0.007,-0.007,-0.042,-0.013,-0.013,0.007,0.007,-0.002,0.002,-0.007,-0.002,28.0,29.0,30.0,29.0,30.0,30.0,29.0,28.0,28.0,29.0,30.0,29.0,30.0,30.0,29.0,29.0
1790307705.437563,4.600,-0.00286,-0.03071,-0.00019,-0.00019,0.42973,0.00248,0.05207,0.00003,-3.12257,-3.05581,-1.49214,-0.11273,-1.26135,0.18254,0.07687,0.00030,-0.0110,-0.0110,-0.0073,-0.0024,-0.0220,0.0073,-0.0073,-0.0073,-0.0110,-0.0330,-0.0024,-0.0024,0.0073,-0.0073,-0.0073,-0.0073,-0.040,-0.013,0.007,-0.021,-0.002,-0.007,-0.002,-0.042,-0.013,-0.013,0.007,0.007,-0.002,0.002,-0.007,-0.002,28.0,29.0,30.0,29.0,30.0,30.0,29.0,28.0,28.0,29.0,30.0,29.0,30.0,30.0,29.0,29.0
1790307705.447380,4.610,-0.00286,-0.03071,-0.00019,-0.00019,0.42973,0.00248,0.05207,0.00003,-3.12257,-3.05581,-1.49214,-0.11273,-1.26135,0.18254,0.07687,0.00030,-0.0110,-0.0110,-0.0073,-0.0024,-0.0220,0.0073,-0.0073,-0.0073,-0.0110,-0.0330,-0.0024,-0.0024,0.0073,-0.0073,-0.0073,-0.0073,-0.040,-0.013,0.007,-0.021,-0.002,-0.007,-0.002,-0.042,-0.013,-0.013,0.007,0.007,-0.002,0.002,-0.007,-0.002,28.0,29.0,30.0,29.0,30.0,30.0,29.0,28.0,28.0,29.0,30.0,29.0,30.0,30.0,29.0,29.0
1790307705.457632,4.620,-0.00286,-0.03071,-0.00019,-0.00019,0.42973,0.00248,0.05207,0.00003,-3.12257,-3.05581,-1.49214,-0.11273,-1.26135,0.18254,0.07687,0.00030,-0.0110,-0.0110,-0.0073,-0.0024,-0.0220,0.0073,-0.0073,-0.0073,-0.0110,-0.0330,-0.0024,-0.0024,0.0073,-0.0073,-0.0073,-0.0073,-0.040,-0.013,0.007,-0.021,-0.002,-0.007,-0.002,-0.042,-0.013,-0.013,0.007,0.007,-0.002,0.002,-0.007,-0.002,28.0,29.0,30.0,29.0,30.0,30.0,29.0,28.0,28.0,29.0,30.0,29.0,30.0,30.0,29.0,29.0
1790307705.467418,4.630,-0.00286,-0.03071,-0.00019,-0.00019,0.42973,0.00248,0.05207,0.00003,-3.12257,-3.05581,-1.49214,-0.11273,-1.26135,0.18254,0.07687,0.00030,-0.0110,-0.0110,-0.0073,-0.0024,-0.0220,0.0073,-0.0073,-0.0073,-0.0110,-0.0330,-0.0024,-0.0024,0.0073,-0.0073,-0.0073,-0.0073,-0.040,-0.013,0.007,-0.021,-0.002,-0.007,-0.002,-0.042,-0.013,-0.013,0.007,0.007,-0.002,0.002,-0.007,-0.002,28.0,29.0,30.0,29.0,30.0,30.0,29.0,28.0,28.0,29.0,30.0,29.0,30.0,30.0,29.0,29.0
1790307705.477606,4.640,-0.00286,-0.03071,-0.00019,-0.00019,0.42973,0.00248,0.05207,0.00003,-3.12257,-3.05581,-1.49214,-0.11273,-1.26135,0.18254,0.07687,0.00028,-0.0110,-0.0110,-0.0024,-0.0024,-0.0220,0.0073,-0.0073,-0.0073,-0.0330,-0.0110,-0.0024,-0.0024,0.0073,-0.0073,-0.0073,0.0073,-0.013,-0.013,0.007,-0.021,-0.002,-0.007,-0.002,-0.042,-0.013,-0.013,0.007,0.007,-0.002,0.002,-0.007,-0.007,28.0,29.0,30.0,29.0,30.0,30.0,29.0,28.0,28.0,29.0,30.0,29.0,30.0,30.0,29.0,29.0
1790307705.487478,4.650,-0.00286,-0.03071,-0.00019,-0.00019,0.42973,0.00248,0.05207,0.00003,-3.12257,-3.05581,-1.49214,-0.11273,-1.26135,0.18254,0.07687,0.00028,-0.0110,-0.0110,-0.0024,-0.0024,-0.0220,-0.0073,-0.0073,-0.0073,-0.0330,-0.0110,-0.0024,-0.0024,-0.0073,-0.0073,-0.0220,0.0073,-0.013,-0.013,0.007,-0.021,0.002,-0.007,-0.002,-0.042,-0.013,-0.013,0.007,0.007,-0.002,0.002,-0.002,-0.007,28.0,29.0,30.0,29.0,30.0,30.0,29.0,28.0,28.0,29.0,30.0,29.0,30.0,30.0,29.0,29.0
1790307705.497659,4.660,-0.00286,-0.03071,-0.00019,-0.00019,0.42973,0.00248,0.05207,0.00003,-3.12257,-3.05581,-1.49214,-0.11273,-1.26135,0.18254,0.07687,0.00028,-0.0110,-0.0110,-0.0024,-0.0024,-0.0220,-0.0073,-0.0073,-0.0073,-0.0330,-0.0110,-0.0024,-0.0024,-0.0073,-0.0073,-0.0220,0.0073,-0.013,-0.013,0.007,-0.021,0.002,-0.007,-0.002,-0.042,-0.013,-0.013,0.007,0.007,-0.002,0.002,-0.002,-0.007,28.0,29.0,30.0,29.0,30.0,30.0,29.0,28.0,28.0,29.0,30.0,29.0,30.0,30.0,29.0,29.0
1790307705.507962,4.670,-0.00286,-0.03071,-0.00019,-0.00019,0.42973,0.00248,0.05207,0.00003,-3.12257,-3.05581,-1.49214,-0.11273,-1.26135,0.18254,0.07687,0.00028,-0.0110,-0.0110,-0.0024,-0.0024,-0.0220,-0.0073,-0.0073,-0.0073,-0.0330,-0.0110,-0.0024,-0.0024,-0.0073,-0.0073,-0.0220,0.0073,-0.013,-0.013,0.007,-0.021,0.002,-0.007,-0.002,-0.042,-0.013,-0.013,0.007,0.007,-0.002,0.002,-0.002,-0.007,28.0,29.0,30.0,29.0,30.0,30.0,29.0,28.0,28.0,29.0,30.0,29.0,30.0,30.0,29.0,29.0
1790307705.517703,4.680,-0.00324,-0.03071,-0.00019,-0.00019,0.42973,0.00248,0.05207,0.00003,-3.12257,-3.05581,-1.49214,-0.11311,-1.26135,0.18254,0.07687,0.00028,-0.0110,-0.0110,-0.0024,0.0024,-0.0073,-0.0220,-0.0073,-0.0073,-0.0110,-0.0110,-0.0024,-0.0024,-0.0220,0.0073,-0.0220,-0.0073,-0.040,-0.013,0.007,-0.021,0.002,-0.007,-0.002,-0.042,-0.013,-0.013,0.007,0.007,-0.002,0.002,-0.002,-0.007,28.0,29.0,30.0,29.0,30.0,30.0,29.0,28.0,28.0,29.0,30.0,29.0,30.0,30.0,29.0,29.0
1790307705.528197,4.691,-0.00324,-0.03071,-0.00019,-0.00019,0.42973,0.00248,0.05207,0.00003,-3.12257,-3.05581,-1.49214,-0.11311,-1.26135,0.18254,0.07687,0.00028,-0.0110,-0.0110,-0.0024,0.0024,-0.0073,-0.0220,-0.0073,-0.0073,-0.0110,-0.0110,-0.0024,-0.0024,-0.0220,0.0073,-0.0366,-0.0073,-0.040,-0.013,0.007,-0.021,0.002,-0.007,-0.002,-0.042,-0.013,-0.013,0.007,0.007,-0.002,0.002,-0.007,-0.007,28.0,29.0,30.0,29.0,30.0,30.0,29.0,28.0,28.0,29.0,30.0,29.0,30.0,30.0,29.0,29.0
1790307705.538094,4.700,-0.00324,-0.03071,-0.00019,-0.00019,0.42973,0.00248,0.05207,0.00003,-3.12257,-3.05581,-1.49214,-0.11311,-1.26135,0.18254,0.07687,0.00028,-0.0110,-0.0110,-0.0024,0.0024,-0.0073,-0.0220,-0.0073,-0.0073,-0.0110,-0.0110,-0.0024,-0.0024,-0.0220,0.0073,-0.0366,-0.0073,-0.040,-0.013,0.007,-0.021,0.002,-0.007,-0.002,-0.042,-0.013,-0.013,0.007,0.007,-0.002,0.002,-0.007,-0.007,28.0,29.0,30.0,29.0,30.0,30.0,29.0,28.0,28.0,29.0,30.0,29.0,30.0,30.0,29.0,29.0
1790307705.548190,4.711,-0.00324,-0.03071,-0.00019,-0.00019,0.42973,0.00248,0.05207,0.00003,-3.12257,-3.05581,-1.49214,-0.11311,-1.26135,0.18254,0.07687,0.00028,-0.0110,-0.0110,-0.0024,0.0024,-0.0073,-0.0220,-0.0073,-0.0073,-0.0110,-0.0110,-0.0024,-0.0024,-0.0220,0.0073,-0.0366,-0.0073,-0.040,-0.013,0.007,-0.021,0.002,-0.007,-0.002,-0.042,-0.013,-0.013,0.007,0.007,-0.002,0.002,-0.007,-0.007,28.0,29.0,30.0,29.0,30.0,30.0,29.0,28.0,28.0,29.0,30.0,29.0,30.0,30.0,29.0,29.0
1790307705.557591,4.720,-0.00324,-0.03071,-0.00019,-0.00019,0.42973,0.00248,0.05207,0.00003,-3.12257,-3.05581,-1.49214,-0.11311,-1.26135,0.18254,0.07687,0.00028,-0.0110,-0.0110,-0.0073,-0.0024,-0.0073,-0.0220,-0.0073,-0.0073,-0.0110,0.0110,-0.0073,-0.0024,-0.0220,0.0073,-0.0366,-0.0073,-0.040,-0.013,0.007,-0.021,0.002,-0.007,-0.002,-0.037,-0.013,-0.013,-0.007,0.007,-0.002,0.002,-0.007,-0.007,28.0,29.0,30.0,29.0,30.0,30.0,29.0,28.0,28.0,29.0,30.0,29.0,30.0,30.0,29.0,29.0
1790307705.568194,4.731,-0.00324,-0.03071,-0.00019,-0.00019,0.42973,0.00248,0.05207,0.00003,-3.12257,-3.05581,-1.49214,-0.11311,-1.26097,0.18254,0.07687,0.00028,-0.0110,-0.0110,-0.0073,-0.0073,-0.0073,-0.0073,-0.0073,-0.0073,-0.0110,0.0110,-0.0073,-0.0024,-0.0073,-0.0073,-0.0073,-0.0073,-0.040,-0.013,0.007,-0.021,-0.002,-0.007,-0.002,-0.037,-0.013,-0.013,-0.007,0.007,-0.002,0.002,-0.002,-0.007,28.0,29.0,30.0,29.0,30.0,30.0,29.0,28.0,28.0,29.0,30.0,29.0,30.0,30.0,29.0,29.0
1790307705.577991,4.740,-0.00324,-0.03071,-0.00019,-0.00019,0.42973,0.00248,0.05207,0.00003,-3.12257,-3.05581,-1.49214,-0.11311,-1.26097,0.18254,0.07687,0.00028,-0.0110,-0.0110,-0.0073,-0.0073,-0.0073,-0.0073,-0.0073,-0.0073,-0.0110,0.0110,-0.0073,-0.0024,-0.0073,-0.0073,-0.0073,-0.0073,-0.040,-0.013,0.007,-0.021,-0.002,-0.007,-0.002,-0.037,-0.013,-0.013,-0.007,0.007,-0.002,0.002,-0.002,-0.007,28.0,29.0,30.0,29.0,30.0,30.0,29.0,28.0,28.0,29.0,30.0,29.0,30.0,30.0,29.0,29.0
1790307705.588196,4.751,-0.00324,-0.03071,-0.00019,-0.00019,0.42973,0.00248,0.05207,0.00003,-3.12257,-3.05581,-1.49214,-0.11311,-1.26097,0.18254,0.07687,0.00028,-0.0110,-0.0110,-0.0073,-0.0073,-0.0073,-0.0073,-0.0073,-0.0073,-0.0110,0.0110,-0.0073,-0.0024,-0.0073,-0.0073,-0.0073,-0.0073,-0.040,-0.013,0.007,-0.021,-0.002,-0.007,-0.002,-0.042,-0.013,-0.013,-0.007,0.007,-0.002,0.002,-0.002,-0.002,28.0,29.0,30.0,29.0,30.0,30.0,29.0,28.0,28.0,29.0,30.0,29.0,30.0,30.0,29.0,29.0
1790307705.597656,4.760,-0.00324,-0.03071,-0.00019,-0.00019,0.42973,0.00248,0.05207,0.00003,-3.12257,-3.05581,-1.49214,-0.11311,-1.26097,0.18254,0.07687,0.00028,-0.0330,-0.0110,-0.0073,-0.0073,-0.0073,-0.0073,-0.0073,0.0073,-0.0110,0.0110,-0.0073,-0.0024,-0.0073,-0.0073,-0.0073,0.0073,-0.040,-0.013,0.007,-0.021,-0.002,-0.007,-0.002,-0.042,-0.013,-0.013,-0.007,0.007,-0.002,0.002,-0.002,-0.002,28.0,29.0,30.0,29.0,30.0,30.0,29.0,28.0,28.0,29.0,30.0,29.0,30.0,30.0,29.0,29.0
1790307705.607439,4.770,-0.00324,-0.03071,-0.00019,-0.00019,0.42973,0.00248,0.05207,0.00003,-3.12257,-3.05581,-1.49214,-0.11273,-1.26135,0.18254,0.07687,0.00028,-0.0330,-0.0110,0.0024,-0.0024,-0.0073,-0.0073,-0.0073,0.0073,-0.0110,-0.0110,-0.0024,-0.0024,-0.0073,-0.0073,0.0073,0.0073,-0.040,-0.013,0.021,-0.021,-0.002,-0.007,-0.002,-0.042,-0.013,-0.013,0.007,-0.007,-0.002,0.002,-0.007,-0.002,28.0,29.0,30.0,29.0,30.0,30.0,29.0,28.0,28.0,29.0,30.0,29.0,30.0,30.0,29.0,29.0
1790307705.617566,4.780,-0.00324,-0.03071,-0.00019,-0.00019,0.42973,0.00248,0.05207,0.00003,-3.12257,-3.05581,-1.49214,-0.11273,-1.26135,0.18254,0.07687,0.00028,-0.0330,-0.0110,0.0024,-0.0024,-0.0073,-0.0073,-0.0073,0.0073,-0.0110,-0.0110,-0.0024,-0.0024,-0.0073,-0.0073,0.0073,0.0073,-0.040,-0.013,0.021,-0.021,-0.002,-0.007,-0.002,-0.042,-0.013,-0.013,0.007,-0.007,-0.002,0.002,-0.007,-0.002,28.0,29.0,30.0,29.0,30.0,30.0,29.0,28.0,28.0,29.0,30.0,29.0,30.0,30.0,29.0,29.0
1790307705.627385,4.790,-0.00324,-0.03071,-0.00019,-0.00019,0.42973,0.00248,0.05207,0.00003,-3.12257,-3.05581,-1.49214,-0.11273,-1.26135,0.18254,0.07687,0.00028,-0.0330,-0.0110,0.0024,-0.0024,-0.0073,-0.0073,-0.0073,0.0073,-0.0110,-0.0110,-0.0024,-0.0024,-0.0073,-0.0073,0.0073,0.0073,-0.040,-0.013,0.021,-0.021,-0.002,-0.007,-0.002,-0.042,-0.013,-0.013,0.007,-0.007,-0.002,0.002,-0.007,-0.002,28.0,29.0,30.0,29.0,30.0,30.0,29.0,28.0,28.0,29.0,30.0,29.0,30.0,30.0,29.0,29.0
1790307705.637654,4.800,-0.00324,-0.03071,-0.00019,-0.00019,0.42973,0.00248,0.05207,0.00003,-3.12257,-3.05581,-1.49214,-0.11273,-1.26135,0.18254,0.07687,0.00028,-0.0110,-0.0110,0.0024,-0.0024,-0.0073,-0.0073,-0.0073,-0.0220,-0.0110,-0.0110,-0.0024,-0.0024,-0.0073,-0.0073,0.0073,-0.0073,-0.040,-0.013,0.021,-0.021,-0.002,-0.007,-0.002,-0.037,-0.013,-0.013,0.007,-0.007,-0.002,0.002,-0.007,-0.007,28.0,29.0,30.0,29.0,30.0,30.0,29.0,28.0,28.0,29.0,30.0,29.0,30.0,30.0,29.0,29.0
1790307705.647373,4.810,-0.00324,-0.03071,-0.00019,-0.00019,0.42973,0.00248,0.05207,0.00003,-3.12257,-3.05581,-1.49214,-0.11311,-1.26135,0.18254,0.07687,0.00028,-0.0110,-0.0110,-0.0024,-0.0024,-0.0073,-0.0073,-0.0220,-0.0220,-0.0110,-0.0110,-0.0024,-0.0073,-0.0073,-0.0073,0.0073,-0.0073,-0.040,-0.013,0.007,-0.021,0.002,-0.007,-0.002,-0.037,-0.013,-0.013,0.007,0.007,-0.002,0.002,-0.007,-0.007,28.0,29.0,30.0,29.0,30.0,30.0,29.0,28.0,28.0,29.0,30.0,29.0,30.0,30.0,29.0,29.0
1790307705.657611,4.820,-0.00324,-0.03071,-0.00019,-0.00019,0.42973,0.00248,0.05207,0.00003,-3.12257,-3.05581,-1.49214,-0.11311,-1.26135,0.18254,0.07687,0.00028,-0.0110,-0.0110,-0.0024,-0.0024,-0.0073,-0.0073,-0.0220,-0.0220,-0.0110,-0.0110,-0.0024,-0.0073,-0.0073,-0.0073,0.0073,-0.0073,-0.040,-0.013,0.007,-0.021,0.002,-0.007,-0.002,-0.037,-0.013,-0.013,0.007,0.007,-0.002,0.002,-0.007,-0.007,28.0,29.0,30.0,29.0,30.0,30.0,29.0,28.0,28.0,29.0,30.0,29.0,30.0,30.0,29.0,29.0
1790307705.667370,4.830,-0.00324,-0.03071,-0.00019,-0.00019,0.42973,0.00248,0.05207,0.00003,-3.12257,-3.05581,-1.49214,-0.11311,-1.26135,0.18254,0.07687,0.00028,-0.0110,-0.0110,-0.0024,-0.0024,-0.0073,-0.0073,-0.0220,-0.0220,-0.0110,-0.0110,-0.0024,-0.0073,-0.0073,-0.0073,0.0073,-0.0073,-0.040,-0.013,0.007,-0.021,0.002,-0.007,-0.002,-0.037,-0.013,-0.013,0.007,0.007,-0.002,0.002,-0.007,-0.007,28.0,29.0,30.0,29.0,30.0,30.0,29.0,28.0,28.0,29.0,30.0,29.0,30.0,30.0,29.0,29.0
1790307705.677573,4.840,-0.00324,-0.03071,-0.00019,-0.00019,0.42973,0.00248,0.05207,0.00003,-3.12257,-3.05581,-1.49214,-0.11311,-1.26135,0.18254,0.07687,0.00028,-0.0110,-0.0110,-0.0024,-0.0024,-0.0073,-0.0073,-0.0220,-0.0220,-0.0110,-0.0110,-0.0024,-0.0073,-0.0073,-0.0073,0.0073,-0.0073,-0.040,-0.013,0.007,-0.021,0.002,-0.007,-0.002,-0.037,-0.013,-0.013,0.007,0.007,-0.002,0.002,-0.007,-0.007,28.0,29.0,30.0,29.0,30.0,30.0,29.0,28.0,28.0,29.0,30.0,29.0,30.0,30.0,29.0,29.0
1790307705.687393,4.850,-0.00324,-0.03071,-0.00019,-0.00019,0.42973,0.00248,0.05207,0.00003,-3.12257,-3.05581,-1.49214,-0.11311,-1.26135,0.18254,0.07687,0.00028,-0.0330,-0.0110,-0.0024,-0.0024,-0.0073,-0.0073,-0.0073,-0.0073,-0.0110,-0.0110,-0.0024,-0.0024,-0.0073,0.0073,0.0073,0.0073,-0.040,-0.013,0.021,-0.021,0.002,-0.007,-0.002,-0.037,-0.013,-0.013,0.007,0.007,-0.002,0.002,-0.002,-0.002,28.0,29.0,30.0,29.0,30.0,30.0,29.0,28.0,28.0,29.0,30.0,29.0,30.0,30.0,29.0,29.0
1790307705.697570,4.860,-0.00324,-0.03071,-0.00019,-0.00019,0.42973,0.00248,0.05207,0.00003,-3.12257,-3.05581,-1.49214,-0.11311,-1.26135,0.18254,0.07687,0.00028,-0.0330,-0.0110,-0.0024,-0.0024,-0.0073,-0.0073,-0.0073,-0.0073,-0.0110,-0.0110,-0.0024,-0.0024,-0.0073,0.0073,0.0073,0.0073,-0.040,-0.013,0.021,-0.021,0.002,-0.007,-0.002,-0.037,-0.013,-0.013,0.007,0.007,-0.002,0.002,-0.002,-0.002,28.0,29.0,30.0,29.0,30.0,30.0,29.0,28.0,28.0,29.0,30.0,29.0,30.0,30.0,29.0,29.0
1790307705.707417,4.870,-0.00324,-0.03071,-0.00019,-0.00019,0.42973,0.00248,0.05207,0.00003,-3.12257,-3.05581,-1.49214,-0.11311,-1.26135,0.18254,0.07687,0.00028,-0.0330,-0.0110,-0.0024,-0.0024,-0.0073,-0.0073,-0.0073,-0.0073,-0.0110,-0.0110,-0.0024,-0.0024,-0.0073,0.0073,0.0073,0.0073,-0.040,-0.013,0.021,-0.021,0.002,-0.007,-0.002,-0.037,-0.013,-0.013,0.007,0.007,-0.002,0.002,-0.002,-0.002,28.0,29.0,30.0,29.0,30.0,30.0,29.0,28.0,28.0,29.0,30.0,29.0,30.0,30.0,29.0,29.0
1790307705.717534,4.880,-0.00324,-0.03071,-0.00019,-0.00019,0.42973,0.00248,0.05207,0.00003,-3.12257,-3.05581,-1.49214,-0.11311,-1.26135,0.18254,0.07687,0.00028,-0.0330,-0.0110,-0.0024,-0.0024,-0.0073,-0.0073,-0.0073,-0.0073,-0.0110,-0.0110,-0.0024,-0.0024,-0.0073,0.0073,0.0073,0.0073,-0.040,-0.013,0.021,-0.021,0.002,-0.007,-0.002,-0.037,-0.013,-0.013,0.007,0.007,-0.002,0.002,-0.002,-0.002,28.0,29.0,30.0,29.0,30.0,30.0,29.0,28.0,28.0,29.0,30.0,29.0,30.0,30.0,29.0,29.0
1790307705.727441,4.890,-0.00324,-0.03071,-0.00019,-0.00019,0.42973,0.00248,0.05207,0.00003,-3.12257,-3.05581,-1.49214,-0.11311,-1.26135,0.18254,0.07687,0.00028,-0.0110,-0.0110,-0.0024,-0.0024,-0.0220,-0.0073,-0.0073,-0.0073,-0.0110,-0.0110,0.0024,-0.0024,0.0220,-0.0073,-0.0073,-0.0220,-0.040,-0.013,0.007,-0.021,0.002,-0.007,-0.002,-0.037,-0.013,-0.013,0.007,0.007,-0.002,0.002,-0.007,-0.007,28.0,29.0,30.0,29.0,30.0,30.0,29.0,28.0,28.0,29.0,30.0,29.0,30.0,30.0,29.0,29.0
1790307705.737579,4.900,-0.00324,-0.03071,-0.00019,-0.00019,0.42973,0.00248,0.05207,0.00003,-3.12257,-3.05581,-1.49214,-0.11311,-1.26135,0.18254,0.07687,0.00028,-0.0110,-0.0110,-0.0024,-0.0024,-0.0220,-0.0073,-0.0073,-0.0220,-0.0110,-0.0110,0.0024,-0.0024,0.0220,-0.0073,-0.0073,-0.0073,-0.040,-0.013,0.007,-0.021,0.002,-0.007,-0.002,-0.037,-0.013,-0.013,0.007,0.007,-0.002,0.002,-0.007,-0.012,28.0,29.0,30.0,29.0,30.0,30.0,29.0,28.0,28.0,29.0,30.0,29.0,30.0,30.0,29.0,29.0
1790307705.747361,4.910,-0.00324,-0.03071,-0.00019,-0.00019,0.42973,0.00248,0.05207,0.00003,-3.12257,-3.05581,-1.49214,-0.11311,-1.26135,0.18254,0.07687,0.00028,-0.0110,-0.0110,-0.0024,-0.0024,-0.0220,-0.0073,-0.0073,-0.0220,-0.0110,-0.0110,0.0024,-0.0024,0.0220,-0.0073,-0.0073,-0.0073,-0.040,-0.013,0.007,-0.021,0.002,-0.007,-0.002,-0.037,-0.013,-0.013,0.007,0.007,-0.002,0.002,-0.007,-0.012,28.0,29.0,30.0,29.0,30.0,30.0,29.0,28.0,28.0,29.0,30.0,29.0,30.0,30.0,29.0,29.0
1790307705.757597,4.920,-0.00324,-0.03071,-0.00019,-0.00019,0.42973,0.00248,0.05207,0.00003,-3.12257,-3.05581,-1.49214,-0.11311,-1.26135,0.18254,0.07687,0.00028,-0.0110,-0.0110,-0.0024,-0.0024,-0.0220,-0.0073,-0.0073,-0.0220,-0.0110,-0.0110,0.0024,-0.0024,0.0220,-0.0073,-0.0073,-0.0073,-0.040,-0.013,0.007,-0.021,0.002,-0.007,-0.002,-0.037,-0.013,-0.013,0.007,0.007,-0.002,0.002,-0.007,-0.012,28.0,29.0,30.0,29.0,30.0,30.0,29.0,28.0,28.0,29.0,30.0,29.0,30.0,30.0,29.0,29.0
1790307705.767413,4.930,-0.00324,-0.03071,-0.00019,-0.00019,0.42973,0.00248,0.05207,0.00003,-3.12257,-3.05581,-1.49214,-0.11311,-1.26135,0.18254,0.07687,0.00028,-0.0110,-0.0110,-0.0024,-0.0024,-0.0073,-0.0073,-0.0220,-0.0073,-0.0330,-0.0110,-0.0024,-0.0073,-0.0220,-0.0220,-0.0220,-0.0073,-0.013,-0.013,0.007,-0.021,0.002,-0.007,-0.002,-0.037,-0.013,-0.013,0.007,0.007,-0.002,0.002,-0.007,-0.007,28.0,29.0,30.0,29.0,30.0,30.0,29.0,28.0,28.0,29.0,30.0,29.0,30.0,30.0,29.0,29.0
1790307705.777608,4.940,-0.00324,-0.03071,-0.00019,-0.00019,0.42973,0.00248,0.05207,0.00003,-3.12257,-3.05581,-1.49214,-0.11311,-1.26135,0.18254,0.07687,0.00028,-0.0110,-0.0110,-0.0024,-0.0024,-0.0073,-0.0073,-0.0220,-0.0073,-0.0330,-0.0110,-0.0024,-0.0073,-0.0220,-0.0220,-0.0220,-0.0073,-0.013,-0.013,0.007,-0.021,0.002,-0.007,-0.002,-0.037,-0.013,-0.013,0.007,0.007,-0.002,0.002,-0.007,-0.007,28.0,29.0,30.0,29.0,30.0,30.0,29.0,28.0,28.0,29.0,30.0,29.0,30.0,30.0,29.0,29.0
1790307705.787393,4.950,-0.00324,-0.03071,-0.00019,-0.00019,0.42973,0.00248,0.05207,0.00003,-3.12257,-3.05581,-1.49214,-0.11311,-1.26135,0.18254,0.07687,0.00028,-0.0110,-0.0110,-0.0024,-0.0024,-0.0073,-0.0073,-0.0220,-0.0073,-0.0330,-0.0110,-0.0024,-0.0073,-0.0220,-0.0220,-0.0220,0.0073,-0.013,-0.013,0.007,-0.021,0.002,-0.007,-0.002,-0.037,-0.013,-0.013,0.007,0.007,-0.002,0.002,-0.007,-0.007,28.0,29.0,30.0,29.0,30.0,30.0,29.0,28.0,28.0,29.0,30.0,29.0,30.0,30.0,29.0,29.0
1790307705.797611,4.960,-0.00324,-0.03071,-0.00019,-0.00019,0.42973,0.00248,0.05207,0.00003,-3.12257,-3.05581,-1.49214,-0.11311,-1.26135,0.18254,0.07687,0.00028,-0.0110,-0.0110,-0.0024,-0.0024,-0.0073,-0.0073,-0.0220,-0.0073,-0.0330,-0.0110,-0.0024,-0.0073,-0.0220,-0.0220,-0.0220,0.0073,-0.013,-0.013,0.007,-0.021,0.002,-0.007,-0.002,-0.037,-0.013,-0.013,0.007,0.007,-0.002,0.002,-0.007,-0.007,28.0,29.0,30.0,29.0,30.0,30.0,29.0,28.0,28.0,29.0,30.0,29.0,30.0,30.0,29.0,29.0
1790307705.807435,4.970,-0.00324,-0.03071,-0.00019,-0.00019,0.42973,0.00248,0.05207,0.00003,-3.12257,-3.05581,-1.49214,-0.11273,-1.26135,0.18254,0.07687,0.00028,-0.0110,-0.0110,0.0024,-0.0024,0.0073,-0.0073,-0.0073,0.0073,-0.0110,-0.0110,-0.0024,-0.0024,-0.0073,-0.0073,-0.0366,-0.0073,-0.040,-0.013,0.007,-0.021,0.002,-0.002,-0.002,-0.037,-0.013,-0.013,0.007,0.007,-0.002,0.002,-0.007,-0.012,28.0,29.0,30.0,29.0,30.0,30.0,29.0,28.0,28.0,29.0,30.0,29.0,30.0,30.0,29.0,29.0
1790307705.817614,4.980,-0.00324,-0.03071,-0.00019,-0.00019,0.42973,0.00248,0.05207,0.00003,-3.12257,-3.05581,-1.49214,-0.11273,-1.26135,0.18254,0.07687,0.00028,-0.0110,-0.0110,0.0024,-0.0024,0.0073,-0.0073,-0.0073,0.0073,-0.0110,-0.0110,-0.0024,-0.0024,-0.0073,-0.0073,-0.0366,-0.0073,-0.040,-0.013,0.007,-0.021,0.002,-0.002,-0.002,-0.037,-0.013,-0.013,0.007,0.007,-0.002,0.002,-0.007,-0.012,28.0,29.0,30.0,29.0,30.0,30.0,29.0,28.0,28.0,29.0,30.0,29.0,30.0,30.0,29.0,29.0
1790307705.827388,4.990,-0.00324,-0.03071,-0.00019,-0.00019,0.42973,0.00248,0.05207,0.00003,-3.12257,-3.05581,-1.49214,-0.11273,-1.26135,0.18254,0.07687,0.00028,-0.0110,-0.0110,0.0024,-0.0024,0.0073,-0.0073,-0.0073,0.0073,-0.0110,-0.0110,-0.0024,-0.0024,-0.0073,-0.0073,-0.0366,-0.0073,-0.040,-0.013,0.007,-0.021,0.002,-0.002,-0.002,-0.037,-0.013,-0.013,0.007,0.007,-0.002,0.002,-0.007,-0.012,28.0,29.0,30.0,29.0,30.0,30.0,29.0,28.0,28.0,29.0,30.0,29.0,30.0,30.0,29.0,29.0
1790307705.837565,5.000,-0.00324,-0.03071,-0.00019,-0.00019,0.42973,0.00248,0.05207,0.00003,-3.12257,-3.05581,-1.49214,-0.11273,-1.26135,0.18254,0.07687,0.00028,-0.0110,-0.0110,0.0024,-0.0024,0.0073,-0.0073,-0.0073,0.0073,-0.0110,-0.0110,-0.0024,-0.0024,-0.0073,-0.0073,-0.0366,-0.0073,-0.040,-0.013,0.007,-0.021,0.002,-0.002,-0.002,-0.037,-0.013,-0.013,0.007,0.007,-0.002,0.002,-0.007,-0.012,28.0,29.0,30.0,29.0,30.0,30.0,29.0,28.0,28.0,29.0,30.0,29.0,30.0,30.0,29.0,29.0
1790307705.847414,5.010,-0.00286,-0.03071,-0.00019,-0.00019,0.42973,0.00248,0.05207,0.00003,-3.12257,-3.05581,-1.49214,-0.11273,-1.26135,0.18254,0.07687,0.00028,-0.0110,-0.0110,-0.0024,-0.0024,-0.0220,-0.0220,-0.0073,-0.0073,-0.0110,-0.0110,-0.0024,-0.0024,0.0073,-0.0073,-0.0366,-0.0220,-0.040,-0.013,0.007,-0.021,0.002,-0.007,-0.002,-0.042,-0.013,-0.013,0.007,0.007,-0.002,0.002,-0.007,-0.012,28.0,29.0,30.0,29.0,30.0,30.0,29.0,28.0,28.0,29.0,30.0,29.0,30.0,30.0,29.0,29.0
1790307705.857610,5.020,-0.00286,-0.03071,-0.00019,-0.00019,0.42973,0.00248,0.05207,0.00003,-3.12257,-3.05581,-1.49214,-0.11273,-1.26135,0.18254,0.07687,0.00028,-0.0110,-0.0110,-0.0024,-0.0024,-0.0220,-0.0073,-0.0073,-0.0073,-0.0110,-0.0110,-0.0024,-0.0024,0.0073,-0.0073,0.0073,-0.0220,-0.040,-0.013,0.007,-0.021,0.002,-0.007,-0.002,-0.042,-0.013,-0.013,0.007,0.007,-0.002,0.002,-0.002,-0.012,28.0,29.0,30.0,29.0,30.0,30.0,29.0,28.0,28.0,29.0,30.0,29.0,30.0,30.0,29.0,29.0
1790307705.867426,5.030,-0.00286,-0.03071,-0.00019,-0.00019,0.42973,0.00248,0.05207,0.00003,-3.12257,-3.05581,-1.49214,-0.11273,-1.26135,0.18254,0.07687,0.00028,-0.0110,-0.0110,-0.0024,-0.0024,-0.0220,-0.0073,-0.0073,-0.0073,-0.0110,-0.0110,-0.0024,-0.0024,0.0073,-0.0073,0.0073,-0.0220,-0.040,-0.013,0.007,-0.021,0.002,-0.007,-0.002,-0.042,-0.013,-0.013,0.007,0.007,-0.002,0.002,-0.002,-0.012,28.0,29.0,30.0,29.0,30.0,30.0,29.0,28.0,28.0,29.0,30.0,29.0,30.0,30.0,29.0,29.0
1790307705.877635,5.040,-0.00286,-0.03071,-0.00019,-0.00019,0.42973,0.00248,0.05207,0.00003,-3.12257,-3.05581,-1.49214,-0.11273,-1.26135,0.18254,0.07687,0.00028,-0.0110,-0.0110,-0.0024,-0.0024,-0.0220,-0.0073,-0.0073,-0.0073,-0.0110,-0.0110,-0.0024,-0.0024,0.0073,-0.0073,0.0073,-0.0220,-0.040,-0.013,0.007,-0.021,0.002,-0.007,-0.002,-0.042,-0.013,-0.013,0.007,0.007,-0.002,0.002,-0.002,-0.012,28.0,29.0,30.0,29.0,30.0,30.0,29.0,28.0,28.0,29.0,30.0,29.0,30.0,30.0,29.0,29.0
1790307705.887386,5.050,-0.00286,-0.03071,-0.00019,-0.00019,0.42973,0.00248,0.05207,0.00003,-3.12257,-3.05581,-1.49214,-0.11273,-1.26135,0.18254,0.07687,0.00028,-0.0110,-0.0110,-0.0024,-0.0024,-0.0220,-0.0073,-0.0073,-0.0220,-0.0110,0.0110,-0.0024,-0.0024,0.0073,-0.0073,0.0073,-0.0073,-0.040,-0.013,0.007,-0.021,0.002,-0.007,-0.002,-0.037,-0.013,-0.013,0.007,0.007,-0.002,0.002,-0.002,-0.007,28.0,29.0,30.0,29.0,30.0,30.0,29.0,28.0,28.0,29.0,30.0,29.0,30.0,30.0,29.0,29.0
1790307705.897446,5.060,-0.00286,-0.03071,-0.00019,-0.00019,0.42973,0.00248,0.05207,0.00003,-3.12257,-3.05581,-1.49214,-0.11311,-1.26135,0.18254,0.07687,0.00030,-0.0110,-0.0110,-0.0024,-0.0024,-0.0073,-0.0073,-0.0073,-0.0073,-0.0110,0.0110,-0.0024,-0.0073,-0.0073,-0.0073,0.0073,-0.0073,-0.040,-0.013,0.007,-0.021,0.002,-0.007,-0.002,-0.037,-0.013,-0.013,0.007,0.007,-0.002,0.002,-0.007,-0.007,28.0,29.0,30.0,29.0,30.0,30.0,29.0,28.0,28.0,29.0,30.0,29.0,30.0,30.0,29.0,29.0
1790307705.907472,5.070,-0.00286,-0.03071,-0.00019,-0.00019,0.42973,0.00248,0.05207,0.00003,-3.12257,-3.05581,-1.49214,-0.11311,-1.26135,0.18254,0.07687,0.00030,-0.0110,-0.0110,-0.0024,-0.0024,-0.0073,-0.0073,-0.0073,-0.0073,-0.0110,0.0110,-0.0024,-0.0073,-0.0073,-0.0073,0.0073,-0.0073,-0.040,-0.013,0.007,-0.021,0.002,-0.007,-0.002,-0.037,-0.013,-0.013,0.007,0.007,-0.002,0.002,-0.007,-0.007,28.0,29.0,30.0,29.0,30.0,30.0,29.0,28.0,28.0,29.0,30.0,29.0,30.0,30.0,29.0,29.0
1790307705.917552,5.080,-0.00286,-0.03071,-0.00019,-0.00019,0.42973,0.00248,0.05207,0.00003,-3.12257,-3.05581,-1.49214,-0.11311,-1.26135,0.18254,0.07687,0.00030,-0.0110,-0.0110,-0.0024,-0.0024,-0.0073,-0.0073,-0.0073,-0.0073,-0.0110,0.0110,-0.0024,-0.0073,-0.0073,-0.0073,0.0073,-0.0073,-0.040,-0.013,0.007,-0.021,0.002,-0.007,-0.002,-0.037,-0.013,-0.013,0.007,0.007,-0.002,0.002,-0.007,-0.007,28.0,29.0,30.0,29.0,30.0,30.0,29.0,28.0,28.0,29.0,30.0,29.0,30.0,30.0,29.0,29.0
1790307705.927414,5.090,-0.00324,-0.03071,-0.00019,-0.00019,0.42973,0.00248,0.05207,0.00003,-3.12257,-3.05581,-1.49214,-0.11311,-1.26135,0.18254,0.07687,0.00028,-0.0110,-0.0110,-0.0024,-0.0024,-0.0073,-0.0073,-0.0073,-0.0073,-0.0330,0.0110,-0.0024,-0.0073,-0.0073,-0.0073,0.0073,-0.0073,-0.040,-0.013,0.007,-0.021,0.002,-0.007,-0.002,-0.032,-0.013,-0.013,0.007,0.007,-0.002,0.002,-0.007,-0.007,28.0,29.0,30.0,29.0,30.0,30.0,29.0,28.0,28.0,29.0,30.0,29.0,30.0,30.0,29.0,29.0
1790307705.937632,5.100,-0.00324,-0.03071,-0.00019,-0.00019,0.42973,0.00248,0.05207,0.00003,-3.12257,-3.05581,-1.49214,-0.11273,-1.26135,0.18254,0.07687,0.00028,-0.0110,-0.0110,0.0024,-0.0024,-0.0073,-0.0073,-0.0073,-0.0073,-0.0330,-0.0110,-0.0073,0.0024,-0.0073,-0.0073,0.0073,-0.0073,-0.040,-0.013,0.007,-0.034,0.002,-0.007,-0.002,-0.032,-0.013,-0.013,0.007,0.007,-0.002,0.002,-0.002,-0.007,28.0,29.0,30.0,29.0,30.0,30.0,29.0,28.0,28.0,29.0,30.0,29.0,30.0,30.0,29.0,29.0
1790307705.947375,5.110,-0.00324,-0.03071,-0.00019,-0.00019,0.42973,0.00248,0.05207,0.00003,-3.12257,-3.05581,-1.49214,-0.11273,-1.26135,0.18254,0.07687,0.00028,-0.0110,-0.0110,0.0024,-0.0024,-0.0073,-0.0073,-0.0073,0.0073,-0.0330,-0.0110,-0.0073,0.0024,-0.0073,-0.0073,0.0073,-0.0073,-0.040,-0.013,0.007,-0.034,0.002,-0.007,-0.002,-0.037,-0.013,-0.013,0.007,0.007,-0.002,0.002,-0.002,-0.007,28.0,29.0,30.0,29.0,30.0,30.0,29.0,28.0,28.0,29.0,30.0,29.0,30.0,30.0,29.0,29.0
1790307705.957569,5.120,-0.00324,-0.03071,-0.00019,-0.00019,0.42973,0.00248,0.05207,0.00003,-3.12257,-3.05581,-1.49214,-0.11273,-1.26135,0.18254,0.07687,0.00028,-0.0110,-0.0110,0.0024,-0.0024,-0.0073,-0.0073,-0.0073,0.0073,-0.0330,-0.0110,-0.0073,0.0024,-0.0073,-0.0073,0.0073,-0.0073,-0.040,-0.013,0.007,-0.034,0.002,-0.007,-0.002,-0.037,-0.013,-0.013,0.007,0.007,-0.002,0.002,-0.002,-0.007,28.0,29.0,30.0,29.0,30.0,30.0,29.0,28.0,28.0,29.0,30.0,29.0,30.0,30.0,29.0,29.0
1790307705.967412,5.130,-0.00286,-0.03071,-0.00019,-0.00019,0.42973,0.00248,0.05207,0.00003,-3.12257,-3.05581,-1.49214,-0.11273,-1.26135,0.18254,0.07687,0.00028,0.0110,-0.0110,0.0024,-0.0024,-0.0073,-0.0073,-0.0073,-0.0073,-0.0110,-0.0110,-0.0073,0.0024,-0.0073,-0.0073,0.0073,-0.0073,-0.040,-0.013,0.007,-0.034,0.002,-0.007,-0.002,-0.032,-0.013,-0.013,0.007,0.007,-0.002,0.002,-0.002,-0.007,28.0,29.0,30.0,29.0,30.0,30.0,29.0,28.0,28.0,29.0,30.0,29.0,30.0,30.0,29.0,29.0
1790307705.977578,5.140,-0.00286,-0.03071,-0.00019,-0.00019,0.43011,0.00248,0.05207,0.00003,-3.12257,-3.05581,-1.49214,-0.11273,-1.26135,0.18254,0.07687,0.00028,0.0110,-0.0330,-0.0024,-0.0024,0.0073,-0.0220,-0.0073,-0.0073,-0.0110,-0.0110,-0.0073,-0.0024,-0.0073,0.0073,-0.0073,-0.0073,-0.040,-0.013,0.007,-0.021,0.002,-0.007,-0.002,-0.032,-0.013,-0.013,-0.007,0.007,-0.002,-0.002,-0.007,-0.007,28.0,29.0,30.0,29.0,30.0,30.0,29.0,28.0,28.0,29.0,30.0,29.0,30.0,30.0,29.0,29.0
1790307705.987417,5.150,-0.00286,-0.03071,-0.00019,-0.00019,0.43011,0.00248,0.05207,0.00003,-3.12257,-3.05581,-1.49214,-0.11273,-1.26135,0.18254,0.07687,0.00028,0.0110,-0.0330,-0.0024,-0.0024,0.0073,-0.0220,-0.0073,-0.0073,-0.0110,-0.0110,-0.0073,-0.0024,-0.0073,0.0073,-0.0073,-0.0073,-0.040,-0.013,0.007,-0.021,0.002,-0.007,-0.002,-0.032,-0.013,-0.013,-0.007,0.007,-0.002,-0.002,-0.007,-0.007,28.0,29.0,30.0,29.0,30.0,30.0,29.0,28.0,28.0,29.0,30.0,29.0,30.0,30.0,29.0,29.0
1790307705.997620,5.160,-0.00286,-0.03071,-0.00019,-0.00019,0.43011,0.00248,0.05207,0.00003,-3.12257,-3.05581,-1.49214,-0.11273,-1.26135,0.18254,0.07687,0.00028,0.0110,-0.0330,-0.0024,-0.0024,0.0073,-0.0220,-0.0073,-0.0220,-0.0110,-0.0110,-0.0073,-0.0024,-0.0073,0.0073,-0.0073,-0.0073,-0.040,-0.013,0.007,-0.021,0.002,-0.007,-0.002,-0.037,-0.013,-0.013,-0.007,0.007,-0.002,-0.002,-0.007,-0.007,28.0,29.0,30.0,29.0,30.0,30.0,29.0,28.0,28.0,29.0,30.0,29.0,30.0,30.0,29.0,29.0
1790307706.007383,5.170,-0.00286,-0.03071,-0.00019,-0.00019,0.43011,0.00248,0.05207,0.00003,-3.12257,-3.05581,-1.49214,-0.11273,-1.26135,0.18254,0.07687,0.00028,0.0110,-0.0330,-0.0024,-0.0024,0.0073,-0.0220,-0.0073,-0.0220,-0.0110,-0.0110,-0.0073,-0.0024,-0.0073,0.0073,-0.0073,-0.0073,-0.040,-0.013,0.007,-0.021,0.002,-0.007,-0.002,-0.037,-0.013,-0.013,-0.007,0.007,-0.002,-0.002,-0.007,-0.007,28.0,29.0,30.0,29.0,30.0,30.0,29.0,28.0,28.0,29.0,30.0,29.0,30.0,30.0,29.0,29.0
1790307706.017616,5.180,-0.00324,-0.03071,-0.00019,-0.00019,0.42973,0.00248,0.05207,0.00003,-3.12257,-3.05581,-1.49214,-0.11273,-1.26135,0.18254,0.07687,0.00028,-0.0110,-0.0110,-0.0024,-0.0024,-0.0220,-0.0073,-0.0073,-0.0073,-0.0110,0.0110,-0.0073,0.0024,0.0073,-0.0073,-0.0073,-0.0073,-0.040,-0.013,0.007,-0.021,0.002,-0.007,-0.002,-0.032,-0.013,-0.013,0.007,0.007,-0.002,0.002,-0.007,-0.007,28.0,29.0,30.0,29.0,30.0,30.0,29.0,28.0,28.0,29.0,30.0,29.0,30.0,30.0,29.0,29.0
1790307706.027372,5.190,-0.00324,-0.03071,-0.00019,-0.00019,0.42973,0.00248,0.05207,0.00003,-3.12257,-3.05581,-1.49214,-0.11273,-1.26135,0.18254,0.07687,0.00028,-0.0110,-0.0110,-0.0024,-0.0024,-0.0220,-0.0073,-0.0073,-0.0073,-0.0110,0.0110,-0.0073,0.0024,0.0073,-0.0073,-0.0073,-0.0073,-0.040,-0.013,0.007,-0.021,0.002,-0.007,-0.002,-0.032,-0.013,-0.013,0.007,0.007,-0.002,0.002,-0.007,-0.007,28.0,29.0,30.0,29.0,30.0,30.0,29.0,28.0,28.0,29.0,30.0,29.0,30.0,30.0,29.0,29.0
1790307706.037663,5.200,-0.00324,-0.03071,-0.00019,-0.00019,0.42973,0.00248,0.05207,0.00003,-3.12257,-3.05581,-1.49214,-0.11273,-1.26135,0.18254,0.07687,0.00028,-0.0110,-0.0110,-0.0024,-0.0024,-0.0220,-0.0073,-0.0073,-0.0073,-0.0110,0.0110,-0.0073,0.0024,0.0073,-0.0073,-0.0073,-0.0073,-0.040,-0.013,0.007,-0.021,0.002,-0.007,-0.002,-0.032,-0.013,-0.013,0.007,0.007,-0.002,0.002,-0.007,-0.007,28.0,29.0,30.0,29.0,30.0,30.0,29.0,28.0,28.0,29.0,30.0,29.0,30.0,30.0,29.0,29.0
1790307706.047397,5.210,-0.00324,-0.03071,-0.00019,-0.00019,0.42973,0.00248,0.05207,0.00003,-3.12257,-3.05581,-1.49214,-0.11273,-1.26135,0.18254,0.07687,0.00028,-0.0110,-0.0110,-0.0024,-0.0024,-0.0220,-0.0073,-0.0073,-0.0073,-0.0110,0.0110,-0.0073,0.0024,0.0073,-0.0073,-0.0073,-0.0073,-0.040,-0.013,0.007,-0.021,0.002,-0.007,-0.002,-0.032,-0.013,-0.013,0.007,0.007,-0.002,0.002,-0.007,-0.007,28.0,29.0,30.0,29.0,30.0,30.0,29.0,28.0,28.0,29.0,30.0,29.0,30.0,30.0,29.0,29.0
1790307706.057626,5.220,-0.00286,-0.03071,-0.00019,-0.00019,0.42973,0.00248,0.05207,0.00003,-3.12257,-3.05581,-1.49214,-0.11273,-1.26135,0.18254,0.07687,0.00030,0.0110,-0.0110,-0.0024,-0.0024,-0.0073,-0.0220,-0.0073,-0.0073,-0.0110,-0.0110,-0.0024,-0.0024,-0.0073,0.0073,-0.0073,-0.0220,-0.040,-0.013,0.007,-0.034,0.002,-0.007,-0.002,-0.032,-0.013,-0.013,0.007,0.007,-0.002,0.002,-0.007,-0.007,28.0,29.0,30.0,29.0,30.0,30.0,29.0,28.0,28.0,29.0,30.0,29.0,30.0,30.0,29.0,29.0
1790307706.068226,5.231,-0.00286,-0.03071,-0.00019,-0.00019,0.42973,0.00248,0.05207,0.00003,-3.12257,-3.05581,-1.49214,-0.11273,-1.26135,0.18254,0.07687,0.00030,0.0110,-0.0110,-0.0024,-0.0024,-0.0073,-0.0220,-0.0073,-0.0073,-0.0110,-0.0110,-0.0024,-0.0024,-0.0073,0.0073,-0.0073,-0.0220,-0.040,-0.013,0.007,-0.034,0.002,-0.007,-0.002,-0.032,-0.013,-0.013,0.007,0.007,-0.002,0.002,-0.007,-0.007,28.0,29.0,30.0,29.0,30.0,30.0,29.0,28.0,28.0,29.0,30.0,29.0,30.0,30.0,29.0,29.0
1790307706.077614,5.240,-0.00286,-0.03071,-0.00019,-0.00019,0.42973,0.00248,0.05207,0.00003,-3.12257,-3.05581,-1.49214,-0.11273,-1.26135,0.18254,0.07687,0.00030,0.0110,-0.0110,-0.0024,-0.0024,-0.0073,-0.0220,-0.0073,-0.0073,-0.0110,-0.0110,-0.0024,-0.0024,-0.0073,0.0073,-0.0073,-0.0220,-0.040,-0.013,0.007,-0.034,0.002,-0.007,-0.002,-0.032,-0.013,-0.013,0.007,0.007,-0.002,0.002,-0.007,-0.007,28.0,29.0,30.0,29.0,30.0,30.0,29.0,28.0,28.0,29.0,30.0,29.0,30.0,30.0,29.0,29.0
1790307706.088246,5.251,-0.00286,-0.03071,-0.00019,-0.00019,0.42973,0.00248,0.05207,0.00003,-3.12257,-3.05581,-1.49214,-0.11273,-1.26135,0.18254,0.07687,0.00030,0.0110,-0.0110,-0.0024,-0.0024,-0.0073,-0.0220,-0.0073,-0.0073,-0.0110,-0.0110,-0.0024,-0.0024,-0.0073,0.0073,-0.0073,-0.0220,-0.040,-0.013,0.007,-0.034,0.002,-0.007,-0.002,-0.032,-0.013,-0.013,0.007,0.007,-0.002,0.002,-0.007,-0.007,28.0,29.0,30.0,29.0,30.0,30.0,29.0,28.0,28.0,29.0,30.0,29.0,30.0,30.0,29.0,29.0
1790307706.097582,5.260,-0.00324,-0.03071,-0.00019,-0.00019,0.42973,0.00248,0.05207,0.00003,-3.12257,-3.05581,-1.49214,-0.11273,-1.26135,0.18254,0.07687,0.00028,-0.0110,-0.0110,0.0024,-0.0024,-0.0220,-0.0220,-0.0073,-0.0073,0.0110,-0.0110,-0.0073,-0.0024,-0.0073,-0.0073,-0.0073,0.0073,-0.013,-0.013,0.021,-0.021,0.002,-0.007,-0.002,-0.037,-0.013,-0.013,0.007,0.007,-0.002,0.002,-0.007,-0.007,28.0,29.0,30.0,29.0,30.0,30.0,29.0,28.0,28.0,29.0,30.0,29.0,30.0,30.0,29.0,29.0
1790307706.107821,5.270,-0.00324,-0.03071,-0.00019,-0.00019,0.42973,0.00248,0.05207,0.00003,-3.12257,-3.05581,-1.49214,-0.11273,-1.26135,0.18254,0.07687,0.00028,-0.0110,-0.0110,0.0024,-0.0024,-0.0220,-0.0220,-0.0073,-0.0073,0.0110,-0.0110,-0.0073,-0.0024,-0.0073,-0.0073,-0.0220,-0.0073,-0.013,-0.013,0.021,-0.021,0.002,-0.007,-0.002,-0.037,-0.013,-0.013,0.007,0.007,-0.002,0.002,-0.007,-0.007,28.0,29.0,30.0,29.0,30.0,30.0,29.0,28.0,28.0,29.0,30.0,29.0,30.0,30.0,29.0,29.0
1790307706.117568,5.280,-0.00324,-0.03071,-0.00019,-0.00019,0.42973,0.00248,0.05207,0.00003,-3.12257,-3.05581,-1.49214,-0.11273,-1.26135,0.18254,0.07687,0.00028,-0.0110,-0.0110,0.0024,-0.0024,-0.0220,-0.0220,-0.0073,-0.0073,0.0110,-0.0110,-0.0073,-0.0024,-0.0073,-0.0073,-0.0220,-0.0073,-0.013,-0.013,0.021,-0.021,0.002,-0.007,-0.002,-0.037,-0.013,-0.013,0.007,0.007,-0.002,0.002,-0.007,-0.007,28.0,29.0,30.0,29.0,30.0,30.0,29.0,28.0,28.0,29.0,30.0,29.0,30.0,30.0,29.0,29.0
1790307706.127779,5.290,-0.00324,-0.03071,-0.00019,-0.00019,0.42973,0.00248,0.05207,0.00003,-3.12257,-3.05581,-1.49214,-0.11273,-1.26135,0.18254,0.07687,0.00028,-0.0110,-0.0110,0.0024,-0.0024,-0.0220,-0.0220,-0.0073,-0.0073,0.0110,-0.0110,-0.0073,-0.0024,-0.0073,-0.0073,-0.0220,-0.0073,-0.013,-0.013,0.021,-0.021,0.002,-0.007,-0.002,-0.037,-0.013,-0.013,0.007,0.007,-0.002,0.002,-0.007,-0.007,28.0,29.0,30.0,29.0,30.0,30.0,29.0,28.0,28.0,29.0,30.0,29.0,30.0,30.0,29.0,29.0
1790307706.137603,5.300,-0.00324,-0.03071,-0.00019,-0.00019,0.42973,0.00248,0.05207,0.00003,-3.12257,-3.05581,-1.49214,-0.11273,-1.26135,0.18254,0.07687,0.00028,-0.0110,-0.0110,0.0024,-0.0024,-0.0220,-0.0220,-0.0073,-0.0073,0.0110,-0.0110,-0.0073,-0.0024,-0.0073,-0.0073,-0.0220,-0.0073,-0.013,-0.013,0.021,-0.021,0.002,-0.007,-0.002,-0.037,-0.013,-0.013,0.007,0.007,-0.002,0.002,-0.007,-0.007,28.0,29.0,30.0,29.0,30.0,30.0,29.0,28.0,28.0,29.0,30.0,29.0,30.0,30.0,29.0,29.0
1790307706.147781,5.310,-0.00286,-0.03071,-0.00019,-0.00019,0.43011,0.00248,0.05207,0.00003,-3.12257,-3.05581,-1.49214,-0.11311,-1.26135,0.18254,0.07687,0.00030,-0.0110,-0.0110,-0.0024,-0.0024,-0.0073,-0.0073,0.0073,0.0073,-0.0110,-0.0110,-0.0024,-0.0024,0.0073,-0.0073,0.0073,-0.0220,-0.013,-0.013,0.021,-0.021,0.002,-0.007,-0.002,-0.037,-0.013,-0.013,0.007,0.007,-0.002,0.002,-0.007,-0.012,28.0,29.0,30.0,29.0,30.0,30.0,29.0,28.0,28.0,29.0,30.0,29.0,30.0,30.0,29.0,29.0
1790307706.157657,5.320,-0.00286,-0.03071,-0.00019,-0.00019,0.43011,0.00248,0.05207,0.00003,-3.12257,-3.05581,-1.49214,-0.11311,-1.26135,0.18254,0.07687,0.00030,-0.0110,-0.0110,-0.0024,-0.0024,-0.0073,-0.0073,0.0073,0.0073,-0.0110,-0.0110,-0.0024,-0.0024,0.0073,-0.0073,0.0073,-0.0220,-0.013,-0.013,0.021,-0.021,0.002,-0.007,-0.002,-0.037,-0.013,-0.013,0.007,0.007,-0.002,0.002,-0.007,-0.012,28.0,29.0,30.0,29.0,30.0,30.0,29.0,28.0,28.0,29.0,30.0,29.0,30.0,30.0,29.0,29.0
1790307706.167827,5.330,-0.00286,-0.03071,-0.00019,-0.00019,0.43011,0.00248,0.05207,0.00003,-3.12257,-3.05581,-1.49214,-0.11311,-1.26135,0.18254,0.07687,0.00030,-0.0110,-0.0110,-0.0024,-0.0024,-0.0073,-0.0073,0.0073,0.0073,-0.0110,-0.0110,-0.0024,-0.0024,0.0073,-0.0073,0.0073,-0.0220,-0.013,-0.013,0.021,-0.021,0.002,-0.007,-0.002,-0.037,-0.013,-0.013,0.007,0.007,-0.002,0.002,-0.007,-0.012,28.0,29.0,30.0,29.0,30.0,30.0,29.0,28.0,28.0,29.0,30.0,29.0,30.0,30.0,29.0,29.0
1790307706.177657,5.340,-0.00286,-0.03071,-0.00019,-0.00019,0.43011,0.00248,0.05207,0.00003,-3.12257,-3.05581,-1.49214,-0.11311,-1.26135,0.18254,0.07687,0.00030,-0.0110,-0.0110,-0.0024,-0.0024,-0.0073,-0.0073,0.0073,0.0073,-0.0110,-0.0110,-0.0024,-0.0024,0.0073,-0.0073,0.0073,-0.0220,-0.013,-0.013,0.021,-0.021,0.002,-0.007,-0.002,-0.037,-0.013,-0.013,0.007,0.007,-0.002,0.002,-0.007,-0.012,28.0,29.0,30.0,29.0,30.0,30.0,29.0,28.0,28.0,29.0,30.0,29.0,30.0,30.0,29.0,29.0
1790307706.187430,5.350,-0.00324,-0.03071,-0.00019,-0.00019,0.42973,0.00248,0.05207,0.00003,-3.12257,-3.05581,-1.49214,-0.11273,-1.26135,0.18254,0.07687,0.00028,-0.0110,-0.0110,-0.0024,-0.0024,-0.0073,-0.0073,-0.0073,-0.0220,-0.0110,-0.0110,-0.0024,-0.0024,-0.0073,-0.0073,0.0073,0.0073,-0.040,-0.013,0.007,-0.021,0.002,-0.007,-0.002,-0.037,-0.013,-0.013,0.007,0.007,-0.002,0.002,-0.002,-0.007,28.0,29.0,30.0,29.0,30.0,30.0,29.0,28.0,28.0,29.0,30.0,29.0,30.0,30.0,29.0,29.0
1790307706.197681,5.360,-0.00324,-0.03071,-0.00019,-0.00019,0.42973,0.00248,0.05207,0.00003,-3.12257,-3.05581,-1.49214,-0.11273,-1.26135,0.18254,0.07687,0.00028,-0.0110,-0.0110,-0.0024,-0.0024,-0.0073,-0.0073,-0.0073,-0.0220,-0.0110,-0.0110,-0.0024,-0.0024,-0.0073,-0.0073,0.0073,0.0073,-0.040,-0.013,0.007,-0.021,0.002,-0.007,-0.002,-0.037,-0.013,-0.013,0.007,0.007,-0.002,0.002,-0.002,-0.007,28.0,29.0,30.0,29.0,30.0,30.0,29.0,28.0,28.0,29.0,30.0,29.0,30.0,30.0,29.0,29.0
1790307706.207860,5.370,-0.00324,-0.03071,-0.00019,-0.00019,0.42973,0.00248,0.05207,0.00003,-3.12257,-3.05581,-1.49214,-0.11273,-1.26135,0.18254,0.07687,0.00030,-0.0110,-0.0110,-0.0024,-0.0024,-0.0073,-0.0073,-0.0073,-0.0073,-0.0110,-0.0110,-0.0024,-0.0024,-0.0073,-0.0073,0.0073,-0.0220,-0.040,-0.013,0.007,-0.021,0.002,-0.007,-0.002,-0.037,-0.013,-0.013,0.007,0.007,-0.002,0.002,-0.002,-0.007,28.0,29.0,30.0,29.0,30.0,30.0,29.0,28.0,28.0,29.0,30.0,29.0,30.0,30.0,29.0,29.0
1790307706.217632,5.380,-0.00324,-0.03071,-0.00019,-0.00019,0.42973,0.00248,0.05207,0.00003,-3.12257,-3.05581,-1.49214,-0.11273,-1.26135,0.18254,0.07687,0.00030,-0.0110,-0.0110,-0.0024,-0.0024,-0.0073,-0.0073,-0.0073,-0.0073,-0.0110,-0.0110,-0.0024,-0.0024,-0.0073,-0.0073,0.0073,-0.0220,-0.040,-0.013,0.007,-0.021,0.002,-0.007,-0.002,-0.037,-0.013,-0.013,0.007,0.007,-0.002,0.002,-0.002,-0.007,28.0,29.0,30.0,29.0,30.0,30.0,29.0,28.0,28.0,29.0,30.0,29.0,30.0,30.0,29.0,29.0
1790307706.227824,5.390,-0.00286,-0.03071,-0.00019,-0.00019,0.42973,0.00248,0.05207,0.00003,-3.12257,-3.05581,-1.49214,-0.11273,-1.26135,0.18254,0.07687,0.00028,-0.0110,-0.0110,-0.0024,-0.0024,-0.0073,0.0073,-0.0073,-0.0073,-0.0110,-0.0110,-0.0024,-0.0024,-0.0220,-0.0220,0.0073,-0.0073,-0.040,-0.013,0.021,-0.021,0.002,-0.007,-0.002,-0.037,-0.013,-0.013,0.007,0.007,-0.002,0.002,-0.002,-0.002,28.0,29.0,30.0,29.0,30.0,30.0,29.0,28.0,28.0,29.0,30.0,29.0,30.0,30.0,29.0,29.0
1790307706.237612,5.400,-0.00286,-0.03071,-0.00019,-0.00019,0.42973,0.00248,0.05207,0.00003,-3.12257,-3.05581,-1.49214,-0.11273,-1.26135,0.18254,0.07687,0.00028,-0.0110,-0.0110,-0.0024,-0.0024,-0.0073,0.0073,-0.0073,-0.0073,-0.0110,-0.0110,-0.0024,-0.0024,-0.0220,-0.0220,0.0073,-0.0073,-0.040,-0.013,0.021,-0.021,0.002,-0.007,-0.002,-0.037,-0.013,-0.013,0.007,0.007,-0.002,0.002,-0.002,-0.002,28.0,29.0,30.0,29.0,30.0,30.0,29.0,28.0,28.0,29.0,30.0,29.0,30.0,30.0,29.0,29.0
1790307706.247801,5.410,-0.00286,-0.03071,-0.00019,-0.00019,0.42973,0.00248,0.05207,0.00003,-3.12257,-3.05581,-1.49214,-0.11273,-1.26135,0.18254,0.07687,0.00028,-0.0110,-0.0110,-0.0024,-0.0024,-0.0073,0.0073,-0.0073,-0.0073,-0.0110,-0.0110,-0.0024,-0.0024,-0.0220,-0.0220,0.0073,-0.0073,-0.040,-0.013,0.021,-0.021,0.002,-0.007,-0.002,-0.037,-0.013,-0.013,0.007,0.007,-0.002,0.002,-0.002,-0.002,28.0,29.0,30.0,29.0,30.0,30.0,29.0,28.0,28.0,29.0,30.0,29.0,30.0,30.0,29.0,29.0
1790307706.257660,5.420,-0.00286,-0.03071,-0.00019,-0.00019,0.42973,0.00248,0.05207,0.00003,-3.12257,-3.05581,-1.49214,-0.11273,-1.26135,0.18254,0.07687,0.00028,-0.0110,-0.0110,-0.0024,-0.0024,-0.0073,0.0073,-0.0073,-0.0073,-0.0110,-0.0110,-0.0024,-0.0024,-0.0220,-0.0220,0.0073,-0.0073,-0.040,-0.013,0.021,-0.021,0.002,-0.007,-0.002,-0.037,-0.013,-0.013,0.007,0.007,-0.002,0.002,-0.002,-0.002,28.0,29.0,30.0,29.0,30.0,30.0,29.0,28.0,28.0,29.0,30.0,29.0,30.0,30.0,29.0,29.0
1790307706.268191,5.431,-0.00286,-0.03071,-0.00019,-0.00019,0.42973,0.00248,0.05207,0.00003,-3.12257,-3.05581,-1.49214,-0.11273,-1.26097,0.18254,0.07687,0.00028,-0.0110,-0.0110,-0.0024,-0.0024,-0.0073,-0.0073,-0.0073,-0.0073,-0.0110,-0.0110,-0.0024,-0.0024,-0.0073,-0.0073,-0.0073,-0.0073,-0.013,-0.013,0.021,-0.021,0.002,-0.007,-0.002,-0.037,-0.013,-0.013,0.007,0.007,-0.002,0.002,-0.002,-0.002,28.0,29.0,30.0,29.0,30.0,30.0,29.0,28.0,28.0,29.0,30.0,29.0,30.0,30.0,29.0,29.0
1790307706.277970,5.440,-0.00286,-0.03071,-0.00019,-0.00019,0.42973,0.00248,0.05207,0.00003,-3.12257,-3.05581,-1.49214,-0.11273,-1.26097,0.18254,0.07687,0.00028,-0.0110,-0.0110,-0.0024,-0.0024,-0.0073,-0.0073,-0.0073,-0.0073,-0.0110,-0.0110,-0.0024,-0.0024,-0.0073,-0.0073,-0.0073,-0.0073,-0.013,-0.013,0.021,-0.021,0.002,-0.007,-0.002,-0.037,-0.013,-0.013,0.007,0.007,-0.002,0.002,-0.002,-0.002,28.0,29.0,30.0,29.0,30.0,30.0,29.0,28.0,28.0,29.0,30.0,29.0,30.0,30.0,29.0,29.0
1790307706.288230,5.451,-0.00286,-0.03071,-0.00019,-0.00019,0.42973,0.00248,0.05207,0.00003,-3.12257,-3.05581,-1.49214,-0.11273,-1.26097,0.18254,0.07687,0.00028,-0.0110,-0.0110,-0.0024,-0.0024,-0.0073,-0.0073,-0.0073,-0.0073,-0.0110,-0.0110,-0.0024,-0.0024,-0.0073,-0.0073,-0.0073,-0.0073,-0.013,-0.013,0.021,-0.021,0.002,-0.007,-0.002,-0.037,-0.013,-0.013,0.007,0.007,-0.002,0.002,-0.002,-0.002,28.0,29.0,30.0,29.0,30.0,30.0,29.0,28.0,28.0,29.0,30.0,29.0,30.0,30.0,29.0,29.0
1790307706.297976,5.460,-0.00286,-0.03071,-0.00019,-0.00019,0.42973,0.00248,0.05207,0.00003,-3.12257,-3.05581,-1.49214,-0.11273,-1.26097,0.18254,0.07687,0.00028,-0.0110,-0.0110,-0.0024,-0.0024,-0.0073,-0.0073,-0.0073,-0.0073,-0.0110,-0.0110,-0.0024,-0.0024,-0.0073,-0.0073,-0.0073,-0.0073,-0.013,-0.013,0.021,-0.021,0.002,-0.007,-0.002,-0.037,-0.013,-0.013,0.007,0.007,-0.002,0.002,-0.002,-0.002,28.0,29.0,30.0,29.0,30.0,30.0,29.0,28.0,28.0,29.0,30.0,29.0,30.0,30.0,29.0,29.0
1790307706.308741,5.471,-0.00286,-0.03071,-0.00019,-0.00019,0.42973,0.00248,0.05207,0.00003,-3.12257,-3.05581,-1.49214,-0.11273,-1.26097,0.18254,0.07687,0.00028,-0.0110,-0.0110,-0.0024,-0.0024,-0.0073,-0.0073,-0.0073,-0.0073,0.0110,-0.0110,-0.0024,-0.0024,-0.0073,-0.0073,-0.0073,-0.0073,-0.040,-0.013,0.007,-0.021,0.002,-0.007,-0.002,-0.042,-0.013,-0.013,0.007,0.007,-0.002,0.002,-0.002,-0.007,28.0,29.0,30.0,29.0,30.0,30.0,29.0,28.0,28.0,29.0,30.0,29.0,30.0,30.0,29.0,29.0
1790307706.317562,5.480,-0.00286,-0.03071,-0.00019,-0.00019,0.42973,0.00248,0.05207,0.00003,-3.12257,-3.05581,-1.49214,-0.11311,-1.26135,0.18254,0.07687,0.00028,-0.0110,-0.0110,-0.0024,0.0024,-0.0073,-0.0073,-0.0073,-0.0073,0.0110,-0.0330,-0.0024,-0.0024,0.0073,-0.0220,0.0073,-0.0073,-0.040,-0.013,0.007,-0.021,0.002,-0.007,-0.002,-0.042,-0.013,-0.013,0.007,0.007,0.002,0.002,-0.002,-0.007,28.0,29.0,30.0,29.0,30.0,30.0,29.0,28.0,28.0,29.0,30.0,29.0,30.0,30.0,29.0,29.0
1790307706.327428,5.490,-0.00286,-0.03071,-0.00019,-0.00019,0.42973,0.00248,0.05207,0.00003,-3.12257,-3.05581,-1.49214,-0.11311,-1.26135,0.18254,0.07687,0.00028,-0.0110,-0.0110,-0.0024,0.0024,-0.0073,-0.0073,-0.0073,-0.0073,0.0110,-0.0330,-0.0024,-0.0024,0.0073,-0.0220,0.0073,-0.0073,-0.040,-0.013,0.007,-0.021,0.002,-0.007,-0.002,-0.042,-0.013,-0.013,0.007,0.007,0.002,0.002,-0.002,-0.007,28.0,29.0,30.0,29.0,30.0,30.0,29.0,28.0,28.0,29.0,30.0,29.0,30.0,30.0,29.0,29.0
1790307706.337599,5.500,-0.00286,-0.03071,-0.00019,-0.00019,0.42973,0.00248,0.05207,0.00003,-3.12257,-3.05581,-1.49214,-0.11311,-1.26135,0.18254,0.07687,0.00028,-0.0110,-0.0110,-0.0024,0.0024,-0.0073,-0.0073,-0.0073,-0.0073,0.0110,-0.0330,-0.0024,-0.0024,0.0073,-0.0220,0.0073,-0.0073,-0.040,-0.013,0.007,-0.021,0.002,-0.007,-0.002,-0.042,-0.013,-0.013,0.007,0.007,0.002,0.002,-0.002,-0.007,28.0,29.0,30.0,29.0,30.0,30.0,29.0,28.0,28.0,29.0,30.0,29.0,30.0,30.0,29.0,29.0
1790307706.347800,5.510,-0.00286,-0.03071,-0.00019,-0.00019,0.42973,0.00248,0.05207,0.00003,-3.12257,-3.05581,-1.49214,-0.11311,-1.26135,0.18254,0.07687,0.00028,-0.0110,-0.0110,-0.0024,0.0024,-0.0073,-0.0073,-0.0073,-0.0073,0.0110,-0.0330,-0.0024,-0.0024,0.0073,-0.0220,0.0073,-0.0073,-0.040,-0.013,0.007,-0.021,0.002,-0.007,-0.002,-0.042,-0.013,-0.013,0.007,0.007,0.002,0.002,-0.002,-0.007,28.0,29.0,30.0,29.0,30.0,30.0,29.0,28.0,28.0,29.0,30.0,29.0,30.0,30.0,29.0,29.0
1790307706.357590,5.520,-0.00286,-0.03071,-0.00019,-0.00019,0.42973,0.00248,0.05207,0.00003,-3.12257,-3.05581,-1.49214,-0.11311,-1.26135,0.18254,0.07687,0.00028,-0.0110,-0.0110,-0.0024,-0.0073,-0.0220,-0.0073,-0.0073,0.0073,-0.0110,-0.0110,-0.0024,-0.0024,-0.0073,-0.0220,-0.0073,-0.0220,-0.040,-0.013,0.007,-0.021,-0.002,-0.007,-0.002,-0.037,-0.013,-0.013,0.007,0.007,-0.002,0.002,-0.007,-0.002,28.0,29.0,30.0,29.0,30.0,30.0,29.0,28.0,28.0,29.0,30.0,29.0,30.0,30.0,29.0,29.0
1790307706.367840,5.530,-0.00286,-0.03071,-0.00019,-0.00019,0.42973,0.00248,0.05207,0.00003,-3.12257,-3.05581,-1.49214,-0.11311,-1.26135,0.18254,0.07687,0.00028,-0.0110,-0.0110,-0.0024,-0.0073,-0.0220,-0.0073,-0.0073,0.0073,-0.0110,-0.0110,-0.0024,-0.0024,-0.0073,-0.0220,-0.0073,-0.0220,-0.040,-0.013,0.007,-0.021,-0.002,-0.007,-0.002,-0.037,-0.013,-0.013,0.007,0.007,-0.002,0.002,-0.007,-0.002,28.0,29.0,30.0,29.0,30.0,30.0,29.0,28.0,28.0,29.0,30.0,29.0,30.0,30.0,29.0,29.0
1790307706.377648,5.540,-0.00286,-0.03071,-0.00019,-0.00019,0.42973,0.00248,0.05207,0.00003,-3.12257,-3.05581,-1.49214,-0.11311,-1.26135,0.18254,0.07687,0.00028,-0.0110,-0.0110,-0.0024,-0.0073,-0.0220,-0.0073,-0.0073,0.0073,-0.0110,-0.0110,-0.0024,-0.0024,-0.0073,-0.0220,-0.0073,-0.0220,-0.040,-0.013,0.007,-0.021,-0.002,-0.007,-0.002,-0.037,-0.013,-0.013,0.007,0.007,-0.002,0.002,-0.007,-0.002,28.0,29.0,30.0,29.0,30.0,30.0,29.0,28.0,28.0,29.0,30.0,29.0,30.0,30.0,29.0,29.0
1790307706.387858,5.550,-0.00286,-0.03071,-0.00019,-0.00019,0.42973,0.00248,0.05207,0.00003,-3.12257,-3.05581,-1.49214,-0.11311,-1.26135,0.18254,0.07687,0.00028,-0.0110,-0.0110,-0.0024,-0.0073,-0.0220,-0.0073,-0.0073,0.0073,-0.0110,-0.0110,-0.0024,-0.0024,-0.0073,-0.0220,-0.0073,-0.0220,-0.040,-0.013,0.007,-0.021,-0.002,-0.007,-0.002,-0.037,-0.013,-0.013,0.007,0.007,-0.002,0.002,-0.007,-0.002,28.0,29.0,30.0,29.0,30.0,30.0,29.0,28.0,28.0,29.0,30.0,29.0,30.0,30.0,29.0,29.0
1790307706.397357,5.560,-0.00286,-0.03071,-0.00019,-0.00019,0.42973,0.00248,0.05207,0.00003,-3.12257,-3.05581,-1.49214,-0.11273,-1.26135,0.18254,0.07687,0.00028,0.0110,-0.0110,-0.0024,-0.0024,-0.0220,-0.0073,-0.0073,-0.0073,0.0110,-0.0110,-0.0024,0.0024,-0.0220,-0.0220,-0.0220,-0.0073,-0.040,-0.013,0.007,-0.021,-0.002,-0.007,-0.002,-0.037,-0.013,-0.013,0.007,0.007,-0.002,0.002,-0.007,-0.007,28.0,29.0,30.0,29.0,30.0,30.0,29.0,28.0,28.0,29.0,30.0,29.0,30.0,30.0,29.0,29.0
1790307706.408066,5.570,-0.00286,-0.03071,-0.00019,-0.00019,0.42973,0.00248,0.05207,0.00003,-3.12257,-3.05581,-1.49214,-0.11273,-1.26135,0.18254,0.07687,0.00028,0.0110,-0.0110,-0.0024,-0.0024,-0.0220,-0.0073,-0.0073,-0.0073,0.0110,-0.0110,-0.0024,0.0024,-0.0220,-0.0220,-0.0220,-0.0073,-0.040,-0.013,0.007,-0.021,-0.002,-0.007,-0.002,-0.037,-0.013,-0.013,0.007,0.007,-0.002,0.002,-0.007,-0.002,28.0,29.0,30.0,29.0,30.0,30.0,29.0,28.0,28.0,29.0,30.0,29.0,30.0,30.0,29.0,29.0
1790307706.418012,5.580,-0.00286,-0.03071,-0.00019,-0.00019,0.42973,0.00248,0.05207,0.00003,-3.12257,-3.05581,-1.49214,-0.11273,-1.26135,0.18254,0.07687,0.00028,0.0110,-0.0110,-0.0024,-0.0024,-0.0220,-0.0073,-0.0073,-0.0073,0.0110,-0.0110,-0.0024,0.0024,-0.0220,-0.0220,-0.0220,-0.0073,-0.040,-0.013,0.007,-0.021,-0.002,-0.007,-0.002,-0.037,-0.013,-0.013,0.007,0.007,-0.002,0.002,-0.007,-0.002,28.0,29.0,30.0,29.0,30.0,30.0,29.0,28.0,28.0,29.0,30.0,29.0,30.0,30.0,29.0,29.0
1790307706.428205,5.591,-0.00286,-0.03071,-0.00019,-0.00019,0.42973,0.00248,0.05207,0.00003,-3.12257,-3.05581,-1.49214,-0.11273,-1.26135,0.18254,0.07687,0.00028,0.0110,-0.0110,-0.0024,-0.0024,-0.0220,-0.0073,-0.0073,-0.0073,0.0110,-0.0110,-0.0024,0.0024,-0.0220,-0.0220,-0.0220,-0.0073,-0.040,-0.013,0.007,-0.021,-0.002,-0.007,-0.002,-0.037,-0.013,-0.013,0.007,0.007,-0.002,0.002,-0.007,-0.002,28.0,29.0,30.0,29.0,30.0,30.0,29.0,28.0,28.0,29.0,30.0,29.0,30.0,30.0,29.0,29.0
1790307706.437627,5.600,-0.00286,-0.03071,-0.00019,-0.00019,0.42973,0.00248,0.05207,0.00003,-3.12257,-3.05581,-1.49214,-0.11273,-1.26135,0.18254,0.07687,0.00028,-0.0110,-0.0110,-0.0024,-0.0024,0.0073,-0.0073,-0.0073,0.0073,0.0110,0.0110,-0.0024,-0.0024,-0.0220,-0.0073,-0.0073,-0.0073,-0.013,-0.013,0.007,-0.021,-0.002,-0.007,-0.002,-0.037,-0.013,-0.013,0.007,0.007,-0.002,0.002,-0.002,-0.002,28.0,29.0,30.0,29.0,30.0,30.0,29.0,28.0,28.0,29.0,30.0,29.0,30.0,30.0,29.0,29.0
1790307706.447387,5.610,-0.00286,-0.03071,-0.00019,-0.00019,0.42973,0.00248,0.05207,0.00003,-3.12257,-3.05581,-1.49214,-0.11273,-1.26135,0.18254,0.07687,0.00028,-0.0110,-0.0110,-0.0024,-0.0024,0.0073,-0.0073,-0.0073,0.0073,0.0110,0.0110,-0.0024,-0.0024,-0.0220,-0.0073,-0.0073,-0.0073,-0.013,-0.013,0.007,-0.021,-0.002,-0.007,-0.002,-0.037,-0.013,-0.013,0.007,0.007,-0.002,0.002,-0.002,-0.002,28.0,29.0,30.0,29.0,30.0,30.0,29.0,28.0,28.0,29.0,30.0,29.0,30.0,30.0,29.0,29.0
1790307706.457624,5.620,-0.00286,-0.03071,-0.00019,-0.00019,0.42973,0.00248,0.05207,0.00003,-3.12257,-3.05581,-1.49214,-0.11273,-1.26135,0.18254,0.07687,0.00028,-0.0110,-0.0110,-0.0024,-0.0024,0.0073,-0.0073,-0.0073,0.0073,0.0110,0.0110,-0.0024,-0.0024,-0.0220,-0.0073,-0.0073,-0.0073,-0.013,-0.013,0.007,-0.021,-0.002,-0.007,-0.002,-0.037,-0.013,-0.013,0.007,0.007,-0.002,0.002,-0.002,-0.002,28.0,29.0,30.0,29.0,30.0,30.0,29.0,28.0,28.0,29.0,30.0,29.0,30.0,30.0,29.0,29.0
1790307706.467809,5.630,-0.00286,-0.03071,-0.00019,-0.00019,0.42973,0.00248,0.05207,0.00003,-3.12257,-3.05581,-1.49214,-0.11273,-1.26135,0.18254,0.07687,0.00028,-0.0110,-0.0110,-0.0024,-0.0024,0.0073,-0.0073,-0.0073,-0.0220,0.0110,0.0110,-0.0024,-0.0024,-0.0220,-0.0073,-0.0073,0.0073,-0.013,-0.013,0.007,-0.021,-0.002,-0.007,-0.002,-0.042,-0.013,-0.013,0.007,0.007,-0.002,0.002,-0.002,-0.002,28.0,29.0,30.0,29.0,30.0,30.0,29.0,28.0,28.0,29.0,30.0,29.0,30.0,30.0,29.0,29.0
1790307706.477617,5.640,-0.00324,-0.03071,-0.00019,-0.00019,0.42973,0.00248,0.05207,0.00003,-3.12257,-3.05581,-1.49214,-0.11273,-1.26135,0.18254,0.07687,0.00028,0.0110,-0.0110,-0.0024,-0.0024,-0.0073,-0.0073,-0.0073,-0.0073,-0.0110,-0.0110,-0.0073,-0.0024,-0.0073,-0.0073,-0.0220,-0.0073,-0.040,-0.013,0.007,-0.021,0.002,-0.007,-0.002,-0.042,-0.013,-0.013,0.007,0.007,-0.002,-0.002,-0.002,-0.007,28.0,29.0,30.0,29.0,30.0,30.0,29.0,28.0,28.0,29.0,30.0,29.0,30.0,30.0,29.0,29.0
1790307706.487840,5.650,-0.00324,-0.03071,-0.00019,-0.00019,0.42973,0.00248,0.05207,0.00003,-3.12257,-3.05581,-1.49214,-0.11273,-1.26135,0.18254,0.07687,0.00028,0.0110,-0.0110,-0.0024,-0.0024,-0.0073,-0.0073,-0.0073,-0.0073,-0.0110,-0.0110,-0.0073,-0.0024,-0.0073,-0.0073,-0.0220,-0.0073,-0.040,-0.013,0.007,-0.021,0.002,-0.007,-0.002,-0.042,-0.013,-0.013,0.007,0.007,-0.002,-0.002,-0.002,-0.007,28.0,29.0,30.0,29.0,30.0,30.0,29.0,28.0,28.0,29.0,30.0,29.0,30.0,30.0,29.0,29.0
1790307706.497623,5.660,-0.00324,-0.03071,-0.00019,-0.00019,0.42973,0.00248,0.05207,0.00003,-3.12257,-3.05581,-1.49214,-0.11273,-1.26135,0.18254,0.07687,0.00028,0.0110,-0.0110,-0.0024,-0.0024,-0.0073,-0.0073,-0.0073,-0.0073,-0.0110,-0.0110,-0.0073,-0.0024,-0.0073,-0.0073,-0.0220,-0.0073,-0.040,-0.013,0.007,-0.021,0.002,-0.007,-0.002,-0.042,-0.013,-0.013,0.007,0.007,-0.002,-0.002,-0.002,-0.007,28.0,29.0,30.0,29.0,30.0,30.0,29.0,28.0,28.0,29.0,30.0,29.0,30.0,30.0,29.0,29.0
1790307706.507381,5.670,-0.00324,-0.03071,-0.00019,-0.00019,0.42973,0.00248,0.05207,0.00003,-3.12257,-3.05581,-1.49214,-0.11273,-1.26135,0.18254,0.07687,0.00028,0.0110,-0.0110,-0.0024,-0.0024,-0.0073,-0.0073,-0.0073,-0.0073,-0.0110,-0.0110,-0.0073,-0.0024,-0.0073,-0.0073,-0.0220,-0.0073,-0.040,-0.013,0.007,-0.021,0.002,-0.007,-0.002,-0.042,-0.013,-0.013,0.007,0.007,-0.002,-0.002,-0.002,-0.007,28.0,29.0,30.0,29.0,30.0,30.0,29.0,28.0,28.0,29.0,30.0,29.0,30.0,30.0,29.0,29.0
1790307706.517583,5.680,-0.00324,-0.03071,-0.00019,-0.00019,0.42973,0.00248,0.05207,0.00003,-3.12257,-3.05581,-1.49214,-0.11273,-1.26135,0.18254,0.07687,0.00028,-0.0110,-0.0110,-0.0024,-0.0024,-0.0073,-0.0073,-0.0073,-0.0073,-0.0330,-0.0110,-0.0073,-0.0024,-0.0073,-0.0073,-0.0220,-0.0220,-0.040,-0.013,0.007,-0.021,0.002,-0.007,-0.002,-0.042,-0.013,-0.013,0.007,0.007,-0.002,-0.002,-0.002,-0.007,28.0,29.0,30.0,29.0,30.0,30.0,29.0,28.0,28.0,29.0,30.0,29.0,30.0,30.0,29.0,29.0
1790307706.527799,5.690,-0.00324,-0.03071,-0.00019,-0.00019,0.42973,0.00248,0.05207,0.00003,-3.12257,-3.05581,-1.49214,-0.11273,-1.26135,0.18254,0.07687,0.00028,-0.0110,-0.0330,-0.0024,-0.0024,-0.0220,0.0073,-0.0073,-0.0073,-0.0330,-0.0110,-0.0024,-0.0024,-0.0220,-0.0220,-0.0073,-0.0220,-0.040,-0.013,0.021,-0.021,-0.002,-0.007,-0.002,-0.042,-0.013,-0.013,0.007,0.007,-0.002,-0.002,-0.002,-0.007,28.0,29.0,30.0,29.0,30.0,30.0,29.0,28.0,28.0,29.0,30.0,29.0,30.0,30.0,29.0,29.0
1790307706.537580,5.700,-0.00324,-0.03071,-0.00019,-0.00019,0.42973,0.00248,0.05207,0.00003,-3.12257,-3.05581,-1.49214,-0.11273,-1.26135,0.18254,0.07687,0.00028,-0.0110,-0.0330,-0.0024,-0.0024,-0.0220,0.0073,-0.0073,-0.0073,-0.0330,-0.0110,-0.0024,-0.0024,-0.0220,-0.0220,-0.0073,-0.0220,-0.040,-0.013,0.021,-0.021,-0.002,-0.007,-0.002,-0.042,-0.013,-0.013,0.007,0.007,-0.002,-0.002,-0.002,-0.007,28.0,29.0,30.0,29.0,30.0,30.0,29.0,28.0,28.0,29.0,30.0,29.0,30.0,30.0,29.0,29.0
1790307706.547384,5.710,-0.00324,-0.03071,-0.00019,-0.00019,0.42973,0.00248,0.05207,0.00003,-3.12257,-3.05581,-1.49214,-0.11273,-1.26135,0.18254,0.07687,0.00028,-0.0110,-0.0330,-0.0024,-0.0024,-0.0220,0.0073,-0.0073,-0.0073,-0.0330,-0.0110,-0.0024,-0.0024,-0.0220,-0.0220,-0.0073,-0.0220,-0.040,-0.013,0.021,-0.021,-0.002,-0.007,-0.002,-0.042,-0.013,-0.013,0.007,0.007,-0.002,-0.002,-0.002,-0.007,28.0,29.0,30.0,29.0,30.0,30.0,29.0,28.0,28.0,29.0,30.0,29.0,30.0,30.0,29.0,29.0
1790307706.557602,5.720,-0.00324,-0.03071,-0.00019,-0.00019,0.42973,0.00248,0.05207,0.00003,-3.12257,-3.05581,-1.49214,-0.11273,-1.26135,0.18254,0.07687,0.00028,-0.0110,-0.0330,-0.0024,-0.0024,-0.0220,0.0073,-0.0073,-0.0073,-0.0330,-0.0110,-0.0024,-0.0024,-0.0220,-0.0220,-0.0073,-0.0220,-0.040,-0.013,0.021,-0.021,-0.002,-0.007,-0.002,-0.042,-0.013,-0.013,0.007,0.007,-0.002,-0.002,-0.002,-0.007,28.0,29.0,30.0,29.0,30.0,30.0,29.0,28.0,28.0,29.0,30.0,29.0,30.0,30.0,29.0,29.0
1790307706.567428,5.730,-0.00324,-0.03071,-0.00019,-0.00019,0.42973,0.00248,0.05207,0.00003,-3.12257,-3.05581,-1.49214,-0.11273,-1.26135,0.18254,0.07687,0.00028,-0.0330,-0.0110,-0.0024,-0.0024,-0.0220,-0.0073,-0.0073,-0.0220,-0.0110,0.0110,-0.0024,-0.0024,-0.0220,-0.0073,-0.0220,-0.0073,-0.013,-0.013,0.007,-0.021,0.002,-0.007,-0.002,-0.042,-0.013,0.013,0.007,0.007,-0.002,-0.002,-0.007,-0.002,28.0,29.0,30.0,29.0,30.0,30.0,29.0,28.0,28.0,29.0,30.0,29.0,30.0,30.0,29.0,29.0
1790307706.577587,5.740,-0.00324,-0.03071,-0.00019,-0.00019,0.42973,0.00248,0.05207,0.00003,-3.12257,-3.05581,-1.49214,-0.11273,-1.26135,0.18254,0.07687,0.00028,-0.0330,-0.0110,-0.0024,-0.0024,-0.0220,-0.0073,-0.0073,-0.0220,-0.0110,0.0110,-0.0024,-0.0024,-0.0220,-0.0073,-0.0220,-0.0073,-0.013,-0.013,0.007,-0.021,0.002,-0.007,-0.002,-0.042,-0.013,0.013,0.007,0.007,-0.002,-0.002,-0.007,-0.002,28.0,29.0,30.0,29.0,30.0,30.0,29.0,28.0,28.0,29.0,30.0,29.0,30.0,30.0,29.0,29.0
1790307706.587385,5.750,-0.00324,-0.03071,-0.00019,-0.00019,0.42973,0.00248,0.05207,0.00003,-3.12257,-3.05581,-1.49214,-0.11273,-1.26135,0.18254,0.07687,0.00028,-0.0330,-0.0110,-0.0024,-0.0024,-0.0220,-0.0073,-0.0073,-0.0220,-0.0110,0.0110,-0.0024,-0.0024,-0.0220,-0.0073,-0.0220,-0.0073,-0.013,-0.013,0.007,-0.021,0.002,-0.007,-0.002,-0.042,-0.013,0.013,0.007,0.007,-0.002,-0.002,-0.007,-0.002,28.0,29.0,30.0,29.0,30.0,30.0,29.0,28.0,28.0,29.0,30.0,29.0,30.0,30.0,29.0,29.0
1790307706.597596,5.760,-0.00324,-0.03071,-0.00019,-0.00019,0.42973,0.00248,0.05207,0.00003,-3.12257,-3.05581,-1.49214,-0.11273,-1.26135,0.18254,0.07687,0.00028,-0.0330,-0.0110,-0.0024,-0.0024,-0.0220,-0.0073,-0.0073,-0.0220,-0.0110,0.0110,-0.0024,-0.0024,-0.0220,-0.0073,-0.0220,-0.0073,-0.013,-0.013,0.007,-0.021,0.002,-0.007,-0.002,-0.042,-0.013,0.013,0.007,0.007,-0.002,-0.002,-0.007,-0.002,28.0,29.0,30.0,29.0,30.0,30.0,29.0,28.0,28.0,29.0,30.0,29.0,30.0,30.0,29.0,29.0
1790307706.607426,5.770,-0.00324,-0.03071,-0.00019,-0.00019,0.42973,0.00248,0.05207,0.00003,-3.12257,-3.05581,-1.49214,-0.11311,-1.26135,0.18254,0.07687,0.00028,-0.0110,-0.0110,-0.0024,-0.0024,-0.0220,0.0073,-0.0073,0.0073,-0.0330,-0.0110,0.0024,-0.0024,-0.0073,-0.0073,-0.0220,-0.0073,-0.040,-0.013,0.007,-0.021,0.002,-0.007,-0.002,-0.046,-0.013,-0.013,0.007,0.007,-0.002,0.002,-0.002,-0.002,28.0,29.0,30.0,29.0,30.0,30.0,29.0,28.0,28.0,29.0,30.0,29.0,30.0,30.0,29.0,29.0
1790307706.617575,5.780,-0.00324,-0.03071,-0.00019,-0.00019,0.42973,0.00248,0.05207,0.00003,-3.12257,-3.05581,-1.49214,-0.11311,-1.26135,0.18254,0.07687,0.00028,-0.0110,-0.0110,-0.0024,-0.0024,-0.0220,0.0073,-0.0073,-0.0073,-0.0330,-0.0110,0.0024,-0.0024,-0.0073,-0.0073,-0.0220,-0.0073,-0.040,-0.013,0.007,-0.021,0.002,-0.007,-0.002,-0.046,-0.013,-0.013,0.007,0.007,-0.002,0.002,-0.002,-0.007,28.0,29.0,30.0,29.0,30.0,30.0,29.0,28.0,28.0,29.0,30.0,29.0,30.0,30.0,29.0,29.0
1790307706.627368,5.790,-0.00324,-0.03071,-0.00019,-0.00019,0.42973,0.00248,0.05207,0.00003,-3.12257,-3.05581,-1.49214,-0.11311,-1.26135,0.18254,0.07687,0.00028,-0.0110,-0.0110,-0.0024,-0.0024,-0.0220,0.0073,-0.0073,-0.0073,-0.0330,-0.0110,0.0024,-0.0024,-0.0073,-0.0073,-0.0220,-0.0073,-0.040,-0.013,0.007,-0.021,0.002,-0.007,-0.002,-0.046,-0.013,-0.013,0.007,0.007,-0.002,0.002,-0.002,-0.007,28.0,29.0,30.0,29.0,30.0,30.0,29.0,28.0,28.0,29.0,30.0,29.0,30.0,30.0,29.0,29.0
1790307706.637574,5.800,-0.00324,-0.03071,-0.00019,-0.00019,0.42973,0.00248,0.05207,0.00003,-3.12257,-3.05581,-1.49214,-0.11311,-1.26135,0.18254,0.07687,0.00028,-0.0110,-0.0110,-0.0024,-0.0024,-0.0220,0.0073,-0.0073,-0.0073,-0.0330,-0.0110,0.0024,-0.0024,-0.0073,-0.0073,-0.0220,-0.0073,-0.040,-0.013,0.007,-0.021,0.002,-0.007,-0.002,-0.046,-0.013,-0.013,0.007,0.007,-0.002,0.002,-0.002,-0.007,28.0,29.0,30.0,29.0,30.0,30.0,29.0,28.0,28.0,29.0,30.0,29.0,30.0,30.0,29.0,29.0
1790307706.647831,5.810,-0.00324,-0.03071,-0.00019,-0.00019,0.42973,0.00248,0.05207,0.00003,-3.12257,-3.05581,-1.49214,-0.11311,-1.26135,0.18254,0.07687,0.00028,-0.0110,-0.0110,-0.0073,-0.0024,0.0073,-0.0073,-0.0073,-0.0073,-0.0110,-0.0110,-0.0024,-0.0024,0.0073,-0.0073,-0.0220,-0.0073,-0.040,-0.013,0.021,-0.021,-0.002,-0.007,-0.002,-0.051,-0.013,-0.013,0.007,0.007,-0.002,0.002,-0.007,-0.007,28.0,29.0,30.0,29.0,30.0,30.0,29.0,28.0,28.0,29.0,30.0,29.0,30.0,30.0,29.0,29.0
1790307706.657614,5.820,-0.00324,-0.03071,-0.00019,-0.00019,0.42973,0.00248,0.05207,0.00003,-3.12257,-3.05581,-1.49214,-0.11311,-1.26135,0.18254,0.07687,0.00028,-0.0110,-0.0110,-0.0073,-0.0024,0.0073,-0.0073,-0.0073,-0.0073,-0.0110,-0.0110,-0.0024,-0.0024,0.0073,-0.0073,-0.0220,-0.0073,-0.040,-0.013,0.021,-0.021,-0.002,-0.007,-0.002,-0.051,-0.013,-0.013,0.007,0.007,-0.002,0.002,-0.007,-0.007,28.0,29.0,30.0,29.0,30.0,30.0,29.0,28.0,28.0,29.0,30.0,29.0,30.0,30.0,29.0,29.0
1790307706.667775,5.830,-0.00324,-0.03071,-0.00019,-0.00019,0.42973,0.00248,0.05207,0.00003,-3.12257,-3.05581,-1.49214,-0.11311,-1.26135,0.18254,0.07687,0.00028,-0.0110,-0.0110,-0.0073,-0.0024,0.0073,-0.0073,-0.0073,-0.0073,-0.0110,-0.0110,-0.0024,-0.0024,0.0073,-0.0073,-0.0220,-0.0073,-0.040,-0.013,0.021,-0.021,-0.002,-0.007,-0.002,-0.046,-0.013,-0.013,0.007,0.007,-0.002,0.002,-0.007,-0.002,28.0,29.0,30.0,29.0,30.0,30.0,29.0,28.0,28.0,29.0,30.0,29.0,30.0,30.0,29.0,29.0
1790307706.677617,5.840,-0.00324,-0.03071,-0.00019,-0.00019,0.42973,0.00248,0.05207,0.00003,-3.12257,-3.05581,-1.49214,-0.11311,-1.26135,0.18254,0.07687,0.00028,-0.0110,-0.0110,-0.0073,-0.0024,0.0073,-0.0073,-0.0073,-0.0073,-0.0110,-0.0110,-0.0024,-0.0024,0.0073,-0.0073,-0.0220,-0.0073,-0.040,-0.013,0.021,-0.021,-0.002,-0.007,-0.002,-0.046,-0.013,-0.013,0.007,0.007,-0.002,0.002,-0.007,-0.002,28.0,29.0,30.0,29.0,30.0,30.0,29.0,28.0,28.0,29.0,30.0,29.0,30.0,30.0,29.0,29.0
1790307706.687809,5.850,-0.00324,-0.03071,-0.00019,-0.00019,0.42973,0.00248,0.05207,0.00003,-3.12257,-3.05581,-1.49214,-0.11311,-1.26135,0.18254,0.07687,0.00028,-0.0110,0.0110,-0.0024,-0.0024,-0.0220,0.0073,-0.0073,-0.0073,-0.0110,-0.0110,-0.0024,-0.0024,-0.0073,-0.0073,-0.0073,-0.0220,-0.040,-0.013,0.007,-0.021,0.002,-0.007,-0.002,-0.051,-0.013,-0.013,0.007,0.007,-0.002,0.002,-0.002,-0.007,28.0,29.0,30.0,29.0,30.0,30.0,29.0,28.0,28.0,29.0,30.0,29.0,30.0,30.0,29.0,29.0
1790307706.697657,5.860,-0.00324,-0.03071,-0.00019,-0.00019,0.42973,0.00248,0.05207,0.00003,-3.12257,-3.05581,-1.49214,-0.11311,-1.26135,0.18254,0.07687,0.00028,-0.0110,0.0110,-0.0024,-0.0024,-0.0220,0.0073,-0.0073,-0.0073,-0.0110,-0.0110,-0.0024,-0.0024,-0.0073,-0.0073,-0.0073,-0.0220,-0.040,-0.013,0.007,-0.021,0.002,-0.007,-0.002,-0.051,-0.013,-0.013,0.007,0.007,-0.002,0.002,-0.002,-0.007,28.0,29.0,30.0,29.0,30.0,30.0,29.0,28.0,28.0,29.0,30.0,29.0,30.0,30.0,29.0,29.0
1790307706.708264,5.871,-0.00324,-0.03071,-0.00019,-0.00019,0.42973,0.00248,0.05207,0.00003,-3.12257,-3.05581,-1.49214,-0.11311,-1.26135,0.18254,0.07687,0.00028,-0.0110,0.0110,-0.0024,-0.0024,-0.0220,0.0073,-0.0073,-0.0073,-0.0110,-0.0110,-0.0024,-0.0024,-0.0073,-0.0073,-0.0073,-0.0220,-0.040,-0.013,0.007,-0.021,0.002,-0.007,-0.002,-0.051,-0.013,-0.013,0.007,0.007,-0.002,0.002,-0.002,-0.007,28.0,29.0,30.0,29.0,30.0,30.0,29.0,28.0,28.0,29.0,30.0,29.0,30.0,30.0,29.0,29.0
1790307706.717570,5.880,-0.00324,-0.03071,-0.00019,-0.00019,0.42973,0.00248,0.05207,0.00003,-3.12257,-3.05581,-1.49214,-0.11311,-1.26135,0.18254,0.07687,0.00028,-0.0110,0.0110,-0.0024,-0.0024,-0.0220,0.0073,-0.0073,-0.0073,-0.0110,-0.0110,-0.0024,-0.0024,-0.0073,-0.0073,-0.0073,-0.0220,-0.040,-0.013,0.007,-0.021,0.002,-0.007,-0.002,-0.051,-0.013,-0.013,0.007,0.007,-0.002,0.002,-0.002,-0.007,28.0,29.0,30.0,29.0,30.0,30.0,29.0,28.0,28.0,29.0,30.0,29.0,30.0,30.0,29.0,29.0
1790307706.727408,5.890,-0.00286,-0.03071,-0.00019,-0.00019,0.42973,0.00248,0.05207,0.00003,-3.12257,-3.05581,-1.49214,-0.11311,-1.26135,0.18254,0.07687,0.00028,-0.0110,-0.0110,-0.0024,0.0024,-0.0073,-0.0073,0.0073,0.0073,-0.0110,-0.0110,-0.0024,-0.0024,0.0073,-0.0073,-0.0073,-0.0073,-0.040,-0.013,0.021,-0.021,0.002,-0.007,-0.002,-0.051,-0.013,0.013,0.007,0.007,-0.002,0.002,-0.002,-0.002,28.0,29.0,30.0,29.0,30.0,30.0,29.0,28.0,28.0,29.0,30.0,29.0,30.0,30.0,29.0,29.0
1790307706.737612,5.900,-0.00286,-0.03071,-0.00019,-0.00019,0.42973,0.00248,0.05207,0.00003,-3.12257,-3.05581,-1.49214,-0.11311,-1.26135,0.18254,0.07687,0.00028,-0.0110,-0.0110,-0.0024,0.0024,-0.0073,-0.0073,0.0073,0.0073,-0.0110,-0.0110,-0.0024,-0.0024,0.0073,-0.0073,-0.0073,-0.0073,-0.040,-0.013,0.021,-0.021,0.002,-0.007,-0.002,-0.051,-0.013,0.013,0.007,0.007,-0.002,0.002,-0.002,-0.002,28.0,29.0,30.0,29.0,30.0,30.0,29.0,28.0,28.0,29.0,30.0,29.0,30.0,30.0,29.0,29.0
1790307706.747415,5.910,-0.00286,-0.03071,-0.00019,-0.00019,0.42973,0.00248,0.05207,0.00003,-3.12257,-3.05581,-1.49214,-0.11311,-1.26135,0.18254,0.07687,0.00028,-0.0110,-0.0110,-0.0024,0.0024,-0.0073,-0.0073,0.0073,0.0073,-0.0110,-0.0110,-0.0024,-0.0024,0.0073,-0.0073,-0.0073,-0.0073,-0.040,-0.013,0.021,-0.021,0.002,-0.007,-0.002,-0.051,-0.013,0.013,0.007,0.007,-0.002,0.002,-0.002,-0.002,28.0,29.0,30.0,29.0,30.0,30.0,29.0,28.0,28.0,29.0,30.0,29.0,30.0,30.0,29.0,29.0
1790307706.757617,5.920,-0.00286,-0.03071,-0.00019,-0.00019,0.42973,0.00248,0.05207,0.00003,-3.12257,-3.05581,-1.49214,-0.11311,-1.26135,0.18254,0.07687,0.00028,-0.0110,-0.0110,-0.0024,0.0024,-0.0073,-0.0073,0.0073,0.0073,-0.0110,-0.0110,-0.0024,-0.0024,0.0073,-0.0073,-0.0073,-0.0073,-0.040,-0.013,0.021,-0.021,0.002,-0.007,-0.002,-0.051,-0.013,0.013,0.007,0.007,-0.002,0.002,-0.002,-0.002,28.0,29.0,30.0,29.0,30.0,30.0,29.0,28.0,28.0,29.0,30.0,29.0,30.0,30.0,29.0,29.0
1790307706.767455,5.930,-0.00286,-0.03071,-0.00019,-0.00019,0.42973,0.00248,0.05207,0.00003,-3.12257,-3.05581,-1.49214,-0.11273,-1.26135,0.18254,0.07687,0.00028,-0.0110,-0.0110,0.0024,-0.0024,-0.0073,-0.0220,-0.0073,-0.0073,-0.0110,-0.0110,-0.0024,-0.0024,-0.0220,-0.0073,-0.0073,0.0073,-0.040,-0.013,0.007,-0.021,0.002,-0.007,-0.002,-0.051,-0.013,-0.013,0.007,-0.007,-0.002,0.002,-0.007,-0.002,28.0,29.0,30.0,29.0,30.0,30.0,29.0,28.0,28.0,29.0,30.0,29.0,30.0,30.0,29.0,29.0
1790307706.777571,5.940,-0.00286,-0.03071,-0.00019,-0.00019,0.42973,0.00248,0.05207,0.00003,-3.12257,-3.05581,-1.49214,-0.11273,-1.26135,0.18254,0.07687,0.00028,-0.0110,-0.0110,0.0024,-0.0024,-0.0073,-0.0220,-0.0073,-0.0220,-0.0110,-0.0110,-0.0024,-0.0024,-0.0220,-0.0073,-0.0073,-0.0073,-0.040,-0.013,0.007,-0.021,0.002,-0.007,-0.002,-0.051,-0.013,-0.013,0.007,-0.007,-0.002,0.002,-0.007,-0.002,28.0,29.0,30.0,29.0,30.0,30.0,29.0,28.0,28.0,29.0,30.0,29.0,30.0,30.0,29.0,29.0
1790307706.787422,5.950,-0.00286,-0.03071,-0.00019,-0.00019,0.42973,0.00248,0.05207,0.00003,-3.12257,-3.05581,-1.49214,-0.11273,-1.26135,0.18254,0.07687,0.00028,-0.0110,-0.0110,0.0024,-0.0024,-0.0073,-0.0220,-0.0073,-0.0220,-0.0110,-0.0110,-0.0024,-0.0024,-0.0220,-0.0073,-0.0073,-0.0073,-0.040,-0.013,0.007,-0.021,0.002,-0.007,-0.002,-0.051,-0.013,-0.013,0.007,-0.007,-0.002,0.002,-0.007,-0.002,28.0,29.0,30.0,29.0,30.0,30.0,29.0,28.0,28.0,29.0,30.0,29.0,30.0,30.0,29.0,29.0
1790307706.797982,5.960,-0.00286,-0.03071,-0.00019,-0.00019,0.42973,0.00248,0.05207,0.00003,-3.12257,-3.05581,-1.49214,-0.11273,-1.26135,0.18254,0.07687,0.00028,-0.0110,-0.0110,0.0024,-0.0024,-0.0073,-0.0220,-0.0073,-0.0220,-0.0110,-0.0110,-0.0024,-0.0024,-0.0220,-0.0073,-0.0073,-0.0073,-0.040,-0.013,0.007,-0.021,0.002,-0.007,-0.002,-0.051,-0.013,-0.013,0.007,-0.007,-0.002,0.002,-0.007,-0.002,28.0,29.0,30.0,29.0,30.0,30.0,29.0,28.0,28.0,29.0,30.0,29.0,30.0,30.0,29.0,29.0
1790307706.807365,5.970,-0.00324,-0.03071,-0.00019,-0.00019,0.42973,0.00248,0.05207,0.00003,-3.12257,-3.05581,-1.49214,-0.11273,-1.26135,0.18254,0.07687,0.00028,-0.0110,-0.0330,-0.0024,-0.0024,-0.0366,-0.0073,-0.0073,-0.0073,-0.0110,-0.0330,-0.0024,0.0024,-0.0073,-0.0073,0.0073,-0.0073,-0.040,-0.013,0.007,-0.021,-0.002,-0.007,-0.002,-0.051,-0.013,-0.013,0.007,0.007,-0.002,0.002,-0.007,-0.002,28.0,29.0,30.0,29.0,30.0,30.0,29.0,28.0,28.0,29.0,30.0,29.0,30.0,30.0,29.0,29.0
1790307706.818069,5.980,-0.00324,-0.03071,-0.00019,-0.00019,0.42973,0.00248,0.05207,0.00003,-3.12257,-3.05581,-1.49214,-0.11273,-1.26135,0.18254,0.07687,0.00028,-0.0110,-0.0330,-0.0024,-0.0024,-0.0366,-0.0073,-0.0073,-0.0073,-0.0110,-0.0330,-0.0024,0.0024,-0.0073,-0.0073,0.0073,-0.0073,-0.040,-0.013,0.007,-0.021,-0.002,-0.007,-0.002,-0.051,-0.013,-0.013,0.007,0.007,-0.002,0.002,-0.007,-0.002,28.0,29.0,30.0,29.0,30.0,30.0,29.0,28.0,28.0,29.0,30.0,29.0,30.0,30.0,29.0,29.0
1790307706.827384,5.990,-0.00324,-0.03071,-0.00019,-0.00019,0.42973,0.00248,0.05207,0.00003,-3.12257,-3.05581,-1.49214,-0.11273,-1.26135,0.18254,0.07687,0.00028,-0.0110,-0.0330,-0.0024,-0.0024,-0.0366,-0.0073,-0.0073,-0.0073,-0.0110,-0.0330,-0.0024,0.0024,-0.0073,-0.0073,0.0073,-0.0073,-0.040,-0.013,0.007,-0.021,-0.002,-0.007,-0.002,-0.051,-0.013,-0.013,0.007,0.007,-0.002,0.002,-0.007,-0.002,28.0,29.0,30.0,29.0,30.0,30.0,29.0,28.0,28.0,29.0,30.0,29.0,30.0,30.0,29.0,29.0
1790307706.838025,6.000,-0.00324,-0.03071,-0.00019,-0.00019,0.42973,0.00248,0.05207,0.00003,-3.12257,-3.05581,-1.49214,-0.11273,-1.26135,0.18254,0.07687,0.00028,-0.0110,-0.0330,-0.0024,-0.0024,-0.0366,-0.0073,-0.0073,-0.0073,-0.0110,-0.0330,-0.0024,0.0024,-0.0073,-0.0073,0.0073,-0.0073,-0.040,-0.013,0.007,-0.021,-0.002,-0.007,-0.002,-0.051,-0.013,-0.013,0.007,0.007,-0.002,0.002,-0.007,-0.002,28.0,29.0,30.0,29.0,30.0,30.0,29.0,28.0,28.0,29.0,30.0,29.0,30.0,30.0,29.0,29.0
1790307706.847418,6.010,-0.00324,-0.03071,-0.00019,-0.00019,0.42973,0.00248,0.05207,0.00003,-3.12257,-3.05581,-1.49214,-0.11311,-1.26135,0.18254,0.07687,0.00028,-0.0110,0.0110,-0.0024,-0.0024,-0.0073,-0.0073,0.0073,-0.0073,-0.0110,-0.0110,-0.0073,-0.0024,-0.0073,-0.0073,-0.0073,-0.0073,-0.040,-0.013,0.021,-0.021,0.002,-0.007,-0.002,-0.046,-0.013,-0.013,0.007,0.007,-0.002,0.002,-0.007,-0.002,28.0,29.0,30.0,29.0,30.0,30.0,29.0,28.0,28.0,29.0,30.0,29.0,30.0,30.0,29.0,29.0
1790307706.857563,6.020,-0.00324,-0.03071,-0.00019,-0.00019,0.42973,0.00248,0.05207,0.00003,-3.12257,-3.05581,-1.49214,-0.11311,-1.26135,0.18254,0.07687,0.00028,-0.0110,0.0110,-0.0024,-0.0024,-0.0073,-0.0073,0.0073,-0.0073,-0.0110,-0.0110,-0.0073,-0.0024,-0.0073,-0.0073,-0.0073,-0.0073,-0.040,-0.013,0.021,-0.021,0.002,-0.007,-0.002,-0.046,-0.013,-0.013,0.007,0.007,-0.002,0.002,-0.007,-0.002,28.0,29.0,30.0,29.0,30.0,30.0,29.0,28.0,28.0,29.0,30.0,29.0,30.0,30.0,29.0,29.0
1790307706.867392,6.030,-0.00324,-0.03071,-0.00019,-0.00019,0.42973,0.00248,0.05207,0.00003,-3.12257,-3.05581,-1.49214,-0.11311,-1.26135,0.18254,0.07687,0.00028,-0.0110,0.0110,-0.0024,-0.0024,-0.0073,-0.0073,0.0073,-0.0073,-0.0110,-0.0110,-0.0073,-0.0024,-0.0073,-0.0073,-0.0073,-0.0073,-0.040,-0.013,0.021,-0.021,0.002,-0.007,-0.002,-0.046,-0.013,-0.013,0.007,0.007,-0.002,0.002,-0.007,-0.002,28.0,29.0,30.0,29.0,30.0,30.0,29.0,28.0,28.0,29.0,30.0,29.0,30.0,30.0,29.0,29.0
1790307706.877603,6.040,-0.00324,-0.03071,-0.00019,-0.00019,0.42973,0.00248,0.05207,0.00003,-3.12257,-3.05581,-1.49214,-0.11311,-1.26135,0.18254,0.07687,0.00028,-0.0110,0.0110,-0.0024,-0.0024,-0.0073,-0.0073,0.0073,-0.0073,-0.0110,-0.0110,-0.0073,-0.0024,-0.0073,-0.0073,-0.0073,-0.0073,-0.040,-0.013,0.021,-0.021,0.002,-0.007,-0.002,-0.046,-0.013,-0.013,0.007,0.007,-0.002,0.002,-0.007,-0.002,28.0,29.0,30.0,29.0,30.0,30.0,29.0,28.0,28.0,29.0,30.0,29.0,30.0,30.0,29.0,29.0
1790307706.887420,6.050,-0.00286,-0.03071,-0.00019,-0.00019,0.42973,0.00248,0.05207,0.00003,-3.12257,-3.05581,-1.49214,-0.11311,-1.26135,0.18254,0.07687,0.00028,-0.0110,-0.0110,-0.0073,-0.0024,-0.0073,-0.0220,-0.0073,-0.0073,-0.0110,-0.0110,-0.0024,0.0024,-0.0073,0.0073,0.0073,0.0073,-0.040,-0.013,0.007,-0.021,0.002,-0.007,-0.002,-0.046,-0.013,-0.013,0.007,0.007,-0.002,0.002,-0.002,-0.002,28.0,29.0,30.0,29.0,30.0,30.0,29.0,28.0,28.0,29.0,30.0,29.0,30.0,30.0,29.0,29.0
1790307706.897676,6.060,-0.00286,-0.03071,-0.00019,-0.00019,0.42973,0.00248,0.05207,0.00003,-3.12257,-3.05581,-1.49214,-0.11311,-1.26135,0.18254,0.07687,0.00028,-0.0110,-0.0110,-0.0073,-0.0024,-0.0073,-0.0220,-0.0073,-0.0073,-0.0110,-0.0110,-0.0024,0.0024,-0.0073,0.0073,0.0073,0.0073,-0.040,-0.013,0.007,-0.021,0.002,-0.007,-0.002,-0.046,-0.013,-0.013,0.007,0.007,-0.002,0.002,-0.002,-0.002,28.0,29.0,30.0,29.0,30.0,30.0,29.0,28.0,28.0,29.0,30.0,29.0,30.0,30.0,29.0,29.0
1790307706.908238,6.071,-0.00286,-0.03071,-0.00019,-0.00019,0.42973,0.00248,0.05207,0.00003,-3.12257,-3.05581,-1.49214,-0.11311,-1.26135,0.18254,0.07687,0.00028,-0.0110,-0.0110,-0.0073,-0.0024,-0.0073,-0.0220,-0.0073,-0.0073,-0.0110,-0.0110,-0.0024,0.0024,-0.0073,0.0073,0.0073,0.0073,-0.040,-0.013,0.007,-0.021,0.002,-0.007,-0.002,-0.046,-0.013,-0.013,0.007,0.007,-0.002,0.002,-0.002,-0.002,28.0,29.0,30.0,29.0,30.0,30.0,29.0,28.0,28.0,29.0,30.0,29.0,30.0,30.0,29.0,29.0
1790307706.917607,6.080,-0.00286,-0.03071,-0.00019,-0.00019,0.42973,0.00248,0.05207,0.00003,-3.12257,-3.05581,-1.49214,-0.11311,-1.26135,0.18254,0.07687,0.00028,-0.0110,-0.0110,-0.0073,-0.0024,-0.0073,-0.0220,-0.0073,-0.0073,-0.0110,-0.0110,-0.0024,0.0024,-0.0073,0.0073,0.0073,0.0073,-0.040,-0.013,0.007,-0.021,0.002,-0.007,-0.002,-0.046,-0.013,-0.013,0.007,0.007,-0.002,0.002,-0.002,-0.002,28.0,29.0,30.0,29.0,30.0,30.0,29.0,28.0,28.0,29.0,30.0,29.0,30.0,30.0,29.0,29.0
1790307706.927446,6.090,-0.00324,-0.03071,-0.00019,-0.00019,0.42973,0.00248,0.05207,0.00003,-3.12257,-3.05581,-1.49214,-0.11273,-1.26135,0.18254,0.07687,0.00028,-0.0110,-0.0330,-0.0073,-0.0024,0.0073,-0.0073,-0.0073,-0.0073,-0.0110,-0.0330,-0.0024,-0.0024,-0.0073,0.0073,0.0073,0.0073,-0.040,-0.013,0.007,-0.021,0.002,-0.007,-0.002,-0.051,-0.013,-0.013,0.007,0.007,-0.002,0.002,-0.002,-0.002,28.0,29.0,30.0,29.0,30.0,30.0,29.0,28.0,28.0,29.0,30.0,29.0,30.0,30.0,29.0,29.0
1790307706.937607,6.100,-0.00324,-0.03071,-0.00019,-0.00019,0.42973,0.00248,0.05207,0.00003,-3.12257,-3.05581,-1.49214,-0.11273,-1.26135,0.18254,0.07687,0.00028,-0.0110,-0.0330,-0.0073,-0.0024,0.0073,-0.0073,-0.0073,-0.0073,-0.0110,-0.0330,-0.0024,-0.0024,-0.0073,0.0073,-0.0073,0.0073,-0.040,-0.013,0.007,-0.021,0.002,-0.007,-0.002,-0.051,-0.013,-0.013,0.007,0.007,-0.002,0.002,-0.007,-0.002,28.0,29.0,30.0,29.0,30.0,30.0,29.0,28.0,28.0,29.0,30.0,29.0,30.0,30.0,29.0,29.0
1790307706.947464,6.110,-0.00324,-0.03071,-0.00019,-0.00019,0.42973,0.00248,0.05207,0.00003,-3.12257,-3.05581,-1.49214,-0.11273,-1.26135,0.18254,0.07687,0.00028,-0.0110,-0.0330,-0.0073,-0.0024,0.0073,-0.0073,-0.0073,-0.0073,-0.0110,-0.0330,-0.0024,-0.0024,-0.0073,0.0073,-0.0073,0.0073,-0.040,-0.013,0.007,-0.021,0.002,-0.007,-0.002,-0.051,-0.013,-0.013,0.007,0.007,-0.002,0.002,-0.007,-0.002,28.0,29.0,30.0,29.0,30.0,30.0,29.0,28.0,28.0,29.0,30.0,29.0,30.0,30.0,29.0,29.0
1790307706.957578,6.120,-0.00324,-0.03071,-0.00019,-0.00019,0.42973,0.00248,0.05207,0.00003,-3.12257,-3.05581,-1.49214,-0.11273,-1.26135,0.18254,0.07687,0.00028,-0.0110,-0.0330,-0.0073,-0.0024,0.0073,-0.0073,-0.0073,-0.0073,-0.0110,-0.0330,-0.0024,-0.0024,-0.0073,0.0073,-0.0073,0.0073,-0.040,-0.013,0.007,-0.021,0.002,-0.007,-0.002,-0.051,-0.013,-0.013,0.007,0.007,-0.002,0.002,-0.007,-0.002,28.0,29.0,30.0,29.0,30.0,30.0,29.0,28.0,28.0,29.0,30.0,29.0,30.0,30.0,29.0,29.0
1790307706.967401,6.130,-0.00324,-0.03071,-0.00019,-0.00019,0.42973,0.00248,0.05207,0.00003,-3.12257,-3.05581,-1.49214,-0.11311,-1.26135,0.18254,0.07687,0.00028,-0.0110,-0.0110,-0.0073,-0.0024,-0.0073,0.0073,0.0073,-0.0073,-0.0110,-0.0110,0.0024,-0.0024,-0.0073,0.0073,-0.0073,0.0073,-0.040,-0.013,0.007,-0.021,0.002,-0.007,-0.002,-0.051,-0.013,-0.013,0.007,0.007,-0.002,0.002,-0.007,-0.002,28.0,29.0,30.0,29.0,30.0,30.0,29.0,28.0,28.0,29.0,30.0,29.0,30.0,30.0,29.0,29.0
1790307706.977598,6.140,-0.00324,-0.03071,-0.00019,-0.00019,0.42973,0.00248,0.05207,0.00003,-3.12257,-3.05581,-1.49214,-0.11311,-1.26135,0.18254,0.07687,0.00028,-0.0110,-0.0110,-0.0073,-0.0024,-0.0073,0.0073,0.0073,-0.0073,-0.0110,-0.0110,0.0024,-0.0024,-0.0073,0.0073,-0.0073,-0.0073,-0.040,-0.013,0.007,-0.021,0.002,-0.007,-0.002,-0.051,-0.013,-0.013,0.007,0.007,-0.002,0.002,-0.007,0.002,28.0,29.0,30.0,29.0,30.0,30.0,29.0,28.0,28.0,29.0,30.0,29.0,30.0,30.0,29.0,29.0
1790307706.987766,6.150,-0.00324,-0.03071,-0.00019,-0.00019,0.42973,0.00248,0.05207,0.00003,-3.12257,-3.05581,-1.49214,-0.11311,-1.26135,0.18254,0.07687,0.00028,-0.0110,-0.0110,-0.0073,-0.0024,-0.0073,0.0073,0.0073,-0.0073,-0.0110,-0.0110,0.0024,-0.0024,-0.0073,0.0073,-0.0073,-0.0073,-0.040,-0.013,0.007,-0.021,0.002,-0.007,-0.002,-0.051,-0.013,-0.013,0.007,0.007,-0.002,0.002,-0.007,0.002,28.0,29.0,30.0,29.0,30.0,30.0,29.0,28.0,28.0,29.0,30.0,29.0,30.0,30.0,29.0,29.0
1790307706.998034,6.160,-0.00324,-0.03071,-0.00019,-0.00019,0.42973,0.00248,0.05207,0.00003,-3.12257,-3.05581,-1.49214,-0.11311,-1.26135,0.18254,0.07687,0.00028,-0.0110,-0.0110,-0.0073,-0.0024,-0.0073,0.0073,0.0073,-0.0073,-0.0110,-0.0110,0.0024,-0.0024,-0.0073,0.0073,-0.0073,-0.0073,-0.040,-0.013,0.007,-0.021,0.002,-0.007,-0.002,-0.051,-0.013,-0.013,0.007,0.007,-0.002,0.002,-0.007,0.002,28.0,29.0,30.0,29.0,30.0,30.0,29.0,28.0,28.0,29.0,30.0,29.0,30.0,30.0,29.0,29.0
1790307707.007437,6.170,-0.00286,-0.03071,-0.00019,-0.00019,0.42973,0.00248,0.05207,0.00003,-3.12257,-3.05581,-1.49214,-0.11311,-1.26135,0.18254,0.07687,0.00028,-0.0110,-0.0110,-0.0073,-0.0024,-0.0073,0.0073,0.0073,-0.0073,-0.0110,-0.0110,0.0024,-0.0024,-0.0073,0.0073,-0.0073,0.0073,-0.040,-0.013,0.007,-0.021,0.002,-0.007,-0.002,-0.051,-0.013,-0.013,0.007,0.007,-0.002,0.002,-0.007,0.002,28.0,29.0,30.0,29.0,30.0,30.0,29.0,28.0,28.0,29.0,30.0,29.0,30.0,30.0,29.0,29.0
1790307707.017394,6.180,-0.00286,-0.03071,-0.00019,-0.00019,0.42973,0.00248,0.05207,0.00003,-3.12257,-3.05581,-1.49214,-0.11273,-1.26135,0.18254,0.07687,0.00028,-0.0110,-0.0110,-0.0024,-0.0073,-0.0073,-0.0073,-0.0220,-0.0073,-0.0110,-0.0110,-0.0024,0.0024,-0.0073,0.0073,-0.0073,0.0073,-0.040,-0.013,0.021,-0.021,-0.002,-0.007,-0.002,-0.051,-0.013,-0.013,0.007,0.007,-0.002,0.002,-0.007,0.002,28.0,29.0,30.0,29.0,30.0,30.0,29.0,28.0,28.0,29.0,30.0,29.0,30.0,30.0,29.0,29.0
1790307707.027451,6.190,-0.00286,-0.03071,-0.00019,-0.00019,0.42973,0.00248,0.05207,0.00003,-3.12257,-3.05581,-1.49214,-0.11273,-1.26135,0.18254,0.07687,0.00028,-0.0110,-0.0110,-0.0024,-0.0073,-0.0073,-0.0073,-0.0220,0.0073,-0.0110,-0.0110,-0.0024,0.0024,-0.0073,0.0073,-0.0073,-0.0073,-0.040,-0.013,0.021,-0.021,-0.002,-0.007,-0.002,-0.051,-0.013,-0.013,0.007,0.007,-0.002,0.002,-0.007,-0.002,28.0,29.0,30.0,29.0,30.0,30.0,29.0,28.0,28.0,29.0,30.0,29.0,30.0,30.0,29.0,29.0
1790307707.037394,6.200,-0.00286,-0.03071,-0.00019,-0.00019,0.42973,0.00248,0.05207,0.00003,-3.12257,-3.05581,-1.49214,-0.11273,-1.26135,0.18254,0.07687,0.00028,-0.0110,-0.0110,-0.0024,-0.0073,-0.0073,-0.0073,-0.0220,0.0073,-0.0110,-0.0110,-0.0024,0.0024,-0.0073,0.0073,-0.0073,-0.0073,-0.040,-0.013,0.021,-0.021,-0.002,-0.007,-0.002,-0.051,-0.013,-0.013,0.007,0.007,-0.002,0.002,-0.007,-0.002,28.0,29.0,30.0,29.0,30.0,30.0,29.0,28.0,28.0,29.0,30.0,29.0,30.0,30.0,29.0,29.0
1790307707.047427,6.210,-0.00286,-0.03071,-0.00019,-0.00019,0.42973,0.00248,0.05207,0.00003,-3.12257,-3.05581,-1.49214,-0.11273,-1.26135,0.18254,0.07687,0.00028,0.0110,-0.0110,-0.0024,-0.0073,-0.0073,-0.0073,-0.0220,-0.0073,-0.0110,-0.0110,-0.0024,0.0024,-0.0073,0.0073,-0.0073,-0.0073,-0.013,-0.013,0.021,-0.021,-0.002,-0.007,-0.002,-0.051,-0.013,-0.013,0.007,0.007,-0.002,0.002,-0.007,-0.002,28.0,29.0,30.0,29.0,30.0,30.0,29.0,28.0,28.0,29.0,30.0,29.0,30.0,30.0,29.0,29.0
1790307707.057580,6.220,-0.00286,-0.03071,-0.00019,-0.00019,0.42973,0.00248,0.05207,0.00003,-3.12257,-3.05581,-1.49214,-0.11273,-1.26135,0.18254,0.07687,0.00028,0.0110,-0.0110,-0.0024,-0.0024,-0.0073,-0.0073,-0.0220,-0.0073,-0.0110,-0.0110,-0.0024,-0.0024,-0.0073,-0.0073,0.0073,-0.0073,-0.013,-0.013,0.007,-0.034,0.002,-0.007,-0.002,-0.051,-0.013,-0.013,0.007,-0.007,-0.002,0.002,-0.002,-0.002,28.0,29.0,30.0,29.0,30.0,30.0,29.0,28.0,28.0,29.0,30.0,29.0,30.0,30.0,29.0,29.0
1790307707.067421,6.230,-0.00286,-0.03071,-0.00019,-0.00019,0.42973,0.00248,0.05207,0.00003,-3.12257,-3.05581,-1.49214,-0.11273,-1.26135,0.18254,0.07687,0.00028,0.0110,-0.0110,-0.0024,-0.0024,-0.0073,-0.0073,-0.0220,-0.0073,-0.0110,-0.0110,-0.0024,-0.0024,-0.0073,-0.0073,0.0073,-0.0073,-0.013,-0.013,0.007,-0.034,0.002,-0.007,-0.002,-0.051,-0.013,-0.013,0.007,-0.007,-0.002,0.002,-0.002,-0.002,28.0,29.0,30.0,29.0,30.0,30.0,29.0,28.0,28.0,29.0,30.0,29.0,30.0,30.0,29.0,29.0
1790307707.077603,6.240,-0.00286,-0.03071,-0.00019,-0.00019,0.42973,0.00248,0.05207,0.00003,-3.12257,-3.05581,-1.49214,-0.11273,-1.26135,0.18254,0.07687,0.00028,0.0110,-0.0110,-0.0024,-0.0024,-0.0073,-0.0073,-0.0220,-0.0073,-0.0110,-0.0110,-0.0024,-0.0024,-0.0073,-0.0073,0.0073,-0.0073,-0.013,-0.013,0.007,-0.034,0.002,-0.007,-0.002,-0.051,-0.013,-0.013,0.007,-0.007,-0.002,0.002,-0.002,-0.002,28.0,29.0,30.0,29.0,30.0,30.0,29.0,28.0,28.0,29.0,30.0,29.0,30.0,30.0,29.0,29.0
1790307707.087596,6.250,-0.00324,-0.03071,-0.00019,-0.00019,0.42973,0.00248,0.05207,0.00003,-3.12257,-3.05581,-1.49214,-0.11273,-1.26135,0.18254,0.07687,0.00028,-0.0110,-0.0110,-0.0024,-0.0024,-0.0073,-0.0073,-0.0220,-0.0220,-0.0110,-0.0110,-0.0024,-0.0024,-0.0073,-0.0073,0.0073,-0.0073,-0.013,-0.013,0.007,-0.034,0.002,-0.007,-0.002,-0.046,-0.013,-0.013,0.007,-0.007,-0.002,0.002,-0.002,0.002,28.0,29.0,30.0,29.0,30.0,30.0,29.0,28.0,28.0,29.0,30.0,29.0,30.0,30.0,29.0,29.0
1790307707.097421,6.260,-0.00324,-0.03071,-0.00019,-0.00019,0.42973,0.00248,0.05207,0.00003,-3.12257,-3.05581,-1.49214,-0.11311,-1.26135,0.18254,0.07725,0.00028,-0.0110,0.0110,-0.0024,-0.0024,-0.0073,0.0073,-0.0220,-0.0220,-0.0110,-0.0110,-0.0024,-0.0024,-0.0220,-0.0220,-0.0073,-0.0073,-0.013,-0.013,0.021,-0.021,0.002,-0.007,-0.002,-0.046,-0.013,0.013,0.007,0.007,-0.002,-0.002,-0.007,0.002,28.0,29.0,30.0,29.0,30.0,30.0,29.0,28.0,28.0,29.0,30.0,29.0,30.0,30.0,29.0,29.0
1790307707.107460,6.270,-0.00324,-0.03071,-0.00019,-0.00019,0.42973,0.00248,0.05207,0.00003,-3.12257,-3.05581,-1.49214,-0.11311,-1.26135,0.18254,0.07725,0.00028,-0.0110,0.0110,-0.0024,-0.0024,-0.0073,0.0073,-0.0220,-0.0220,-0.0110,-0.0110,-0.0024,-0.0024,-0.0220,-0.0220,-0.0073,-0.0073,-0.013,-0.013,0.021,-0.021,0.002,-0.007,-0.002,-0.046,-0.013,0.013,0.007,0.007,-0.002,-0.002,-0.007,0.002,28.0,29.0,30.0,29.0,30.0,30.0,29.0,28.0,28.0,29.0,30.0,29.0,30.0,30.0,29.0,29.0
1790307707.117393,6.280,-0.00324,-0.03071,-0.00019,-0.00019,0.42973,0.00248,0.05207,0.00003,-3.12257,-3.05581,-1.49214,-0.11311,-1.26135,0.18254,0.07725,0.00028,-0.0110,0.0110,-0.0024,-0.0024,-0.0073,0.0073,-0.0220,-0.0220,-0.0110,-0.0110,-0.0024,-0.0024,-0.0220,-0.0220,-0.0073,-0.0073,-0.013,-0.013,0.021,-0.021,0.002,-0.007,-0.002,-0.046,-0.013,0.013,0.007,0.007,-0.002,-0.002,-0.007,0.002,28.0,29.0,30.0,29.0,30.0,30.0,29.0,28.0,28.0,29.0,30.0,29.0,30.0,30.0,29.0,29.0
1790307707.127477,6.290,-0.00324,-0.03071,-0.00019,-0.00019,0.42973,0.00248,0.05207,0.00003,-3.12257,-3.05581,-1.49214,-0.11311,-1.26135,0.18254,0.07725,0.00028,-0.0110,0.0110,-0.0024,-0.0024,-0.0073,0.0073,-0.0220,-0.0220,-0.0110,-0.0110,-0.0024,-0.0024,-0.0220,-0.0220,-0.0073,-0.0073,-0.013,-0.013,0.021,-0.021,0.002,-0.007,-0.002,-0.046,-0.013,0.013,0.007,0.007,-0.002,-0.002,-0.007,0.002,28.0,29.0,30.0,29.0,30.0,30.0,29.0,28.0,28.0,29.0,30.0,29.0,30.0,30.0,29.0,29.0
1790307707.138061,6.300,-0.00324,-0.03071,-0.00019,-0.00019,0.42973,0.00248,0.05207,0.00003,-3.12257,-3.05581,-1.49214,-0.11273,-1.26135,0.18254,0.07687,0.00028,-0.0110,-0.0110,0.0024,-0.0024,-0.0220,0.0073,-0.0073,0.0073,-0.0110,-0.0110,-0.0073,-0.0024,0.0073,-0.0073,-0.0073,-0.0073,-0.040,-0.013,0.021,-0.021,-0.002,-0.007,-0.002,-0.046,-0.013,-0.013,0.007,0.007,-0.002,0.002,-0.007,0.002,28.0,29.0,30.0,29.0,30.0,30.0,29.0,28.0,28.0,29.0,30.0,29.0,30.0,30.0,29.0,29.0
1790307707.147448,6.310,-0.00324,-0.03071,-0.00019,-0.00019,0.42973,0.00248,0.05207,0.00003,-3.12257,-3.05581,-1.49214,-0.11273,-1.26135,0.18254,0.07687,0.00028,-0.0110,-0.0110,0.0024,-0.0024,-0.0220,0.0073,-0.0073,0.0073,-0.0110,-0.0110,-0.0073,-0.0024,0.0073,-0.0073,-0.0073,-0.0073,-0.040,-0.013,0.021,-0.021,-0.002,-0.007,-0.002,-0.046,-0.013,-0.013,0.007,0.007,-0.002,0.002,-0.007,0.002,28.0,29.0,30.0,29.0,30.0,30.0,29.0,28.0,28.0,29.0,30.0,29.0,30.0,30.0,29.0,29.0
1790307707.157968,6.320,-0.00324,-0.03071,-0.00019,-0.00019,0.42973,0.00248,0.05207,0.00003,-3.12257,-3.05581,-1.49214,-0.11273,-1.26135,0.18254,0.07687,0.00028,-0.0110,-0.0110,0.0024,-0.0024,-0.0220,0.0073,-0.0073,0.0073,-0.0110,-0.0110,-0.0073,-0.0024,0.0073,-0.0073,-0.0073,-0.0073,-0.040,-0.013,0.021,-0.021,-0.002,-0.007,-0.002,-0.046,-0.013,-0.013,0.007,0.007,-0.002,0.002,-0.007,0.002,28.0,29.0,30.0,29.0,30.0,30.0,29.0,28.0,28.0,29.0,30.0,29.0,30.0,30.0,29.0,29.0
1790307707.167827,6.330,-0.00324,-0.03071,-0.00019,-0.00019,0.42973,0.00248,0.05207,0.00003,-3.12257,-3.05581,-1.49214,-0.11273,-1.26135,0.18254,0.07687,0.00028,-0.0110,-0.0110,0.0024,-0.0024,-0.0220,0.0073,-0.0073,0.0073,-0.0110,-0.0110,-0.0073,-0.0024,0.0073,-0.0073,-0.0073,-0.0073,-0.040,-0.013,0.021,-0.021,-0.002,-0.007,-0.002,-0.046,-0.013,-0.013,0.007,0.007,-0.002,0.002,-0.007,0.002,28.0,29.0,30.0,29.0,30.0,30.0,29.0,28.0,28.0,29.0,30.0,29.0,30.0,30.0,29.0,29.0
1790307707.178038,6.340,-0.00324,-0.03071,-0.00019,-0.00019,0.42973,0.00248,0.05207,0.00003,-3.12257,-3.05581,-1.49214,-0.11311,-1.26135,0.18254,0.07687,0.00028,-0.0110,-0.0110,-0.0024,-0.0024,-0.0073,-0.0073,-0.0073,-0.0220,-0.0110,-0.0110,-0.0024,-0.0024,0.0073,-0.0073,0.0073,0.0073,-0.040,-0.013,0.007,-0.021,0.002,-0.007,-0.002,-0.051,-0.013,-0.013,0.007,0.007,-0.002,0.002,-0.002,0.002,28.0,29.0,30.0,29.0,30.0,30.0,29.0,28.0,28.0,29.0,30.0,29.0,30.0,30.0,29.0,29.0
1790307707.188017,6.350,-0.00324,-0.03071,-0.00019,-0.00019,0.42973,0.00248,0.05207,0.00003,-3.12257,-3.05581,-1.49214,-0.11311,-1.26135,0.18254,0.07687,0.00028,-0.0110,-0.0110,-0.0024,-0.0024,-0.0073,-0.0073,-0.0073,-0.0073,-0.0110,-0.0110,-0.0024,-0.0024,0.0073,-0.0073,0.0073,-0.0073,-0.040,-0.013,0.007,-0.021,0.002,-0.007,-0.002,-0.051,-0.013,-0.013,0.007,0.007,-0.002,0.002,-0.002,0.002,28.0,29.0,30.0,29.0,30.0,30.0,29.0,28.0,28.0,29.0,30.0,29.0,30.0,30.0,29.0,29.0
1790307707.198056,6.360,-0.00324,-0.03071,-0.00019,-0.00019,0.42973,0.00248,0.05207,0.00003,-3.12257,-3.05581,-1.49214,-0.11311,-1.26135,0.18254,0.07687,0.00028,-0.0110,-0.0110,-0.0024,-0.0024,-0.0073,-0.0073,-0.0073,-0.0073,-0.0110,-0.0110,-0.0024,-0.0024,0.0073,-0.0073,0.0073,-0.0073,-0.040,-0.013,0.007,-0.021,0.002,-0.007,-0.002,-0.051,-0.013,-0.013,0.007,0.007,-0.002,0.002,-0.002,0.002,28.0,29.0,30.0,29.0,30.0,30.0,29.0,28.0,28.0,29.0,30.0,29.0,30.0,30.0,29.0,29.0
1790307707.207974,6.370,-0.00324,-0.03071,-0.00019,-0.00019,0.42973,0.00248,0.05207,0.00003,-3.12257,-3.05581,-1.49214,-0.11311,-1.26135,0.18254,0.07687,0.00028,-0.0110,-0.0110,-0.0024,-0.0024,-0.0073,-0.0073,-0.0073,-0.0073,-0.0110,-0.0110,-0.0024,-0.0024,0.0073,-0.0073,0.0073,-0.0073,-0.040,-0.013,0.007,-0.021,0.002,-0.007,-0.002,-0.051,-0.013,-0.013,0.007,0.007,-0.002,0.002,-0.002,0.002,28.0,29.0,30.0,29.0,30.0,30.0,29.0,28.0,28.0,29.0,30.0,29.0,30.0,30.0,29.0,29.0
1790307707.217643,6.380,-0.00324,-0.03071,-0.00019,-0.00019,0.42973,0.00248,0.05207,0.00003,-3.12257,-3.05581,-1.49214,-0.11273,-1.26135,0.18254,0.07687,0.00028,-0.0110,-0.0110,-0.0073,-0.0024,-0.0073,-0.0220,-0.0073,-0.0073,-0.0110,-0.0110,0.0024,-0.0024,0.0073,-0.0220,-0.0073,-0.0220,-0.040,-0.013,0.007,-0.021,-0.002,-0.007,-0.002,-0.051,-0.013,-0.013,0.007,0.007,-0.002,0.002,-0.002,-0.002,28.0,29.0,30.0,29.0,30.0,30.0,29.0,28.0,28.0,29.0,30.0,29.0,30.0,30.0,29.0,29.0
1790307707.227413,6.390,-0.00324,-0.03071,-0.00019,-0.00019,0.42973,0.00248,0.05207,0.00003,-3.12257,-3.05581,-1.49214,-0.11273,-1.26135,0.18254,0.07687,0.00028,-0.0110,-0.0110,-0.0073,-0.0024,-0.0073,-0.0220,-0.0073,-0.0073,-0.0110,-0.0110,0.0024,-0.0024,0.0073,-0.0220,-0.0073,-0.0220,-0.040,-0.013,0.007,-0.021,-0.002,-0.007,-0.002,-0.051,-0.013,-0.013,0.007,0.007,-0.002,0.002,-0.002,-0.002,28.0,29.0,30.0,29.0,30.0,30.0,29.0,28.0,28.0,29.0,30.0,29.0,30.0,30.0,29.0,29.0
1790307707.237539,6.400,-0.00324,-0.03071,-0.00019,-0.00019,0.42973,0.00248,0.05207,0.00003,-3.12257,-3.05581,-1.49214,-0.11273,-1.26135,0.18254,0.07687,0.00028,-0.0110,-0.0110,-0.0073,-0.0024,-0.0073,-0.0220,-0.0073,-0.0073,-0.0110,-0.0110,0.0024,-0.0024,0.0073,-0.0220,-0.0073,-0.0073,-0.040,-0.013,0.007,-0.021,-0.002,-0.007,-0.002,-0.051,-0.013,-0.013,0.007,0.007,-0.002,0.002,-0.002,-0.002,28.0,29.0,30.0,29.0,30.0,30.0,29.0,28.0,28.0,29.0,30.0,29.0,30.0,30.0,29.0,29.0
1790307707.247380,6.410,-0.00324,-0.03071,-0.00019,-0.00019,0.42973,0.00248,0.05207,0.00003,-3.12257,-3.05581,-1.49214,-0.11273,-1.26135,0.18254,0.07687,0.00028,-0.0110,-0.0110,-0.0073,-0.0024,-0.0073,-0.0220,-0.0073,-0.0073,-0.0110,-0.0110,0.0024,-0.0024,0.0073,-0.0220,-0.0073,-0.0073,-0.040,-0.013,0.007,-0.021,-0.002,-0.007,-0.002,-0.051,-0.013,-0.013,0.007,0.007,-0.002,0.002,-0.002,-0.002,28.0,29.0,30.0,29.0,30.0,30.0,29.0,28.0,28.0,29.0,30.0,29.0,30.0,30.0,29.0,29.0
1790307707.257625,6.420,-0.00324,-0.03071,-0.00019,-0.00019,0.42973,0.00248,0.05207,0.00003,-3.12257,-3.05581,-1.49214,-0.11273,-1.26135,0.18254,0.07687,0.00028,-0.0110,-0.0110,-0.0024,-0.0024,-0.0073,-0.0073,-0.0073,-0.0073,-0.0110,-0.0110,-0.0073,-0.0024,-0.0220,0.0073,0.0220,-0.0220,-0.040,-0.013,0.021,-0.021,0.002,-0.007,-0.002,-0.056,-0.013,0.013,0.007,0.007,-0.002,0.002,-0.007,-0.007,28.0,29.0,30.0,29.0,30.0,30.0,29.0,28.0,28.0,29.0,30.0,29.0,30.0,30.0,29.0,29.0
1790307707.267397,6.430,-0.00324,-0.03071,-0.00019,-0.00019,0.42973,0.00248,0.05207,0.00003,-3.12257,-3.05581,-1.49214,-0.11273,-1.26135,0.18254,0.07687,0.00028,-0.0110,-0.0110,-0.0024,-0.0024,-0.0073,-0.0073,-0.0073,-0.0073,-0.0110,-0.0110,-0.0073,-0.0024,-0.0220,0.0073,0.0220,-0.0220,-0.040,-0.013,0.021,-0.021,0.002,-0.007,-0.002,-0.056,-0.013,0.013,0.007,0.007,-0.002,0.002,-0.007,-0.007,28.0,29.0,30.0,29.0,30.0,30.0,29.0,28.0,28.0,29.0,30.0,29.0,30.0,30.0,29.0,29.0
1790307707.277995,6.440,-0.00324,-0.03071,-0.00019,-0.00019,0.42973,0.00248,0.05207,0.00003,-3.12257,-3.05581,-1.49214,-0.11273,-1.26135,0.18254,0.07687,0.00028,-0.0110,-0.0110,-0.0024,-0.0024,-0.0073,-0.0073,-0.0073,-0.0073,-0.0110,-0.0110,-0.0073,-0.0024,-0.0220,0.0073,0.0220,-0.0220,-0.040,-0.013,0.021,-0.021,0.002,-0.007,-0.002,-0.056,-0.013,0.013,0.007,0.007,-0.002,0.002,-0.007,-0.007,28.0,29.0,30.0,29.0,30.0,30.0,29.0,28.0,28.0,29.0,30.0,29.0,30.0,30.0,29.0,29.0
1790307707.287399,6.450,-0.00324,-0.03071,-0.00019,-0.00019,0.42973,0.00248,0.05207,0.00003,-3.12257,-3.05581,-1.49214,-0.11273,-1.26135,0.18254,0.07687,0.00028,-0.0110,-0.0110,-0.0024,-0.0024,-0.0073,-0.0073,-0.0073,-0.0073,-0.0110,-0.0110,-0.0073,-0.0024,-0.0220,0.0073,0.0220,-0.0073,-0.040,-0.013,0.021,-0.021,0.002,-0.007,-0.002,-0.056,-0.013,0.013,0.007,0.007,-0.002,0.002,-0.007,-0.002,28.0,29.0,30.0,29.0,30.0,30.0,29.0,28.0,28.0,29.0,30.0,29.0,30.0,30.0,29.0,29.0
1790307707.297434,6.460,-0.00286,-0.03071,-0.00019,-0.00019,0.42973,0.00248,0.05207,0.00003,-3.12257,-3.05581,-1.49214,-0.11311,-1.26135,0.18254,0.07687,0.00028,-0.0110,-0.0110,-0.0024,-0.0024,-0.0220,-0.0073,0.0073,-0.0073,-0.0110,-0.0110,0.0024,-0.0024,-0.0073,-0.0073,-0.0220,0.0073,-0.040,-0.013,0.007,-0.021,0.002,-0.007,-0.002,-0.051,-0.013,-0.013,0.007,0.021,-0.002,0.002,-0.002,-0.002,28.0,29.0,30.0,29.0,30.0,30.0,29.0,28.0,28.0,29.0,30.0,29.0,30.0,30.0,29.0,29.0
1790307707.307420,6.470,-0.00286,-0.03071,-0.00019,-0.00019,0.42973,0.00248,0.05207,0.00003,-3.12257,-3.05581,-1.49214,-0.11311,-1.26135,0.18254,0.07687,0.00028,-0.0110,-0.0110,-0.0024,-0.0024,-0.0220,-0.0073,0.0073,-0.0073,-0.0110,-0.0110,0.0024,-0.0024,-0.0073,-0.0073,-0.0220,0.0073,-0.040,-0.013,0.007,-0.021,0.002,-0.007,-0.002,-0.051,-0.013,-0.013,0.007,0.021,-0.002,0.002,-0.002,-0.002,28.0,29.0,30.0,29.0,30.0,30.0,29.0,28.0,28.0,29.0,30.0,29.0,30.0,30.0,29.0,29.0
1790307707.317402,6.480,-0.00286,-0.03071,-0.00019,-0.00019,0.42973,0.00248,0.05207,0.00003,-3.12257,-3.05581,-1.49214,-0.11311,-1.26135,0.18254,0.07687,0.00028,-0.0110,-0.0110,-0.0024,-0.0024,-0.0220,-0.0073,0.0073,-0.0073,-0.0110,-0.0110,0.0024,-0.0024,-0.0073,-0.0073,-0.0220,0.0073,-0.040,-0.013,0.007,-0.021,0.002,-0.007,-0.002,-0.051,-0.013,-0.013,0.007,0.021,-0.002,0.002,-0.002,-0.002,28.0,29.0,30.0,29.0,30.0,30.0,29.0,28.0,28.0,29.0,30.0,29.0,30.0,30.0,29.0,29.0
1790307707.327425,6.490,-0.00286,-0.03071,-0.00019,-0.00019,0.42973,0.00248,0.05207,0.00003,-3.12257,-3.05581,-1.49214,-0.11311,-1.26135,0.18254,0.07687,0.00028,-0.0110,-0.0110,-0.0024,-0.0024,-0.0220,-0.0073,0.0073,-0.0073,-0.0110,-0.0110,0.0024,-0.0024,-0.0073,-0.0073,-0.0220,0.0073,-0.040,-0.013,0.007,-0.021,0.002,-0.007,-0.002,-0.051,-0.013,-0.013,0.007,0.021,-0.002,0.002,-0.002,-0.002,28.0,29.0,30.0,29.0,30.0,30.0,29.0,28.0,28.0,29.0,30.0,29.0,30.0,30.0,29.0,29.0
1790307707.337420,6.500,-0.00286,-0.03071,-0.00019,-0.00019,0.42973,0.00248,0.05207,0.00003,-3.12257,-3.05581,-1.49214,-0.11311,-1.26135,0.18254,0.07687,0.00028,-0.0110,-0.0110,-0.0073,-0.0024,-0.0073,-0.0073,-0.0073,0.0073,-0.0110,-0.0110,-0.0024,-0.0024,0.0073,0.0073,0.0073,-0.0073,-0.040,-0.013,0.021,-0.021,0.002,-0.007,-0.002,-0.051,-0.013,-0.013,0.007,0.007,-0.002,0.002,-0.002,-0.002,28.0,29.0,30.0,29.0,30.0,30.0,29.0,28.0,28.0,29.0,30.0,29.0,30.0,30.0,29.0,29.0
1790307707.347388,6.510,-0.00286,-0.03071,-0.00019,-0.00019,0.42973,0.00248,0.05207,0.00003,-3.12257,-3.05581,-1.49214,-0.11311,-1.26135,0.18254,0.07687,0.00028,-0.0110,-0.0110,-0.0073,-0.0024,-0.0073,-0.0073,-0.0073,-0.0073,-0.0110,-0.0110,-0.0024,-0.0024,0.0073,0.0073,0.0073,-0.0073,-0.040,-0.013,0.021,-0.021,0.002,-0.007,-0.002,-0.056,-0.013,-0.013,0.007,0.007,-0.002,0.002,-0.002,-0.002,28.0,29.0,30.0,29.0,30.0,30.0,29.0,28.0,28.0,29.0,30.0,29.0,30.0,30.0,29.0,29.0
1790307707.357433,6.520,-0.00286,-0.03071,-0.00019,-0.00019,0.42973,0.00248,0.05207,0.00003,-3.12257,-3.05581,-1.49214,-0.11311,-1.26135,0.18254,0.07687,0.00028,-0.0110,-0.0110,-0.0073,-0.0024,-0.0073,-0.0073,-0.0073,-0.0073,-0.0110,-0.0110,-0.0024,-0.0024,0.0073,0.0073,0.0073,-0.0073,-0.040,-0.013,0.021,-0.021,0.002,-0.007,-0.002,-0.056,-0.013,-0.013,0.007,0.007,-0.002,0.002,-0.002,-0.002,28.0,29.0,30.0,29.0,30.0,30.0,29.0,28.0,28.0,29.0,30.0,29.0,30.0,30.0,29.0,29.0
1790307707.367398,6.530,-0.00286,-0.03071,-0.00019,-0.00019,0.42973,0.00248,0.05207,0.00003,-3.12257,-3.05581,-1.49214,-0.11311,-1.26135,0.18254,0.07687,0.00028,-0.0110,-0.0110,-0.0073,-0.0024,-0.0073,-0.0073,-0.0073,-0.0073,-0.0110,-0.0110,-0.0024,-0.0024,0.0073,0.0073,0.0073,-0.0073,-0.040,-0.013,0.021,-0.021,0.002,-0.007,-0.002,-0.056,-0.013,-0.013,0.007,0.007,-0.002,0.002,-0.002,-0.002,28.0,29.0,30.0,29.0,30.0,30.0,29.0,28.0,28.0,29.0,30.0,29.0,30.0,30.0,29.0,29.0
1790307707.377453,6.540,-0.00324,-0.03071,-0.00019,-0.00019,0.43011,0.00248,0.05207,0.00003,-3.12257,-3.05581,-1.49214,-0.11311,-1.26135,0.18254,0.07687,0.00028,-0.0110,-0.0110,-0.0024,-0.0024,0.0073,0.0073,-0.0220,0.0073,-0.0330,-0.0330,0.0024,-0.0024,-0.0073,-0.0073,0.0073,-0.0073,-0.013,-0.013,0.007,-0.021,0.002,-0.007,0.002,-0.056,-0.013,-0.013,0.007,0.007,-0.002,-0.002,-0.007,0.002,28.0,29.0,30.0,29.0,30.0,30.0,29.0,28.0,28.0,29.0,30.0,29.0,30.0,30.0,29.0,29.0
1790307707.387418,6.550,-0.00324,-0.03071,-0.00019,-0.00019,0.43011,0.00248,0.05207,0.00003,-3.12257,-3.05581,-1.49214,-0.11311,-1.26135,0.18254,0.07687,0.00028,-0.0110,-0.0110,-0.0024,-0.0024,0.0073,0.0073,-0.0220,0.0073,-0.0330,-0.0330,0.0024,-0.0024,-0.0073,-0.0073,0.0073,-0.0073,-0.013,-0.013,0.007,-0.021,0.002,-0.007,0.002,-0.056,-0.013,-0.013,0.007,0.007,-0.002,-0.002,-0.007,0.002,28.0,29.0,30.0,29.0,30.0,30.0,29.0,28.0,28.0,29.0,30.0,29.0,30.0,30.0,29.0,29.0
1790307707.397634,6.560,-0.00324,-0.03071,-0.00019,-0.00019,0.43011,0.00248,0.05207,0.00003,-3.12257,-3.05581,-1.49214,-0.11311,-1.26135,0.18254,0.07687,0.00028,-0.0110,-0.0110,-0.0024,-0.0024,0.0073,0.0073,-0.0220,-0.0073,-0.0330,-0.0330,0.0024,-0.0024,-0.0073,-0.0073,0.0073,-0.0220,-0.013,-0.013,0.007,-0.021,0.002,-0.007,0.002,-0.056,-0.013,-0.013,0.007,0.007,-0.002,-0.002,-0.007,0.002,28.0,29.0,30.0,29.0,30.0,30.0,29.0,28.0,28.0,29.0,30.0,29.0,30.0,30.0,29.0,29.0
1790307707.408247,6.571,-0.00324,-0.03071,-0.00019,-0.00019,0.43011,0.00248,0.05207,0.00003,-3.12257,-3.05581,-1.49214,-0.11311,-1.26135,0.18254,0.07687,0.00028,-0.0110,-0.0110,-0.0024,-0.0024,0.0073,0.0073,-0.0220,-0.0073,-0.0330,-0.0330,0.0024,-0.0024,-0.0073,-0.0073,0.0073,-0.0220,-0.013,-0.013,0.007,-0.021,0.002,-0.007,0.002,-0.056,-0.013,-0.013,0.007,0.007,-0.002,-0.002,-0.007,0.002,28.0,29.0,30.0,29.0,30.0,30.0,29.0,28.0,28.0,29.0,30.0,29.0,30.0,30.0,29.0,29.0
1790307707.417615,6.580,-0.00324,-0.03071,-0.00019,-0.00019,0.43011,0.00248,0.05207,0.00003,-3.12257,-3.05581,-1.49214,-0.11311,-1.26135,0.18254,0.07687,0.00028,-0.0110,-0.0110,-0.0024,-0.0024,0.0073,0.0073,-0.0220,-0.0073,-0.0110,-0.0110,-0.0024,-0.0024,-0.0073,-0.0073,0.0073,-0.0073,-0.013,-0.013,0.007,-0.021,0.002,-0.007,0.002,-0.051,-0.013,-0.013,0.007,0.007,-0.002,-0.002,-0.007,0.002,28.0,29.0,30.0,29.0,30.0,30.0,29.0,28.0,28.0,29.0,30.0,29.0,30.0,30.0,29.0,29.0
1790307707.427427,6.590,-0.00324,-0.03071,-0.00019,-0.00019,0.42973,0.00248,0.05207,0.00003,-3.12257,-3.05581,-1.49214,-0.11311,-1.26135,0.18254,0.07687,0.00028,-0.0110,-0.0110,-0.0024,-0.0024,-0.0073,0.0073,-0.0073,-0.0073,-0.0110,-0.0110,-0.0024,-0.0024,0.0073,-0.0220,-0.0073,-0.0073,-0.013,-0.013,0.007,-0.021,0.002,-0.007,-0.002,-0.051,-0.013,-0.013,0.007,0.007,-0.002,0.002,-0.007,0.002,28.0,29.0,30.0,29.0,30.0,30.0,29.0,28.0,28.0,29.0,30.0,29.0,30.0,30.0,29.0,29.0
1790307707.437442,6.600,-0.00324,-0.03071,-0.00019,-0.00019,0.42973,0.00248,0.05207,0.00003,-3.12257,-3.05581,-1.49214,-0.11311,-1.26135,0.18254,0.07687,0.00028,-0.0110,-0.0110,-0.0024,-0.0024,-0.0073,0.0073,-0.0073,-0.0073,-0.0110,-0.0110,-0.0024,-0.0024,0.0073,-0.0220,-0.0073,-0.0073,-0.013,-0.013,0.007,-0.021,0.002,-0.007,-0.002,-0.051,-0.013,-0.013,0.007,0.007,-0.002,0.002,-0.007,0.002,28.0,29.0,30.0,29.0,30.0,30.0,29.0,28.0,28.0,29.0,30.0,29.0,30.0,30.0,29.0,29.0
1790307707.447471,6.610,-0.00324,-0.03071,-0.00019,-0.00019,0.42973,0.00248,0.05207,0.00003,-3.12257,-3.05581,-1.49214,-0.11311,-1.26135,0.18254,0.07687,0.00028,-0.0110,-0.0110,-0.0024,-0.0024,-0.0073,0.0073,-0.0073,0.0073,-0.0110,-0.0110,-0.0024,-0.0024,0.0073,-0.0220,-0.0073,-0.0073,-0.013,-0.013,0.007,-0.021,0.002,-0.007,-0.002,-0.051,-0.013,-0.013,0.007,0.007,-0.002,0.002,-0.007,-0.002,28.0,29.0,30.0,29.0,30.0,30.0,29.0,28.0,28.0,29.0,30.0,29.0,30.0,30.0,29.0,29.0
1790307707.457638,6.620,-0.00324,-0.03071,-0.00019,-0.00019,0.42973,0.00248,0.05207,0.00003,-3.12257,-3.05581,-1.49214,-0.11273,-1.26135,0.18254,0.07687,0.00028,-0.0110,-0.0110,-0.0024,-0.0024,0.0073,-0.0073,-0.0073,-0.0073,0.0110,-0.0110,-0.0024,-0.0024,-0.0073,-0.0220,-0.0073,-0.0073,-0.013,-0.013,0.007,-0.021,0.002,-0.007,-0.002,-0.051,-0.013,0.013,-0.007,0.007,-0.002,0.002,-0.007,-0.002,28.0,29.0,30.0,29.0,30.0,30.0,29.0,28.0,28.0,29.0,30.0,29.0,30.0,30.0,29.0,29.0
1790307707.467413,6.630,-0.00324,-0.03071,-0.00019,-0.00019,0.42973,0.00248,0.05207,0.00003,-3.12257,-3.05581,-1.49214,-0.11273,-1.26135,0.18254,0.07687,0.00028,-0.0110,-0.0110,-0.0024,-0.0024,0.0073,-0.0073,-0.0073,-0.0073,0.0110,-0.0110,-0.0024,-0.0024,-0.0073,-0.0073,0.0073,-0.0073,-0.013,-0.013,0.007,-0.021,0.002,-0.007,-0.002,-0.051,-0.013,0.013,-0.007,0.007,-0.002,0.002,-0.002,-0.002,28.0,29.0,30.0,29.0,30.0,30.0,29.0,28.0,28.0,29.0,30.0,29.0,30.0,30.0,29.0,29.0
1790307707.477635,6.640,-0.00324,-0.03071,-0.00019,-0.00019,0.42973,0.00248,0.05207,0.00003,-3.12257,-3.05581,-1.49214,-0.11273,-1.26135,0.18254,0.07687,0.00028,-0.0110,-0.0110,-0.0024,-0.0024,0.0073,-0.0073,-0.0073,-0.0073,0.0110,-0.0110,-0.0024,-0.0024,-0.0073,-0.0073,0.0073,-0.0073,-0.013,-0.013,0.007,-0.021,0.002,-0.007,-0.002,-0.051,-0.013,0.013,-0.007,0.007,-0.002,0.002,-0.002,-0.002,28.0,29.0,30.0,29.0,30.0,30.0,29.0,28.0,28.0,29.0,30.0,29.0,30.0,30.0,29.0,29.0
1790307707.487392,6.650,-0.00324,-0.03071,-0.00019,-0.00019,0.42973,0.00248,0.05207,0.00003,-3.12257,-3.05581,-1.49214,-0.11273,-1.26135,0.18254,0.07687,0.00028,-0.0110,-0.0110,-0.0024,-0.0024,0.0073,-0.0073,-0.0073,-0.0073,0.0110,-0.0110,-0.0024,-0.0024,-0.0073,-0.0073,0.0073,-0.0073,-0.013,-0.013,0.007,-0.021,0.002,-0.007,-0.002,-0.051,-0.013,0.013,-0.007,0.007,-0.002,0.002,-0.002,-0.002,28.0,29.0,30.0,29.0,30.0,30.0,29.0,28.0,28.0,29.0,30.0,29.0,30.0,30.0,29.0,29.0
1790307707.497663,6.660,-0.00324,-0.03071,-0.00019,-0.00019,0.42973,0.00248,0.05207,0.00003,-3.12257,-3.05581,-1.49214,-0.11273,-1.26135,0.18254,0.07687,0.00028,-0.0110,-0.0110,-0.0024,0.0024,-0.0073,-0.0220,-0.0073,-0.0073,-0.0110,-0.0110,-0.0024,-0.0024,-0.0073,-0.0073,0.0073,0.0073,-0.040,-0.013,0.007,-0.021,-0.002,-0.007,-0.002,-0.056,-0.013,-0.013,0.007,0.007,-0.002,0.002,-0.002,-0.007,28.0,29.0,30.0,29.0,30.0,30.0,29.0,28.0,28.0,29.0,30.0,29.0,30.0,30.0,29.0,29.0
1790307707.507375,6.670,-0.00324,-0.03071,-0.00019,-0.00019,0.42973,0.00248,0.05207,0.00003,-3.12257,-3.05581,-1.49214,-0.11273,-1.26135,0.18254,0.07687,0.00028,-0.0110,-0.0110,-0.0024,0.0024,-0.0073,-0.0220,-0.0073,-0.0073,-0.0110,-0.0110,-0.0024,-0.0024,-0.0073,-0.0073,-0.0073,0.0073,-0.040,-0.013,0.007,-0.021,-0.002,-0.007,-0.002,-0.056,-0.013,-0.013,0.007,0.007,-0.002,0.002,-0.002,-0.007,28.0,29.0,30.0,29.0,30.0,30.0,29.0,28.0,28.0,29.0,30.0,29.0,30.0,30.0,29.0,29.0
1790307707.517403,6.680,-0.00324,-0.03071,-0.00019,-0.00019,0.42973,0.00248,0.05207,0.00003,-3.12257,-3.05581,-1.49214,-0.11273,-1.26135,0.18254,0.07687,0.00028,-0.0110,-0.0110,-0.0024,0.0024,-0.0073,-0.0220,-0.0073,-0.0073,-0.0110,-0.0110,-0.0024,-0.0024,-0.0073,-0.0073,-0.0073,0.0073,-0.040,-0.013,0.007,-0.021,-0.002,-0.007,-0.002,-0.056,-0.013,-0.013,0.007,0.007,-0.002,0.002,-0.002,-0.007,28.0,29.0,30.0,29.0,30.0,30.0,29.0,28.0,28.0,29.0,30.0,29.0,30.0,30.0,29.0,29.0
1790307707.527357,6.690,-0.00324,-0.03071,-0.00019,-0.00019,0.42973,0.00248,0.05207,0.00003,-3.12257,-3.05581,-1.49214,-0.11273,-1.26135,0.18254,0.07687,0.00028,-0.0110,-0.0110,-0.0024,0.0024,-0.0073,-0.0220,-0.0073,-0.0073,-0.0110,-0.0110,-0.0024,-0.0024,-0.0073,-0.0073,-0.0073,0.0073,-0.040,-0.013,0.007,-0.021,-0.002,-0.007,-0.002,-0.056,-0.013,-0.013,0.007,0.007,-0.002,0.002,-0.002,-0.007,28.0,29.0,30.0,29.0,30.0,30.0,29.0,28.0,28.0,29.0,30.0,29.0,30.0,30.0,29.0,29.0
1790307707.537709,6.700,-0.00324,-0.03071,-0.00019,-0.00019,0.42973,0.00248,0.05207,0.00003,-3.12257,-3.05581,-1.49214,-0.11273,-1.26135,0.18254,0.07687,0.00028,-0.0110,-0.0110,-0.0024,-0.0024,-0.0073,-0.0220,-0.0073,-0.0073,-0.0330,-0.0110,-0.0024,-0.0024,-0.0073,-0.0073,-0.0073,-0.0073,-0.040,-0.013,0.007,-0.021,0.002,-0.007,-0.002,-0.056,-0.013,-0.013,0.007,0.007,-0.002,0.002,-0.002,-0.002,28.0,29.0,30.0,29.0,30.0,30.0,29.0,28.0,28.0,29.0,30.0,29.0,30.0,30.0,29.0,29.0
1790307707.547453,6.710,-0.00324,-0.03071,-0.00019,-0.00019,0.42973,0.00248,0.05207,0.00003,-3.12257,-3.05581,-1.49214,-0.11273,-1.26135,0.18254,0.07687,0.00028,-0.0110,-0.0110,-0.0024,-0.0024,-0.0073,-0.0073,-0.0073,-0.0073,-0.0330,-0.0110,-0.0024,-0.0024,0.0073,-0.0073,-0.0073,0.0073,-0.040,-0.013,0.007,-0.021,0.002,-0.007,0.002,-0.056,-0.013,-0.013,0.007,0.007,-0.002,0.002,-0.002,-0.002,28.0,29.0,30.0,29.0,30.0,30.0,29.0,28.0,28.0,29.0,30.0,29.0,30.0,30.0,29.0,29.0
1790307707.557618,6.720,-0.00324,-0.03071,-0.00019,-0.00019,0.42973,0.00248,0.05207,0.00003,-3.12257,-3.05581,-1.49214,-0.11273,-1.26135,0.18254,0.07687,0.00028,-0.0110,-0.0110,-0.0024,-0.0024,-0.0073,-0.0073,-0.0073,-0.0073,-0.0330,-0.0110,-0.0024,-0.0024,0.0073,-0.0073,-0.0073,-0.0073,-0.040,-0.013,0.007,-0.021,0.002,-0.007,0.002,-0.056,-0.013,-0.013,0.007,0.007,-0.002,0.002,-0.002,-0.002,28.0,29.0,30.0,29.0,30.0,30.0,29.0,28.0,28.0,29.0,30.0,29.0,30.0,30.0,29.0,29.0
1790307707.567381,6.730,-0.00324,-0.03071,-0.00019,-0.00019,0.42973,0.00248,0.05207,0.00003,-3.12257,-3.05581,-1.49214,-0.11273,-1.26135,0.18254,0.07687,0.00028,-0.0110,-0.0110,-0.0024,-0.0024,-0.0073,-0.0073,-0.0073,-0.0073,-0.0330,-0.0110,-0.0024,-0.0024,0.0073,-0.0073,-0.0073,-0.0073,-0.040,-0.013,0.007,-0.021,0.002,-0.007,0.002,-0.056,-0.013,-0.013,0.007,0.007,-0.002,0.002,-0.002,-0.002,28.0,29.0,30.0,29.0,30.0,30.0,29.0,28.0,28.0,29.0,30.0,29.0,30.0,30.0,29.0,29.0
1790307707.577856,6.740,-0.00324,-0.03071,-0.00019,-0.00019,0.42973,0.00248,0.05207,0.00003,-3.12257,-3.05581,-1.49214,-0.11273,-1.26135,0.18254,0.07687,0.00030,-0.0110,-0.0110,-0.0024,-0.0024,-0.0073,-0.0073,-0.0073,-0.0073,-0.0110,-0.0110,-0.0024,-0.0024,0.0073,-0.0073,-0.0073,-0.0220,-0.040,-0.013,0.007,-0.021,0.002,-0.007,0.002,-0.056,-0.013,-0.013,0.007,0.007,-0.002,0.002,-0.002,-0.007,28.0,29.0,30.0,29.0,30.0,30.0,29.0,28.0,28.0,29.0,30.0,29.0,30.0,30.0,29.0,29.0
1790307707.587359,6.750,-0.00324,-0.03071,-0.00019,-0.00019,0.42973,0.00248,0.05207,0.00003,-3.12257,-3.05581,-1.49214,-0.11273,-1.26135,0.18254,0.07687,0.00030,-0.0110,-0.0110,-0.0024,-0.0024,-0.0073,-0.0073,-0.0073,-0.0073,-0.0110,-0.0110,-0.0024,-0.0024,0.0073,0.0073,-0.0073,-0.0220,-0.040,-0.013,0.007,-0.021,0.002,-0.007,-0.002,-0.056,-0.013,-0.013,0.007,0.007,-0.002,0.002,-0.002,-0.007,28.0,29.0,30.0,29.0,30.0,30.0,29.0,28.0,28.0,29.0,30.0,29.0,30.0,30.0,29.0,29.0
1790307707.597576,6.760,-0.00324,-0.03071,-0.00019,-0.00019,0.42973,0.00248,0.05207,0.00003,-3.12257,-3.05581,-1.49214,-0.11273,-1.26135,0.18254,0.07687,0.00030,-0.0110,-0.0110,-0.0024,-0.0024,-0.0073,-0.0073,-0.0073,-0.0073,-0.0110,-0.0110,-0.0024,-0.0024,0.0073,0.0073,-0.0073,-0.0220,-0.040,-0.013,0.007,-0.021,0.002,-0.007,-0.002,-0.056,-0.013,-0.013,0.007,0.007,-0.002,0.002,-0.002,-0.007,28.0,29.0,30.0,29.0,30.0,30.0,29.0,28.0,28.0,29.0,30.0,29.0,30.0,30.0,29.0,29.0
1790307707.607383,6.770,-0.00324,-0.03071,-0.00019,-0.00019,0.42973,0.00248,0.05207,0.00003,-3.12257,-3.05581,-1.49214,-0.11273,-1.26135,0.18254,0.07687,0.00028,-0.0110,-0.0110,-0.0024,-0.0024,-0.0073,-0.0073,-0.0073,-0.0220,-0.0110,-0.0110,-0.0024,-0.0024,0.0073,0.0073,-0.0073,0.0073,-0.040,-0.013,0.007,-0.021,0.002,-0.007,-0.002,-0.061,-0.013,-0.013,0.007,0.007,-0.002,0.002,-0.002,-0.012,28.0,29.0,30.0,29.0,30.0,30.0,29.0,28.0,28.0,29.0,30.0,29.0,30.0,30.0,29.0,29.0
1790307707.617918,6.780,-0.00286,-0.03071,-0.00019,-0.00019,0.42973,0.00248,0.05207,0.00003,-3.12257,-3.05581,-1.49214,-0.11273,-1.26135,0.18254,0.07687,0.00028,-0.0110,-0.0110,-0.0024,-0.0024,-0.0073,-0.0073,-0.0073,-0.0073,-0.0110,-0.0110,-0.0024,-0.0024,0.0073,0.0073,-0.0073,-0.0073,-0.013,-0.013,0.007,-0.021,0.002,-0.007,-0.002,-0.056,-0.013,-0.013,0.007,0.007,-0.002,0.002,-0.002,-0.007,28.0,29.0,30.0,29.0,30.0,30.0,29.0,28.0,28.0,29.0,30.0,29.0,30.0,30.0,29.0,29.0
1790307707.627738,6.790,-0.00286,-0.03071,-0.00019,-0.00019,0.42973,0.00248,0.05207,0.00003,-3.12257,-3.05581,-1.49214,-0.11273,-1.26135,0.18254,0.07687,0.00028,-0.0110,-0.0110,0.0024,-0.0024,-0.0073,-0.0073,-0.0220,-0.0073,-0.0110,-0.0110,0.0024,0.0024,-0.0073,-0.0073,-0.0220,-0.0073,-0.013,-0.013,0.021,-0.021,0.002,-0.007,-0.002,-0.056,-0.013,-0.013,0.007,0.007,-0.002,-0.002,-0.007,-0.007,28.0,29.0,30.0,29.0,30.0,30.0,29.0,28.0,28.0,29.0,30.0,29.0,30.0,30.0,29.0,29.0
1790307707.637506,6.800,-0.00286,-0.03071,-0.00019,-0.00019,0.42973,0.00248,0.05207,0.00003,-3.12257,-3.05581,-1.49214,-0.11273,-1.26135,0.18254,0.07687,0.00028,-0.0110,-0.0110,0.0024,-0.0024,-0.0073,-0.0073,-0.0220,-0.0073,-0.0110,-0.0110,0.0024,0.0024,-0.0073,-0.0073,-0.0220,-0.0073,-0.013,-0.013,0.021,-0.021,0.002,-0.007,-0.002,-0.056,-0.013,-0.013,0.007,0.007,-0.002,-0.002,-0.007,-0.007,28.0,29.0,30.0,29.0,30.0,30.0,29.0,28.0,28.0,29.0,30.0,29.0,30.0,30.0,29.0,29.0
1790307707.647383,6.810,-0.00286,-0.03071,-0.00019,-0.00019,0.42973,0.00248,0.05207,0.00003,-3.12257,-3.05581,-1.49214,-0.11273,-1.26135,0.18254,0.07687,0.00028,-0.0110,-0.0110,0.0024,-0.0024,-0.0073,-0.0073,-0.0220,-0.0073,-0.0110,-0.0110,0.0024,0.0024,-0.0073,-0.0073,-0.0220,-0.0073,-0.013,-0.013,0.021,-0.021,0.002,-0.007,-0.002,-0.056,-0.013,-0.013,0.007,0.007,-0.002,-0.002,-0.007,-0.007,28.0,29.0,30.0,29.0,30.0,30.0,29.0,28.0,28.0,29.0,30.0,29.0,30.0,30.0,29.0,29.0
1790307707.657440,6.820,-0.00286,-0.03071,-0.00019,-0.00019,0.42973,0.00248,0.05207,0.00003,-3.12257,-3.05581,-1.49214,-0.11273,-1.26135,0.18254,0.07687,0.00028,-0.0110,-0.0110,0.0024,-0.0024,-0.0073,-0.0073,-0.0220,-0.0073,-0.0110,-0.0110,0.0024,0.0024,-0.0073,-0.0073,-0.0220,-0.0073,-0.013,-0.013,0.021,-0.021,0.002,-0.007,-0.002,-0.061,-0.013,-0.013,0.007,0.007,-0.002,-0.002,-0.007,-0.012,28.0,29.0,30.0,29.0,30.0,30.0,29.0,28.0,28.0,29.0,30.0,29.0,30.0,30.0,29.0,29.0
1790307707.667409,6.830,-0.00324,-0.03071,-0.00019,-0.00019,0.42973,0.00248,0.05207,0.00003,-3.12257,-3.05581,-1.49214,-0.11311,-1.26135,0.18254,0.07687,0.00028,0.0110,-0.0110,-0.0024,-0.0024,-0.0073,-0.0073,-0.0073,-0.0220,-0.0110,-0.0110,-0.0024,-0.0024,-0.0073,-0.0220,0.0073,-0.0073,-0.040,-0.013,0.007,-0.021,0.002,-0.007,-0.002,-0.061,-0.013,-0.013,-0.007,0.007,-0.002,0.002,-0.007,-0.007,28.0,29.0,30.0,29.0,30.0,30.0,29.0,28.0,28.0,29.0,30.0,29.0,30.0,30.0,29.0,29.0
1790307707.677578,6.840,-0.00324,-0.03071,-0.00019,-0.00019,0.42973,0.00248,0.05207,0.00003,-3.12257,-3.05581,-1.49214,-0.11311,-1.26135,0.18254,0.07687,0.00028,0.0110,-0.0110,-0.0024,-0.0024,-0.0073,-0.0073,-0.0073,-0.0220,-0.0110,-0.0110,-0.0024,-0.0024,-0.0073,-0.0220,0.0073,-0.0073,-0.040,-0.013,0.007,-0.021,0.002,-0.007,-0.002,-0.061,-0.013,-0.013,-0.007,0.007,-0.002,0.002,-0.007,-0.007,28.0,29.0,30.0,29.0,30.0,30.0,29.0,28.0,28.0,29.0,30.0,29.0,30.0,30.0,29.0,29.0
1790307707.687433,6.850,-0.00324,-0.03071,-0.00019,-0.00019,0.42973,0.00248,0.05207,0.00003,-3.12257,-3.05581,-1.49214,-0.11311,-1.26135,0.18254,0.07687,0.00028,0.0110,-0.0110,-0.0024,-0.0024,-0.0073,-0.0073,-0.0073,-0.0220,-0.0110,-0.0110,-0.0024,-0.0024,-0.0073,-0.0220,0.0073,-0.0073,-0.040,-0.013,0.007,-0.021,0.002,-0.007,-0.002,-0.061,-0.013,-0.013,-0.007,0.007,-0.002,0.002,-0.007,-0.007,28.0,29.0,30.0,29.0,30.0,30.0,29.0,28.0,28.0,29.0,30.0,29.0,30.0,30.0,29.0,29.0
1790307707.697502,6.860,-0.00324,-0.03071,-0.00019,-0.00019,0.42973,0.00248,0.05207,0.00003,-3.12257,-3.05581,-1.49214,-0.11311,-1.26135,0.18254,0.07687,0.00028,0.0110,-0.0110,-0.0024,-0.0024,-0.0073,-0.0073,-0.0073,-0.0220,-0.0110,-0.0110,-0.0024,-0.0024,-0.0073,-0.0220,0.0073,-0.0073,-0.040,-0.013,0.007,-0.021,0.002,-0.007,-0.002,-0.061,-0.013,-0.013,-0.007,0.007,-0.002,0.002,-0.007,-0.007,28.0,29.0,30.0,29.0,30.0,30.0,29.0,28.0,28.0,29.0,30.0,29.0,30.0,30.0,29.0,29.0
1790307707.707428,6.870,-0.00324,-0.03071,-0.00019,-0.00019,0.42973,0.00248,0.05207,0.00003,-3.12257,-3.05581,-1.49214,-0.11311,-1.26135,0.18254,0.07687,0.00028,-0.0110,-0.0110,-0.0073,0.0024,-0.0073,-0.0073,-0.0073,-0.0220,-0.0110,-0.0110,-0.0024,-0.0024,-0.0073,0.0073,-0.0220,-0.0073,-0.013,-0.013,0.007,-0.021,0.002,-0.007,-0.002,-0.061,-0.013,-0.013,0.007,0.007,-0.002,0.002,-0.002,-0.007,28.0,29.0,30.0,29.0,30.0,30.0,29.0,28.0,28.0,29.0,30.0,29.0,30.0,30.0,29.0,29.0
1790307707.717421,6.880,-0.00324,-0.03071,-0.00019,-0.00019,0.42973,0.00248,0.05207,0.00003,-3.12257,-3.05581,-1.49214,-0.11311,-1.26135,0.18254,0.07687,0.00028,-0.0110,-0.0110,-0.0073,0.0024,-0.0073,-0.0073,-0.0073,-0.0220,-0.0110,-0.0110,-0.0024,-0.0024,-0.0073,0.0073,-0.0220,-0.0073,-0.013,-0.013,0.007,-0.021,0.002,-0.007,-0.002,-0.061,-0.013,-0.013,0.007,0.007,-0.002,0.002,-0.002,-0.007,28.0,29.0,30.0,29.0,30.0,30.0,29.0,28.0,28.0,29.0,30.0,29.0,30.0,30.0,29.0,29.0
1790307707.727444,6.890,-0.00324,-0.03071,-0.00019,-0.00019,0.42973,0.00248,0.05207,0.00003,-3.12257,-3.05581,-1.49214,-0.11311,-1.26135,0.18254,0.07687,0.00028,-0.0110,-0.0110,-0.0073,0.0024,-0.0073,-0.0073,-0.0073,-0.0220,-0.0110,-0.0110,-0.0024,-0.0024,-0.0073,0.0073,-0.0220,-0.0073,-0.013,-0.013,0.007,-0.021,0.002,-0.007,-0.002,-0.061,-0.013,-0.013,0.007,0.007,-0.002,0.002,-0.002,-0.007,28.0,29.0,30.0,29.0,30.0,30.0,29.0,28.0,28.0,29.0,30.0,29.0,30.0,30.0,29.0,29.0
1790307707.737603,6.900,-0.00324,-0.03071,-0.00019,-0.00019,0.42973,0.00248,0.05207,0.00003,-3.12257,-3.05581,-1.49214,-0.11311,-1.26135,0.18254,0.07687,0.00028,-0.0110,-0.0110,-0.0073,0.0024,-0.0073,-0.0073,-0.0073,-0.0220,-0.0110,-0.0110,-0.0024,-0.0024,-0.0073,0.0073,-0.0220,-0.0073,-0.013,-0.013,0.007,-0.021,0.002,-0.007,-0.002,-0.061,-0.013,-0.013,0.007,0.007,-0.002,0.002,-0.002,-0.007,28.0,29.0,30.0,29.0,30.0,30.0,29.0,28.0,28.0,29.0,30.0,29.0,30.0,30.0,29.0,29.0
1790307707.747401,6.910,-0.00286,-0.03071,-0.00019,-0.00019,0.42973,0.00248,0.05207,0.00003,-3.12257,-3.05581,-1.49214,-0.11273,-1.26135,0.18254,0.07687,0.00028,-0.0110,-0.0110,0.0024,-0.0024,-0.0073,-0.0073,-0.0073,0.0073,-0.0110,-0.0110,-0.0073,-0.0024,0.0073,-0.0073,-0.0073,-0.0220,-0.013,-0.013,0.021,-0.021,0.002,-0.007,-0.002,-0.061,-0.013,-0.013,-0.007,0.007,-0.002,0.002,-0.007,-0.007,28.0,29.0,30.0,29.0,30.0,30.0,29.0,28.0,28.0,29.0,30.0,29.0,30.0,30.0,29.0,29.0
1790307707.757592,6.920,-0.00286,-0.03071,-0.00019,-0.00019,0.42973,0.00248,0.05207,0.00003,-3.12257,-3.05581,-1.49214,-0.11273,-1.26135,0.18254,0.07687,0.00028,-0.0110,-0.0110,0.0024,-0.0024,-0.0073,-0.0073,-0.0073,-0.0073,-0.0110,-0.0110,-0.0073,-0.0024,0.0073,-0.0073,-0.0073,-0.0073,-0.013,-0.013,0.021,-0.021,0.002,-0.007,-0.002,-0.061,-0.013,-0.013,-0.007,0.007,-0.002,0.002,-0.007,-0.007,28.0,29.0,30.0,29.0,30.0,30.0,29.0,28.0,28.0,29.0,30.0,29.0,30.0,30.0,29.0,29.0
1790307707.767393,6.930,-0.00286,-0.03071,-0.00019,-0.00019,0.42973,0.00248,0.05207,0.00003,-3.12257,-3.05581,-1.49214,-0.11273,-1.26135,0.18254,0.07687,0.00028,-0.0110,-0.0110,0.0024,-0.0024,-0.0073,-0.0073,-0.0073,-0.0073,-0.0110,-0.0110,-0.0073,-0.0024,0.0073,-0.0073,-0.0073,-0.0073,-0.013,-0.013,0.021,-0.021,0.002,-0.007,-0.002,-0.061,-0.013,-0.013,-0.007,0.007,-0.002,0.002,-0.007,-0.007,28.0,29.0,30.0,29.0,30.0,30.0,29.0,28.0,28.0,29.0,30.0,29.0,30.0,30.0,29.0,29.0
1790307707.777542,6.940,-0.00286,-0.03071,-0.00019,-0.00019,0.42973,0.00248,0.05207,0.00003,-3.12257,-3.05581,-1.49214,-0.11273,-1.26135,0.18254,0.07687,0.00028,-0.0110,-0.0110,0.0024,-0.0024,-0.0073,-0.0073,-0.0073,-0.0073,-0.0110,-0.0110,-0.0073,-0.0024,0.0073,-0.0073,-0.0073,-0.0073,-0.013,-0.013,0.021,-0.021,0.002,-0.007,-0.002,-0.061,-0.013,-0.013,-0.007,0.007,-0.002,0.002,-0.007,-0.007,28.0,29.0,30.0,29.0,30.0,30.0,29.0,28.0,28.0,29.0,30.0,29.0,30.0,30.0,29.0,29.0
1790307707.787407,6.950,-0.00286,-0.03071,-0.00019,-0.00019,0.42973,0.00248,0.05207,0.00003,-3.12257,-3.05581,-1.49214,-0.11311,-1.26135,0.18254,0.07687,0.00028,-0.0110,-0.0110,0.0024,-0.0024,-0.0073,-0.0073,0.0073,-0.0073,-0.0110,0.0110,-0.0024,-0.0024,-0.0073,-0.0073,-0.0073,-0.0073,-0.040,-0.013,0.021,-0.021,0.002,-0.007,-0.002,-0.061,-0.013,-0.013,0.007,0.007,-0.002,0.002,-0.007,-0.002,28.0,29.0,30.0,29.0,30.0,30.0,29.0,28.0,28.0,29.0,30.0,29.0,30.0,30.0,29.0,29.0
1790307707.806361,6.969,-0.00286,-0.03071,-0.00019,-0.00019,0.42973,0.00248,0.05207,0.00003,-3.12257,-3.05581,-1.49214,-0.11311,-1.26135,0.18254,0.07687,0.00028,-0.0110,-0.0110,0.0024,-0.0024,-0.0073,-0.0073,0.0073,-0.0073,-0.0110,0.0110,-0.0024,-0.0024,-0.0073,-0.0073,-0.0073,-0.0073,-0.040,-0.013,0.021,-0.021,0.002,-0.007,-0.002,-0.061,-0.013,-0.013,0.007,0.007,-0.002,0.002,-0.007,-0.002,28.0,29.0,30.0,29.0,30.0,30.0,29.0,28.0,28.0,29.0,30.0,29.0,30.0,30.0,29.0,29.0
1790307707.807220,6.970,-0.00286,-0.03071,-0.00019,-0.00019,0.42973,0.00248,0.05207,0.00003,-3.12257,-3.05581,-1.49214,-0.11311,-1.26135,0.18254,0.07687,0.00028,-0.0110,-0.0110,0.0024,-0.0024,-0.0073,-0.0073,0.0073,-0.0073,-0.0110,0.0110,-0.0024,-0.0024,-0.0073,-0.0073,-0.0073,-0.0073,-0.040,-0.013,0.021,-0.021,0.002,-0.007,-0.002,-0.061,-0.013,-0.013,0.007,0.007,-0.002,0.002,-0.007,-0.002,28.0,29.0,30.0,29.0,30.0,30.0,29.0,28.0,28.0,29.0,30.0,29.0,30.0,30.0,29.0,29.0
1790307707.817362,6.980,-0.00286,-0.03071,-0.00019,-0.00019,0.42973,0.00248,0.05207,0.00003,-3.12257,-3.05581,-1.49214,-0.11311,-1.26135,0.18254,0.07687,0.00028,-0.0110,-0.0110,0.0024,-0.0024,-0.0073,-0.0073,0.0073,0.0073,-0.0110,0.0110,-0.0024,-0.0024,-0.0073,-0.0073,-0.0073,-0.0073,-0.040,-0.013,0.021,-0.021,0.002,-0.007,-0.002,-0.061,-0.013,-0.013,0.007,0.007,-0.002,0.002,-0.007,-0.007,28.0,29.0,30.0,29.0,30.0,30.0,29.0,28.0,28.0,29.0,30.0,29.0,30.0,30.0,29.0,29.0
1790307707.827384,6.990,-0.00286,-0.03071,-0.00019,-0.00019,0.42973,0.00248,0.05207,0.00003,-3.12257,-3.05581,-1.49214,-0.11311,-1.26135,0.18254,0.07687,0.00028,-0.0110,-0.0110,0.0024,-0.0024,-0.0073,-0.0073,0.0073,0.0073,-0.0110,0.0110,-0.0024,-0.0024,-0.0073,-0.0073,-0.0073,-0.0073,-0.040,-0.013,0.021,-0.021,0.002,-0.007,-0.002,-0.061,-0.013,-0.013,0.007,0.007,-0.002,0.002,-0.007,-0.007,28.0,29.0,30.0,29.0,30.0,30.0,29.0,28.0,28.0,29.0,30.0,29.0,30.0,30.0,29.0,29.0
1790307707.837601,7.000,-0.00286,-0.03071,-0.00019,-0.00019,0.42973,0.00248,0.05207,0.00003,-3.12257,-3.05581,-1.49214,-0.11311,-1.26135,0.18254,0.07687,0.00028,-0.0110,-0.0110,0.0024,-0.0024,-0.0073,-0.0073,0.0073,0.0073,-0.0110,0.0110,-0.0024,-0.0024,-0.0073,-0.0073,-0.0073,-0.0073,-0.013,-0.013,0.021,-0.021,0.002,-0.007,-0.002,-0.061,-0.013,-0.013,0.007,0.007,-0.002,0.002,-0.007,-0.007,28.0,29.0,30.0,29.0,30.0,30.0,29.0,28.0,28.0,29.0,30.0,29.0,30.0,30.0,29.0,29.0
1790307707.847383,7.010,-0.00286,-0.03071,-0.00019,-0.00019,0.42973,0.00248,0.05207,0.00003,-3.12257,-3.05581,-1.49214,-0.11311,-1.26135,0.18254,0.07687,0.00028,-0.0110,0.0110,-0.0024,-0.0024,-0.0073,-0.0073,0.0073,-0.0073,-0.0110,-0.0110,-0.0024,-0.0024,-0.0073,-0.0073,-0.0073,0.0073,-0.013,-0.013,0.007,-0.021,0.002,-0.007,-0.002,-0.061,-0.013,-0.013,0.007,0.007,-0.002,0.002,-0.007,-0.002,28.0,29.0,30.0,29.0,30.0,30.0,29.0,28.0,28.0,29.0,30.0,29.0,30.0,30.0,29.0,29.0
1790307707.857590,7.020,-0.00286,-0.03071,-0.00019,-0.00019,0.42973,0.00248,0.05207,0.00003,-3.12257,-3.05581,-1.49214,-0.11311,-1.26135,0.18254,0.07687,0.00028,-0.0110,0.0110,-0.0024,0.0024,-0.0073,-0.0073,-0.0073,-0.0073,-0.0110,-0.0110,-0.0024,-0.0024,-0.0073,0.0073,-0.0220,0.0073,-0.013,-0.013,0.007,-0.021,0.002,-0.007,-0.002,-0.061,-0.013,-0.013,0.007,0.007,-0.002,0.002,-0.002,-0.002,28.0,29.0,30.0,29.0,30.0,30.0,29.0,28.0,28.0,29.0,30.0,29.0,30.0,30.0,29.0,29.0
1790307707.867403,7.030,-0.00286,-0.03071,-0.00019,-0.00019,0.42973,0.00248,0.05207,0.00003,-3.12257,-3.05581,-1.49214,-0.11311,-1.26135,0.18254,0.07687,0.00028,-0.0110,0.0110,-0.0024,0.0024,-0.0073,-0.0073,-0.0073,-0.0073,-0.0110,-0.0110,-0.0024,-0.0024,-0.0073,0.0073,-0.0220,0.0073,-0.013,-0.013,0.007,-0.021,0.002,-0.007,-0.002,-0.061,-0.013,-0.013,0.007,0.007,-0.002,0.002,-0.002,-0.002,28.0,29.0,30.0,29.0,30.0,30.0,29.0,28.0,28.0,29.0,30.0,29.0,30.0,30.0,29.0,29.0
1790307707.877591,7.040,-0.00324,-0.03071,-0.00019,-0.00019,0.42973,0.00248,0.05207,0.00003,-3.12257,-3.05581,-1.49214,-0.11311,-1.26135,0.18254,0.07687,0.00028,-0.0110,-0.0110,-0.0024,0.0024,-0.0073,-0.0073,-0.0073,0.0073,-0.0110,-0.0110,-0.0024,-0.0024,-0.0073,0.0073,-0.0220,-0.0073,-0.040,-0.013,0.007,-0.021,0.002,-0.007,-0.002,-0.061,-0.013,-0.013,0.007,0.007,-0.002,0.002,-0.002,-0.002,28.0,29.0,30.0,29.0,30.0,30.0,29.0,28.0,28.0,29.0,30.0,29.0,30.0,30.0,29.0,29.0
1790307707.887381,7.050,-0.00324,-0.03071,-0.00019,-0.00019,0.42973,0.00248,0.05207,0.00003,-3.12257,-3.05581,-1.49214,-0.11311,-1.26135,0.18254,0.07687,0.00028,-0.0110,-0.0110,-0.0024,-0.0024,-0.0073,-0.0073,-0.0073,0.0073,-0.0110,-0.0110,0.0024,-0.0024,0.0073,-0.0220,0.0073,-0.0073,-0.040,-0.013,0.007,-0.021,-0.002,-0.007,-0.002,-0.061,-0.013,-0.013,0.007,0.007,-0.002,0.002,-0.002,-0.002,28.0,29.0,30.0,29.0,30.0,30.0,29.0,28.0,28.0,29.0,30.0,29.0,30.0,30.0,29.0,29.0
1790307707.897608,7.060,-0.00324,-0.03071,-0.00019,-0.00019,0.42973,0.00248,0.05207,0.00003,-3.12257,-3.05581,-1.49214,-0.11311,-1.26135,0.18254,0.07687,0.00028,-0.0110,-0.0110,-0.0024,-0.0024,-0.0073,-0.0073,-0.0073,0.0073,-0.0110,-0.0110,0.0024,-0.0024,0.0073,-0.0220,0.0073,-0.0073,-0.040,-0.013,0.007,-0.021,-0.002,-0.007,-0.002,-0.061,-0.013,-0.013,0.007,0.007,-0.002,0.002,-0.002,-0.002,28.0,29.0,30.0,29.0,30.0,30.0,29.0,28.0,28.0,29.0,30.0,29.0,30.0,30.0,29.0,29.0
1790307707.907403,7.070,-0.00324,-0.03071,-0.00019,-0.00019,0.42973,0.00248,0.05207,0.00003,-3.12257,-3.05581,-1.49214,-0.11311,-1.26135,0.18254,0.07687,0.00028,-0.0110,-0.0110,-0.0024,-0.0024,-0.0073,-0.0073,-0.0073,0.0073,-0.0110,-0.0110,0.0024,-0.0024,0.0073,-0.0220,0.0073,-0.0073,-0.040,-0.013,0.007,-0.021,-0.002,-0.007,-0.002,-0.061,-0.013,-0.013,0.007,0.007,-0.002,0.002,-0.002,-0.002,28.0,29.0,30.0,29.0,30.0,30.0,29.0,28.0,28.0,29.0,30.0,29.0,30.0,30.0,29.0,29.0
1790307707.917694,7.080,-0.00324,-0.03071,-0.00019,-0.00019,0.42973,0.00248,0.05207,0.00005,-3.12257,-3.05581,-1.49214,-0.11311,-1.26135,0.18254,0.07687,0.00028,-0.0110,-0.0110,-0.0024,-0.0024,-0.0073,-0.0073,-0.0073,-0.0220,-0.0110,0.0110,-0.0024,-0.0024,-0.0220,0.0073,-0.0073,-0.0073,-0.013,-0.013,0.007,-0.021,0.002,-0.007,-0.002,-0.061,-0.013,-0.013,0.007,0.021,-0.002,0.002,-0.002,-0.002,28.0,29.0,30.0,29.0,30.0,30.0,29.0,28.0,28.0,29.0,30.0,29.0,30.0,30.0,29.0,29.0
1790307707.927372,7.090,-0.00324,-0.03071,-0.00019,-0.00019,0.42973,0.00248,0.05207,0.00005,-3.12257,-3.05581,-1.49214,-0.11311,-1.26135,0.18254,0.07687,0.00028,-0.0110,-0.0110,-0.0024,-0.0024,-0.0073,-0.0073,-0.0073,-0.0220,-0.0110,0.0110,-0.0024,-0.0024,-0.0220,0.0073,-0.0073,-0.0073,-0.013,-0.013,0.007,-0.021,0.002,-0.007,-0.002,-0.061,-0.013,-0.013,0.007,0.021,-0.002,0.002,-0.002,-0.002,28.0,29.0,30.0,29.0,30.0,30.0,29.0,28.0,28.0,29.0,30.0,29.0,30.0,30.0,29.0,29.0
1790307707.937577,7.100,-0.00324,-0.03071,-0.00019,-0.00019,0.42973,0.00248,0.05207,0.00005,-3.12257,-3.05581,-1.49214,-0.11311,-1.26135,0.18254,0.07687,0.00028,-0.0110,-0.0110,-0.0024,-0.0024,-0.0073,-0.0073,-0.0073,-0.0220,-0.0110,0.0110,-0.0024,-0.0024,-0.0220,0.0073,-0.0073,-0.0073,-0.013,-0.013,0.007,-0.021,0.002,-0.007,-0.002,-0.061,-0.013,-0.013,0.007,0.021,-0.002,0.002,-0.002,-0.002,28.0,29.0,30.0,29.0,30.0,30.0,29.0,28.0,28.0,29.0,30.0,29.0,30.0,30.0,29.0,29.0
1790307707.947411,7.110,-0.00324,-0.03071,-0.00019,-0.00019,0.42973,0.00248,0.05207,0.00005,-3.12257,-3.05581,-1.49214,-0.11311,-1.26135,0.18254,0.07687,0.00028,-0.0110,-0.0110,-0.0024,-0.0024,-0.0073,-0.0073,-0.0073,-0.0220,-0.0110,0.0110,-0.0024,-0.0024,-0.0220,0.0073,-0.0073,-0.0073,-0.013,-0.013,0.007,-0.021,0.002,-0.007,-0.002,-0.061,-0.013,-0.013,0.007,0.021,-0.002,0.002,-0.002,-0.002,28.0,29.0,30.0,29.0,30.0,30.0,29.0,28.0,28.0,29.0,30.0,29.0,30.0,30.0,29.0,29.0
1790307707.957585,7.120,-0.00324,-0.03071,-0.00019,-0.00019,0.42973,0.00248,0.05207,0.00003,-3.12257,-3.05581,-1.49214,-0.11273,-1.26135,0.18254,0.07687,0.00028,-0.0110,-0.0110,-0.0024,-0.0024,-0.0073,-0.0073,-0.0073,-0.0073,-0.0110,0.0110,-0.0024,-0.0024,-0.0073,-0.0220,-0.0073,-0.0073,-0.040,-0.013,0.007,-0.021,0.002,-0.007,-0.002,-0.061,-0.013,-0.013,-0.007,0.007,-0.002,0.002,-0.002,-0.007,28.0,29.0,30.0,29.0,30.0,30.0,29.0,28.0,28.0,29.0,30.0,29.0,30.0,30.0,29.0,29.0
1790307707.967379,7.130,-0.00324,-0.03071,-0.00019,-0.00019,0.42973,0.00248,0.05207,0.00005,-3.12257,-3.05581,-1.49214,-0.11273,-1.26135,0.18254,0.07687,0.00028,-0.0110,-0.0110,-0.0024,-0.0024,-0.0073,-0.0073,-0.0073,-0.0220,-0.0110,0.0110,-0.0024,-0.0024,-0.0073,-0.0220,-0.0073,0.0073,-0.040,-0.013,0.007,-0.021,0.002,-0.007,-0.002,-0.061,-0.013,-0.013,-0.007,0.007,-0.002,0.002,-0.002,-0.007,28.0,29.0,30.0,29.0,30.0,30.0,29.0,28.0,28.0,29.0,30.0,29.0,30.0,30.0,29.0,29.0
1790307707.977553,7.140,-0.00324,-0.03071,-0.00019,-0.00019,0.42973,0.00248,0.05207,0.00005,-3.12257,-3.05581,-1.49214,-0.11273,-1.26135,0.18254,0.07687,0.00028,-0.0110,-0.0110,-0.0024,-0.0024,-0.0073,-0.0073,-0.0073,-0.0220,-0.0110,0.0110,-0.0024,-0.0024,-0.0073,-0.0220,-0.0073,0.0073,-0.040,-0.013,0.007,-0.021,0.002,-0.007,-0.002,-0.061,-0.013,-0.013,-0.007,0.007,-0.002,0.002,-0.002,-0.007,28.0,29.0,30.0,29.0,30.0,30.0,29.0,28.0,28.0,29.0,30.0,29.0,30.0,30.0,29.0,29.0
1790307707.987370,7.150,-0.00324,-0.03071,-0.00019,-0.00019,0.42973,0.00248,0.05207,0.00005,-3.12257,-3.05581,-1.49214,-0.11273,-1.26135,0.18254,0.07687,0.00028,-0.0110,-0.0110,-0.0024,-0.0024,-0.0073,-0.0073,-0.0073,-0.0220,-0.0110,0.0110,-0.0024,-0.0024,-0.0073,-0.0220,-0.0073,0.0073,-0.040,-0.013,0.007,-0.021,0.002,-0.007,-0.002,-0.061,-0.013,-0.013,-0.007,0.007,-0.002,0.002,-0.002,-0.007,28.0,29.0,30.0,29.0,30.0,30.0,29.0,28.0,28.0,29.0,30.0,29.0,30.0,30.0,29.0,29.0
1790307707.997557,7.160,-0.00324,-0.03071,-0.00019,-0.00019,0.42973,0.00248,0.05207,0.00003,-3.12257,-3.05581,-1.49214,-0.11311,-1.26135,0.18254,0.07687,0.00028,-0.0110,-0.0110,-0.0024,-0.0024,-0.0073,-0.0073,0.0073,0.0073,-0.0330,-0.0110,-0.0024,-0.0024,-0.0073,-0.0220,0.0073,-0.0073,-0.013,-0.013,0.007,-0.021,0.002,-0.012,-0.002,-0.061,-0.013,-0.013,0.007,0.007,-0.002,0.002,-0.002,-0.007,28.0,29.0,30.0,29.0,30.0,30.0,29.0,28.0,28.0,29.0,30.0,29.0,30.0,30.0,29.0,29.0
1790307708.007354,7.170,-0.00324,-0.03071,-0.00019,-0.00019,0.42973,0.00248,0.05207,0.00003,-3.12257,-3.05581,-1.49214,-0.11311,-1.26135,0.18254,0.07687,0.00028,-0.0110,-0.0110,-0.0024,-0.0024,-0.0073,-0.0073,0.0073,0.0073,-0.0330,-0.0110,-0.0024,-0.0024,-0.0073,-0.0220,0.0073,-0.0073,-0.013,-0.013,0.007,-0.021,0.002,-0.012,-0.002,-0.061,-0.013,-0.013,0.007,0.007,-0.002,0.002,-0.002,-0.007,28.0,29.0,30.0,29.0,30.0,30.0,29.0,28.0,28.0,29.0,30.0,29.0,30.0,30.0,29.0,29.0
1790307708.017554,7.180,-0.00324,-0.03071,-0.00019,-0.00019,0.42973,0.00248,0.05207,0.00003,-3.12257,-3.05581,-1.49214,-0.11311,-1.26135,0.18254,0.07687,0.00028,-0.0110,-0.0110,-0.0024,-0.0024,-0.0073,-0.0073,0.0073,-0.0073,-0.0330,-0.0110,-0.0024,-0.0024,-0.0073,-0.0220,0.0073,-0.0073,-0.013,-0.013,0.007,-0.021,0.002,-0.012,-0.002,-0.061,-0.013,-0.013,0.007,0.007,-0.002,0.002,-0.002,-0.002,28.0,29.0,30.0,29.0,30.0,30.0,29.0,28.0,28.0,29.0,30.0,29.0,30.0,30.0,29.0,29.0
1790307708.027374,7.190,-0.00324,-0.03071,-0.00019,-0.00019,0.42973,0.00248,0.05207,0.00003,-3.12257,-3.05581,-1.49214,-0.11311,-1.26135,0.18254,0.07687,0.00028,-0.0110,-0.0110,-0.0024,-0.0024,-0.0073,-0.0073,0.0073,-0.0073,-0.0330,-0.0110,-0.0024,-0.0024,-0.0073,-0.0220,0.0073,-0.0073,-0.013,-0.013,0.007,-0.021,0.002,-0.012,-0.002,-0.061,-0.013,-0.013,0.007,0.007,-0.002,0.002,-0.002,-0.002,28.0,29.0,30.0,29.0,30.0,30.0,29.0,28.0,28.0,29.0,30.0,29.0,30.0,30.0,29.0,29.0
1790307708.037570,7.200,-0.00324,-0.03071,-0.00019,-0.00019,0.42973,0.00248,0.05207,0.00003,-3.12257,-3.05581,-1.49214,-0.11311,-1.26135,0.18254,0.07687,0.00028,-0.0110,-0.0110,-0.0073,-0.0024,-0.0073,-0.0073,-0.0073,-0.0073,-0.0110,-0.0110,-0.0024,-0.0024,-0.0073,-0.0073,0.0073,0.0073,-0.040,-0.013,0.007,-0.021,0.002,-0.007,-0.002,-0.066,-0.013,-0.013,0.007,0.007,-0.002,0.002,-0.002,-0.002,28.0,29.0,30.0,29.0,30.0,30.0,29.0,28.0,28.0,29.0,30.0,29.0,30.0,30.0,29.0,29.0
1790307708.047831,7.210,-0.00324,-0.03071,-0.00019,-0.00019,0.42973,0.00248,0.05207,0.00003,-3.12257,-3.05581,-1.49214,-0.11311,-1.26135,0.18254,0.07687,0.00028,-0.0110,-0.0110,-0.0073,-0.0024,-0.0073,-0.0073,-0.0073,-0.0073,-0.0110,-0.0110,-0.0024,-0.0024,-0.0073,-0.0073,0.0073,0.0073,-0.040,-0.013,0.007,-0.021,0.002,-0.007,-0.002,-0.066,-0.013,-0.013,0.007,0.007,-0.002,0.002,-0.002,-0.002,28.0,29.0,30.0,29.0,30.0,30.0,29.0,28.0,28.0,29.0,30.0,29.0,30.0,30.0,29.0,29.0
1790307708.058009,7.220,-0.00324,-0.03071,-0.00019,-0.00019,0.42973,0.00248,0.05207,0.00003,-3.12257,-3.05581,-1.49214,-0.11311,-1.26135,0.18254,0.07687,0.00028,-0.0110,-0.0110,-0.0073,-0.0024,-0.0073,-0.0073,-0.0073,-0.0073,-0.0110,-0.0110,-0.0024,-0.0024,-0.0073,-0.0073,0.0073,0.0073,-0.040,-0.013,0.007,-0.021,0.002,-0.007,-0.002,-0.066,-0.013,-0.013,0.007,0.007,-0.002,0.002,-0.002,-0.002,28.0,29.0,30.0,29.0,30.0,30.0,29.0,28.0,28.0,29.0,30.0,29.0,30.0,30.0,29.0,29.0
1790307708.067757,7.230,-0.00324,-0.03071,-0.00019,-0.00019,0.42973,0.00248,0.05207,0.00003,-3.12257,-3.05581,-1.49214,-0.11311,-1.26135,0.18254,0.07687,0.00028,-0.0110,-0.0110,-0.0073,-0.0024,-0.0073,-0.0073,-0.0073,-0.0220,-0.0110,-0.0110,-0.0024,-0.0024,-0.0073,-0.0073,0.0073,-0.0073,-0.040,-0.013,0.007,-0.021,0.002,-0.007,-0.002,-0.061,-0.013,-0.013,0.007,0.007,-0.002,0.002,-0.002,-0.002,28.0,29.0,30.0,29.0,30.0,30.0,29.0,28.0,28.0,29.0,30.0,29.0,30.0,30.0,29.0,29.0
1790307708.077961,7.240,-0.00324,-0.03071,-0.00019,-0.00019,0.42973,0.00248,0.05207,0.00003,-3.12257,-3.05581,-1.49214,-0.11311,-1.26135,0.18254,0.07687,0.00028,-0.0110,-0.0110,-0.0024,-0.0024,-0.0073,0.0220,-0.0073,-0.0073,0.0110,-0.0110,-0.0024,-0.0024,-0.0073,-0.0073,-0.0073,-0.0073,-0.040,-0.013,0.021,-0.021,0.002,-0.007,-0.002,-0.066,-0.013,-0.013,0.007,0.007,-0.002,0.002,-0.002,-0.002,28.0,29.0,30.0,29.0,30.0,30.0,29.0,28.0,28.0,29.0,30.0,29.0,30.0,30.0,29.0,29.0
1790307708.087970,7.250,-0.00324,-0.03071,-0.00019,-0.00019,0.42973,0.00248,0.05207,0.00003,-3.12257,-3.05581,-1.49214,-0.11311,-1.26135,0.18254,0.07687,0.00028,-0.0110,-0.0110,-0.0024,-0.0024,-0.0073,0.0220,-0.0073,-0.0073,0.0110,-0.0110,-0.0024,-0.0024,-0.0073,-0.0073,-0.0073,-0.0073,-0.040,-0.013,0.021,-0.021,0.002,-0.007,-0.002,-0.066,-0.013,-0.013,0.007,0.007,-0.002,0.002,-0.002,-0.002,28.0,29.0,30.0,29.0,30.0,30.0,29.0,28.0,28.0,29.0,30.0,29.0,30.0,30.0,29.0,29.0
1790307708.097527,7.260,-0.00324,-0.03071,-0.00019,-0.00019,0.42973,0.00248,0.05207,0.00003,-3.12257,-3.05581,-1.49214,-0.11311,-1.26135,0.18254,0.07687,0.00028,-0.0110,-0.0110,-0.0024,-0.0024,-0.0073,0.0220,-0.0073,-0.0073,0.0110,-0.0110,-0.0024,-0.0024,-0.0073,-0.0073,-0.0073,-0.0073,-0.040,-0.013,0.021,-0.021,0.002,-0.007,-0.002,-0.066,-0.013,-0.013,0.007,0.007,-0.002,0.002,-0.002,-0.002,28.0,29.0,30.0,29.0,30.0,30.0,29.0,28.0,28.0,29.0,30.0,29.0,30.0,30.0,29.0,29.0
1790307708.107992,7.270,-0.00324,-0.03071,-0.00019,-0.00019,0.42973,0.00248,0.05207,0.00003,-3.12257,-3.05581,-1.49214,-0.11311,-1.26135,0.18254,0.07687,0.00028,-0.0110,-0.0110,-0.0024,-0.0024,-0.0073,0.0220,-0.0073,-0.0073,0.0110,-0.0110,-0.0024,-0.0024,-0.0073,-0.0073,-0.0073,-0.0073,-0.040,-0.013,0.021,-0.021,0.002,-0.007,-0.002,-0.066,-0.013,-0.013,0.007,0.007,-0.002,0.002,-0.002,-0.002,28.0,29.0,30.0,29.0,30.0,30.0,29.0,28.0,28.0,29.0,30.0,29.0,30.0,30.0,29.0,29.0
1790307708.118218,7.281,-0.00324,-0.03071,-0.00019,-0.00019,0.42973,0.00248,0.05207,0.00003,-3.12257,-3.05581,-1.49214,-0.11273,-1.26135,0.18254,0.07687,0.00028,-0.0330,-0.0110,-0.0024,-0.0024,-0.0220,-0.0073,-0.0073,-0.0220,-0.0110,-0.0110,-0.0073,-0.0024,-0.0220,-0.0073,-0.0073,0.0073,-0.040,-0.013,0.007,-0.021,0.002,-0.012,-0.002,-0.061,-0.013,-0.013,0.007,0.007,0.002,0.002,-0.002,-0.002,28.0,29.0,30.0,29.0,30.0,30.0,29.0,28.0,28.0,29.0,30.0,29.0,30.0,30.0,29.0,29.0
1790307708.127424,7.290,-0.00324,-0.03071,-0.00019,-0.00019,0.42973,0.00248,0.05207,0.00003,-3.12257,-3.05581,-1.49214,-0.11273,-1.26135,0.18254,0.07687,0.00028,-0.0330,-0.0110,-0.0024,-0.0024,-0.0220,-0.0073,-0.0220,-0.0073,-0.0110,-0.0110,-0.0073,-0.0024,-0.0220,-0.0220,-0.0220,-0.0073,-0.040,-0.013,0.007,-0.021,0.002,-0.012,-0.002,-0.061,-0.013,-0.013,0.007,0.007,0.002,0.002,-0.002,-0.002,28.0,29.0,30.0,29.0,30.0,30.0,29.0,28.0,28.0,29.0,30.0,29.0,30.0,30.0,29.0,29.0
1790307708.137590,7.300,-0.00324,-0.03071,-0.00019,-0.00019,0.42973,0.00248,0.05207,0.00003,-3.12257,-3.05581,-1.49214,-0.11273,-1.26135,0.18254,0.07687,0.00028,-0.0330,-0.0110,-0.0024,-0.0024,-0.0220,-0.0073,-0.0220,-0.0073,-0.0110,-0.0110,-0.0073,-0.0024,-0.0220,-0.0220,-0.0220,-0.0073,-0.040,-0.013,0.007,-0.021,0.002,-0.012,-0.002,-0.061,-0.013,-0.013,0.007,0.007,0.002,0.002,-0.002,-0.002,28.0,29.0,30.0,29.0,30.0,30.0,29.0,28.0,28.0,29.0,30.0,29.0,30.0,30.0,29.0,29.0
1790307708.147589,7.310,-0.00324,-0.03071,-0.00019,-0.00019,0.42973,0.00248,0.05207,0.00003,-3.12257,-3.05581,-1.49214,-0.11273,-1.26135,0.18254,0.07687,0.00028,-0.0330,-0.0110,-0.0024,-0.0024,-0.0220,-0.0073,-0.0220,-0.0073,-0.0110,-0.0110,-0.0073,-0.0024,-0.0220,-0.0220,-0.0220,-0.0073,-0.040,-0.013,0.007,-0.021,0.002,-0.012,-0.002,-0.061,-0.013,-0.013,0.007,0.007,0.002,0.002,-0.002,-0.002,28.0,29.0,30.0,29.0,30.0,30.0,29.0,28.0,28.0,29.0,30.0,29.0,30.0,30.0,29.0,29.0
1790307708.157701,7.320,-0.00324,-0.03071,-0.00019,-0.00019,0.42973,0.00248,0.05207,0.00003,-3.12257,-3.05581,-1.49214,-0.11273,-1.26135,0.18254,0.07687,0.00028,-0.0110,-0.0110,-0.0024,-0.0024,-0.0220,-0.0073,-0.0220,-0.0073,-0.0110,-0.0110,-0.0073,-0.0024,-0.0220,-0.0220,-0.0220,-0.0220,-0.040,-0.013,0.007,-0.021,0.002,-0.012,-0.002,-0.061,-0.013,-0.013,0.007,0.007,0.002,0.002,-0.002,-0.007,28.0,29.0,30.0,29.0,30.0,30.0,29.0,28.0,28.0,29.0,30.0,29.0,30.0,30.0,29.0,29.0
1790307708.167446,7.330,-0.00324,-0.03071,-0.00019,-0.00019,0.42973,0.00248,0.05207,0.00003,-3.12257,-3.05581,-1.49214,-0.11273,-1.26135,0.18254,0.07687,0.00028,-0.0110,-0.0110,-0.0024,-0.0024,-0.0073,-0.0073,0.0073,-0.0073,-0.0110,-0.0110,0.0024,-0.0024,-0.0220,-0.0220,-0.0073,-0.0220,-0.040,-0.013,0.021,-0.021,0.002,-0.007,-0.002,-0.061,-0.013,-0.013,0.007,0.007,-0.002,0.002,-0.007,-0.007,28.0,29.0,30.0,29.0,30.0,30.0,29.0,28.0,28.0,29.0,30.0,29.0,30.0,30.0,29.0,29.0
1790307708.177541,7.340,-0.00324,-0.03071,-0.00019,-0.00019,0.42973,0.00248,0.05207,0.00003,-3.12257,-3.05581,-1.49214,-0.11273,-1.26135,0.18254,0.07687,0.00030,-0.0110,-0.0110,-0.0024,-0.0024,-0.0073,-0.0073,0.0073,-0.0220,-0.0110,-0.0110,0.0024,-0.0024,-0.0220,-0.0220,-0.0073,-0.0220,-0.040,-0.013,0.021,-0.021,0.002,-0.007,-0.002,-0.061,-0.013,-0.013,0.007,0.007,-0.002,0.002,-0.007,-0.007,28.0,29.0,30.0,29.0,30.0,30.0,29.0,28.0,28.0,29.0,30.0,29.0,30.0,30.0,29.0,29.0
1790307708.187388,7.350,-0.00324,-0.03071,-0.00019,-0.00019,0.42973,0.00248,0.05207,0.00003,-3.12257,-3.05581,-1.49214,-0.11273,-1.26135,0.18254,0.07687,0.00030,-0.0110,-0.0110,-0.0024,-0.0024,-0.0073,-0.0073,0.0073,-0.0220,-0.0110,-0.0110,0.0024,-0.0024,-0.0220,-0.0220,-0.0073,-0.0220,-0.040,-0.013,0.021,-0.021,0.002,-0.007,-0.002,-0.061,-0.013,-0.013,0.007,0.007,-0.002,0.002,-0.007,-0.007,28.0,29.0,30.0,29.0,30.0,30.0,29.0,28.0,28.0,29.0,30.0,29.0,30.0,30.0,29.0,29.0
1790307708.197530,7.360,-0.00324,-0.03071,-0.00019,-0.00019,0.42973,0.00248,0.05207,0.00003,-3.12257,-3.05581,-1.49214,-0.11273,-1.26135,0.18254,0.07687,0.00030,-0.0110,-0.0110,-0.0024,-0.0024,-0.0073,-0.0073,0.0073,-0.0220,-0.0110,-0.0110,0.0024,-0.0024,-0.0220,-0.0220,-0.0073,-0.0220,-0.040,-0.013,0.021,-0.021,0.002,-0.007,-0.002,-0.061,-0.013,-0.013,0.007,0.007,-0.002,0.002,-0.007,-0.007,28.0,29.0,30.0,29.0,30.0,30.0,29.0,28.0,28.0,29.0,30.0,29.0,30.0,30.0,29.0,29.0
1790307708.207886,7.370,-0.00324,-0.03071,-0.00019,-0.00019,0.42973,0.00248,0.05207,0.00003,-3.12257,-3.05581,-1.49214,-0.11273,-1.26135,0.18254,0.07687,0.00028,-0.0110,-0.0110,-0.0024,-0.0024,-0.0073,-0.0220,-0.0220,-0.0073,-0.0110,-0.0110,-0.0024,-0.0024,0.0073,-0.0073,-0.0073,0.0073,-0.040,-0.013,0.007,-0.021,0.002,-0.007,-0.002,-0.061,-0.013,-0.013,0.007,-0.007,-0.002,0.002,-0.007,-0.007,28.0,29.0,30.0,29.0,30.0,30.0,29.0,28.0,28.0,29.0,30.0,29.0,30.0,30.0,29.0,29.0
1790307708.217969,7.380,-0.00324,-0.03071,-0.00019,-0.00019,0.42973,0.00248,0.05207,0.00003,-3.12257,-3.05581,-1.49214,-0.11273,-1.26135,0.18254,0.07687,0.00028,-0.0110,-0.0110,-0.0024,-0.0024,-0.0073,-0.0220,-0.0220,-0.0073,-0.0110,-0.0110,-0.0024,-0.0024,0.0073,-0.0073,-0.0073,0.0073,-0.040,-0.013,0.007,-0.021,0.002,-0.007,-0.002,-0.061,-0.013,-0.013,0.007,-0.007,-0.002,0.002,-0.007,-0.007,28.0,29.0,30.0,29.0,30.0,30.0,29.0,28.0,28.0,29.0,30.0,29.0,30.0,30.0,29.0,29.0
1790307708.228004,7.390,-0.00324,-0.03071,-0.00019,-0.00019,0.42973,0.00248,0.05207,0.00003,-3.12257,-3.05581,-1.49214,-0.11273,-1.26135,0.18254,0.07687,0.00028,-0.0110,-0.0110,-0.0024,-0.0024,-0.0073,-0.0220,-0.0220,-0.0073,-0.0110,-0.0110,-0.0024,-0.0024,0.0073,-0.0073,-0.0073,-0.0073,-0.040,-0.013,0.007,-0.021,0.002,-0.007,-0.002,-0.061,-0.013,-0.013,0.007,-0.007,-0.002,0.002,-0.007,-0.007,28.0,29.0,30.0,29.0,30.0,30.0,29.0,28.0,28.0,29.0,30.0,29.0,30.0,30.0,29.0,29.0
1790307708.238033,7.400,-0.00324,-0.03071,-0.00019,-0.00019,0.42973,0.00248,0.05207,0.00003,-3.12257,-3.05581,-1.49214,-0.11273,-1.26135,0.18254,0.07687,0.00028,-0.0110,-0.0110,-0.0024,-0.0024,-0.0073,-0.0220,-0.0220,-0.0073,-0.0110,-0.0110,-0.0024,-0.0024,0.0073,-0.0073,-0.0073,-0.0073,-0.040,-0.013,0.007,-0.021,0.002,-0.007,-0.002,-0.061,-0.013,-0.013,0.007,-0.007,-0.002,0.002,-0.007,-0.007,28.0,29.0,30.0,29.0,30.0,30.0,29.0,28.0,28.0,29.0,30.0,29.0,30.0,30.0,29.0,29.0
1790307708.247773,7.410,-0.00324,-0.03071,-0.00019,-0.00019,0.42973,0.00248,0.05207,0.00003,-3.12257,-3.05581,-1.49214,-0.11273,-1.26135,0.18254,0.07687,0.00028,-0.0110,0.0110,-0.0024,-0.0073,-0.0220,-0.0073,0.0073,0.0073,-0.0110,0.0110,0.0024,-0.0024,-0.0220,0.0073,-0.0073,-0.0220,-0.040,-0.013,0.021,-0.021,0.002,-0.007,-0.002,-0.061,-0.013,-0.013,0.007,0.007,-0.002,-0.002,-0.007,-0.007,28.0,29.0,30.0,29.0,30.0,30.0,29.0,28.0,28.0,29.0,30.0,29.0,30.0,30.0,29.0,29.0
1790307708.257426,7.420,-0.00324,-0.03071,-0.00019,-0.00019,0.42973,0.00248,0.05207,0.00003,-3.12257,-3.05581,-1.49214,-0.11273,-1.26135,0.18254,0.07687,0.00028,-0.0110,0.0110,-0.0024,-0.0073,-0.0220,-0.0073,0.0073,0.0073,-0.0110,0.0110,0.0024,-0.0024,-0.0220,0.0073,-0.0073,-0.0220,-0.040,-0.013,0.021,-0.021,0.002,-0.007,-0.002,-0.061,-0.013,-0.013,0.007,0.007,-0.002,-0.002,-0.007,-0.007,28.0,29.0,30.0,29.0,30.0,30.0,29.0,28.0,28.0,29.0,30.0,29.0,30.0,30.0,29.0,29.0
1790307708.267433,7.430,-0.00324,-0.03071,-0.00019,-0.00019,0.42973,0.00248,0.05207,0.00003,-3.12257,-3.05581,-1.49214,-0.11273,-1.26135,0.18254,0.07687,0.00028,-0.0110,0.0110,-0.0024,-0.0073,-0.0220,-0.0073,0.0073,0.0073,-0.0110,0.0110,0.0024,-0.0024,-0.0220,0.0073,-0.0073,-0.0220,-0.040,-0.013,0.021,-0.021,0.002,-0.007,-0.002,-0.061,-0.013,-0.013,0.007,0.007,-0.002,-0.002,-0.007,-0.007,28.0,29.0,30.0,29.0,30.0,30.0,29.0,28.0,28.0,29.0,30.0,29.0,30.0,30.0,29.0,29.0
1790307708.277403,7.440,-0.00324,-0.03071,-0.00019,-0.00019,0.42973,0.00248,0.05207,0.00003,-3.12257,-3.05581,-1.49214,-0.11273,-1.26135,0.18254,0.07687,0.00028,-0.0110,0.0110,-0.0024,-0.0073,-0.0220,-0.0073,0.0073,-0.0220,-0.0110,0.0110,0.0024,-0.0024,-0.0220,0.0073,-0.0073,-0.0073,-0.040,-0.013,0.021,-0.021,0.002,-0.007,-0.002,-0.061,-0.013,-0.013,0.007,0.007,-0.002,-0.002,-0.007,-0.007,28.0,29.0,30.0,29.0,30.0,30.0,29.0,28.0,28.0,29.0,30.0,29.0,30.0,30.0,29.0,29.0
1790307708.287570,7.450,-0.00324,-0.03071,-0.00019,-0.00019,0.42973,0.00248,0.05207,0.00003,-3.12257,-3.05581,-1.49214,-0.11273,-1.26135,0.18254,0.07687,0.00028,-0.0110,-0.0330,-0.0073,-0.0024,-0.0073,-0.0073,0.0073,-0.0073,-0.0110,-0.0110,-0.0024,-0.0024,-0.0073,-0.0073,-0.0220,-0.0220,-0.013,-0.013,0.021,-0.021,0.002,-0.007,-0.002,-0.061,-0.013,-0.013,0.007,0.007,-0.002,0.002,-0.002,-0.007,28.0,29.0,30.0,29.0,30.0,30.0,29.0,28.0,28.0,29.0,30.0,29.0,30.0,30.0,29.0,29.0
1790307708.297453,7.460,-0.00324,-0.03071,-0.00019,-0.00019,0.42973,0.00248,0.05207,0.00003,-3.12257,-3.05581,-1.49214,-0.11273,-1.26135,0.18254,0.07687,0.00028,-0.0110,-0.0330,-0.0073,-0.0024,-0.0073,-0.0073,0.0073,-0.0073,-0.0110,-0.0110,-0.0024,-0.0024,-0.0073,-0.0073,-0.0220,-0.0220,-0.013,-0.013,0.021,-0.021,0.002,-0.007,-0.002,-0.061,-0.013,-0.013,0.007,0.007,-0.002,0.002,-0.002,-0.007,28.0,29.0,30.0,29.0,30.0,30.0,29.0,28.0,28.0,29.0,30.0,29.0,30.0,30.0,29.0,29.0
1790307708.307390,7.470,-0.00324,-0.03071,-0.00019,-0.00019,0.42973,0.00248,0.05207,0.00003,-3.12257,-3.05581,-1.49214,-0.11273,-1.26135,0.18254,0.07687,0.00028,-0.0110,-0.0330,-0.0073,-0.0024,-0.0073,-0.0073,0.0073,-0.0073,-0.0110,-0.0110,-0.0024,-0.0024,-0.0073,-0.0073,-0.0220,-0.0220,-0.013,-0.013,0.021,-0.021,0.002,-0.007,-0.002,-0.061,-0.013,-0.013,0.007,0.007,-0.002,0.002,-0.002,-0.007,28.0,29.0,30.0,29.0,30.0,30.0,29.0,28.0,28.0,29.0,30.0,29.0,30.0,30.0,29.0,29.0
1790307708.317437,7.480,-0.00324,-0.03071,-0.00019,-0.00019,0.42973,0.00248,0.05207,0.00003,-3.12257,-3.05581,-1.49214,-0.11273,-1.26135,0.18254,0.07687,0.00028,-0.0110,-0.0330,-0.0073,-0.0024,-0.0073,-0.0073,0.0073,-0.0073,-0.0110,-0.0110,-0.0024,-0.0024,-0.0073,-0.0073,-0.0220,-0.0220,-0.013,-0.013,0.021,-0.021,0.002,-0.007,-0.002,-0.061,-0.013,-0.013,0.007,0.007,-0.002,0.002,-0.002,-0.007,28.0,29.0,30.0,29.0,30.0,30.0,29.0,28.0,28.0,29.0,30.0,29.0,30.0,30.0,29.0,29.0
1790307708.327491,7.490,-0.00324,-0.03071,-0.00019,-0.00019,0.42973,0.00248,0.05207,0.00003,-3.12257,-3.05581,-1.49214,-0.11273,-1.26135,0.18254,0.07687,0.00028,-0.0110,-0.0110,-0.0073,-0.0024,-0.0073,-0.0220,-0.0220,-0.0073,-0.0110,-0.0110,0.0024,-0.0024,-0.0073,0.0073,-0.0073,-0.0073,-0.040,-0.013,0.007,-0.021,0.002,-0.007,-0.002,-0.061,-0.013,-0.013,0.007,0.007,-0.002,0.002,-0.007,-0.002,28.0,29.0,30.0,29.0,30.0,30.0,29.0,28.0,28.0,29.0,30.0,29.0,30.0,30.0,29.0,29.0
1790307708.337458,7.500,-0.00324,-0.03071,-0.00019,-0.00019,0.42973,0.00248,0.05207,0.00003,-3.12257,-3.05581,-1.49214,-0.11273,-1.26135,0.18254,0.07687,0.00028,-0.0110,-0.0110,-0.0073,-0.0024,-0.0073,-0.0220,-0.0220,-0.0073,-0.0110,-0.0110,0.0024,-0.0024,-0.0073,0.0073,-0.0073,-0.0073,-0.040,-0.013,0.007,-0.021,0.002,-0.007,-0.002,-0.061,-0.013,-0.013,0.007,0.007,-0.002,0.002,-0.007,-0.002,28.0,29.0,30.0,29.0,30.0,30.0,29.0,28.0,28.0,29.0,30.0,29.0,30.0,30.0,29.0,29.0
1790307708.348203,7.511,-0.00324,-0.03071,-0.00019,-0.00019,0.42973,0.00248,0.05207,0.00003,-3.12257,-3.05581,-1.49214,-0.11273,-1.26135,0.18254,0.07687,0.00028,-0.0110,-0.0110,-0.0073,-0.0024,-0.0073,-0.0220,-0.0220,-0.0073,-0.0110,-0.0110,0.0024,-0.0024,-0.0073,0.0073,-0.0073,-0.0073,-0.040,-0.013,0.007,-0.021,0.002,-0.007,-0.002,-0.061,-0.013,-0.013,0.007,0.007,-0.002,0.002,-0.007,-0.002,28.0,29.0,30.0,29.0,30.0,30.0,29.0,28.0,28.0,29.0,30.0,29.0,30.0,30.0,29.0,29.0
1790307708.357999,7.520,-0.00324,-0.03071,-0.00019,-0.00019,0.42973,0.00248,0.05207,0.00003,-3.12257,-3.05581,-1.49214,-0.11273,-1.26135,0.18254,0.07687,0.00028,-0.0110,-0.0110,-0.0073,-0.0024,-0.0073,-0.0220,-0.0220,-0.0073,-0.0110,-0.0110,0.0024,-0.0024,-0.0073,0.0073,-0.0073,-0.0073,-0.040,-0.013,0.007,-0.021,0.002,-0.007,-0.002,-0.061,-0.013,-0.013,0.007,0.007,-0.002,0.002,-0.007,-0.002,28.0,29.0,30.0,29.0,30.0,30.0,29.0,28.0,28.0,29.0,30.0,29.0,30.0,30.0,29.0,29.0
1790307708.367355,7.530,-0.00286,-0.03071,-0.00019,-0.00019,0.42973,0.00248,0.05207,0.00003,-3.12257,-3.05581,-1.49214,-0.11273,-1.26135,0.18254,0.07687,0.00028,-0.0110,-0.0110,-0.0024,-0.0024,-0.0073,-0.0220,-0.0073,-0.0073,-0.0110,-0.0110,-0.0024,-0.0024,-0.0073,-0.0073,-0.0073,-0.0220,-0.013,-0.013,0.007,-0.021,0.002,-0.007,-0.002,-0.061,-0.013,0.013,0.007,0.007,-0.002,-0.002,-0.007,-0.002,28.0,29.0,30.0,29.0,30.0,30.0,29.0,28.0,28.0,29.0,30.0,29.0,30.0,30.0,29.0,29.0
1790307708.378041,7.540,-0.00286,-0.03071,-0.00019,-0.00019,0.42973,0.00248,0.05207,0.00003,-3.12257,-3.05581,-1.49214,-0.11273,-1.26135,0.18254,0.07687,0.00028,-0.0110,-0.0110,-0.0024,-0.0024,-0.0073,-0.0220,-0.0073,-0.0073,-0.0110,-0.0110,-0.0024,-0.0024,-0.0073,-0.0073,-0.0073,-0.0220,-0.013,-0.013,0.007,-0.021,0.002,-0.007,-0.002,-0.061,-0.013,0.013,0.007,0.007,-0.002,-0.002,-0.007,-0.002,28.0,29.0,30.0,29.0,30.0,30.0,29.0,28.0,28.0,29.0,30.0,29.0,30.0,30.0,29.0,29.0
1790307708.387829,7.550,-0.00286,-0.03071,-0.00019,-0.00019,0.42973,0.00248,0.05207,0.00003,-3.12257,-3.05581,-1.49214,-0.11273,-1.26135,0.18254,0.07687,0.00028,-0.0110,-0.0110,-0.0024,-0.0024,-0.0073,-0.0220,-0.0073,-0.0073,-0.0110,-0.0110,-0.0024,-0.0024,-0.0073,-0.0073,-0.0073,-0.0220,-0.013,-0.013,0.007,-0.021,0.002,-0.007,-0.002,-0.061,-0.013,0.013,0.007,0.007,-0.002,-0.002,-0.007,-0.002,28.0,29.0,30.0,29.0,30.0,30.0,29.0,28.0,28.0,29.0,30.0,29.0,30.0,30.0,29.0,29.0
1790307708.397991,7.560,-0.00286,-0.03071,-0.00019,-0.00019,0.42973,0.00248,0.05207,0.00003,-3.12257,-3.05581,-1.49214,-0.11273,-1.26135,0.18254,0.07687,0.00028,-0.0110,-0.0110,-0.0024,-0.0024,-0.0073,-0.0220,-0.0073,-0.0073,-0.0110,-0.0110,-0.0024,-0.0024,-0.0073,-0.0073,-0.0073,-0.0220,-0.013,-0.013,0.007,-0.021,0.002,-0.007,-0.002,-0.061,-0.013,0.013,0.007,0.007,-0.002,-0.002,-0.007,-0.002,28.0,29.0,30.0,29.0,30.0,30.0,29.0,28.0,28.0,29.0,30.0,29.0,30.0,30.0,29.0,29.0
1790307708.407366,7.570,-0.00324,-0.03071,-0.00019,-0.00019,0.42973,0.00248,0.05207,0.00003,-3.12257,-3.05581,-1.49214,-0.11273,-1.26135,0.18254,0.07687,0.00028,-0.0110,-0.0110,-0.0024,-0.0024,-0.0073,-0.0073,-0.0073,-0.0073,-0.0110,-0.0110,0.0024,-0.0024,-0.0073,-0.0073,-0.0073,-0.0073,-0.040,-0.013,0.007,-0.021,0.002,-0.007,-0.002,-0.061,-0.013,-0.013,0.007,0.021,-0.002,0.002,-0.007,-0.002,28.0,29.0,30.0,29.0,30.0,30.0,29.0,28.0,28.0,29.0,30.0,29.0,30.0,30.0,29.0,29.0
1790307708.417591,7.580,-0.00324,-0.03071,-0.00019,-0.00019,0.42973,0.00248,0.05207,0.00003,-3.12257,-3.05581,-1.49214,-0.11273,-1.26135,0.18254,0.07687,0.00028,-0.0110,-0.0110,-0.0024,-0.0024,-0.0073,-0.0073,-0.0073,-0.0073,-0.0110,-0.0110,0.0024,-0.0024,-0.0073,-0.0073,-0.0073,-0.0073,-0.040,-0.013,0.007,-0.021,0.002,-0.007,-0.002,-0.061,-0.013,-0.013,0.007,0.021,-0.002,0.002,-0.007,-0.002,28.0,29.0,30.0,29.0,30.0,30.0,29.0,28.0,28.0,29.0,30.0,29.0,30.0,30.0,29.0,29.0
1790307708.427361,7.590,-0.00324,-0.03071,-0.00019,-0.00019,0.42973,0.00248,0.05207,0.00003,-3.12257,-3.05581,-1.49214,-0.11273,-1.26135,0.18254,0.07687,0.00028,-0.0110,-0.0110,-0.0024,-0.0024,-0.0073,-0.0073,-0.0073,-0.0073,-0.0110,-0.0110,0.0024,-0.0024,-0.0073,-0.0073,-0.0073,-0.0073,-0.040,-0.013,0.007,-0.021,0.002,-0.007,-0.002,-0.061,-0.013,-0.013,0.007,0.021,-0.002,0.002,-0.007,-0.002,28.0,29.0,30.0,29.0,30.0,30.0,29.0,28.0,28.0,29.0,30.0,29.0,30.0,30.0,29.0,29.0
1790307708.437570,7.600,-0.00324,-0.03071,-0.00019,-0.00019,0.42973,0.00248,0.05207,0.00003,-3.12257,-3.05581,-1.49214,-0.11273,-1.26135,0.18254,0.07687,0.00028,-0.0110,-0.0110,-0.0024,-0.0024,-0.0073,-0.0073,-0.0073,0.0073,-0.0110,-0.0110,0.0024,-0.0024,-0.0073,-0.0073,-0.0073,-0.0073,-0.040,-0.013,0.007,-0.021,0.002,-0.007,-0.002,-0.056,-0.013,-0.013,0.007,0.021,-0.002,0.002,-0.007,-0.002,28.0,29.0,30.0,29.0,30.0,30.0,29.0,28.0,28.0,29.0,30.0,29.0,30.0,30.0,29.0,29.0
1790307708.447415,7.610,-0.00324,-0.03071,-0.00019,-0.00019,0.42973,0.00248,0.05207,0.00003,-3.12257,-3.05581,-1.49214,-0.11273,-1.26097,0.18254,0.07687,0.00028,-0.0330,-0.0110,-0.0073,-0.0024,-0.0073,-0.0073,-0.0220,-0.0220,-0.0110,-0.0110,-0.0024,0.0024,-0.0073,-0.0073,-0.0073,-0.0073,-0.040,-0.013,0.021,-0.021,0.002,-0.007,-0.002,-0.061,-0.013,-0.013,0.007,0.007,-0.002,0.007,-0.007,-0.007,28.0,29.0,30.0,29.0,30.0,30.0,29.0,28.0,28.0,29.0,30.0,29.0,30.0,30.0,29.0,29.0
1790307708.457994,7.620,-0.00324,-0.03071,-0.00019,-0.00019,0.42973,0.00248,0.05207,0.00003,-3.12257,-3.05581,-1.49214,-0.11273,-1.26097,0.18254,0.07687,0.00028,-0.0330,-0.0110,-0.0073,-0.0024,-0.0073,-0.0073,-0.0220,-0.0220,-0.0110,-0.0110,-0.0024,0.0024,-0.0073,-0.0073,-0.0073,-0.0073,-0.040,-0.013,0.021,-0.021,0.002,-0.007,-0.002,-0.061,-0.013,-0.013,0.007,0.007,-0.002,0.007,-0.007,-0.007,28.0,29.0,30.0,29.0,30.0,30.0,29.0,28.0,28.0,29.0,30.0,29.0,30.0,30.0,29.0,29.0
1790307708.468232,7.631,-0.00324,-0.03071,-0.00019,-0.00019,0.42973,0.00248,0.05207,0.00003,-3.12257,-3.05581,-1.49214,-0.11273,-1.26097,0.18254,0.07687,0.00028,-0.0330,-0.0110,-0.0073,-0.0024,-0.0073,-0.0073,-0.0220,-0.0220,-0.0110,-0.0110,-0.0024,0.0024,-0.0073,-0.0073,-0.0073,-0.0073,-0.040,-0.013,0.021,-0.021,0.002,-0.007,-0.002,-0.061,-0.013,-0.013,0.007,0.007,-0.002,0.007,-0.007,-0.007,28.0,29.0,30.0,29.0,30.0,30.0,29.0,28.0,28.0,29.0,30.0,29.0,30.0,30.0,29.0,29.0
1790307708.477637,7.640,-0.00324,-0.03071,-0.00019,-0.00019,0.42973,0.00248,0.05207,0.00003,-3.12257,-3.05581,-1.49214,-0.11273,-1.26097,0.18254,0.07687,0.00028,-0.0330,-0.0110,-0.0073,-0.0024,-0.0073,-0.0073,-0.0220,-0.0220,-0.0110,-0.0110,-0.0024,0.0024,-0.0073,-0.0073,-0.0073,-0.0073,-0.040,-0.013,0.021,-0.021,0.002,-0.007,-0.002,-0.061,-0.013,-0.013,0.007,0.007,-0.002,0.007,-0.007,-0.007,28.0,29.0,30.0,29.0,30.0,30.0,29.0,28.0,28.0,29.0,30.0,29.0,30.0,30.0,29.0,29.0
1790307708.487630,7.650,-0.00324,-0.03071,-0.00019,-0.00019,0.42973,0.00248,0.05207,0.00003,-3.12257,-3.05581,-1.49214,-0.11273,-1.26097,0.18254,0.07687,0.00028,-0.0110,-0.0110,-0.0024,-0.0024,-0.0073,-0.0073,-0.0220,-0.0220,-0.0110,-0.0110,-0.0024,0.0024,-0.0073,-0.0073,-0.0073,-0.0073,-0.040,-0.013,0.007,-0.021,0.002,-0.007,-0.002,-0.061,-0.013,-0.013,0.007,0.007,-0.002,0.007,-0.007,-0.002,28.0,29.0,30.0,29.0,30.0,30.0,29.0,28.0,28.0,29.0,30.0,29.0,30.0,30.0,29.0,29.0
1790307708.497570,7.660,-0.00324,-0.03071,-0.00019,-0.00019,0.42973,0.00248,0.05207,0.00003,-3.12257,-3.05581,-1.49214,-0.11273,-1.26135,0.18254,0.07725,0.00028,-0.0110,-0.0110,-0.0024,-0.0024,-0.0073,-0.0073,-0.0073,-0.0220,-0.0110,-0.0110,-0.0073,-0.0024,-0.0073,-0.0073,0.0073,-0.0073,-0.040,-0.013,0.007,-0.021,0.002,-0.007,-0.002,-0.061,-0.013,-0.013,0.007,0.007,-0.002,0.002,-0.007,-0.002,28.0,29.0,30.0,29.0,30.0,30.0,29.0,28.0,28.0,29.0,30.0,29.0,30.0,30.0,29.0,29.0
1790307708.507939,7.670,-0.00324,-0.03071,-0.00019,-0.00019,0.42973,0.00248,0.05207,0.00003,-3.12257,-3.05581,-1.49214,-0.11273,-1.26135,0.18254,0.07725,0.00028,-0.0110,-0.0110,-0.0024,-0.0024,-0.0073,-0.0073,-0.0073,-0.0220,-0.0110,-0.0110,-0.0073,-0.0024,-0.0073,-0.0073,0.0073,-0.0073,-0.040,-0.013,0.007,-0.021,0.002,-0.007,-0.002,-0.061,-0.013,-0.013,0.007,0.007,-0.002,0.002,-0.007,-0.002,28.0,29.0,30.0,29.0,30.0,30.0,29.0,28.0,28.0,29.0,30.0,29.0,30.0,30.0,29.0,29.0
1790307708.518101,7.680,-0.00324,-0.03071,-0.00019,-0.00019,0.42973,0.00248,0.05207,0.00003,-3.12257,-3.05581,-1.49214,-0.11273,-1.26135,0.18254,0.07725,0.00028,-0.0110,-0.0110,-0.0024,-0.0024,-0.0073,-0.0073,-0.0073,-0.0220,-0.0110,-0.0110,-0.0073,-0.0024,-0.0073,-0.0073,0.0073,-0.0073,-0.040,-0.013,0.007,-0.021,0.002,-0.007,-0.002,-0.061,-0.013,-0.013,0.007,0.007,-0.002,0.002,-0.007,-0.002,28.0,29.0,30.0,29.0,30.0,30.0,29.0,28.0,28.0,29.0,30.0,29.0,30.0,30.0,29.0,29.0
1790307708.527806,7.690,-0.00324,-0.03071,-0.00019,-0.00019,0.42973,0.00248,0.05207,0.00003,-3.12257,-3.05581,-1.49214,-0.11273,-1.26135,0.18254,0.07725,0.00028,-0.0110,-0.0110,-0.0024,-0.0024,-0.0073,-0.0073,-0.0073,-0.0220,-0.0110,-0.0110,-0.0073,-0.0024,-0.0073,-0.0073,0.0073,-0.0073,-0.040,-0.013,0.007,-0.021,0.002,-0.007,-0.002,-0.061,-0.013,-0.013,0.007,0.007,-0.002,0.002,-0.007,-0.002,28.0,29.0,30.0,29.0,30.0,30.0,29.0,28.0,28.0,29.0,30.0,29.0,30.0,30.0,29.0,29.0
1790307708.537590,7.700,-0.00324,-0.03071,-0.00019,-0.00019,0.42973,0.00248,0.05207,0.00003,-3.12257,-3.05581,-1.49214,-0.11273,-1.26135,0.18254,0.07687,0.00028,-0.0110,-0.0330,-0.0024,-0.0024,-0.0073,-0.0073,-0.0073,0.0073,0.0110,-0.0110,-0.0024,-0.0024,-0.0073,-0.0073,0.0073,-0.0073,-0.040,-0.013,0.021,-0.021,0.002,-0.007,-0.002,-0.061,-0.013,-0.013,0.007,0.007,-0.002,0.002,-0.007,-0.002,28.0,29.0,30.0,29.0,30.0,30.0,29.0,28.0,28.0,29.0,30.0,29.0,30.0,30.0,29.0,29.0
1790307708.548166,7.711,-0.00324,-0.03071,-0.00019,-0.00019,0.42973,0.00248,0.05207,0.00003,-3.12257,-3.05581,-1.49214,-0.11273,-1.26135,0.18254,0.07687,0.00028,-0.0110,-0.0330,-0.0024,-0.0024,-0.0073,-0.0073,-0.0073,0.0073,0.0110,-0.0110,-0.0024,-0.0024,-0.0073,-0.0073,0.0073,-0.0073,-0.040,-0.013,0.021,-0.021,0.002,-0.007,-0.002,-0.061,-0.013,-0.013,0.007,0.007,-0.002,0.002,-0.007,-0.002,28.0,29.0,30.0,29.0,30.0,30.0,29.0,28.0,28.0,29.0,30.0,29.0,30.0,30.0,29.0,29.0
1790307708.558304,7.721,-0.00324,-0.03071,-0.00019,-0.00019,0.42973,0.00248,0.05207,0.00003,-3.12257,-3.05581,-1.49214,-0.11273,-1.26135,0.18254,0.07687,0.00028,-0.0110,-0.0330,-0.0024,-0.0024,-0.0073,-0.0073,-0.0073,0.0073,0.0110,-0.0110,-0.0024,-0.0024,-0.0073,-0.0073,0.0073,-0.0073,-0.040,-0.013,0.021,-0.021,0.002,-0.007,-0.002,-0.061,-0.013,-0.013,0.007,0.007,-0.002,0.002,-0.007,-0.002,28.0,29.0,30.0,29.0,30.0,30.0,29.0,28.0,28.0,29.0,30.0,29.0,30.0,30.0,29.0,29.0
1790307708.568072,7.730,-0.00324,-0.03071,-0.00019,-0.00019,0.42973,0.00248,0.05207,0.00003,-3.12257,-3.05581,-1.49214,-0.11273,-1.26135,0.18254,0.07687,0.00028,-0.0110,-0.0330,-0.0024,-0.0024,-0.0073,-0.0073,-0.0073,0.0073,0.0110,-0.0110,-0.0024,-0.0024,-0.0073,-0.0073,0.0073,-0.0073,-0.040,-0.013,0.021,-0.021,0.002,-0.007,-0.002,-0.061,-0.013,-0.013,0.007,0.007,-0.002,0.002,-0.007,-0.002,28.0,29.0,30.0,29.0,30.0,30.0,29.0,28.0,28.0,29.0,30.0,29.0,30.0,30.0,29.0,29.0
1790307708.577635,7.740,-0.00324,-0.03071,-0.00019,-0.00019,0.42973,0.00248,0.05207,0.00003,-3.12257,-3.05581,-1.49214,-0.11273,-1.26135,0.18254,0.07687,0.00028,-0.0110,-0.0110,-0.0024,0.0024,-0.0073,-0.0073,-0.0073,-0.0073,-0.0110,0.0110,0.0024,-0.0073,-0.0073,-0.0073,-0.0220,-0.0073,-0.040,-0.013,0.007,-0.021,0.002,-0.007,-0.002,-0.061,-0.013,-0.013,0.007,0.007,-0.002,0.002,-0.007,-0.007,28.0,29.0,30.0,29.0,30.0,30.0,29.0,28.0,28.0,29.0,30.0,29.0,30.0,30.0,29.0,29.0
1790307708.587715,7.750,-0.00324,-0.03071,-0.00019,-0.00019,0.42973,0.00248,0.05207,0.00003,-3.12257,-3.05581,-1.49214,-0.11273,-1.26135,0.18254,0.07687,0.00028,-0.0110,-0.0110,-0.0024,0.0024,-0.0073,-0.0073,-0.0073,-0.0073,-0.0110,0.0110,0.0024,-0.0073,-0.0073,-0.0073,-0.0220,0.0073,-0.040,-0.013,0.007,-0.021,0.002,-0.007,-0.002,-0.061,-0.013,-0.013,0.007,0.007,-0.002,0.002,-0.007,-0.002,28.0,29.0,30.0,29.0,30.0,30.0,29.0,28.0,28.0,29.0,30.0,29.0,30.0,30.0,29.0,29.0
1790307708.598214,7.761,-0.00324,-0.03071,-0.00019,-0.00019,0.42973,0.00248,0.05207,0.00003,-3.12257,-3.05581,-1.49214,-0.11273,-1.26135,0.18254,0.07687,0.00028,-0.0110,-0.0110,-0.0024,0.0024,-0.0073,-0.0073,-0.0073,-0.0073,-0.0110,0.0110,0.0024,-0.0073,-0.0073,-0.0073,-0.0220,0.0073,-0.040,-0.013,0.007,-0.021,0.002,-0.007,-0.002,-0.061,-0.013,-0.013,0.007,0.007,-0.002,0.002,-0.007,-0.002,28.0,29.0,30.0,29.0,30.0,30.0,29.0,28.0,28.0,29.0,30.0,29.0,30.0,30.0,29.0,29.0
1790307708.608209,7.771,-0.00324,-0.03071,-0.00019,-0.00019,0.42973,0.00248,0.05207,0.00003,-3.12257,-3.05581,-1.49214,-0.11273,-1.26135,0.18254,0.07687,0.00028,-0.0110,-0.0110,-0.0024,0.0024,-0.0073,-0.0073,-0.0073,-0.0073,-0.0110,0.0110,0.0024,-0.0073,-0.0073,-0.0073,-0.0220,0.0073,-0.040,-0.013,0.007,-0.021,0.002,-0.007,-0.002,-0.061,-0.013,-0.013,0.007,0.007,-0.002,0.002,-0.007,-0.002,28.0,29.0,30.0,29.0,30.0,30.0,29.0,28.0,28.0,29.0,30.0,29.0,30.0,30.0,29.0,29.0
1790307708.617760,7.780,-0.00286,-0.03071,-0.00019,-0.00019,0.42973,0.00248,0.05207,0.00003,-3.12257,-3.05581,-1.49214,-0.11273,-1.26135,0.18254,0.07687,0.00030,-0.0110,-0.0110,-0.0024,-0.0024,-0.0220,0.0073,-0.0073,-0.0073,0.0110,-0.0110,-0.0024,-0.0073,0.0073,0.0073,-0.0073,-0.0073,-0.040,-0.013,0.007,-0.021,0.002,-0.007,-0.002,-0.061,-0.013,-0.013,-0.007,0.007,-0.002,0.002,-0.007,-0.007,28.0,29.0,30.0,29.0,30.0,30.0,29.0,28.0,28.0,29.0,30.0,29.0,30.0,30.0,29.0,29.0
1790307708.628230,7.791,-0.00286,-0.03071,-0.00019,-0.00019,0.42973,0.00248,0.05207,0.00003,-3.12257,-3.05581,-1.49214,-0.11273,-1.26135,0.18254,0.07687,0.00030,-0.0110,-0.0110,-0.0024,-0.0024,-0.0220,0.0073,-0.0073,-0.0073,0.0110,-0.0110,-0.0024,-0.0073,0.0073,0.0073,-0.0073,-0.0073,-0.040,-0.013,0.007,-0.021,0.002,-0.007,-0.002,-0.061,-0.013,-0.013,-0.007,0.007,-0.002,0.002,-0.007,-0.007,28.0,29.0,30.0,29.0,30.0,30.0,29.0,28.0,28.0,29.0,30.0,29.0,30.0,30.0,29.0,29.0
1790307708.638129,7.801,-0.00286,-0.03071,-0.00019,-0.00019,0.42973,0.00248,0.05207,0.00003,-3.12257,-3.05581,-1.49214,-0.11273,-1.26135,0.18254,0.07687,0.00030,-0.0110,-0.0110,-0.0024,-0.0024,-0.0220,0.0073,-0.0073,-0.0073,0.0110,-0.0110,-0.0024,-0.0073,0.0073,0.0073,-0.0073,-0.0073,-0.040,-0.013,0.007,-0.021,0.002,-0.007,-0.002,-0.061,-0.013,-0.013,-0.007,0.007,-0.002,0.002,-0.007,-0.007,28.0,29.0,30.0,29.0,30.0,30.0,29.0,28.0,28.0,29.0,30.0,29.0,30.0,30.0,29.0,29.0
1790307708.647887,7.810,-0.00286,-0.03071,-0.00019,-0.00019,0.42973,0.00248,0.05207,0.00003,-3.12257,-3.05581,-1.49214,-0.11273,-1.26135,0.18254,0.07687,0.00028,-0.0110,-0.0110,-0.0024,-0.0024,-0.0220,0.0073,-0.0073,-0.0073,0.0110,-0.0110,-0.0024,-0.0073,0.0073,0.0073,-0.0073,-0.0073,-0.040,-0.013,0.007,-0.021,0.002,-0.007,-0.002,-0.061,-0.013,-0.013,-0.007,0.007,-0.002,0.002,-0.007,-0.002,28.0,29.0,30.0,29.0,30.0,30.0,29.0,28.0,28.0,29.0,30.0,29.0,30.0,30.0,29.0,29.0
1790307708.657749,7.820,-0.00286,-0.03071,-0.00019,-0.00019,0.42973,0.00248,0.05207,0.00003,-3.12257,-3.05581,-1.49214,-0.11273,-1.26135,0.18254,0.07687,0.00028,-0.0110,-0.0110,-0.0024,-0.0024,0.0073,-0.0073,-0.0220,-0.0073,-0.0110,-0.0110,-0.0024,-0.0024,0.0073,-0.0073,-0.0073,0.0073,-0.013,-0.013,0.007,-0.021,0.002,-0.007,-0.002,-0.066,-0.013,-0.013,0.021,0.007,-0.002,0.002,-0.002,-0.002,28.0,29.0,30.0,29.0,30.0,30.0,29.0,28.0,28.0,29.0,30.0,29.0,30.0,30.0,29.0,29.0
1790307708.667392,7.830,-0.00286,-0.03071,-0.00019,-0.00019,0.42973,0.00248,0.05207,0.00003,-3.12257,-3.05581,-1.49214,-0.11273,-1.26135,0.18254,0.07687,0.00028,-0.0110,-0.0110,-0.0024,-0.0024,0.0073,-0.0073,-0.0220,-0.0073,-0.0110,-0.0110,-0.0024,-0.0024,0.0073,-0.0073,-0.0073,0.0073,-0.013,-0.013,0.007,-0.021,0.002,-0.007,-0.002,-0.066,-0.013,-0.013,0.021,0.007,-0.002,0.002,-0.002,-0.002,28.0,29.0,30.0,29.0,30.0,30.0,29.0,28.0,28.0,29.0,30.0,29.0,30.0,30.0,29.0,29.0
1790307708.677561,7.840,-0.00286,-0.03071,-0.00019,-0.00019,0.42973,0.00248,0.05207,0.00003,-3.12257,-3.05581,-1.49214,-0.11273,-1.26135,0.18254,0.07687,0.00028,-0.0110,-0.0110,-0.0024,-0.0024,0.0073,-0.0073,-0.0220,-0.0073,-0.0110,-0.0110,-0.0024,-0.0024,0.0073,-0.0073,-0.0073,0.0073,-0.013,-0.013,0.007,-0.021,0.002,-0.007,-0.002,-0.066,-0.013,-0.013,0.021,0.007,-0.002,0.002,-0.002,-0.002,28.0,29.0,30.0,29.0,30.0,30.0,29.0,28.0,28.0,29.0,30.0,29.0,30.0,30.0,29.0,29.0
1790307708.687457,7.850,-0.00286,-0.03071,-0.00019,-0.00019,0.42973,0.00248,0.05207,0.00003,-3.12257,-3.05581,-1.49214,-0.11273,-1.26135,0.18254,0.07687,0.00028,-0.0110,-0.0110,-0.0024,-0.0024,0.0073,-0.0073,-0.0220,-0.0073,-0.0110,-0.0110,-0.0024,-0.0024,0.0073,-0.0073,-0.0073,0.0073,-0.013,-0.013,0.007,-0.021,0.002,-0.007,-0.002,-0.066,-0.013,-0.013,0.021,0.007,-0.002,0.002,-0.002,-0.002,28.0,29.0,30.0,29.0,30.0,30.0,29.0,28.0,28.0,29.0,30.0,29.0,30.0,30.0,29.0,29.0
1790307708.697531,7.860,-0.00286,-0.03071,-0.00019,-0.00019,0.42973,0.00248,0.05207,0.00003,-3.12257,-3.05581,-1.49214,-0.11311,-1.26135,0.18254,0.07687,0.00028,-0.0110,-0.0110,-0.0024,-0.0024,-0.0073,-0.0073,-0.0220,-0.0220,0.0110,-0.0110,-0.0024,-0.0024,-0.0220,-0.0073,-0.0073,-0.0220,-0.040,-0.013,0.007,-0.021,0.002,-0.007,-0.002,-0.061,-0.013,-0.013,-0.007,0.007,-0.002,0.002,-0.002,-0.002,28.0,29.0,30.0,29.0,30.0,30.0,29.0,28.0,28.0,29.0,30.0,29.0,30.0,30.0,29.0,29.0
1790307708.707370,7.870,-0.00286,-0.03071,-0.00019,-0.00019,0.42973,0.00248,0.05207,0.00003,-3.12257,-3.05581,-1.49214,-0.11311,-1.26135,0.18254,0.07687,0.00028,-0.0110,-0.0110,-0.0024,-0.0024,-0.0073,-0.0073,-0.0220,-0.0220,0.0110,-0.0110,-0.0024,-0.0024,-0.0220,-0.0073,-0.0073,-0.0220,-0.040,-0.013,0.007,-0.021,0.002,-0.007,-0.002,-0.061,-0.013,-0.013,-0.007,0.007,-0.002,0.002,-0.002,-0.002,28.0,29.0,30.0,29.0,30.0,30.0,29.0,28.0,28.0,29.0,30.0,29.0,30.0,30.0,29.0,29.0
1790307708.717615,7.880,-0.00286,-0.03071,-0.00019,-0.00019,0.42973,0.00248,0.05207,0.00003,-3.12257,-3.05581,-1.49214,-0.11311,-1.26135,0.18254,0.07687,0.00028,-0.0110,-0.0110,-0.0024,-0.0024,-0.0073,-0.0073,-0.0220,-0.0220,0.0110,-0.0110,-0.0024,-0.0024,-0.0220,-0.0073,-0.0073,-0.0220,-0.040,-0.013,0.007,-0.021,0.002,-0.007,-0.002,-0.061,-0.013,-0.013,-0.007,0.007,-0.002,0.002,-0.002,-0.002,28.0,29.0,30.0,29.0,30.0,30.0,29.0,28.0,28.0,29.0,30.0,29.0,30.0,30.0,29.0,29.0
1790307708.727364,7.890,-0.00286,-0.03071,-0.00019,-0.00019,0.42973,0.00248,0.05207,0.00003,-3.12257,-3.05581,-1.49214,-0.11311,-1.26135,0.18254,0.07687,0.00028,-0.0110,-0.0110,-0.0024,-0.0024,-0.0073,-0.0073,-0.0220,-0.0220,0.0110,-0.0110,-0.0024,-0.0024,-0.0220,-0.0073,-0.0073,-0.0220,-0.040,-0.013,0.007,-0.021,0.002,-0.007,-0.002,-0.061,-0.013,-0.013,-0.007,0.007,-0.002,0.002,-0.002,-0.002,28.0,29.0,30.0,29.0,30.0,30.0,29.0,28.0,28.0,29.0,30.0,29.0,30.0,30.0,29.0,29.0
1790307708.737595,7.900,-0.00286,-0.03071,-0.00019,-0.00019,0.42973,0.00248,0.05207,0.00003,-3.12257,-3.05581,-1.49214,-0.11311,-1.26135,0.18254,0.07687,0.00028,-0.0110,-0.0110,-0.0024,-0.0024,-0.0073,-0.0073,-0.0220,-0.0073,-0.0330,-0.0110,-0.0024,-0.0024,-0.0220,-0.0073,-0.0073,-0.0073,-0.040,-0.013,0.007,-0.021,0.002,-0.007,-0.002,-0.061,-0.013,-0.013,-0.007,0.007,-0.002,0.002,-0.002,-0.002,28.0,29.0,30.0,29.0,30.0,30.0,29.0,28.0,28.0,29.0,30.0,29.0,30.0,30.0,29.0,29.0
1790307708.747364,7.910,-0.00286,-0.03071,-0.00019,-0.00019,0.42973,0.00248,0.05207,0.00003,-3.12257,-3.05581,-1.49214,-0.11273,-1.26135,0.18254,0.07687,0.00028,-0.0110,-0.0110,0.0024,-0.0024,-0.0073,-0.0220,-0.0073,-0.0220,-0.0330,0.0110,-0.0024,0.0024,0.0073,-0.0073,-0.0073,-0.0073,-0.040,-0.013,0.007,-0.021,0.002,-0.007,-0.002,-0.061,-0.013,-0.013,0.007,0.007,-0.002,0.002,-0.007,-0.002,28.0,29.0,30.0,29.0,30.0,30.0,29.0,28.0,28.0,29.0,30.0,29.0,30.0,30.0,29.0,29.0
1790307708.757571,7.920,-0.00286,-0.03071,-0.00019,-0.00019,0.42973,0.00248,0.05207,0.00003,-3.12257,-3.05581,-1.49214,-0.11273,-1.26135,0.18254,0.07687,0.00028,-0.0110,-0.0110,0.0024,-0.0024,-0.0073,-0.0220,-0.0073,-0.0220,-0.0330,0.0110,-0.0024,0.0024,0.0073,-0.0073,-0.0073,-0.0073,-0.040,-0.013,0.007,-0.021,0.002,-0.007,-0.002,-0.061,-0.013,-0.013,0.007,0.007,-0.002,0.002,-0.007,-0.002,28.0,29.0,30.0,29.0,30.0,30.0,29.0,28.0,28.0,29.0,30.0,29.0,30.0,30.0,29.0,29.0
1790307708.767368,7.930,-0.00286,-0.03071,-0.00019,-0.00019,0.42973,0.00248,0.05207,0.00003,-3.12257,-3.05581,-1.49214,-0.11273,-1.26135,0.18254,0.07687,0.00028,-0.0110,-0.0110,0.0024,-0.0024,-0.0073,-0.0220,-0.0073,-0.0220,-0.0330,0.0110,-0.0024,0.0024,0.0073,-0.0073,-0.0073,-0.0073,-0.040,-0.013,0.007,-0.021,0.002,-0.007,-0.002,-0.061,-0.013,-0.013,0.007,0.007,-0.002,0.002,-0.007,-0.002,28.0,29.0,30.0,29.0,30.0,30.0,29.0,28.0,28.0,29.0,30.0,29.0,30.0,30.0,29.0,29.0
1790307708.777650,7.940,-0.00286,-0.03071,-0.00019,-0.00019,0.42973,0.00248,0.05207,0.00003,-3.12257,-3.05581,-1.49214,-0.11273,-1.26135,0.18254,0.07687,0.00028,-0.0110,-0.0110,0.0024,-0.0024,-0.0073,-0.0220,-0.0073,-0.0220,-0.0330,0.0110,-0.0024,0.0024,0.0073,-0.0073,-0.0073,-0.0073,-0.040,-0.013,0.007,-0.021,0.002,-0.007,-0.002,-0.061,-0.013,-0.013,0.007,0.007,-0.002,0.002,-0.007,-0.002,28.0,29.0,30.0,29.0,30.0,30.0,29.0,28.0,28.0,29.0,30.0,29.0,30.0,30.0,29.0,29.0
1790307708.787412,7.950,-0.00286,-0.03071,-0.00019,-0.00019,0.42973,0.00248,0.05207,0.00005,-3.12257,-3.05581,-1.49214,-0.11273,-1.26135,0.18254,0.07687,0.00028,-0.0110,-0.0110,-0.0073,-0.0024,0.0073,-0.0073,0.0073,-0.0073,-0.0110,-0.0330,0.0024,0.0024,-0.0220,0.0073,-0.0073,-0.0073,-0.040,-0.013,0.007,-0.021,0.002,-0.007,-0.007,-0.056,-0.013,-0.013,0.007,-0.007,-0.002,0.002,-0.007,-0.002,28.0,29.0,30.0,29.0,30.0,30.0,29.0,28.0,28.0,29.0,30.0,29.0,30.0,30.0,29.0,29.0
1790307708.797585,7.960,-0.00286,-0.03071,-0.00019,-0.00019,0.42973,0.00248,0.05207,0.00003,-3.12257,-3.05581,-1.49214,-0.11273,-1.26135,0.18254,0.07687,0.00028,-0.0110,-0.0110,-0.0073,-0.0024,0.0073,-0.0073,0.0073,0.0073,-0.0110,-0.0330,0.0024,0.0024,-0.0220,0.0073,-0.0073,-0.0220,-0.040,-0.013,0.007,-0.021,0.002,-0.007,-0.007,-0.061,-0.013,-0.013,0.007,-0.007,-0.002,0.002,-0.007,-0.002,28.0,29.0,30.0,29.0,30.0,30.0,29.0,28.0,28.0,29.0,30.0,29.0,30.0,30.0,29.0,29.0
1790307708.807417,7.970,-0.00286,-0.03071,-0.00019,-0.00019,0.42973,0.00248,0.05207,0.00003,-3.12257,-3.05581,-1.49214,-0.11273,-1.26135,0.18254,0.07687,0.00028,-0.0110,-0.0110,-0.0073,-0.0024,0.0073,-0.0073,0.0073,0.0073,-0.0110,-0.0330,0.0024,0.0024,-0.0220,0.0073,-0.0073,-0.0220,-0.040,-0.013,0.007,-0.021,0.002,-0.007,-0.007,-0.061,-0.013,-0.013,0.007,-0.007,-0.002,0.002,-0.007,-0.002,28.0,29.0,30.0,29.0,30.0,30.0,29.0,28.0,28.0,29.0,30.0,29.0,30.0,30.0,29.0,29.0
1790307708.817594,7.980,-0.00286,-0.03071,-0.00019,-0.00019,0.42973,0.00248,0.05207,0.00003,-3.12257,-3.05581,-1.49214,-0.11273,-1.26135,0.18254,0.07687,0.00028,-0.0110,-0.0110,-0.0073,-0.0024,0.0073,-0.0073,0.0073,0.0073,-0.0110,-0.0330,0.0024,0.0024,-0.0220,0.0073,-0.0073,-0.0220,-0.040,-0.013,0.007,-0.021,0.002,-0.007,-0.007,-0.061,-0.013,-0.013,0.007,-0.007,-0.002,0.002,-0.007,-0.002,28.0,29.0,30.0,29.0,30.0,30.0,29.0,28.0,28.0,29.0,30.0,29.0,30.0,30.0,29.0,29.0
1790307708.827351,7.990,-0.00324,-0.03071,-0.00019,-0.00019,0.42973,0.00248,0.05207,0.00003,-3.12257,-3.05581,-1.49214,-0.11311,-1.26135,0.18254,0.07687,0.00028,-0.0110,-0.0110,-0.0024,-0.0024,-0.0073,-0.0220,-0.0073,-0.0073,-0.0110,-0.0330,-0.0024,-0.0024,-0.0073,-0.0073,-0.0220,0.0073,-0.013,-0.013,0.007,-0.021,-0.002,-0.007,-0.007,-0.061,-0.013,0.013,0.007,0.007,-0.002,0.002,-0.007,-0.002,28.0,29.0,30.0,29.0,30.0,30.0,29.0,28.0,28.0,29.0,30.0,29.0,30.0,30.0,29.0,29.0
1790307708.837561,8.000,-0.00324,-0.03071,-0.00019,-0.00019,0.42973,0.00248,0.05207,0.00003,-3.12257,-3.05581,-1.49214,-0.11311,-1.26135,0.18254,0.07687,0.00028,-0.0110,-0.0110,-0.0024,-0.0024,-0.0073,-0.0220,-0.0073,-0.0073,-0.0110,-0.0330,-0.0024,-0.0024,-0.0073,-0.0073,-0.0220,0.0073,-0.013,-0.013,0.007,-0.021,-0.002,-0.007,-0.007,-0.061,-0.013,0.013,0.007,0.007,-0.002,0.002,-0.007,-0.002,28.0,29.0,30.0,29.0,30.0,30.0,29.0,28.0,28.0,29.0,30.0,29.0,30.0,30.0,29.0,29.0
1790307708.847418,8.010,-0.00324,-0.03071,-0.00019,-0.00019,0.42973,0.00248,0.05207,0.00003,-3.12257,-3.05581,-1.49214,-0.11311,-1.26135,0.18254,0.07687,0.00028,-0.0110,-0.0110,-0.0024,-0.0024,-0.0073,-0.0220,-0.0073,-0.0220,-0.0110,-0.0330,-0.0024,-0.0024,-0.0073,-0.0073,-0.0220,-0.0073,-0.013,-0.013,0.007,-0.021,-0.002,-0.007,-0.007,-0.061,-0.013,0.013,0.007,0.007,-0.002,0.002,-0.007,-0.002,28.0,29.0,30.0,29.0,30.0,30.0,29.0,28.0,28.0,29.0,30.0,29.0,30.0,30.0,29.0,29.0
1790307708.857558,8.020,-0.00324,-0.03071,-0.00019,-0.00019,0.42973,0.00248,0.05207,0.00003,-3.12257,-3.05581,-1.49214,-0.11311,-1.26135,0.18254,0.07687,0.00028,-0.0110,-0.0110,-0.0024,-0.0024,-0.0073,-0.0220,-0.0073,-0.0220,-0.0110,-0.0330,-0.0024,-0.0024,-0.0073,-0.0073,-0.0220,-0.0073,-0.013,-0.013,0.007,-0.021,-0.002,-0.007,-0.007,-0.061,-0.013,0.013,0.007,0.007,-0.002,0.002,-0.007,-0.002,28.0,29.0,30.0,29.0,30.0,30.0,29.0,28.0,28.0,29.0,30.0,29.0,30.0,30.0,29.0,29.0
1790307708.867399,8.030,-0.00286,-0.03071,-0.00019,-0.00019,0.42973,0.00248,0.05207,0.00003,-3.12257,-3.05581,-1.49214,-0.11273,-1.26135,0.18254,0.07687,0.00028,-0.0110,-0.0110,-0.0024,-0.0073,-0.0073,-0.0073,-0.0073,-0.0073,-0.0110,-0.0110,0.0024,-0.0024,0.0073,-0.0220,0.0073,-0.0073,-0.013,-0.013,0.007,-0.021,-0.002,-0.007,-0.002,-0.056,-0.013,0.013,0.007,0.007,-0.002,0.002,-0.002,-0.002,28.0,29.0,30.0,29.0,30.0,30.0,29.0,28.0,28.0,29.0,30.0,29.0,30.0,30.0,29.0,29.0
1790307708.877610,8.040,-0.00286,-0.03071,-0.00019,-0.00019,0.42973,0.00248,0.05207,0.00003,-3.12257,-3.05581,-1.49214,-0.11273,-1.26135,0.18254,0.07687,0.00028,-0.0110,-0.0110,-0.0024,-0.0073,-0.0073,-0.0073,-0.0073,-0.0073,-0.0110,-0.0110,0.0024,-0.0024,0.0073,-0.0220,0.0073,-0.0073,-0.013,-0.013,0.007,-0.021,-0.002,-0.007,-0.002,-0.056,-0.013,0.013,0.007,0.007,-0.002,0.002,-0.002,-0.002,28.0,29.0,30.0,29.0,30.0,30.0,29.0,28.0,28.0,29.0,30.0,29.0,30.0,30.0,29.0,29.0
1790307708.887387,8.050,-0.00286,-0.03071,-0.00019,-0.00019,0.42973,0.00248,0.05207,0.00003,-3.12257,-3.05581,-1.49214,-0.11273,-1.26135,0.18254,0.07687,0.00028,-0.0110,-0.0110,-0.0024,-0.0073,-0.0073,-0.0073,-0.0073,-0.0073,-0.0110,-0.0110,0.0024,-0.0024,0.0073,-0.0220,0.0073,-0.0073,-0.013,-0.013,0.007,-0.021,-0.002,-0.007,-0.002,-0.056,-0.013,0.013,0.007,0.007,-0.002,0.002,-0.002,-0.002,28.0,29.0,30.0,29.0,30.0,30.0,29.0,28.0,28.0,29.0,30.0,29.0,30.0,30.0,29.0,29.0
1790307708.897556,8.060,-0.00286,-0.03071,-0.00019,-0.00019,0.42973,0.00248,0.05207,0.00003,-3.12257,-3.05581,-1.49214,-0.11273,-1.26135,0.18254,0.07687,0.00028,-0.0110,-0.0110,-0.0024,-0.0073,-0.0073,-0.0073,-0.0073,-0.0073,-0.0110,-0.0110,0.0024,-0.0024,0.0073,-0.0220,0.0073,-0.0073,-0.013,-0.013,0.007,-0.021,-0.002,-0.007,-0.002,-0.056,-0.013,0.013,0.007,0.007,-0.002,0.002,-0.002,-0.002,28.0,29.0,30.0,29.0,30.0,30.0,29.0,28.0,28.0,29.0,30.0,29.0,30.0,30.0,29.0,29.0
1790307708.907450,8.070,-0.00286,-0.03071,-0.00019,-0.00019,0.42973,0.00248,0.05207,0.00003,-3.12257,-3.05581,-1.49214,-0.11273,-1.26135,0.18254,0.07687,0.00028,-0.0110,-0.0110,-0.0024,-0.0024,-0.0073,-0.0073,-0.0073,-0.0220,-0.0110,-0.0110,-0.0024,-0.0024,-0.0073,-0.0073,-0.0073,-0.0073,-0.013,-0.013,0.007,-0.021,-0.002,-0.007,-0.007,-0.066,-0.013,-0.013,0.007,0.007,-0.002,0.002,-0.002,-0.002,28.0,29.0,30.0,29.0,30.0,30.0,29.0,28.0,28.0,29.0,30.0,29.0,30.0,30.0,29.0,29.0
1790307708.918137,8.081,-0.00286,-0.03071,-0.00019,-0.00019,0.42973,0.00248,0.05207,0.00003,-3.12257,-3.05581,-1.49214,-0.11273,-1.26135,0.18254,0.07687,0.00028,-0.0110,-0.0110,-0.0024,-0.0024,-0.0073,-0.0073,-0.0073,-0.0220,-0.0110,-0.0110,-0.0024,-0.0024,-0.0073,-0.0073,-0.0073,-0.0073,-0.013,-0.013,0.007,-0.021,-0.002,-0.007,-0.007,-0.066,-0.013,-0.013,0.007,0.007,-0.002,0.002,-0.002,-0.002,28.0,29.0,30.0,29.0,30.0,30.0,29.0,28.0,28.0,29.0,30.0,29.0,30.0,30.0,29.0,29.0
1790307708.927443,8.090,-0.00286,-0.03071,-0.00019,-0.00019,0.42973,0.00248,0.05207,0.00003,-3.12257,-3.05581,-1.49214,-0.11273,-1.26135,0.18254,0.07687,0.00028,-0.0110,-0.0110,-0.0024,-0.0024,-0.0073,-0.0073,-0.0073,-0.0220,-0.0110,-0.0110,-0.0024,-0.0024,-0.0073,-0.0073,-0.0073,-0.0073,-0.013,-0.013,0.007,-0.021,-0.002,-0.007,-0.007,-0.066,-0.013,-0.013,0.007,0.007,-0.002,0.002,-0.002,-0.002,28.0,29.0,30.0,29.0,30.0,30.0,29.0,28.0,28.0,29.0,30.0,29.0,30.0,30.0,29.0,29.0
1790307708.938025,8.100,-0.00286,-0.03071,-0.00019,-0.00019,0.42973,0.00248,0.05207,0.00003,-3.12257,-3.05581,-1.49214,-0.11273,-1.26135,0.18254,0.07687,0.00028,-0.0110,-0.0110,-0.0024,-0.0024,-0.0073,-0.0073,-0.0073,-0.0220,-0.0110,-0.0110,-0.0024,-0.0024,-0.0073,-0.0073,-0.0073,-0.0073,-0.013,-0.013,0.007,-0.021,-0.002,-0.007,-0.007,-0.066,-0.013,-0.013,0.007,0.007,-0.002,0.002,-0.002,-0.002,28.0,29.0,30.0,29.0,30.0,30.0,29.0,28.0,28.0,29.0,30.0,29.0,30.0,30.0,29.0,29.0
1790307708.947401,8.110,-0.00324,-0.03071,-0.00019,-0.00019,0.42973,0.00248,0.05207,0.00003,-3.12257,-3.05581,-1.49214,-0.11273,-1.26135,0.18254,0.07687,0.00030,-0.0110,-0.0110,-0.0024,-0.0024,-0.0220,-0.0073,-0.0073,-0.0220,-0.0330,-0.0110,0.0024,0.0024,-0.0220,-0.0073,0.0073,-0.0073,-0.013,-0.013,0.007,-0.034,0.002,-0.007,-0.002,-0.066,-0.013,-0.013,0.007,0.007,-0.002,0.002,-0.002,-0.002,28.0,29.0,30.0,29.0,30.0,30.0,29.0,28.0,28.0,29.0,30.0,29.0,30.0,30.0,29.0,29.0
1790307708.957560,8.120,-0.00324,-0.03071,-0.00019,-0.00019,0.42973,0.00248,0.05207,0.00003,-3.12257,-3.05581,-1.49214,-0.11273,-1.26135,0.18254,0.07687,0.00028,-0.0110,-0.0110,-0.0024,-0.0024,-0.0220,-0.0073,-0.0073,-0.0073,-0.0330,-0.0110,0.0024,0.0024,-0.0220,-0.0073,0.0073,-0.0073,-0.013,-0.013,0.007,-0.034,0.002,-0.007,-0.002,-0.066,-0.013,-0.013,0.007,0.007,-0.002,0.002,-0.002,-0.002,28.0,29.0,30.0,29.0,30.0,30.0,29.0,28.0,28.0,29.0,30.0,29.0,30.0,30.0,29.0,29.0
1790307708.967781,8.130,-0.00324,-0.03071,-0.00019,-0.00019,0.42973,0.00248,0.05207,0.00003,-3.12257,-3.05581,-1.49214,-0.11273,-1.26135,0.18254,0.07687,0.00028,-0.0110,-0.0110,-0.0024,-0.0024,-0.0220,-0.0073,-0.0073,-0.0073,-0.0330,-0.0110,0.0024,0.0024,-0.0220,-0.0073,0.0073,-0.0073,-0.013,-0.013,0.007,-0.034,0.002,-0.007,-0.002,-0.066,-0.013,-0.013,0.007,0.007,-0.002,0.002,-0.002,-0.002,28.0,29.0,30.0,29.0,30.0,30.0,29.0,28.0,28.0,29.0,30.0,29.0,30.0,30.0,29.0,29.0
1790307708.978121,8.141,-0.00324,-0.03071,-0.00019,-0.00019,0.42973,0.00248,0.05207,0.00003,-3.12257,-3.05581,-1.49214,-0.11273,-1.26135,0.18254,0.07687,0.00028,-0.0110,-0.0110,-0.0024,-0.0024,-0.0220,-0.0073,-0.0073,-0.0073,-0.0330,-0.0110,0.0024,0.0024,-0.0220,-0.0073,0.0073,-0.0073,-0.013,-0.013,0.007,-0.034,0.002,-0.007,-0.002,-0.066,-0.013,-0.013,0.007,0.007,-0.002,0.002,-0.002,-0.002,28.0,29.0,30.0,29.0,30.0,30.0,29.0,28.0,28.0,29.0,30.0,29.0,30.0,30.0,29.0,29.0
1790307708.987347,8.150,-0.00324,-0.03071,-0.00019,-0.00019,0.42973,0.00248,0.05207,0.00003,-3.12257,-3.05581,-1.49214,-0.11273,-1.26135,0.18254,0.07687,0.00028,-0.0110,-0.0330,-0.0024,-0.0024,-0.0073,0.0073,-0.0073,-0.0220,-0.0110,-0.0110,-0.0024,-0.0024,-0.0073,-0.0073,0.0073,-0.0220,-0.013,-0.013,0.021,-0.021,0.002,-0.007,-0.002,-0.061,-0.013,-0.013,0.007,0.007,-0.002,0.002,-0.007,-0.002,28.0,29.0,30.0,29.0,30.0,30.0,29.0,28.0,28.0,29.0,30.0,29.0,30.0,30.0,29.0,29.0
1790307708.998201,8.161,-0.00324,-0.03071,-0.00019,-0.00019,0.42973,0.00248,0.05207,0.00003,-3.12257,-3.05581,-1.49214,-0.11273,-1.26135,0.18254,0.07687,0.00028,-0.0110,-0.0330,-0.0024,-0.0024,-0.0073,0.0073,-0.0073,-0.0220,-0.0110,-0.0110,-0.0024,-0.0024,-0.0073,-0.0073,0.0073,-0.0220,-0.013,-0.013,0.021,-0.021,0.002,-0.007,-0.002,-0.061,-0.013,-0.013,0.007,0.007,-0.002,0.002,-0.007,-0.002,28.0,29.0,30.0,29.0,30.0,30.0,29.0,28.0,28.0,29.0,30.0,29.0,30.0,30.0,29.0,29.0
1790307709.007607,8.170,-0.00324,-0.03071,-0.00019,-0.00019,0.42973,0.00248,0.05207,0.00003,-3.12257,-3.05581,-1.49214,-0.11273,-1.26135,0.18254,0.07687,0.00028,-0.0110,-0.0330,-0.0024,-0.0024,-0.0073,0.0073,-0.0073,-0.0220,-0.0110,-0.0110,-0.0024,-0.0024,-0.0073,-0.0073,0.0073,-0.0073,-0.013,-0.013,0.021,-0.021,0.002,-0.007,-0.002,-0.061,-0.013,-0.013,0.007,0.007,-0.002,0.002,-0.007,-0.002,28.0,29.0,30.0,29.0,30.0,30.0,29.0,28.0,28.0,29.0,30.0,29.0,30.0,30.0,29.0,29.0
1790307709.018013,8.180,-0.00324,-0.03071,-0.00019,-0.00019,0.42973,0.00248,0.05207,0.00003,-3.12257,-3.05581,-1.49214,-0.11273,-1.26135,0.18254,0.07687,0.00028,-0.0110,-0.0330,-0.0024,-0.0024,-0.0073,0.0073,-0.0073,-0.0220,-0.0110,-0.0110,-0.0024,-0.0024,-0.0073,-0.0073,0.0073,-0.0073,-0.013,-0.013,0.021,-0.021,0.002,-0.007,-0.002,-0.061,-0.013,-0.013,0.007,0.007,-0.002,0.002,-0.007,-0.002,28.0,29.0,30.0,29.0,30.0,30.0,29.0,28.0,28.0,29.0,30.0,29.0,30.0,30.0,29.0,29.0
1790307709.027410,8.190,-0.00324,-0.03071,-0.00019,-0.00019,0.42973,0.00248,0.05207,0.00003,-3.12257,-3.05581,-1.49214,-0.11273,-1.26135,0.18254,0.07687,0.00028,-0.0110,-0.0110,-0.0024,-0.0024,-0.0073,0.0073,-0.0073,0.0073,0.0110,-0.0110,-0.0073,-0.0024,-0.0073,-0.0073,0.0073,-0.0073,-0.013,-0.013,0.007,-0.021,0.002,-0.007,-0.002,-0.061,-0.013,-0.013,0.007,0.007,-0.002,0.002,-0.007,-0.002,28.0,29.0,30.0,29.0,30.0,30.0,29.0,28.0,28.0,29.0,30.0,29.0,30.0,30.0,29.0,29.0
1790307709.038019,8.200,-0.00324,-0.03071,-0.00019,-0.00019,0.42973,0.00248,0.05207,0.00003,-3.12257,-3.05581,-1.49214,-0.11273,-1.26135,0.18254,0.07687,0.00028,-0.0110,-0.0110,-0.0024,0.0024,-0.0073,-0.0073,-0.0073,0.0073,0.0110,-0.0110,-0.0024,-0.0024,0.0073,0.0220,-0.0073,-0.0073,-0.013,-0.013,0.007,-0.021,0.002,-0.007,-0.002,-0.061,-0.013,-0.013,-0.007,0.007,-0.002,0.002,-0.007,-0.002,28.0,29.0,30.0,29.0,30.0,30.0,29.0,28.0,28.0,29.0,30.0,29.0,30.0,30.0,29.0,29.0
1790307709.047457,8.210,-0.00324,-0.03071,-0.00019,-0.00019,0.42973,0.00248,0.05207,0.00003,-3.12257,-3.05581,-1.49214,-0.11273,-1.26135,0.18254,0.07687,0.00028,-0.0110,-0.0110,-0.0024,0.0024,-0.0073,-0.0073,-0.0073,0.0073,0.0110,-0.0110,-0.0024,-0.0024,0.0073,0.0220,-0.0073,-0.0073,-0.013,-0.013,0.007,-0.021,0.002,-0.007,-0.002,-0.061,-0.013,-0.013,-0.007,0.007,-0.002,0.002,-0.007,-0.002,28.0,29.0,30.0,29.0,30.0,30.0,29.0,28.0,28.0,29.0,30.0,29.0,30.0,30.0,29.0,29.0
1790307709.057560,8.220,-0.00324,-0.03071,-0.00019,-0.00019,0.42973,0.00248,0.05207,0.00003,-3.12257,-3.05581,-1.49214,-0.11273,-1.26135,0.18254,0.07687,0.00028,-0.0110,-0.0110,-0.0024,0.0024,-0.0073,-0.0073,-0.0073,-0.0220,0.0110,-0.0110,-0.0024,-0.0024,0.0073,0.0220,-0.0073,-0.0073,-0.013,-0.013,0.007,-0.021,0.002,-0.007,-0.002,-0.061,-0.013,-0.013,-0.007,0.007,-0.002,0.002,-0.007,-0.002,28.0,29.0,30.0,29.0,30.0,30.0,29.0,28.0,28.0,29.0,30.0,29.0,30.0,30.0,29.0,29.0
1790307709.067371,8.230,-0.00324,-0.03071,-0.00019,-0.00019,0.42973,0.00248,0.05207,0.00005,-3.12257,-3.05581,-1.49214,-0.11273,-1.26135,0.18254,0.07687,0.00028,-0.0110,-0.0110,-0.0024,0.0024,-0.0073,-0.0073,-0.0073,-0.0220,0.0110,-0.0110,-0.0024,-0.0024,0.0073,0.0220,-0.0073,-0.0073,-0.013,-0.013,0.007,-0.021,0.002,-0.007,-0.002,-0.061,-0.013,-0.013,-0.007,0.007,-0.002,0.002,-0.007,-0.002,28.0,29.0,30.0,29.0,30.0,30.0,29.0,28.0,28.0,29.0,30.0,29.0,30.0,30.0,29.0,29.0
1790307709.078173,8.241,-0.00324,-0.03071,-0.00019,-0.00019,0.42973,0.00248,0.05207,0.00005,-3.12257,-3.05581,-1.49214,-0.11273,-1.26135,0.18254,0.07687,0.00028,-0.0110,-0.0110,-0.0024,-0.0024,-0.0073,0.0073,0.0073,-0.0220,-0.0330,-0.0110,-0.0024,0.0024,0.0073,-0.0073,-0.0073,-0.0073,-0.013,-0.013,0.007,-0.021,0.002,-0.007,-0.002,-0.061,-0.013,-0.013,0.007,0.007,-0.002,0.002,-0.007,-0.002,28.0,29.0,30.0,29.0,30.0,30.0,29.0,28.0,28.0,29.0,30.0,29.0,30.0,30.0,29.0,29.0
1790307709.088426,8.251,-0.00324,-0.03071,-0.00019,-0.00019,0.42973,0.00248,0.05207,0.00005,-3.12257,-3.05581,-1.49214,-0.11273,-1.26135,0.18254,0.07687,0.00028,-0.0110,-0.0110,-0.0024,-0.0024,-0.0073,0.0073,0.0073,-0.0220,-0.0330,-0.0110,-0.0024,0.0024,0.0073,-0.0073,-0.0073,-0.0073,-0.013,-0.013,0.007,-0.021,0.002,-0.007,-0.002,-0.061,-0.013,-0.013,0.007,0.007,-0.002,0.002,-0.007,-0.002,28.0,29.0,30.0,29.0,30.0,30.0,29.0,28.0,28.0,29.0,30.0,29.0,30.0,30.0,29.0,29.0
1790307709.097600,8.260,-0.00324,-0.03071,-0.00019,-0.00019,0.42973,0.00248,0.05207,0.00005,-3.12257,-3.05581,-1.49214,-0.11273,-1.26135,0.18254,0.07687,0.00028,-0.0110,-0.0110,-0.0024,-0.0024,-0.0073,0.0073,0.0073,-0.0220,-0.0330,-0.0110,-0.0024,0.0024,0.0073,-0.0073,-0.0073,-0.0073,-0.013,-0.013,0.007,-0.021,0.002,-0.007,-0.002,-0.061,-0.013,-0.013,0.007,0.007,-0.002,0.002,-0.007,-0.002,28.0,29.0,30.0,29.0,30.0,30.0,29.0,28.0,28.0,29.0,30.0,29.0,30.0,30.0,29.0,29.0
1790307709.107469,8.270,-0.00324,-0.03071,-0.00019,-0.00019,0.42973,0.00248,0.05207,0.00003,-3.12257,-3.05581,-1.49214,-0.11273,-1.26135,0.18254,0.07687,0.00028,-0.0110,-0.0110,-0.0024,-0.0024,-0.0073,0.0073,0.0073,-0.0073,-0.0330,-0.0110,-0.0024,0.0024,0.0073,-0.0073,-0.0073,0.0073,-0.013,-0.013,0.007,-0.021,0.002,-0.007,-0.002,-0.061,-0.013,-0.013,0.007,0.007,-0.002,0.002,-0.007,-0.002,28.0,29.0,30.0,29.0,30.0,30.0,29.0,28.0,28.0,29.0,30.0,29.0,30.0,30.0,29.0,29.0
1790307709.117400,8.280,-0.00324,-0.03071,-0.00019,-0.00019,0.42973,0.00248,0.05207,0.00003,-3.12257,-3.05581,-1.49214,-0.11273,-1.26135,0.18254,0.07687,0.00028,-0.0110,-0.0110,-0.0024,-0.0024,0.0073,-0.0220,-0.0073,0.0073,-0.0110,-0.0330,-0.0024,-0.0024,-0.0073,0.0073,0.0073,-0.0073,-0.040,-0.013,0.007,-0.021,0.002,-0.007,-0.007,-0.061,-0.013,-0.013,0.007,-0.007,-0.002,0.002,-0.007,-0.007,28.0,29.0,30.0,29.0,30.0,30.0,29.0,28.0,28.0,29.0,30.0,29.0,30.0,30.0,29.0,29.0
1790307709.127387,8.290,-0.00324,-0.03071,-0.00019,-0.00019,0.42973,0.00248,0.05207,0.00003,-3.12257,-3.05581,-1.49214,-0.11273,-1.26135,0.18254,0.07687,0.00028,-0.0110,-0.0110,-0.0024,-0.0024,0.0073,-0.0220,-0.0073,0.0073,-0.0110,-0.0330,-0.0024,-0.0024,-0.0073,0.0073,0.0073,-0.0073,-0.040,-0.013,0.007,-0.021,0.002,-0.007,-0.007,-0.061,-0.013,-0.013,0.007,-0.007,-0.002,0.002,-0.007,-0.007,28.0,29.0,30.0,29.0,30.0,30.0,29.0,28.0,28.0,29.0,30.0,29.0,30.0,30.0,29.0,29.0
1790307709.137435,8.300,-0.00324,-0.03071,-0.00019,-0.00019,0.42973,0.00248,0.05207,0.00003,-3.12257,-3.05581,-1.49214,-0.11273,-1.26135,0.18254,0.07687,0.00028,-0.0110,-0.0110,-0.0024,-0.0024,0.0073,-0.0220,-0.0073,0.0073,-0.0110,-0.0330,-0.0024,-0.0024,-0.0073,0.0073,0.0073,-0.0073,-0.040,-0.013,0.007,-0.021,0.002,-0.007,-0.007,-0.061,-0.013,-0.013,0.007,-0.007,-0.002,0.002,-0.007,-0.007,28.0,29.0,30.0,29.0,30.0,30.0,29.0,28.0,28.0,29.0,30.0,29.0,30.0,30.0,29.0,29.0
1790307709.147388,8.310,-0.00324,-0.03071,-0.00019,-0.00019,0.42973,0.00248,0.05207,0.00003,-3.12257,-3.05581,-1.49214,-0.11273,-1.26135,0.18254,0.07687,0.00028,-0.0110,-0.0110,-0.0024,-0.0024,0.0073,-0.0220,-0.0073,0.0073,-0.0110,-0.0330,-0.0024,-0.0024,-0.0073,0.0073,0.0073,-0.0073,-0.040,-0.013,0.007,-0.021,0.002,-0.007,-0.007,-0.061,-0.013,-0.013,0.007,-0.007,-0.002,0.002,-0.007,-0.007,28.0,29.0,30.0,29.0,30.0,30.0,29.0,28.0,28.0,29.0,30.0,29.0,30.0,30.0,29.0,29.0
1790307709.157578,8.320,-0.00324,-0.03071,-0.00019,-0.00019,0.42973,0.00248,0.05207,0.00003,-3.12257,-3.05581,-1.49214,-0.11273,-1.26135,0.18254,0.07725,0.00028,-0.0330,-0.0110,0.0024,-0.0024,-0.0220,-0.0073,-0.0073,-0.0073,-0.0330,-0.0110,-0.0024,0.0024,-0.0073,-0.0220,0.0073,-0.0073,-0.040,-0.013,0.021,-0.021,0.002,-0.007,-0.002,-0.066,-0.013,-0.013,0.021,0.007,-0.002,0.002,-0.007,0.002,28.0,29.0,30.0,29.0,30.0,30.0,29.0,28.0,28.0,29.0,30.0,29.0,30.0,30.0,29.0,29.0
1790307709.168189,8.331,-0.00324,-0.03071,-0.00019,-0.00019,0.42973,0.00248,0.05207,0.00003,-3.12257,-3.05581,-1.49214,-0.11273,-1.26135,0.18254,0.07725,0.00028,-0.0330,-0.0110,0.0024,-0.0024,-0.0220,-0.0073,-0.0073,-0.0073,-0.0330,-0.0110,-0.0024,0.0024,-0.0073,-0.0220,0.0073,-0.0073,-0.040,-0.013,0.021,-0.021,0.002,-0.007,-0.002,-0.066,-0.013,-0.013,0.021,0.007,-0.002,0.002,-0.007,-0.002,28.0,29.0,30.0,29.0,30.0,30.0,29.0,28.0,28.0,29.0,30.0,29.0,30.0,30.0,29.0,29.0
1790307709.178036,8.340,-0.00324,-0.03071,-0.00019,-0.00019,0.42973,0.00248,0.05207,0.00003,-3.12257,-3.05581,-1.49214,-0.11273,-1.26135,0.18254,0.07725,0.00028,-0.0330,-0.0110,0.0024,-0.0024,-0.0220,-0.0073,-0.0073,-0.0073,-0.0330,-0.0110,-0.0024,0.0024,-0.0073,-0.0220,0.0073,-0.0073,-0.040,-0.013,0.021,-0.021,0.002,-0.007,-0.002,-0.066,-0.013,-0.013,0.021,0.007,-0.002,0.002,-0.007,-0.002,28.0,29.0,30.0,29.0,30.0,30.0,29.0,28.0,28.0,29.0,30.0,29.0,30.0,30.0,29.0,29.0
1790307709.188208,8.351,-0.00324,-0.03071,-0.00019,-0.00019,0.42973,0.00248,0.05207,0.00003,-3.12257,-3.05581,-1.49214,-0.11273,-1.26135,0.18254,0.07725,0.00028,-0.0330,-0.0110,0.0024,-0.0024,-0.0220,-0.0073,-0.0073,-0.0073,-0.0330,-0.0110,-0.0024,0.0024,-0.0073,-0.0220,0.0073,-0.0073,-0.040,-0.013,0.021,-0.021,0.002,-0.007,-0.002,-0.066,-0.013,-0.013,0.021,0.007,-0.002,0.002,-0.007,-0.002,28.0,29.0,30.0,29.0,30.0,30.0,29.0,28.0,28.0,29.0,30.0,29.0,30.0,30.0,29.0,29.0
1790307709.198016,8.360,-0.00324,-0.03071,-0.00019,-0.00019,0.42973,0.00248,0.05207,0.00003,-3.12257,-3.05581,-1.49214,-0.11311,-1.26135,0.18254,0.07687,0.00028,-0.0110,-0.0330,-0.0024,-0.0024,-0.0073,-0.0073,-0.0073,-0.0073,-0.0110,-0.0110,-0.0024,-0.0024,0.0073,-0.0220,-0.0073,-0.0073,-0.040,-0.013,0.007,-0.021,0.002,-0.007,-0.002,-0.071,-0.013,-0.013,0.007,0.007,-0.002,0.002,-0.002,-0.002,28.0,29.0,30.0,29.0,30.0,30.0,29.0,28.0,28.0,29.0,30.0,29.0,30.0,30.0,29.0,29.0
1790307709.207765,8.370,-0.00324,-0.03071,-0.00019,-0.00019,0.42973,0.00248,0.05207,0.00005,-3.12257,-3.05581,-1.49214,-0.11311,-1.26135,0.18254,0.07687,0.00028,-0.0110,-0.0330,-0.0024,-0.0024,-0.0073,-0.0073,-0.0073,-0.0220,-0.0110,-0.0110,-0.0024,-0.0024,0.0073,-0.0220,-0.0073,-0.0073,-0.040,-0.013,0.007,-0.021,0.002,-0.007,-0.002,-0.071,-0.013,-0.013,0.007,0.007,-0.002,0.002,-0.002,-0.002,28.0,29.0,30.0,29.0,30.0,30.0,29.0,28.0,28.0,29.0,30.0,29.0,30.0,30.0,29.0,29.0
1790307709.218011,8.380,-0.00324,-0.03071,-0.00019,-0.00019,0.42973,0.00248,0.05207,0.00005,-3.12257,-3.05581,-1.49214,-0.11311,-1.26135,0.18254,0.07687,0.00028,-0.0110,-0.0330,-0.0024,-0.0024,-0.0073,-0.0073,-0.0073,-0.0220,-0.0110,-0.0110,-0.0024,-0.0024,0.0073,-0.0220,-0.0073,-0.0073,-0.040,-0.013,0.007,-0.021,0.002,-0.007,-0.002,-0.071,-0.013,-0.013,0.007,0.007,-0.002,0.002,-0.002,-0.002,28.0,29.0,30.0,29.0,30.0,30.0,29.0,28.0,28.0,29.0,30.0,29.0,30.0,30.0,29.0,29.0
1790307709.227801,8.390,-0.00324,-0.03071,-0.00019,-0.00019,0.42973,0.00248,0.05207,0.00005,-3.12257,-3.05581,-1.49214,-0.11311,-1.26135,0.18254,0.07687,0.00028,-0.0110,-0.0330,-0.0024,-0.0024,-0.0073,-0.0073,-0.0073,-0.0220,-0.0110,-0.0110,-0.0024,-0.0024,0.0073,-0.0220,-0.0073,-0.0073,-0.040,-0.013,0.007,-0.021,0.002,-0.007,-0.002,-0.071,-0.013,-0.013,0.007,0.007,-0.002,0.002,-0.002,-0.002,28.0,29.0,30.0,29.0,30.0,30.0,29.0,28.0,28.0,29.0,30.0,29.0,30.0,30.0,29.0,29.0
1790307709.238006,8.400,-0.00286,-0.03071,-0.00019,-0.00019,0.42973,0.00248,0.05207,0.00003,-3.12257,-3.05581,-1.49214,-0.11311,-1.26135,0.18254,0.07687,0.00028,-0.0110,-0.0110,-0.0024,-0.0024,-0.0073,-0.0073,-0.0073,-0.0073,-0.0110,-0.0110,-0.0024,-0.0024,0.0073,-0.0220,-0.0073,-0.0073,-0.013,-0.013,0.007,-0.021,0.002,-0.007,-0.002,-0.071,-0.013,-0.013,0.007,0.007,-0.002,0.002,-0.002,-0.002,28.0,29.0,30.0,29.0,30.0,30.0,29.0,28.0,28.0,29.0,30.0,29.0,30.0,30.0,29.0,29.0
1790307709.247803,8.410,-0.00286,-0.03071,-0.00019,-0.00019,0.42973,0.00248,0.05207,0.00003,-3.12257,-3.05581,-1.49214,-0.11311,-1.26135,0.18254,0.07687,0.00028,-0.0110,-0.0110,-0.0024,-0.0024,0.0073,-0.0366,-0.0073,-0.0073,-0.0110,-0.0110,-0.0024,-0.0024,-0.0073,-0.0073,-0.0073,-0.0073,-0.013,-0.013,0.007,-0.021,-0.002,-0.007,-0.002,-0.071,-0.013,-0.013,0.007,0.007,-0.002,0.002,-0.007,-0.002,28.0,29.0,30.0,29.0,30.0,30.0,29.0,28.0,28.0,29.0,30.0,29.0,30.0,30.0,29.0,29.0
1790307709.257608,8.420,-0.00286,-0.03071,-0.00019,-0.00019,0.42973,0.00248,0.05207,0.00003,-3.12257,-3.05581,-1.49214,-0.11311,-1.26135,0.18254,0.07687,0.00028,-0.0110,-0.0110,-0.0024,-0.0024,0.0073,-0.0366,-0.0073,-0.0073,-0.0110,-0.0110,-0.0024,-0.0024,-0.0073,-0.0073,-0.0073,-0.0073,-0.013,-0.013,0.007,-0.021,-0.002,-0.007,-0.002,-0.071,-0.013,-0.013,0.007,0.007,-0.002,0.002,-0.007,-0.002,28.0,29.0,30.0,29.0,30.0,30.0,29.0,28.0,28.0,29.0,30.0,29.0,30.0,30.0,29.0,29.0
1790307709.268713,8.431,-0.00286,-0.03071,-0.00019,-0.00019,0.42973,0.00248,0.05207,0.00003,-3.12257,-3.05581,-1.49214,-0.11311,-1.26135,0.18254,0.07687,0.00028,-0.0110,-0.0110,-0.0024,-0.0024,0.0073,-0.0366,-0.0073,0.0073,-0.0110,-0.0110,-0.0024,-0.0024,-0.0073,-0.0073,-0.0073,-0.0220,-0.013,-0.013,0.007,-0.021,-0.002,-0.007,-0.002,-0.071,-0.013,-0.013,0.007,0.007,-0.002,0.002,-0.007,-0.002,28.0,29.0,30.0,29.0,30.0,30.0,29.0,28.0,28.0,29.0,30.0,29.0,30.0,30.0,29.0,29.0
1790307709.278725,8.441,-0.00286,-0.03071,-0.00019,-0.00019,0.42973,0.00248,0.05207,0.00005,-3.12257,-3.05581,-1.49214,-0.11273,-1.26135,0.18254,0.07687,0.00028,-0.0110,0.0110,-0.0024,-0.0024,0.0073,-0.0366,-0.0073,-0.0073,-0.0110,-0.0110,-0.0024,-0.0024,-0.0073,-0.0073,-0.0073,-0.0073,-0.040,-0.013,0.007,-0.021,-0.002,-0.007,-0.002,-0.071,-0.013,-0.013,0.007,0.007,-0.002,0.002,-0.007,0.002,28.0,29.0,30.0,29.0,30.0,30.0,29.0,28.0,28.0,29.0,30.0,29.0,30.0,30.0,29.0,29.0
1790307709.287757,8.450,-0.00286,-0.03071,-0.00019,-0.00019,0.42973,0.00248,0.05207,0.00005,-3.12257,-3.05581,-1.49214,-0.11273,-1.26135,0.18254,0.07687,0.00028,-0.0110,0.0110,-0.0024,-0.0024,-0.0073,0.0073,-0.0220,-0.0073,-0.0110,-0.0110,-0.0024,-0.0024,-0.0073,-0.0073,-0.0073,-0.0073,-0.040,-0.013,0.007,-0.021,0.002,-0.007,-0.002,-0.071,-0.013,-0.013,0.007,0.007,-0.002,0.002,-0.007,0.002,28.0,29.0,30.0,29.0,30.0,30.0,29.0,28.0,28.0,29.0,30.0,29.0,30.0,30.0,29.0,29.0
1790307709.298008,8.460,-0.00286,-0.03071,-0.00019,-0.00019,0.42973,0.00248,0.05207,0.00005,-3.12257,-3.05581,-1.49214,-0.11273,-1.26135,0.18254,0.07687,0.00028,-0.0110,0.0110,-0.0024,-0.0024,-0.0073,0.0073,-0.0220,-0.0073,-0.0110,-0.0110,-0.0024,-0.0024,-0.0073,-0.0073,-0.0073,-0.0073,-0.040,-0.013,0.007,-0.021,0.002,-0.007,-0.002,-0.071,-0.013,-0.013,0.007,0.007,-0.002,0.002,-0.007,0.002,28.0,29.0,30.0,29.0,30.0,30.0,29.0,28.0,28.0,29.0,30.0,29.0,30.0,30.0,29.0,29.0
1790307709.307436,8.470,-0.00286,-0.03071,-0.00019,-0.00019,0.42973,0.00248,0.05207,0.00005,-3.12257,-3.05581,-1.49214,-0.11273,-1.26135,0.18254,0.07687,0.00028,-0.0110,0.0110,-0.0024,-0.0024,-0.0073,0.0073,-0.0220,-0.0073,-0.0110,-0.0110,-0.0024,-0.0024,-0.0073,-0.0073,-0.0073,-0.0073,-0.040,-0.013,0.007,-0.021,0.002,-0.007,-0.002,-0.071,-0.013,-0.013,0.007,0.007,-0.002,0.002,-0.007,0.002,28.0,29.0,30.0,29.0,30.0,30.0,29.0,28.0,28.0,29.0,30.0,29.0,30.0,30.0,29.0,29.0
1790307709.317412,8.480,-0.00286,-0.03071,-0.00019,-0.00019,0.42973,0.00248,0.05207,0.00003,-3.12257,-3.05581,-1.49214,-0.11273,-1.26135,0.18254,0.07687,0.00028,-0.0110,0.0110,-0.0024,-0.0024,-0.0073,0.0073,-0.0220,-0.0073,-0.0110,-0.0110,-0.0024,-0.0024,-0.0073,-0.0073,-0.0073,-0.0073,-0.040,-0.013,0.007,-0.021,0.002,-0.007,-0.002,-0.066,-0.013,-0.013,0.007,0.007,-0.002,0.002,-0.007,-0.002,28.0,29.0,30.0,29.0,30.0,30.0,29.0,28.0,28.0,29.0,30.0,29.0,30.0,30.0,29.0,29.0
1790307709.327383,8.490,-0.00286,-0.03071,-0.00019,-0.00019,0.42973,0.00248,0.05207,0.00003,-3.12257,-3.05581,-1.49214,-0.11311,-1.26135,0.18254,0.07687,0.00028,-0.0110,-0.0110,0.0024,-0.0024,0.0073,0.0073,-0.0220,-0.0073,-0.0110,0.0110,0.0024,-0.0024,-0.0366,-0.0073,-0.0073,-0.0073,-0.040,-0.013,0.021,-0.021,0.002,-0.007,-0.002,-0.066,-0.013,-0.013,0.007,0.007,-0.002,-0.002,-0.002,-0.002,28.0,29.0,30.0,29.0,30.0,30.0,29.0,28.0,28.0,29.0,30.0,29.0,30.0,30.0,29.0,29.0
1790307709.337431,8.500,-0.00286,-0.03071,-0.00019,-0.00019,0.42973,0.00248,0.05207,0.00003,-3.12257,-3.05581,-1.49214,-0.11311,-1.26135,0.18254,0.07687,0.00028,-0.0110,-0.0110,0.0024,-0.0024,0.0073,0.0073,-0.0220,-0.0073,-0.0110,0.0110,0.0024,-0.0024,-0.0366,-0.0073,-0.0073,-0.0073,-0.040,-0.013,0.021,-0.021,0.002,-0.007,-0.002,-0.066,-0.013,-0.013,0.007,0.007,-0.002,-0.002,-0.002,-0.002,28.0,29.0,30.0,29.0,30.0,30.0,29.0,28.0,28.0,29.0,30.0,29.0,30.0,30.0,29.0,29.0
1790307709.347387,8.510,-0.00286,-0.03071,-0.00019,-0.00019,0.42973,0.00248,0.05207,0.00003,-3.12257,-3.05581,-1.49214,-0.11311,-1.26135,0.18254,0.07687,0.00028,-0.0110,-0.0110,0.0024,-0.0024,0.0073,0.0073,-0.0220,-0.0073,-0.0110,0.0110,0.0024,-0.0024,-0.0366,-0.0073,-0.0073,-0.0073,-0.040,-0.013,0.021,-0.021,0.002,-0.007,-0.002,-0.066,-0.013,-0.013,0.007,0.007,-0.002,-0.002,-0.002,-0.002,28.0,29.0,30.0,29.0,30.0,30.0,29.0,28.0,28.0,29.0,30.0,29.0,30.0,30.0,29.0,29.0
1790307709.357460,8.520,-0.00286,-0.03071,-0.00019,-0.00019,0.42973,0.00248,0.05207,0.00003,-3.12257,-3.05581,-1.49214,-0.11311,-1.26135,0.18254,0.07687,0.00028,-0.0110,-0.0110,0.0024,-0.0024,0.0073,0.0073,-0.0220,-0.0073,-0.0110,0.0110,0.0024,-0.0024,-0.0366,-0.0073,-0.0073,-0.0073,-0.040,-0.013,0.021,-0.021,0.002,-0.007,-0.002,-0.066,-0.013,-0.013,0.007,0.007,-0.002,-0.002,-0.002,-0.002,28.0,29.0,30.0,29.0,30.0,30.0,29.0,28.0,28.0,29.0,30.0,29.0,30.0,30.0,29.0,29.0
1790307709.367421,8.530,-0.00286,-0.03071,-0.00019,-0.00019,0.42973,0.00248,0.05207,0.00003,-3.12257,-3.05581,-1.49214,-0.11273,-1.26097,0.18254,0.07687,0.00028,-0.0110,-0.0330,0.0024,-0.0024,0.0073,-0.0073,-0.0073,-0.0073,-0.0110,-0.0110,-0.0024,-0.0024,-0.0220,-0.0073,-0.0073,-0.0073,-0.013,-0.013,0.007,-0.021,0.002,-0.007,-0.002,-0.066,-0.013,-0.013,0.007,0.007,-0.002,0.002,-0.007,-0.002,28.0,29.0,30.0,29.0,30.0,30.0,29.0,28.0,28.0,29.0,30.0,29.0,30.0,30.0,29.0,29.0
1790307709.377408,8.540,-0.00286,-0.03071,-0.00019,-0.00019,0.42973,0.00248,0.05207,0.00003,-3.12257,-3.05581,-1.49214,-0.11273,-1.26097,0.18254,0.07687,0.00028,-0.0110,-0.0330,0.0024,-0.0024,0.0073,-0.0073,-0.0073,-0.0073,-0.0110,-0.0110,-0.0024,-0.0024,-0.0220,-0.0073,-0.0073,-0.0073,-0.013,-0.013,0.007,-0.021,0.002,-0.007,-0.002,-0.066,-0.013,-0.013,0.007,0.007,-0.002,0.002,-0.007,-0.002,28.0,29.0,30.0,29.0,30.0,30.0,29.0,28.0,28.0,29.0,30.0,29.0,30.0,30.0,29.0,29.0
1790307709.387389,8.550,-0.00286,-0.03071,-0.00019,-0.00019,0.42973,0.00248,0.05207,0.00003,-3.12257,-3.05581,-1.49214,-0.11273,-1.26097,0.18254,0.07687,0.00028,-0.0110,-0.0330,0.0024,-0.0024,0.0073,-0.0073,-0.0073,-0.0073,-0.0110,-0.0110,-0.0024,-0.0024,-0.0220,-0.0073,-0.0073,-0.0073,-0.013,-0.013,0.007,-0.021,0.002,-0.007,-0.002,-0.066,-0.013,-0.013,0.007,0.007,-0.002,0.002,-0.007,-0.002,28.0,29.0,30.0,29.0,30.0,30.0,29.0,28.0,28.0,29.0,30.0,29.0,30.0,30.0,29.0,29.0
1790307709.397993,8.560,-0.00286,-0.03071,-0.00019,-0.00019,0.42973,0.00248,0.05207,0.00003,-3.12257,-3.05581,-1.49214,-0.11273,-1.26097,0.18254,0.07687,0.00028,-0.0110,-0.0330,0.0024,-0.0024,0.0073,-0.0073,-0.0073,-0.0073,-0.0110,-0.0110,-0.0024,-0.0024,-0.0220,-0.0073,-0.0073,-0.0073,-0.013,-0.013,0.007,-0.021,0.002,-0.007,-0.002,-0.066,-0.013,-0.013,0.007,0.007,-0.002,0.002,-0.007,-0.002,28.0,29.0,30.0,29.0,30.0,30.0,29.0,28.0,28.0,29.0,30.0,29.0,30.0,30.0,29.0,29.0
1790307709.407393,8.570,-0.00324,-0.03071,-0.00019,-0.00019,0.42973,0.00248,0.05207,0.00003,-3.12257,-3.05581,-1.49214,-0.11273,-1.26135,0.18254,0.07687,0.00028,-0.0110,-0.0110,-0.0024,-0.0024,-0.0073,-0.0073,-0.0073,-0.0073,-0.0110,-0.0110,-0.0073,-0.0024,-0.0073,-0.0220,-0.0073,-0.0073,-0.040,-0.013,0.021,-0.021,-0.002,-0.007,-0.002,-0.066,-0.013,-0.013,0.021,0.007,-0.002,0.002,-0.007,-0.002,28.0,29.0,30.0,29.0,30.0,30.0,29.0,28.0,28.0,29.0,30.0,29.0,30.0,30.0,29.0,29.0
1790307709.417435,8.580,-0.00324,-0.03071,-0.00019,-0.00019,0.42973,0.00248,0.05207,0.00005,-3.12257,-3.05581,-1.49214,-0.11273,-1.26135,0.18254,0.07687,0.00028,-0.0110,-0.0110,-0.0024,-0.0024,-0.0073,-0.0073,-0.0073,-0.0073,-0.0110,-0.0110,-0.0073,-0.0024,-0.0073,-0.0220,-0.0073,-0.0073,-0.040,-0.013,0.021,-0.021,-0.002,-0.007,-0.002,-0.066,-0.013,-0.013,0.021,0.007,-0.002,0.002,-0.007,-0.002,28.0,29.0,30.0,29.0,30.0,30.0,29.0,28.0,28.0,29.0,30.0,29.0,30.0,30.0,29.0,29.0
1790307709.427438,8.590,-0.00324,-0.03071,-0.00019,-0.00019,0.42973,0.00248,0.05207,0.00005,-3.12257,-3.05581,-1.49214,-0.11273,-1.26135,0.18254,0.07687,0.00028,-0.0110,-0.0110,-0.0024,-0.0024,-0.0073,-0.0073,-0.0073,-0.0073,-0.0110,-0.0110,-0.0073,-0.0024,-0.0073,-0.0220,-0.0073,-0.0073,-0.040,-0.013,0.021,-0.021,-0.002,-0.007,-0.002,-0.066,-0.013,-0.013,0.021,0.007,-0.002,0.002,-0.007,-0.002,28.0,29.0,30.0,29.0,30.0,30.0,29.0,28.0,28.0,29.0,30.0,29.0,30.0,30.0,29.0,29.0
1790307709.437613,8.600,-0.00324,-0.03071,-0.00019,-0.00019,0.42973,0.00248,0.05207,0.00005,-3.12257,-3.05581,-1.49214,-0.11273,-1.26135,0.18254,0.07687,0.00028,-0.0110,-0.0110,-0.0024,-0.0024,-0.0073,-0.0073,-0.0073,-0.0073,-0.0110,-0.0110,-0.0073,-0.0024,-0.0073,-0.0220,-0.0073,-0.0073,-0.040,-0.013,0.021,-0.021,-0.002,-0.007,-0.002,-0.066,-0.013,-0.013,0.021,0.007,-0.002,0.002,-0.007,-0.002,28.0,29.0,30.0,29.0,30.0,30.0,29.0,28.0,28.0,29.0,30.0,29.0,30.0,30.0,29.0,29.0
1790307709.447408,8.610,-0.00286,-0.03071,-0.00019,-0.00019,0.42973,0.00248,0.05207,0.00003,-3.12257,-3.05581,-1.49214,-0.11311,-1.26135,0.18254,0.07687,0.00028,0.0110,-0.0110,-0.0024,-0.0073,-0.0073,-0.0073,-0.0073,-0.0073,0.0110,-0.0110,-0.0024,-0.0024,0.0073,-0.0220,-0.0073,0.0073,-0.040,-0.013,0.007,-0.021,0.002,-0.007,-0.002,-0.066,-0.013,-0.013,0.007,0.007,-0.002,0.002,-0.007,-0.002,28.0,29.0,30.0,29.0,30.0,30.0,29.0,28.0,28.0,29.0,30.0,29.0,30.0,30.0,29.0,29.0
1790307709.457579,8.620,-0.00286,-0.03071,-0.00019,-0.00019,0.42973,0.00248,0.05207,0.00003,-3.12257,-3.05581,-1.49214,-0.11311,-1.26135,0.18254,0.07687,0.00028,0.0110,-0.0110,-0.0024,-0.0073,-0.0073,-0.0073,-0.0073,-0.0073,0.0110,-0.0110,-0.0024,-0.0024,0.0073,-0.0220,-0.0073,0.0073,-0.040,-0.013,0.007,-0.021,0.002,-0.007,-0.002,-0.066,-0.013,-0.013,0.007,0.007,-0.002,-0.002,-0.007,-0.002,28.0,29.0,30.0,29.0,30.0,30.0,29.0,28.0,28.0,29.0,30.0,29.0,30.0,30.0,29.0,29.0
1790307709.468180,8.631,-0.00286,-0.03071,-0.00019,-0.00019,0.42973,0.00248,0.05207,0.00005,-3.12257,-3.05581,-1.49214,-0.11311,-1.26135,0.18254,0.07687,0.00028,0.0110,-0.0110,-0.0024,-0.0073,-0.0073,-0.0073,-0.0073,-0.0073,0.0110,-0.0110,-0.0024,-0.0024,0.0073,-0.0220,-0.0073,-0.0073,-0.040,-0.013,0.007,-0.021,0.002,-0.007,-0.002,-0.066,-0.013,-0.013,0.007,0.007,-0.002,-0.002,-0.007,-0.007,28.0,29.0,30.0,29.0,30.0,30.0,29.0,28.0,28.0,29.0,30.0,29.0,30.0,30.0,29.0,29.0
1790307709.477967,8.640,-0.00286,-0.03071,-0.00019,-0.00019,0.42973,0.00248,0.05207,0.00003,-3.12257,-3.05581,-1.49214,-0.11311,-1.26135,0.18254,0.07687,0.00028,0.0110,-0.0110,-0.0024,-0.0073,-0.0073,-0.0073,-0.0073,-0.0073,0.0110,-0.0110,-0.0024,-0.0024,0.0073,-0.0220,-0.0073,-0.0073,-0.040,-0.013,0.007,-0.021,0.002,-0.007,-0.002,-0.066,-0.013,-0.013,0.007,0.007,-0.002,-0.002,-0.007,-0.007,28.0,29.0,30.0,29.0,30.0,30.0,29.0,28.0,28.0,29.0,30.0,29.0,30.0,30.0,29.0,29.0
1790307709.487402,8.650,-0.00324,-0.03071,-0.00019,-0.00019,0.42973,0.00248,0.05207,0.00005,-3.12257,-3.05581,-1.49214,-0.11273,-1.26135,0.18254,0.07687,0.00028,-0.0110,-0.0110,-0.0024,-0.0024,-0.0220,-0.0073,-0.0073,-0.0073,-0.0330,-0.0110,-0.0024,-0.0024,0.0073,-0.0220,-0.0073,-0.0073,-0.040,-0.013,0.007,-0.021,0.002,-0.007,-0.002,-0.066,-0.013,-0.013,0.007,0.007,-0.002,-0.002,-0.007,-0.007,28.0,29.0,30.0,29.0,30.0,30.0,29.0,28.0,28.0,29.0,30.0,29.0,30.0,30.0,29.0,29.0
1790307709.497507,8.660,-0.00324,-0.03071,-0.00019,-0.00019,0.42973,0.00248,0.05207,0.00005,-3.12257,-3.05581,-1.49214,-0.11273,-1.26135,0.18254,0.07687,0.00028,-0.0110,-0.0110,-0.0024,-0.0024,-0.0073,-0.0073,-0.0073,-0.0073,-0.0330,-0.0110,-0.0024,-0.0024,-0.0073,-0.0073,-0.0220,-0.0073,-0.040,-0.013,0.007,-0.021,0.002,-0.007,-0.002,-0.066,-0.013,-0.013,0.007,0.007,-0.002,-0.002,-0.002,-0.007,28.0,29.0,30.0,29.0,30.0,30.0,29.0,28.0,28.0,29.0,30.0,29.0,30.0,30.0,29.0,29.0
1790307709.507432,8.670,-0.00324,-0.03071,-0.00019,-0.00019,0.42973,0.00248,0.05207,0.00005,-3.12257,-3.05581,-1.49214,-0.11273,-1.26135,0.18254,0.07687,0.00028,-0.0110,-0.0110,-0.0024,-0.0024,-0.0073,-0.0073,-0.0073,-0.0073,-0.0330,-0.0110,-0.0024,-0.0024,-0.0073,-0.0073,-0.0220,-0.0073,-0.040,-0.013,0.007,-0.021,0.002,-0.007,-0.002,-0.066,-0.013,-0.013,0.007,0.007,-0.002,-0.002,-0.002,-0.007,28.0,29.0,30.0,29.0,30.0,30.0,29.0,28.0,28.0,29.0,30.0,29.0,30.0,30.0,29.0,29.0
1790307709.517510,8.680,-0.00324,-0.03071,-0.00019,-0.00019,0.42973,0.00248,0.05207,0.00005,-3.12257,-3.05581,-1.49214,-0.11273,-1.26135,0.18254,0.07687,0.00028,-0.0110,-0.0110,-0.0024,-0.0024,-0.0073,-0.0073,-0.0073,-0.0073,-0.0330,-0.0110,-0.0024,-0.0024,-0.0073,-0.0073,-0.0220,-0.0073,-0.040,-0.013,0.007,-0.021,0.002,-0.007,-0.002,-0.066,-0.013,-0.013,0.007,0.007,-0.002,-0.002,-0.002,-0.007,28.0,29.0,30.0,29.0,30.0,30.0,29.0,28.0,28.0,29.0,30.0,29.0,30.0,30.0,29.0,29.0
1790307709.527388,8.690,-0.00286,-0.03071,-0.00019,-0.00019,0.42973,0.00248,0.05207,0.00003,-3.12257,-3.05581,-1.49214,-0.11273,-1.26135,0.18254,0.07687,0.00028,-0.0110,-0.0330,-0.0024,-0.0024,-0.0073,-0.0073,-0.0073,0.0073,-0.0110,-0.0330,-0.0024,-0.0024,-0.0073,-0.0073,-0.0220,0.0073,-0.040,-0.013,0.007,-0.021,0.002,-0.007,-0.002,-0.066,-0.013,-0.013,0.007,0.007,-0.002,-0.002,-0.002,-0.007,28.0,29.0,30.0,29.0,30.0,30.0,29.0,28.0,28.0,29.0,30.0,29.0,30.0,30.0,29.0,29.0
1790307709.538033,8.700,-0.00286,-0.03071,-0.00019,-0.00019,0.42973,0.00248,0.05207,0.00003,-3.12257,-3.05581,-1.49214,-0.11273,-1.26135,0.18254,0.07687,0.00028,-0.0110,-0.0330,-0.0024,-0.0024,-0.0220,-0.0073,-0.0220,0.0073,-0.0110,-0.0330,-0.0024,0.0024,-0.0220,-0.0073,-0.0073,0.0073,-0.040,-0.013,0.007,-0.021,0.002,-0.007,-0.007,-0.066,-0.013,-0.013,0.007,0.007,-0.002,-0.002,-0.007,-0.007,28.0,29.0,30.0,29.0,30.0,30.0,29.0,28.0,28.0,29.0,30.0,29.0,30.0,30.0,29.0,29.0
1790307709.547890,8.710,-0.00286,-0.03071,-0.00019,-0.00019,0.42973,0.00248,0.05207,0.00003,-3.12257,-3.05581,-1.49214,-0.11273,-1.26135,0.18254,0.07687,0.00028,-0.0110,-0.0330,-0.0024,-0.0024,-0.0220,-0.0073,-0.0220,0.0073,-0.0110,-0.0330,-0.0024,0.0024,-0.0220,-0.0073,-0.0073,0.0073,-0.040,-0.013,0.007,-0.021,0.002,-0.007,-0.007,-0.066,-0.013,-0.013,0.007,0.007,-0.002,-0.002,-0.007,-0.007,28.0,29.0,30.0,29.0,30.0,30.0,29.0,28.0,28.0,29.0,30.0,29.0,30.0,30.0,29.0,29.0
1790307709.558020,8.720,-0.00286,-0.03071,-0.00019,-0.00019,0.42973,0.00248,0.05207,0.00003,-3.12257,-3.05581,-1.49214,-0.11273,-1.26135,0.18254,0.07687,0.00028,-0.0110,-0.0330,-0.0024,-0.0024,-0.0220,-0.0073,-0.0220,0.0073,-0.0110,-0.0330,-0.0024,0.0024,-0.0220,-0.0073,-0.0073,0.0073,-0.040,-0.013,0.007,-0.021,0.002,-0.007,-0.007,-0.066,-0.013,-0.013,0.007,0.007,-0.002,-0.002,-0.007,-0.007,28.0,29.0,30.0,29.0,30.0,30.0,29.0,28.0,28.0,29.0,30.0,29.0,30.0,30.0,29.0,29.0
1790307709.568254,8.731,-0.00286,-0.03071,-0.00019,-0.00019,0.42973,0.00248,0.05207,0.00003,-3.12257,-3.05581,-1.49214,-0.11273,-1.26135,0.18254,0.07687,0.00028,-0.0110,-0.0330,-0.0024,-0.0024,-0.0220,-0.0073,-0.0220,0.0073,-0.0110,-0.0330,-0.0024,0.0024,-0.0220,-0.0073,-0.0073,0.0073,-0.040,-0.013,0.007,-0.021,0.002,-0.007,-0.007,-0.066,-0.013,-0.013,0.007,0.007,-0.002,-0.002,-0.007,-0.007,28.0,29.0,30.0,29.0,30.0,30.0,29.0,28.0,28.0,29.0,30.0,29.0,30.0,30.0,29.0,29.0
1790307709.577562,8.740,-0.00324,-0.03071,-0.00019,-0.00019,0.42973,0.00248,0.05207,0.00005,-3.12257,-3.05581,-1.49214,-0.11273,-1.26135,0.18254,0.07687,0.00028,-0.0110,-0.0110,-0.0024,-0.0024,-0.0073,-0.0073,0.0073,-0.0073,-0.0110,-0.0110,-0.0024,-0.0073,-0.0073,-0.0073,-0.0073,-0.0073,-0.013,-0.013,0.007,-0.021,0.002,-0.007,-0.002,-0.071,-0.013,-0.013,0.007,0.007,-0.002,-0.002,-0.002,-0.002,28.0,29.0,30.0,29.0,30.0,30.0,29.0,28.0,28.0,29.0,30.0,29.0,30.0,30.0,29.0,29.0
1790307709.588217,8.751,-0.00324,-0.03071,-0.00019,-0.00019,0.42973,0.00248,0.05207,0.00005,-3.12257,-3.05581,-1.49214,-0.11273,-1.26135,0.18254,0.07687,0.00028,-0.0110,-0.0110,-0.0024,-0.0024,-0.0073,-0.0073,0.0073,-0.0073,-0.0110,-0.0110,-0.0024,-0.0073,-0.0073,-0.0073,-0.0073,-0.0073,-0.013,-0.013,0.007,-0.021,0.002,-0.007,-0.002,-0.071,-0.013,-0.013,0.007,0.007,-0.002,-0.002,-0.002,-0.002,28.0,29.0,30.0,29.0,30.0,30.0,29.0,28.0,28.0,29.0,30.0,29.0,30.0,30.0,29.0,29.0
1790307709.598027,8.760,-0.00324,-0.03071,-0.00019,-0.00019,0.42973,0.00248,0.05207,0.00005,-3.12257,-3.05581,-1.49214,-0.11273,-1.26135,0.18254,0.07687,0.00028,-0.0110,-0.0110,-0.0024,-0.0024,-0.0073,-0.0073,0.0073,-0.0073,-0.0110,-0.0110,-0.0024,-0.0073,-0.0073,-0.0073,-0.0073,-0.0073,-0.013,-0.013,0.007,-0.021,0.002,-0.007,-0.002,-0.071,-0.013,-0.013,0.007,0.007,-0.002,-0.002,-0.002,-0.002,28.0,29.0,30.0,29.0,30.0,30.0,29.0,28.0,28.0,29.0,30.0,29.0,30.0,30.0,29.0,29.0
1790307709.608238,8.771,-0.00324,-0.03071,-0.00019,-0.00019,0.42973,0.00248,0.05207,0.00005,-3.12257,-3.05581,-1.49214,-0.11273,-1.26135,0.18254,0.07687,0.00028,-0.0110,-0.0110,-0.0024,-0.0024,-0.0073,-0.0073,0.0073,-0.0073,-0.0110,-0.0110,-0.0024,-0.0073,-0.0073,-0.0073,-0.0073,-0.0073,-0.013,-0.013,0.007,-0.021,0.002,-0.007,-0.002,-0.071,-0.013,-0.013,0.007,0.007,-0.002,-0.002,-0.002,-0.002,28.0,29.0,30.0,29.0,30.0,30.0,29.0,28.0,28.0,29.0,30.0,29.0,30.0,30.0,29.0,29.0
1790307709.617420,8.780,-0.00324,-0.03071,-0.00019,-0.00019,0.42973,0.00248,0.05207,0.00003,-3.12257,-3.05581,-1.49214,-0.11311,-1.26135,0.18254,0.07687,0.00028,-0.0110,-0.0110,-0.0024,-0.0024,-0.0220,0.0073,-0.0073,-0.0073,-0.0110,-0.0110,0.0024,-0.0024,-0.0073,-0.0073,0.0073,0.0073,-0.040,-0.013,0.007,-0.021,0.002,-0.007,-0.002,-0.071,-0.013,-0.013,0.021,0.007,-0.002,0.002,-0.007,-0.007,28.0,29.0,30.0,29.0,30.0,30.0,29.0,28.0,28.0,29.0,30.0,29.0,30.0,30.0,29.0,29.0
1790307709.627969,8.790,-0.00324,-0.03071,-0.00019,-0.00019,0.42973,0.00248,0.05207,0.00003,-3.12257,-3.05581,-1.49214,-0.11311,-1.26135,0.18254,0.07687,0.00028,-0.0110,-0.0110,-0.0024,-0.0024,-0.0220,0.0073,-0.0073,0.0073,-0.0110,-0.0110,0.0024,-0.0024,-0.0073,-0.0073,0.0073,-0.0220,-0.040,-0.013,0.007,-0.021,0.002,-0.007,-0.002,-0.071,-0.013,-0.013,0.021,0.007,-0.002,0.002,-0.007,-0.007,28.0,29.0,30.0,29.0,30.0,30.0,29.0,28.0,28.0,29.0,30.0,29.0,30.0,30.0,29.0,29.0
1790307709.638024,8.800,-0.00324,-0.03071,-0.00019,-0.00019,0.42973,0.00248,0.05207,0.00003,-3.12257,-3.05581,-1.49214,-0.11311,-1.26135,0.18254,0.07687,0.00028,-0.0110,-0.0110,-0.0024,-0.0024,-0.0220,0.0073,-0.0073,0.0073,-0.0110,-0.0110,0.0024,-0.0024,-0.0073,-0.0073,0.0073,-0.0220,-0.040,-0.013,0.007,-0.021,0.002,-0.007,-0.002,-0.071,-0.013,-0.013,0.021,0.007,-0.002,0.002,-0.007,-0.007,28.0,29.0,30.0,29.0,30.0,30.0,29.0,28.0,28.0,29.0,30.0,29.0,30.0,30.0,29.0,29.0
1790307709.647372,8.810,-0.00324,-0.03071,-0.00019,-0.00019,0.42973,0.00248,0.05207,0.00003,-3.12257,-3.05581,-1.49214,-0.11311,-1.26135,0.18254,0.07687,0.00028,-0.0110,-0.0110,-0.0024,-0.0024,-0.0220,0.0073,-0.0073,0.0073,-0.0110,-0.0110,0.0024,-0.0024,-0.0073,-0.0073,0.0073,-0.0220,-0.040,-0.013,0.007,-0.021,0.002,-0.007,-0.002,-0.071,-0.013,-0.013,0.021,0.007,-0.002,0.002,-0.007,-0.007,28.0,29.0,30.0,29.0,30.0,30.0,29.0,28.0,28.0,29.0,30.0,29.0,30.0,30.0,29.0,29.0
1790307709.657674,8.820,-0.00286,-0.03071,-0.00019,-0.00019,0.42973,0.00248,0.05207,0.00005,-3.12257,-3.05581,-1.49214,-0.11273,-1.26135,0.18254,0.07687,0.00028,-0.0110,-0.0110,0.0024,-0.0024,-0.0220,-0.0220,-0.0073,-0.0073,-0.0330,-0.0110,-0.0024,-0.0024,0.0073,-0.0220,-0.0073,-0.0073,-0.040,-0.013,0.007,-0.021,0.002,-0.007,-0.007,-0.071,-0.013,-0.013,0.007,0.007,-0.002,0.002,-0.007,-0.007,28.0,29.0,30.0,29.0,30.0,30.0,29.0,28.0,28.0,29.0,30.0,29.0,30.0,30.0,29.0,29.0
1790307709.669430,8.832,-0.00286,-0.03071,-0.00019,-0.00019,0.42973,0.00248,0.05207,0.00005,-3.12257,-3.05581,-1.49214,-0.11273,-1.26135,0.18254,0.07687,0.00028,-0.0110,-0.0110,0.0024,-0.0024,-0.0220,-0.0220,-0.0073,-0.0073,-0.0330,-0.0110,-0.0024,-0.0024,0.0073,-0.0220,-0.0073,-0.0073,-0.040,-0.013,0.007,-0.021,0.002,-0.007,-0.007,-0.071,-0.013,-0.013,0.007,0.007,-0.002,0.002,-0.007,-0.007,28.0,29.0,30.0,29.0,30.0,30.0,29.0,28.0,28.0,29.0,30.0,29.0,30.0,30.0,29.0,29.0
1790307709.678091,8.840,-0.00286,-0.03071,-0.00019,-0.00019,0.42973,0.00248,0.05207,0.00003,-3.12257,-3.05581,-1.49214,-0.11273,-1.26135,0.18254,0.07687,0.00028,-0.0110,-0.0110,0.0024,-0.0024,-0.0220,-0.0220,-0.0073,-0.0073,-0.0330,-0.0110,-0.0024,-0.0024,0.0073,-0.0220,-0.0073,-0.0073,-0.040,-0.013,0.007,-0.021,0.002,-0.007,-0.007,-0.071,-0.013,-0.013,0.007,0.007,-0.002,0.002,-0.007,-0.007,28.0,29.0,30.0,29.0,30.0,30.0,29.0,28.0,28.0,29.0,30.0,29.0,30.0,30.0,29.0,29.0
1790307709.688374,8.851,-0.00286,-0.03071,-0.00019,-0.00019,0.42973,0.00248,0.05207,0.00003,-3.12257,-3.05581,-1.49214,-0.11273,-1.26135,0.18254,0.07687,0.00028,-0.0110,-0.0110,0.0024,-0.0024,-0.0220,-0.0220,-0.0073,-0.0073,-0.0330,-0.0110,-0.0024,-0.0024,0.0073,-0.0220,-0.0073,-0.0073,-0.040,-0.013,0.007,-0.021,0.002,-0.007,-0.007,-0.071,-0.013,-0.013,0.007,0.007,-0.002,0.002,-0.007,-0.007,28.0,29.0,30.0,29.0,30.0,30.0,29.0,28.0,28.0,29.0,30.0,29.0,30.0,30.0,29.0,29.0
1790307709.698638,8.861,-0.00286,-0.03071,-0.00019,-0.00019,0.42973,0.00248,0.05207,0.00005,-3.12257,-3.05581,-1.49214,-0.11311,-1.26135,0.18254,0.07687,0.00028,0.0110,0.0110,-0.0024,-0.0024,-0.0073,-0.0073,-0.0073,-0.0220,-0.0110,-0.0110,-0.0024,-0.0024,0.0073,-0.0073,-0.0220,0.0073,-0.040,-0.013,0.007,-0.021,0.002,-0.007,-0.002,-0.071,-0.013,-0.013,0.007,0.007,-0.002,-0.002,-0.002,-0.007,28.0,29.0,30.0,29.0,30.0,30.0,29.0,28.0,28.0,29.0,30.0,29.0,30.0,30.0,29.0,29.0
1790307709.707449,8.870,-0.00286,-0.03071,-0.00019,-0.00019,0.42973,0.00248,0.05207,0.00005,-3.12257,-3.05581,-1.49214,-0.11311,-1.26135,0.18254,0.07687,0.00028,0.0110,0.0110,-0.0024,-0.0024,-0.0073,-0.0073,-0.0073,-0.0220,-0.0110,-0.0110,-0.0024,-0.0024,0.0073,-0.0073,-0.0220,0.0073,-0.040,-0.013,0.007,-0.021,0.002,-0.007,-0.002,-0.071,-0.013,-0.013,0.007,0.007,-0.002,-0.002,-0.002,-0.007,28.0,29.0,30.0,29.0,30.0,30.0,29.0,28.0,28.0,29.0,30.0,29.0,30.0,30.0,29.0,29.0
1790307709.717554,8.880,-0.00286,-0.03071,-0.00019,-0.00019,0.42973,0.00248,0.05207,0.00005,-3.12257,-3.05581,-1.49214,-0.11311,-1.26135,0.18254,0.07687,0.00028,0.0110,0.0110,-0.0024,-0.0024,-0.0073,-0.0073,-0.0073,-0.0220,-0.0110,-0.0110,-0.0024,-0.0024,0.0073,-0.0073,-0.0220,0.0073,-0.040,-0.013,0.007,-0.021,0.002,-0.007,-0.002,-0.071,-0.013,-0.013,0.007,0.007,-0.002,-0.002,-0.002,-0.007,28.0,29.0,30.0,29.0,30.0,30.0,29.0,28.0,28.0,29.0,30.0,29.0,30.0,30.0,29.0,29.0
1790307709.727715,8.890,-0.00286,-0.03071,-0.00019,-0.00019,0.42973,0.00248,0.05207,0.00005,-3.12257,-3.05581,-1.49214,-0.11311,-1.26135,0.18254,0.07687,0.00028,0.0110,0.0110,-0.0024,-0.0024,-0.0073,-0.0073,-0.0073,-0.0073,-0.0110,-0.0110,-0.0024,-0.0024,0.0073,-0.0073,-0.0220,-0.0073,-0.040,-0.013,0.007,-0.021,0.002,-0.007,-0.002,-0.076,-0.013,-0.013,0.007,0.007,-0.002,-0.002,-0.002,-0.002,28.0,29.0,30.0,29.0,30.0,30.0,29.0,28.0,28.0,29.0,30.0,29.0,30.0,30.0,29.0,29.0
1790307709.737570,8.900,-0.00324,-0.03071,-0.00019,-0.00019,0.42973,0.00248,0.05207,0.00005,-3.12257,-3.05581,-1.49214,-0.11273,-1.26135,0.18254,0.07687,0.00028,0.0110,-0.0330,0.0024,-0.0073,-0.0073,-0.0073,-0.0073,-0.0073,-0.0110,0.0110,-0.0073,-0.0024,-0.0220,-0.0073,-0.0220,-0.0073,-0.040,-0.013,0.007,-0.021,0.002,-0.007,-0.002,-0.076,-0.013,-0.013,0.007,0.007,-0.002,-0.002,-0.002,-0.002,28.0,29.0,30.0,29.0,30.0,30.0,29.0,28.0,28.0,29.0,30.0,29.0,30.0,30.0,29.0,29.0
1790307709.747359,8.910,-0.00324,-0.03071,-0.00019,-0.00019,0.42973,0.00248,0.05207,0.00005,-3.12257,-3.05581,-1.49214,-0.11273,-1.26135,0.18254,0.07687,0.00028,0.0110,-0.0330,0.0024,-0.0073,-0.0073,-0.0073,-0.0220,-0.0073,-0.0110,0.0110,-0.0073,-0.0024,-0.0073,-0.0073,-0.0073,-0.0073,-0.040,-0.013,0.007,-0.021,0.002,-0.007,-0.002,-0.076,-0.013,-0.013,0.007,0.007,-0.002,0.002,-0.002,-0.002,28.0,29.0,30.0,29.0,30.0,30.0,29.0,28.0,28.0,29.0,30.0,29.0,30.0,30.0,29.0,29.0
1790307709.757604,8.920,-0.00324,-0.03071,-0.00019,-0.00019,0.42973,0.00248,0.05207,0.00005,-3.12257,-3.05581,-1.49214,-0.11273,-1.26135,0.18254,0.07687,0.00028,0.0110,-0.0330,0.0024,-0.0073,-0.0073,-0.0073,-0.0220,-0.0073,-0.0110,0.0110,-0.0073,-0.0024,-0.0073,-0.0073,-0.0073,-0.0073,-0.040,-0.013,0.007,-0.021,0.002,-0.007,-0.002,-0.076,-0.013,-0.013,0.007,0.007,-0.002,0.002,-0.002,-0.002,28.0,29.0,30.0,29.0,30.0,30.0,29.0,28.0,28.0,29.0,30.0,29.0,30.0,30.0,29.0,29.0
1790307709.767349,8.930,-0.00324,-0.03071,-0.00019,-0.00019,0.42973,0.00248,0.05207,0.00005,-3.12257,-3.05581,-1.49214,-0.11273,-1.26135,0.18254,0.07687,0.00028,0.0110,-0.0330,0.0024,-0.0073,-0.0073,-0.0073,-0.0220,-0.0073,-0.0110,0.0110,-0.0073,-0.0024,-0.0073,-0.0073,-0.0073,-0.0073,-0.040,-0.013,0.007,-0.021,0.002,-0.007,-0.002,-0.076,-0.013,-0.013,0.007,0.007,-0.002,0.002,-0.002,-0.002,28.0,29.0,30.0,29.0,30.0,30.0,29.0,28.0,28.0,29.0,30.0,29.0,30.0,30.0,29.0,29.0
1790307709.777551,8.940,-0.00324,-0.03071,-0.00019,-0.00019,0.42973,0.00248,0.05207,0.00005,-3.12257,-3.05581,-1.49214,-0.11273,-1.26135,0.18254,0.07687,0.00028,-0.0110,0.0110,-0.0024,-0.0073,-0.0073,-0.0073,-0.0220,0.0073,-0.0110,0.0110,-0.0073,-0.0024,-0.0073,-0.0073,-0.0073,-0.0073,-0.013,-0.013,0.007,-0.021,0.002,-0.007,-0.002,-0.066,-0.013,-0.013,0.007,0.007,-0.002,0.002,-0.002,-0.007,28.0,29.0,30.0,29.0,30.0,30.0,29.0,28.0,28.0,29.0,30.0,29.0,30.0,30.0,29.0,29.0
1790307709.788240,8.951,-0.00324,-0.03071,-0.00019,-0.00019,0.42973,0.00248,0.05207,0.00005,-3.12257,-3.05581,-1.49214,-0.11311,-1.26135,0.18254,0.07687,0.00028,-0.0110,0.0110,-0.0024,-0.0024,-0.0220,-0.0220,-0.0073,0.0073,-0.0110,0.0110,0.0024,-0.0073,-0.0073,-0.0073,-0.0073,-0.0073,-0.013,-0.013,0.007,-0.021,0.002,-0.007,-0.002,-0.066,-0.013,-0.013,0.007,-0.007,-0.002,0.002,-0.002,-0.007,28.0,29.0,30.0,29.0,30.0,30.0,29.0,28.0,28.0,29.0,30.0,29.0,30.0,30.0,29.0,29.0
1790307709.798042,8.960,-0.00324,-0.03071,-0.00019,-0.00019,0.42973,0.00248,0.05207,0.00005,-3.12257,-3.05581,-1.49214,-0.11311,-1.26135,0.18254,0.07687,0.00028,-0.0110,0.0110,-0.0024,-0.0024,-0.0220,-0.0220,-0.0073,0.0073,-0.0110,0.0110,0.0024,-0.0073,-0.0073,-0.0073,-0.0073,-0.0073,-0.013,-0.013,0.007,-0.021,0.002,-0.007,-0.002,-0.066,-0.013,-0.013,0.007,-0.007,-0.002,0.002,-0.002,-0.007,28.0,29.0,30.0,29.0,30.0,30.0,29.0,28.0,28.0,29.0,30.0,29.0,30.0,30.0,29.0,29.0
1790307709.808298,8.971,-0.00324,-0.03071,-0.00019,-0.00019,0.42973,0.00248,0.05207,0.00005,-3.12257,-3.05581,-1.49214,-0.11311,-1.26135,0.18254,0.07687,0.00028,-0.0110,0.0110,-0.0024,-0.0024,-0.0220,-0.0220,-0.0073,0.0073,-0.0110,0.0110,0.0024,-0.0073,-0.0073,-0.0073,-0.0073,-0.0073,-0.013,-0.013,0.007,-0.021,0.002,-0.007,-0.002,-0.066,-0.013,-0.013,0.007,-0.007,-0.002,0.002,-0.002,-0.007,28.0,29.0,30.0,29.0,30.0,30.0,29.0,28.0,28.0,29.0,30.0,29.0,30.0,30.0,29.0,29.0
1790307709.817576,8.980,-0.00286,-0.03071,-0.00019,-0.00019,0.42973,0.00248,0.05207,0.00005,-3.12257,-3.05581,-1.49214,-0.11311,-1.26135,0.18254,0.07687,0.00028,-0.0110,-0.0110,-0.0024,-0.0024,-0.0220,-0.0220,-0.0073,-0.0220,-0.0110,0.0110,0.0024,-0.0073,-0.0073,-0.0073,-0.0073,0.0073,-0.040,-0.013,0.007,-0.021,0.002,-0.007,-0.002,-0.071,-0.013,-0.013,0.007,-0.007,-0.002,0.002,-0.002,-0.007,28.0,29.0,30.0,29.0,30.0,30.0,29.0,28.0,28.0,29.0,30.0,29.0,30.0,30.0,29.0,29.0
1790307709.827398,8.990,-0.00286,-0.03071,-0.00019,-0.00019,0.42973,0.00248,0.05207,0.00003,-3.12257,-3.05581,-1.49214,-0.11273,-1.26135,0.18254,0.07725,0.00028,-0.0110,-0.0110,0.0024,-0.0024,0.0073,-0.0073,-0.0073,-0.0073,-0.0110,-0.0110,-0.0024,0.0024,-0.0073,0.0073,0.0073,0.0220,-0.040,-0.013,0.007,-0.021,0.002,-0.007,-0.002,-0.071,-0.013,0.013,0.007,0.007,-0.002,0.002,-0.002,-0.002,28.0,29.0,30.0,29.0,30.0,30.0,29.0,28.0,28.0,29.0,30.0,29.0,30.0,30.0,29.0,29.0
1790307709.837437,9.000,-0.00286,-0.03071,-0.00019,-0.00019,0.42973,0.00248,0.05207,0.00003,-3.12257,-3.05581,-1.49214,-0.11273,-1.26135,0.18254,0.07725,0.00028,-0.0110,-0.0110,0.0024,-0.0024,0.0073,-0.0073,-0.0073,-0.0073,-0.0110,-0.0110,-0.0024,0.0024,-0.0073,0.0073,0.0073,0.0220,-0.040,-0.013,0.007,-0.021,0.002,-0.007,-0.002,-0.071,-0.013,0.013,0.007,0.007,-0.002,0.002,-0.002,-0.002,28.0,29.0,30.0,29.0,30.0,30.0,29.0,28.0,28.0,29.0,30.0,29.0,30.0,30.0,29.0,29.0
1790307709.847434,9.010,-0.00286,-0.03071,-0.00019,-0.00019,0.42973,0.00248,0.05207,0.00003,-3.12257,-3.05581,-1.49214,-0.11273,-1.26135,0.18254,0.07725,0.00028,-0.0110,-0.0110,0.0024,-0.0024,0.0073,-0.0073,-0.0073,-0.0073,-0.0110,-0.0110,-0.0024,0.0024,-0.0073,0.0073,0.0073,0.0220,-0.040,-0.013,0.007,-0.021,0.002,-0.007,-0.002,-0.071,-0.013,0.013,0.007,0.007,-0.002,0.002,-0.002,-0.002,28.0,29.0,30.0,29.0,30.0,30.0,29.0,28.0,28.0,29.0,30.0,29.0,30.0,30.0,29.0,29.0
1790307709.857406,9.020,-0.00286,-0.03071,-0.00019,-0.00019,0.42973,0.00248,0.05207,0.00005,-3.12257,-3.05581,-1.49214,-0.11273,-1.26135,0.18254,0.07725,0.00028,-0.0110,-0.0110,0.0024,-0.0024,0.0073,-0.0073,-0.0073,-0.0073,-0.0110,-0.0110,-0.0024,0.0024,-0.0073,0.0073,0.0073,0.0220,-0.040,-0.013,0.007,-0.021,0.002,-0.007,-0.002,-0.066,-0.013,0.013,0.007,0.007,-0.002,0.002,-0.002,-0.002,28.0,29.0,30.0,29.0,30.0,30.0,29.0,28.0,28.0,29.0,30.0,29.0,30.0,30.0,29.0,29.0
1790307709.867460,9.030,-0.00324,-0.03071,-0.00019,-0.00019,0.42973,0.00248,0.05207,0.00005,-3.12257,-3.05581,-1.49214,-0.11273,-1.26135,0.18254,0.07687,0.00028,-0.0330,-0.0110,-0.0024,-0.0073,-0.0073,0.0073,-0.0220,-0.0073,0.0110,-0.0110,-0.0024,0.0024,-0.0073,-0.0073,-0.0073,-0.0073,-0.040,-0.013,0.007,-0.021,0.002,-0.007,-0.002,-0.066,-0.013,-0.013,0.007,0.007,-0.002,-0.002,-0.002,-0.002,28.0,29.0,30.0,29.0,30.0,30.0,29.0,28.0,28.0,29.0,30.0,29.0,30.0,30.0,29.0,29.0
1790307709.878244,9.041,-0.00324,-0.03071,-0.00019,-0.00019,0.42973,0.00248,0.05207,0.00005,-3.12257,-3.05581,-1.49214,-0.11273,-1.26135,0.18254,0.07687,0.00028,-0.0330,-0.0110,-0.0024,-0.0073,-0.0073,0.0073,-0.0220,-0.0073,0.0110,-0.0110,-0.0024,0.0024,-0.0073,-0.0073,-0.0073,-0.0220,-0.040,-0.013,0.007,-0.021,0.002,-0.007,-0.002,-0.066,-0.013,-0.013,0.007,0.007,-0.002,-0.002,-0.002,-0.002,28.0,29.0,30.0,29.0,30.0,30.0,29.0,28.0,28.0,29.0,30.0,29.0,30.0,30.0,29.0,29.0
1790307709.888246,9.051,-0.00324,-0.03071,-0.00019,-0.00019,0.42973,0.00248,0.05207,0.00005,-3.12257,-3.05581,-1.49214,-0.11273,-1.26135,0.18254,0.07687,0.00028,-0.0330,-0.0110,-0.0024,-0.0073,-0.0073,0.0073,-0.0220,-0.0073,0.0110,-0.0110,-0.0024,0.0024,-0.0073,-0.0073,-0.0073,-0.0220,-0.040,-0.013,0.007,-0.021,0.002,-0.007,-0.002,-0.066,-0.013,-0.013,0.007,0.007,-0.002,-0.002,-0.002,-0.002,28.0,29.0,30.0,29.0,30.0,30.0,29.0,28.0,28.0,29.0,30.0,29.0,30.0,30.0,29.0,29.0
1790307709.898306,9.061,-0.00324,-0.03071,-0.00019,-0.00019,0.42973,0.00248,0.05207,0.00005,-3.12257,-3.05581,-1.49214,-0.11273,-1.26135,0.18254,0.07687,0.00028,-0.0110,-0.0110,-0.0024,-0.0073,-0.0073,0.0073,-0.0220,-0.0073,0.0110,-0.0110,-0.0024,0.0024,-0.0073,-0.0073,-0.0073,-0.0220,-0.040,-0.013,0.007,-0.021,0.002,-0.007,-0.002,-0.066,-0.013,-0.013,0.007,0.007,-0.002,-0.002,-0.002,-0.002,28.0,29.0,30.0,29.0,30.0,30.0,29.0,28.0,28.0,29.0,30.0,29.0,30.0,30.0,29.0,29.0
1790307709.907389,9.070,-0.00324,-0.03071,-0.00019,-0.00019,0.42973,0.00248,0.05207,0.00005,-3.12257,-3.05581,-1.49214,-0.11273,-1.26135,0.18254,0.07687,0.00028,-0.0110,-0.0110,-0.0073,-0.0024,-0.0220,-0.0073,-0.0073,-0.0073,0.0110,-0.0110,-0.0073,-0.0024,-0.0073,-0.0073,-0.0073,-0.0073,-0.040,-0.013,0.007,-0.021,0.002,-0.007,-0.002,-0.066,-0.013,-0.013,0.021,0.007,-0.002,0.002,-0.002,-0.002,28.0,29.0,30.0,29.0,30.0,30.0,29.0,28.0,28.0,29.0,30.0,29.0,30.0,30.0,29.0,29.0
1790307709.917502,9.080,-0.00324,-0.03071,-0.00019,-0.00019,0.42973,0.00248,0.05207,0.00005,-3.12257,-3.05581,-1.49214,-0.11273,-1.26135,0.18254,0.07687,0.00028,-0.0110,-0.0110,-0.0073,-0.0024,-0.0220,-0.0073,-0.0073,-0.0073,0.0110,-0.0110,-0.0073,-0.0024,-0.0073,-0.0073,-0.0073,-0.0073,-0.040,-0.013,0.007,-0.021,0.002,-0.007,-0.002,-0.066,-0.013,-0.013,0.021,0.007,-0.002,0.002,-0.002,-0.002,28.0,29.0,30.0,29.0,30.0,30.0,29.0,28.0,28.0,29.0,30.0,29.0,30.0,30.0,29.0,29.0
1790307709.927779,9.090,-0.00324,-0.03071,-0.00019,-0.00019,0.42973,0.00248,0.05207,0.00005,-3.12257,-3.05581,-1.49214,-0.11273,-1.26135,0.18254,0.07687,0.00028,-0.0110,-0.0110,-0.0073,-0.0024,-0.0220,-0.0073,-0.0073,-0.0220,0.0110,-0.0110,-0.0073,-0.0024,-0.0073,-0.0073,-0.0073,-0.0073,-0.040,-0.013,0.007,-0.021,0.002,-0.007,-0.002,-0.066,-0.013,-0.013,0.021,0.007,-0.002,0.002,-0.002,-0.002,28.0,29.0,30.0,29.0,30.0,30.0,29.0,28.0,28.0,29.0,30.0,29.0,30.0,30.0,29.0,29.0
1790307709.937556,9.100,-0.00324,-0.03071,-0.00019,-0.00019,0.42973,0.00248,0.05207,0.00005,-3.12257,-3.05581,-1.49214,-0.11273,-1.26135,0.18254,0.07687,0.00028,-0.0110,-0.0110,-0.0073,-0.0024,-0.0220,-0.0073,-0.0073,-0.0220,0.0110,-0.0110,-0.0073,-0.0024,-0.0073,-0.0073,-0.0073,-0.0073,-0.040,-0.013,0.007,-0.021,0.002,-0.007,-0.002,-0.066,-0.013,-0.013,0.021,0.007,-0.002,0.002,-0.002,-0.002,28.0,29.0,30.0,29.0,30.0,30.0,29.0,28.0,28.0,29.0,30.0,29.0,30.0,30.0,29.0,29.0
1790307709.947389,9.110,-0.00324,-0.03071,-0.00019,-0.00019,0.42973,0.00248,0.05207,0.00005,-3.12257,-3.05581,-1.49214,-0.11311,-1.26135,0.18254,0.07687,0.00030,-0.0110,-0.0110,-0.0024,-0.0024,0.0073,-0.0220,-0.0220,-0.0220,-0.0110,-0.0110,-0.0024,-0.0024,-0.0073,-0.0073,0.0073,-0.0220,-0.040,-0.013,0.007,-0.021,0.002,-0.007,-0.002,-0.061,-0.013,-0.013,-0.007,0.007,-0.002,0.002,-0.007,-0.002,28.0,29.0,30.0,29.0,30.0,30.0,29.0,28.0,28.0,29.0,30.0,29.0,30.0,30.0,29.0,29.0
1790307709.957408,9.120,-0.00324,-0.03071,-0.00019,-0.00019,0.42973,0.00248,0.05207,0.00005,-3.12257,-3.05581,-1.49214,-0.11311,-1.26135,0.18254,0.07687,0.00030,-0.0110,-0.0110,-0.0024,-0.0024,0.0073,-0.0220,-0.0220,-0.0220,-0.0110,-0.0110,-0.0024,-0.0024,-0.0073,-0.0073,0.0073,-0.0220,-0.040,-0.013,0.007,-0.021,0.002,-0.007,-0.002,-0.061,-0.013,-0.013,-0.007,0.007,-0.002,0.002,-0.007,-0.002,28.0,29.0,30.0,29.0,30.0,30.0,29.0,28.0,28.0,29.0,30.0,29.0,30.0,30.0,29.0,29.0
1790307709.967412,9.130,-0.00324,-0.03071,-0.00019,-0.00019,0.42973,0.00248,0.05207,0.00005,-3.12257,-3.05581,-1.49214,-0.11311,-1.26135,0.18254,0.07687,0.00030,-0.0110,-0.0110,-0.0024,-0.0024,0.0073,-0.0220,-0.0220,-0.0220,-0.0110,-0.0110,-0.0024,-0.0024,-0.0073,-0.0073,0.0073,-0.0220,-0.040,-0.013,0.007,-0.021,0.002,-0.007,-0.002,-0.061,-0.013,-0.013,-0.007,0.007,-0.002,0.002,-0.007,-0.002,28.0,29.0,30.0,29.0,30.0,30.0,29.0,28.0,28.0,29.0,30.0,29.0,30.0,30.0,29.0,29.0
1790307709.977588,9.140,-0.00324,-0.03071,-0.00019,-0.00019,0.42973,0.00248,0.05207,0.00005,-3.12257,-3.05581,-1.49214,-0.11311,-1.26135,0.18254,0.07687,0.00028,-0.0110,-0.0110,-0.0024,-0.0024,0.0073,-0.0220,-0.0220,-0.0073,-0.0110,-0.0110,-0.0024,-0.0024,-0.0073,-0.0073,0.0073,-0.0073,-0.040,-0.013,0.007,-0.021,0.002,-0.007,-0.002,-0.066,-0.013,-0.013,-0.007,0.007,-0.002,0.002,-0.007,-0.002,28.0,29.0,30.0,29.0,30.0,30.0,29.0,28.0,28.0,29.0,30.0,29.0,30.0,30.0,29.0,29.0
1790307709.987898,9.150,-0.00324,-0.03071,-0.00019,-0.00019,0.42973,0.00248,0.05207,0.00005,-3.12257,-3.05581,-1.49214,-0.11273,-1.26135,0.18254,0.07687,0.00028,-0.0110,-0.0330,0.0024,-0.0024,-0.0220,-0.0220,-0.0220,-0.0073,-0.0110,0.0110,-0.0024,0.0024,-0.0073,-0.0220,-0.0073,-0.0073,-0.040,-0.013,0.007,-0.021,0.002,-0.007,-0.002,-0.066,-0.013,0.013,0.007,0.007,-0.002,0.002,-0.002,-0.002,28.0,29.0,30.0,29.0,30.0,30.0,29.0,28.0,28.0,29.0,30.0,29.0,30.0,30.0,29.0,29.0
1790307709.997444,9.160,-0.00324,-0.03071,-0.00019,-0.00019,0.42973,0.00248,0.05207,0.00005,-3.12257,-3.05581,-1.49214,-0.11273,-1.26135,0.18254,0.07687,0.00028,-0.0110,-0.0330,0.0024,-0.0024,-0.0220,-0.0220,-0.0220,-0.0073,-0.0110,0.0110,-0.0024,0.0024,-0.0073,-0.0220,-0.0073,-0.0073,-0.040,-0.013,0.007,-0.021,0.002,-0.007,-0.002,-0.066,-0.013,0.013,0.007,0.007,-0.002,0.002,-0.002,-0.002,28.0,29.0,30.0,29.0,30.0,30.0,29.0,28.0,28.0,29.0,30.0,29.0,30.0,30.0,29.0,29.0
1790307710.007384,9.170,-0.00324,-0.03071,-0.00019,-0.00019,0.42973,0.00248,0.05207,0.00005,-3.12257,-3.05581,-1.49214,-0.11273,-1.26135,0.18254,0.07687,0.00028,-0.0110,-0.0330,0.0024,-0.0024,-0.0220,-0.0220,-0.0220,-0.0073,-0.0110,0.0110,-0.0024,0.0024,-0.0073,-0.0220,-0.0073,-0.0073,-0.040,-0.013,0.007,-0.021,0.002,-0.007,-0.002,-0.066,-0.013,0.013,0.007,0.007,-0.002,0.002,-0.002,-0.002,28.0,29.0,30.0,29.0,30.0,30.0,29.0,28.0,28.0,29.0,30.0,29.0,30.0,30.0,29.0,29.0
1790307710.017574,9.180,-0.00324,-0.03071,-0.00019,-0.00019,0.42973,0.00248,0.05207,0.00005,-3.12257,-3.05581,-1.49214,-0.11273,-1.26135,0.18254,0.07687,0.00028,-0.0110,-0.0330,0.0024,-0.0024,-0.0220,-0.0220,-0.0220,-0.0073,-0.0110,0.0110,-0.0024,0.0024,-0.0073,-0.0220,-0.0073,-0.0073,-0.040,-0.013,0.007,-0.021,0.002,-0.007,-0.002,-0.066,-0.013,0.013,0.007,0.007,-0.002,0.002,-0.002,-0.002,28.0,29.0,30.0,29.0,30.0,30.0,29.0,28.0,28.0,29.0,30.0,29.0,30.0,30.0,29.0,29.0
1790307710.028263,9.191,-0.00324,-0.03071,-0.00019,-0.00019,0.42973,0.00248,0.05207,0.00003,-3.12257,-3.05581,-1.49214,-0.11273,-1.26135,0.18254,0.07687,0.00028,-0.0110,0.0110,0.0024,-0.0024,-0.0073,-0.0220,-0.0073,0.0073,0.0110,-0.0110,-0.0024,-0.0024,-0.0073,-0.0073,-0.0073,-0.0220,-0.040,-0.013,0.021,-0.021,0.002,-0.007,-0.002,-0.066,-0.013,-0.013,-0.007,-0.007,0.002,0.002,-0.002,-0.002,28.0,29.0,30.0,29.0,30.0,30.0,29.0,28.0,28.0,29.0,30.0,29.0,30.0,30.0,29.0,29.0
1790307710.038018,9.200,-0.00324,-0.03071,-0.00019,-0.00019,0.42973,0.00248,0.05207,0.00003,-3.12257,-3.05581,-1.49214,-0.11273,-1.26135,0.18254,0.07687,0.00028,-0.0110,0.0110,0.0024,-0.0024,-0.0073,-0.0220,-0.0073,0.0073,0.0110,-0.0110,-0.0024,-0.0024,-0.0073,-0.0073,-0.0073,-0.0220,-0.040,-0.013,0.021,-0.021,0.002,-0.007,-0.002,-0.066,-0.013,-0.013,-0.007,-0.007,0.002,0.002,-0.002,-0.002,28.0,29.0,30.0,29.0,30.0,30.0,29.0,28.0,28.0,29.0,30.0,29.0,30.0,30.0,29.0,29.0
1790307710.048238,9.211,-0.00324,-0.03071,-0.00019,-0.00019,0.42973,0.00248,0.05207,0.00003,-3.12257,-3.05581,-1.49214,-0.11273,-1.26135,0.18254,0.07687,0.00028,-0.0110,0.0110,0.0024,-0.0024,-0.0073,-0.0220,-0.0073,0.0073,0.0110,-0.0110,-0.0024,-0.0024,-0.0073,-0.0073,-0.0073,-0.0220,-0.040,-0.013,0.021,-0.021,0.002,-0.007,-0.002,-0.066,-0.013,-0.013,-0.007,-0.007,0.002,0.002,-0.002,-0.002,28.0,29.0,30.0,29.0,30.0,30.0,29.0,28.0,28.0,29.0,30.0,29.0,30.0,30.0,29.0,29.0
1790307710.058027,9.220,-0.00324,-0.03071,-0.00019,-0.00019,0.42973,0.00248,0.05207,0.00003,-3.12257,-3.05581,-1.49214,-0.11273,-1.26135,0.18254,0.07687,0.00028,-0.0110,0.0110,0.0024,-0.0024,-0.0073,-0.0220,-0.0073,0.0073,0.0110,-0.0110,-0.0024,-0.0024,-0.0073,-0.0073,-0.0073,-0.0220,-0.040,-0.013,0.021,-0.021,0.002,-0.007,-0.002,-0.066,-0.013,-0.013,-0.007,-0.007,0.002,0.002,-0.002,-0.002,28.0,29.0,30.0,29.0,30.0,30.0,29.0,28.0,28.0,29.0,30.0,29.0,30.0,30.0,29.0,29.0
1790307710.067941,9.230,-0.00286,-0.03071,-0.00019,-0.00019,0.42973,0.00248,0.05207,0.00005,-3.12257,-3.05581,-1.49214,-0.11273,-1.26097,0.18254,0.07687,0.00028,-0.0110,-0.0110,-0.0024,-0.0024,-0.0073,-0.0073,-0.0073,-0.0073,0.0110,-0.0110,-0.0024,-0.0024,0.0073,-0.0073,-0.0073,-0.0073,-0.013,-0.013,0.021,-0.021,0.002,-0.007,-0.002,-0.066,-0.013,-0.013,0.007,0.007,-0.002,0.002,-0.002,-0.007,28.0,29.0,30.0,29.0,30.0,30.0,29.0,28.0,28.0,29.0,30.0,29.0,30.0,30.0,29.0,29.0
1790307710.078025,9.240,-0.00286,-0.03071,-0.00019,-0.00019,0.42973,0.00248,0.05207,0.00005,-3.12257,-3.05581,-1.49214,-0.11273,-1.26097,0.18254,0.07687,0.00028,-0.0110,-0.0110,-0.0024,-0.0024,-0.0073,-0.0073,-0.0073,-0.0073,0.0110,-0.0110,-0.0024,-0.0024,0.0073,-0.0073,-0.0073,-0.0073,-0.013,-0.013,0.021,-0.021,0.002,-0.007,-0.002,-0.066,-0.013,-0.013,0.007,0.007,-0.002,0.002,-0.002,-0.007,28.0,29.0,30.0,29.0,30.0,30.0,29.0,28.0,28.0,29.0,30.0,29.0,30.0,30.0,29.0,29.0
1790307710.088240,9.251,-0.00286,-0.03071,-0.00019,-0.00019,0.42973,0.00248,0.05207,0.00005,-3.12257,-3.05581,-1.49214,-0.11273,-1.26097,0.18254,0.07687,0.00028,-0.0110,-0.0110,-0.0024,-0.0024,-0.0073,-0.0073,-0.0073,-0.0073,0.0110,-0.0110,-0.0024,-0.0024,0.0073,-0.0073,-0.0073,-0.0073,-0.013,-0.013,0.021,-0.021,0.002,-0.007,-0.002,-0.066,-0.013,-0.013,0.007,0.007,-0.002,0.002,-0.002,-0.002,28.0,29.0,30.0,29.0,30.0,30.0,29.0,28.0,28.0,29.0,30.0,29.0,30.0,30.0,29.0,29.0
1790307710.097589,9.260,-0.00286,-0.03071,-0.00019,-0.00019,0.42973,0.00248,0.05207,0.00005,-3.12257,-3.05581,-1.49214,-0.11273,-1.26097,0.18254,0.07687,0.00028,-0.0110,-0.0110,-0.0024,-0.0024,-0.0073,-0.0073,-0.0073,-0.0073,0.0110,-0.0110,-0.0024,-0.0024,0.0073,-0.0073,-0.0073,-0.0073,-0.013,-0.013,0.021,-0.021,0.002,-0.007,-0.002,-0.066,-0.013,-0.013,0.007,0.007,-0.002,0.002,-0.002,-0.002,28.0,29.0,30.0,29.0,30.0,30.0,29.0,28.0,28.0,29.0,30.0,29.0,30.0,30.0,29.0,29.0
1790307710.107422,9.270,-0.00286,-0.03071,-0.00019,-0.00019,0.42973,0.00248,0.05207,0.00003,-3.12257,-3.05581,-1.49214,-0.11311,-1.26135,0.18254,0.07687,0.00028,-0.0110,-0.0110,-0.0024,-0.0024,-0.0220,0.0073,-0.0073,0.0073,-0.0110,0.0110,-0.0073,-0.0024,-0.0073,-0.0073,-0.0073,-0.0073,-0.040,-0.013,0.021,-0.021,0.002,-0.007,-0.002,-0.066,-0.013,-0.013,0.007,0.007,-0.002,-0.002,-0.002,-0.007,28.0,29.0,30.0,29.0,30.0,30.0,29.0,28.0,28.0,29.0,30.0,29.0,30.0,30.0,29.0,29.0
1790307710.118024,9.280,-0.00286,-0.03071,-0.00019,-0.00019,0.42973,0.00248,0.05207,0.00003,-3.12257,-3.05581,-1.49214,-0.11311,-1.26135,0.18254,0.07687,0.00028,-0.0110,-0.0110,-0.0024,-0.0024,-0.0220,0.0073,-0.0073,0.0073,-0.0110,0.0110,-0.0073,-0.0024,-0.0073,-0.0073,-0.0073,-0.0073,-0.040,-0.013,0.021,-0.021,0.002,-0.007,-0.002,-0.066,-0.013,-0.013,0.007,0.007,-0.002,-0.002,-0.002,-0.007,28.0,29.0,30.0,29.0,30.0,30.0,29.0,28.0,28.0,29.0,30.0,29.0,30.0,30.0,29.0,29.0
1790307710.128251,9.291,-0.00286,-0.03071,-0.00019,-0.00019,0.42973,0.00248,0.05207,0.00003,-3.12257,-3.05581,-1.49214,-0.11311,-1.26135,0.18254,0.07687,0.00028,-0.0110,-0.0110,-0.0024,-0.0024,-0.0220,0.0073,-0.0073,0.0073,-0.0110,0.0110,-0.0073,-0.0024,-0.0073,-0.0073,-0.0073,-0.0073,-0.040,-0.013,0.021,-0.021,0.002,-0.007,-0.002,-0.066,-0.013,-0.013,0.007,0.007,-0.002,-0.002,-0.002,-0.007,28.0,29.0,30.0,29.0,30.0,30.0,29.0,28.0,28.0,29.0,30.0,29.0,30.0,30.0,29.0,29.0
1790307710.137567,9.300,-0.00286,-0.03071,-0.00019,-0.00019,0.42973,0.00248,0.05207,0.00003,-3.12257,-3.05581,-1.49214,-0.11311,-1.26135,0.18254,0.07687,0.00028,-0.0110,-0.0110,-0.0024,-0.0024,-0.0220,0.0073,-0.0073,0.0073,-0.0110,0.0110,-0.0073,-0.0024,-0.0073,-0.0073,-0.0073,-0.0073,-0.040,-0.013,0.021,-0.021,0.002,-0.007,-0.002,-0.066,-0.013,-0.013,0.007,0.007,-0.002,-0.002,-0.002,-0.007,28.0,29.0,30.0,29.0,30.0,30.0,29.0,28.0,28.0,29.0,30.0,29.0,30.0,30.0,29.0,29.0
1790307710.147489,9.310,-0.00324,-0.03071,-0.00019,-0.00019,0.42973,0.00248,0.05207,0.00005,-3.12257,-3.05581,-1.49214,-0.11311,-1.26135,0.18254,0.07687,0.00028,-0.0330,0.0110,-0.0024,-0.0024,-0.0220,0.0073,-0.0073,-0.0073,-0.0110,-0.0110,-0.0073,-0.0024,-0.0073,-0.0073,-0.0073,-0.0220,-0.013,-0.013,0.021,-0.021,0.002,-0.007,-0.002,-0.066,-0.013,0.013,0.007,0.007,-0.002,-0.002,-0.002,-0.002,28.0,29.0,30.0,29.0,30.0,30.0,29.0,28.0,28.0,29.0,30.0,29.0,30.0,30.0,29.0,29.0
1790307710.157981,9.320,-0.00324,-0.03071,-0.00019,-0.00019,0.42973,0.00248,0.05207,0.00005,-3.12257,-3.05581,-1.49214,-0.11273,-1.26135,0.18254,0.07687,0.00028,-0.0330,0.0110,-0.0024,-0.0024,-0.0220,-0.0220,-0.0220,-0.0073,-0.0110,-0.0110,-0.0073,-0.0024,-0.0073,-0.0073,-0.0073,-0.0220,-0.013,-0.013,0.007,-0.021,0.002,-0.007,-0.002,-0.066,-0.013,0.013,0.007,0.007,-0.002,0.002,-0.002,-0.002,28.0,29.0,30.0,29.0,30.0,30.0,29.0,28.0,28.0,29.0,30.0,29.0,30.0,30.0,29.0,29.0
1790307710.167437,9.330,-0.00324,-0.03071,-0.00019,-0.00019,0.42973,0.00248,0.05207,0.00005,-3.12257,-3.05581,-1.49214,-0.11273,-1.26135,0.18254,0.07687,0.00028,-0.0330,0.0110,-0.0024,-0.0024,-0.0220,-0.0220,-0.0220,-0.0073,-0.0110,-0.0110,-0.0073,-0.0024,-0.0073,-0.0073,-0.0073,-0.0220,-0.013,-0.013,0.007,-0.021,0.002,-0.007,-0.002,-0.066,-0.013,0.013,0.007,0.007,-0.002,0.002,-0.002,-0.002,28.0,29.0,30.0,29.0,30.0,30.0,29.0,28.0,28.0,29.0,30.0,29.0,30.0,30.0,29.0,29.0
1790307710.178016,9.340,-0.00324,-0.03071,-0.00019,-0.00019,0.42973,0.00248,0.05207,0.00005,-3.12257,-3.05581,-1.49214,-0.11273,-1.26135,0.18254,0.07687,0.00028,-0.0330,0.0110,-0.0024,-0.0024,-0.0220,-0.0220,-0.0220,-0.0073,-0.0110,-0.0110,-0.0073,-0.0024,-0.0073,-0.0073,-0.0073,-0.0220,-0.013,-0.013,0.007,-0.021,0.002,-0.007,-0.002,-0.066,-0.013,0.013,0.007,0.007,-0.002,0.002,-0.002,-0.002,28.0,29.0,30.0,29.0,30.0,30.0,29.0,28.0,28.0,29.0,30.0,29.0,30.0,30.0,29.0,29.0
1790307710.187404,9.350,-0.00324,-0.03071,-0.00019,-0.00019,0.42973,0.00248,0.05207,0.00005,-3.12257,-3.05581,-1.49214,-0.11273,-1.26135,0.18254,0.07687,0.00028,-0.0110,0.0110,-0.0024,-0.0024,-0.0220,-0.0220,-0.0220,0.0073,-0.0110,-0.0110,-0.0073,-0.0024,-0.0073,-0.0073,-0.0073,-0.0073,-0.013,-0.013,0.007,-0.021,0.002,-0.007,-0.002,-0.061,-0.013,0.013,0.007,0.007,-0.002,0.002,-0.002,-0.007,28.0,29.0,30.0,29.0,30.0,30.0,29.0,28.0,28.0,29.0,30.0,29.0,30.0,30.0,29.0,29.0
1790307710.197981,9.360,-0.00324,-0.03071,-0.00019,-0.00019,0.42973,0.00248,0.05207,0.00005,-3.12257,-3.05581,-1.49214,-0.11311,-1.26135,0.18254,0.07687,0.00028,-0.0110,-0.0110,-0.0024,-0.0024,0.0073,-0.0073,-0.0073,0.0073,-0.0110,-0.0110,-0.0024,-0.0024,-0.0073,0.0073,-0.0073,-0.0073,-0.013,-0.013,0.007,-0.021,0.002,-0.007,-0.002,-0.061,-0.013,-0.013,0.007,0.007,0.002,0.002,-0.002,-0.002,28.0,29.0,30.0,29.0,30.0,30.0,29.0,28.0,28.0,29.0,30.0,29.0,30.0,30.0,29.0,29.0
1790307710.207382,9.370,-0.00324,-0.03071,-0.00019,-0.00019,0.42973,0.00248,0.05207,0.00005,-3.12257,-3.05581,-1.49214,-0.11311,-1.26135,0.18254,0.07687,0.00028,-0.0110,-0.0110,-0.0024,-0.0024,0.0073,-0.0073,-0.0073,0.0073,-0.0110,-0.0110,-0.0024,-0.0024,-0.0073,0.0073,-0.0073,-0.0073,-0.013,-0.013,0.007,-0.021,0.002,-0.007,-0.002,-0.061,-0.013,-0.013,0.007,0.007,0.002,0.002,-0.002,-0.002,28.0,29.0,30.0,29.0,30.0,30.0,29.0,28.0,28.0,29.0,30.0,29.0,30.0,30.0,29.0,29.0
1790307710.218012,9.380,-0.00324,-0.03071,-0.00019,-0.00019,0.42973,0.00248,0.05207,0.00005,-3.12257,-3.05581,-1.49214,-0.11311,-1.26135,0.18254,0.07687,0.00028,-0.0110,-0.0110,-0.0024,-0.0024,0.0073,-0.0073,-0.0073,0.0073,-0.0110,-0.0110,-0.0024,-0.0024,-0.0073,0.0073,-0.0073,-0.0073,-0.013,-0.013,0.007,-0.021,0.002,-0.007,-0.002,-0.061,-0.013,-0.013,0.007,0.007,0.002,0.002,-0.002,-0.002,28.0,29.0,30.0,29.0,30.0,30.0,29.0,28.0,28.0,29.0,30.0,29.0,30.0,30.0,29.0,29.0
1790307710.227387,9.390,-0.00324,-0.03071,-0.00019,-0.00019,0.42973,0.00248,0.05207,0.00005,-3.12257,-3.05581,-1.49214,-0.11311,-1.26135,0.18254,0.07687,0.00028,-0.0110,-0.0110,-0.0024,-0.0024,0.0073,-0.0073,-0.0073,0.0073,-0.0110,-0.0110,-0.0024,-0.0024,-0.0073,0.0073,-0.0073,-0.0073,-0.013,-0.013,0.007,-0.021,0.002,-0.007,-0.002,-0.061,-0.013,-0.013,0.007,0.007,0.002,0.002,-0.002,-0.002,28.0,29.0,30.0,29.0,30.0,30.0,29.0,28.0,28.0,29.0,30.0,29.0,30.0,30.0,29.0,29.0
1790307710.237987,9.400,-0.00324,-0.03071,-0.00019,-0.00019,0.42973,0.00248,0.05207,0.00005,-3.12257,-3.05581,-1.49214,-0.11273,-1.26135,0.18254,0.07687,0.00028,-0.0110,0.0110,-0.0073,-0.0024,-0.0073,-0.0073,-0.0073,-0.0073,-0.0110,-0.0110,-0.0024,-0.0024,-0.0073,0.0073,-0.0220,-0.0073,-0.040,-0.013,0.007,-0.021,0.002,-0.007,-0.007,-0.056,-0.013,-0.013,0.007,0.007,-0.002,0.002,-0.007,-0.002,28.0,29.0,30.0,29.0,30.0,30.0,29.0,28.0,28.0,29.0,30.0,29.0,30.0,30.0,29.0,29.0
1790307710.247373,9.410,-0.00324,-0.03071,-0.00019,-0.00019,0.42973,0.00248,0.05207,0.00005,-3.12257,-3.05581,-1.49214,-0.11273,-1.26135,0.18254,0.07687,0.00028,-0.0110,0.0110,-0.0073,-0.0024,-0.0073,-0.0073,-0.0073,-0.0073,-0.0110,-0.0110,-0.0024,-0.0024,-0.0073,0.0073,-0.0220,-0.0073,-0.040,-0.013,0.007,-0.021,0.002,-0.007,-0.007,-0.056,-0.013,-0.013,0.007,0.007,-0.002,0.002,-0.007,-0.002,28.0,29.0,30.0,29.0,30.0,30.0,29.0,28.0,28.0,29.0,30.0,29.0,30.0,30.0,29.0,29.0
1790307710.257979,9.420,-0.00324,-0.03071,-0.00019,-0.00019,0.42973,0.00248,0.05207,0.00005,-3.12257,-3.05581,-1.49214,-0.11273,-1.26135,0.18254,0.07687,0.00028,-0.0110,0.0110,-0.0073,-0.0024,-0.0073,-0.0073,-0.0073,-0.0073,-0.0110,-0.0110,-0.0024,-0.0024,-0.0073,0.0073,-0.0220,-0.0073,-0.040,-0.013,0.007,-0.021,0.002,-0.007,-0.007,-0.056,-0.013,-0.013,0.007,0.007,-0.002,0.002,-0.007,-0.002,28.0,29.0,30.0,29.0,30.0,30.0,29.0,28.0,28.0,29.0,30.0,29.0,30.0,30.0,29.0,29.0
1790307710.267415,9.430,-0.00324,-0.03071,-0.00019,-0.00019,0.42973,0.00248,0.05207,0.00005,-3.12257,-3.05581,-1.49214,-0.11273,-1.26135,0.18254,0.07687,0.00028,-0.0110,0.0110,-0.0073,-0.0024,-0.0073,-0.0073,-0.0073,-0.0073,-0.0110,-0.0110,-0.0024,-0.0024,-0.0073,0.0073,-0.0220,-0.0073,-0.040,-0.013,0.007,-0.021,0.002,-0.007,-0.007,-0.056,-0.013,-0.013,0.007,0.007,-0.002,0.002,-0.007,-0.002,28.0,29.0,30.0,29.0,30.0,30.0,29.0,28.0,28.0,29.0,30.0,29.0,30.0,30.0,29.0,29.0
1790307710.277981,9.440,-0.00324,-0.03071,-0.00019,-0.00019,0.42973,0.00248,0.05207,0.00005,-3.12257,-3.05581,-1.49214,-0.11273,-1.26135,0.18254,0.07687,0.00028,-0.0110,-0.0110,-0.0024,-0.0024,-0.0220,-0.0073,-0.0220,-0.0073,-0.0110,-0.0330,-0.0024,-0.0024,-0.0220,-0.0073,-0.0220,-0.0220,-0.013,-0.013,0.007,-0.034,0.002,-0.007,-0.002,-0.061,-0.013,-0.013,0.007,0.007,-0.002,0.002,-0.007,-0.007,28.0,29.0,30.0,29.0,30.0,30.0,29.0,28.0,28.0,29.0,30.0,29.0,30.0,30.0,29.0,29.0
1790307710.287372,9.450,-0.00324,-0.03071,-0.00019,-0.00019,0.42973,0.00248,0.05207,0.00005,-3.12257,-3.05581,-1.49214,-0.11273,-1.26135,0.18254,0.07687,0.00028,-0.0110,-0.0110,-0.0024,-0.0024,-0.0220,-0.0073,-0.0220,-0.0073,-0.0110,-0.0330,-0.0024,-0.0024,-0.0220,-0.0073,-0.0220,-0.0073,-0.013,-0.013,0.007,-0.034,0.002,-0.007,-0.002,-0.061,-0.013,-0.013,0.007,0.007,-0.002,0.002,-0.007,-0.007,28.0,29.0,30.0,29.0,30.0,30.0,29.0,28.0,28.0,29.0,30.0,29.0,30.0,30.0,29.0,29.0
1790307710.297971,9.460,-0.00324,-0.03071,-0.00019,-0.00019,0.42973,0.00248,0.05207,0.00005,-3.12257,-3.05581,-1.49214,-0.11273,-1.26135,0.18254,0.07687,0.00028,-0.0110,-0.0110,-0.0024,-0.0024,-0.0220,-0.0073,-0.0220,-0.0073,-0.0110,-0.0330,-0.0024,-0.0024,-0.0220,-0.0073,-0.0220,-0.0073,-0.013,-0.013,0.007,-0.034,0.002,-0.007,-0.002,-0.061,-0.013,-0.013,0.007,0.007,-0.002,0.002,-0.007,-0.007,28.0,29.0,30.0,29.0,30.0,30.0,29.0,28.0,28.0,29.0,30.0,29.0,30.0,30.0,29.0,29.0
1790307710.307416,9.470,-0.00324,-0.03071,-0.00019,-0.00019,0.42973,0.00248,0.05207,0.00005,-3.12257,-3.05581,-1.49214,-0.11273,-1.26135,0.18254,0.07687,0.00028,-0.0110,-0.0110,-0.0024,-0.0024,-0.0220,-0.0073,-0.0220,-0.0073,-0.0110,-0.0330,-0.0024,-0.0024,-0.0220,-0.0073,-0.0220,-0.0073,-0.013,-0.013,0.007,-0.034,0.002,-0.007,-0.002,-0.061,-0.013,-0.013,0.007,0.007,-0.002,0.002,-0.007,-0.007,28.0,29.0,30.0,29.0,30.0,30.0,29.0,28.0,28.0,29.0,30.0,29.0,30.0,30.0,29.0,29.0
1790307710.318086,9.480,-0.00324,-0.03071,-0.00019,-0.00019,0.42973,0.00210,0.05207,0.00005,-3.12257,-3.05581,-1.49214,-0.11311,-1.26135,0.18254,0.07687,0.00028,-0.0110,-0.0330,-0.0024,-0.0024,-0.0220,-0.0073,-0.0073,-0.0073,-0.0110,-0.0110,-0.0024,-0.0024,-0.0073,-0.0220,-0.0073,-0.0073,-0.040,-0.013,0.007,-0.021,0.002,-0.007,-0.002,-0.061,-0.013,-0.013,0.007,0.007,-0.002,0.002,-0.002,-0.007,28.0,29.0,30.0,29.0,30.0,30.0,29.0,28.0,28.0,29.0,30.0,29.0,30.0,30.0,29.0,29.0
1790307710.327375,9.490,-0.00324,-0.03071,-0.00019,-0.00019,0.42973,0.00210,0.05207,0.00005,-3.12257,-3.05581,-1.49214,-0.11311,-1.26135,0.18254,0.07687,0.00028,-0.0110,-0.0330,-0.0024,-0.0024,-0.0220,-0.0073,-0.0073,-0.0073,-0.0110,-0.0110,-0.0024,-0.0024,-0.0073,-0.0220,-0.0073,-0.0073,-0.040,-0.013,0.007,-0.021,0.002,-0.007,-0.002,-0.061,-0.013,-0.013,0.007,0.007,-0.002,0.002,-0.002,-0.007,28.0,29.0,30.0,29.0,30.0,30.0,29.0,28.0,28.0,29.0,30.0,29.0,30.0,30.0,29.0,29.0
1790307710.337592,9.500,-0.00324,-0.03071,-0.00019,-0.00019,0.42973,0.00210,0.05207,0.00005,-3.12257,-3.05581,-1.49214,-0.11311,-1.26135,0.18254,0.07687,0.00028,-0.0110,-0.0330,-0.0024,-0.0024,-0.0220,-0.0073,-0.0073,-0.0073,-0.0110,-0.0110,-0.0024,-0.0024,-0.0073,-0.0220,-0.0073,-0.0073,-0.040,-0.013,0.007,-0.021,0.002,-0.007,-0.002,-0.061,-0.013,-0.013,0.007,0.007,-0.002,0.002,-0.002,-0.007,28.0,29.0,30.0,29.0,30.0,30.0,29.0,28.0,28.0,29.0,30.0,29.0,30.0,30.0,29.0,29.0
1790307710.347367,9.510,-0.00324,-0.03071,-0.00019,-0.00019,0.42973,0.00210,0.05207,0.00005,-3.12257,-3.05581,-1.49214,-0.11311,-1.26135,0.18254,0.07687,0.00028,-0.0110,-0.0330,-0.0024,-0.0024,-0.0220,-0.0073,-0.0073,-0.0073,-0.0110,-0.0110,-0.0024,-0.0024,-0.0073,-0.0220,-0.0073,-0.0220,-0.040,-0.013,0.007,-0.021,0.002,-0.007,-0.002,-0.061,-0.013,-0.013,0.007,0.007,-0.002,0.002,-0.002,-0.007,28.0,29.0,30.0,29.0,30.0,30.0,29.0,28.0,28.0,29.0,30.0,29.0,30.0,30.0,29.0,29.0
1790307710.358043,9.520,-0.00286,-0.03071,-0.00019,-0.00019,0.42973,0.00248,0.05207,0.00003,-3.12257,-3.05581,-1.49214,-0.11273,-1.26135,0.18254,0.07687,0.00028,-0.0110,-0.0110,-0.0024,-0.0024,-0.0073,-0.0220,-0.0073,-0.0073,-0.0110,0.0110,-0.0024,-0.0024,-0.0073,-0.0073,-0.0073,-0.0073,-0.040,-0.013,0.021,-0.021,0.002,-0.007,-0.002,-0.061,-0.013,-0.013,0.007,0.007,-0.002,0.002,-0.007,-0.002,28.0,29.0,30.0,29.0,30.0,30.0,29.0,28.0,28.0,29.0,30.0,29.0,30.0,30.0,29.0,29.0
1790307710.367399,9.530,-0.00286,-0.03071,-0.00019,-0.00019,0.42973,0.00248,0.05207,0.00003,-3.12257,-3.05581,-1.49214,-0.11273,-1.26135,0.18254,0.07687,0.00028,-0.0110,-0.0110,-0.0024,-0.0024,-0.0073,-0.0220,-0.0073,-0.0073,-0.0110,0.0110,-0.0024,-0.0024,-0.0073,-0.0073,-0.0073,-0.0073,-0.040,-0.013,0.021,-0.021,0.002,-0.007,-0.002,-0.061,-0.013,-0.013,0.007,0.007,-0.002,0.002,-0.007,-0.002,28.0,29.0,30.0,29.0,30.0,30.0,29.0,28.0,28.0,29.0,30.0,29.0,30.0,30.0,29.0,29.0
1790307710.377961,9.540,-0.00286,-0.03071,-0.00019,-0.00019,0.42973,0.00248,0.05207,0.00003,-3.12257,-3.05581,-1.49214,-0.11273,-1.26135,0.18254,0.07687,0.00028,-0.0110,-0.0110,-0.0024,-0.0024,-0.0073,-0.0220,-0.0073,-0.0073,-0.0110,0.0110,-0.0024,-0.0024,-0.0073,-0.0073,-0.0073,-0.0073,-0.040,-0.013,0.021,-0.021,0.002,-0.007,-0.002,-0.061,-0.013,-0.013,0.007,0.007,-0.002,0.002,-0.007,-0.002,28.0,29.0,30.0,29.0,30.0,30.0,29.0,28.0,28.0,29.0,30.0,29.0,30.0,30.0,29.0,29.0
1790307710.387372,9.550,-0.00286,-0.03071,-0.00019,-0.00019,0.42973,0.00248,0.05207,0.00005,-3.12257,-3.05581,-1.49214,-0.11273,-1.26135,0.18254,0.07687,0.00028,-0.0110,-0.0110,-0.0024,-0.0024,-0.0073,-0.0220,-0.0073,-0.0073,-0.0110,0.0110,-0.0024,-0.0024,-0.0073,-0.0073,-0.0073,-0.0073,-0.040,-0.013,0.021,-0.021,0.002,-0.007,-0.002,-0.061,-0.013,-0.013,0.007,0.007,-0.002,0.002,-0.007,-0.002,28.0,29.0,30.0,29.0,30.0,30.0,29.0,28.0,28.0,29.0,30.0,29.0,30.0,30.0,29.0,29.0
1790307710.398077,9.560,-0.00324,-0.03071,-0.00019,-0.00019,0.42973,0.00248,0.05207,0.00005,-3.12257,-3.05581,-1.49214,-0.11311,-1.26135,0.18254,0.07687,0.00028,-0.0110,0.0110,-0.0024,-0.0024,-0.0073,-0.0073,-0.0073,0.0073,-0.0110,-0.0110,-0.0024,-0.0024,0.0073,-0.0073,0.0073,-0.0220,-0.040,-0.013,0.007,-0.021,0.007,-0.007,-0.002,-0.061,-0.013,-0.013,0.007,0.007,-0.002,-0.002,-0.007,-0.002,28.0,29.0,30.0,29.0,30.0,30.0,29.0,28.0,28.0,29.0,30.0,29.0,30.0,30.0,29.0,29.0
1790307710.407416,9.570,-0.00324,-0.03071,-0.00019,-0.00019,0.42973,0.00248,0.05207,0.00005,-3.12257,-3.05581,-1.49214,-0.11311,-1.26135,0.18254,0.07687,0.00028,-0.0110,0.0110,-0.0024,-0.0024,-0.0073,-0.0073,-0.0073,0.0073,-0.0110,-0.0110,-0.0024,-0.0024,0.0073,-0.0073,0.0073,-0.0220,-0.040,-0.013,0.007,-0.021,0.007,-0.007,-0.002,-0.061,-0.013,-0.013,0.007,0.007,-0.002,-0.002,-0.007,-0.002,28.0,29.0,30.0,29.0,30.0,30.0,29.0,28.0,28.0,29.0,30.0,29.0,30.0,30.0,29.0,29.0
1790307710.417968,9.580,-0.00324,-0.03071,-0.00019,-0.00019,0.42973,0.00248,0.05207,0.00005,-3.12257,-3.05581,-1.49214,-0.11311,-1.26135,0.18254,0.07687,0.00028,-0.0110,0.0110,-0.0024,-0.0024,-0.0073,-0.0073,-0.0073,0.0073,-0.0110,-0.0110,-0.0024,-0.0024,0.0073,-0.0073,0.0073,-0.0220,-0.040,-0.013,0.007,-0.021,0.007,-0.007,-0.002,-0.061,-0.013,-0.013,0.007,0.007,-0.002,-0.002,-0.007,-0.002,28.0,29.0,30.0,29.0,30.0,30.0,29.0,28.0,28.0,29.0,30.0,29.0,30.0,30.0,29.0,29.0
1790307710.427468,9.590,-0.00324,-0.03071,-0.00019,-0.00019,0.42973,0.00248,0.05207,0.00005,-3.12257,-3.05581,-1.49214,-0.11311,-1.26135,0.18254,0.07687,0.00028,-0.0110,0.0110,-0.0024,-0.0024,-0.0073,-0.0073,-0.0073,0.0073,-0.0110,-0.0110,-0.0024,-0.0024,0.0073,-0.0073,0.0073,-0.0220,-0.040,-0.013,0.007,-0.021,0.007,-0.007,-0.002,-0.061,-0.013,-0.013,0.007,0.007,-0.002,-0.002,-0.007,-0.002,28.0,29.0,30.0,29.0,30.0,30.0,29.0,28.0,28.0,29.0,30.0,29.0,30.0,30.0,29.0,29.0
1790307710.437629,9.600,-0.00286,-0.03071,-0.00019,-0.00019,0.42973,0.00248,0.05207,0.00005,-3.12257,-3.05581,-1.49214,-0.11311,-1.26097,0.18254,0.07687,0.00028,-0.0110,-0.0110,-0.0024,-0.0024,0.0073,-0.0073,-0.0073,-0.0073,-0.0110,0.0110,-0.0024,-0.0024,0.0073,0.0073,-0.0073,-0.0073,-0.013,-0.013,0.007,-0.021,0.002,-0.007,-0.007,-0.061,-0.013,-0.013,0.007,-0.007,-0.002,0.002,-0.002,-0.002,28.0,29.0,30.0,29.0,30.0,30.0,29.0,28.0,28.0,29.0,30.0,29.0,30.0,30.0,29.0,29.0
1790307710.447392,9.610,-0.00286,-0.03071,-0.00019,-0.00019,0.42973,0.00248,0.05207,0.00005,-3.12257,-3.05581,-1.49214,-0.11311,-1.26097,0.18254,0.07687,0.00028,-0.0110,-0.0110,-0.0024,-0.0024,0.0073,-0.0073,-0.0073,-0.0220,-0.0110,0.0110,-0.0024,-0.0024,0.0073,0.0073,-0.0073,-0.0073,-0.013,-0.013,0.007,-0.021,0.002,-0.007,-0.007,-0.061,-0.013,-0.013,0.007,-0.007,-0.002,0.002,-0.002,-0.002,28.0,29.0,30.0,29.0,30.0,30.0,29.0,28.0,28.0,29.0,30.0,29.0,30.0,30.0,29.0,29.0
1790307710.457969,9.620,-0.00286,-0.03071,-0.00019,-0.00019,0.42973,0.00248,0.05207,0.00005,-3.12257,-3.05581,-1.49214,-0.11311,-1.26097,0.18254,0.07687,0.00028,-0.0110,-0.0110,-0.0024,-0.0024,0.0073,-0.0073,-0.0073,-0.0220,-0.0110,0.0110,-0.0024,-0.0024,0.0073,0.0073,-0.0073,-0.0073,-0.013,-0.013,0.007,-0.021,0.002,-0.007,-0.007,-0.061,-0.013,-0.013,0.007,-0.007,-0.002,0.002,-0.002,-0.002,28.0,29.0,30.0,29.0,30.0,30.0,29.0,28.0,28.0,29.0,30.0,29.0,30.0,30.0,29.0,29.0
1790307710.467419,9.630,-0.00286,-0.03071,-0.00019,-0.00019,0.42973,0.00248,0.05207,0.00005,-3.12257,-3.05581,-1.49214,-0.11311,-1.26097,0.18254,0.07687,0.00028,-0.0110,-0.0110,-0.0024,-0.0024,0.0073,-0.0073,-0.0073,-0.0220,-0.0110,0.0110,-0.0024,-0.0024,0.0073,0.0073,-0.0073,-0.0073,-0.013,-0.013,0.007,-0.021,0.002,-0.007,-0.007,-0.061,-0.013,-0.013,0.007,-0.007,-0.002,0.002,-0.002,-0.002,28.0,29.0,30.0,29.0,30.0,30.0,29.0,28.0,28.0,29.0,30.0,29.0,30.0,30.0,29.0,29.0
1790307710.477973,9.640,-0.00324,-0.03071,-0.00019,-0.00019,0.42973,0.00248,0.05207,0.00005,-3.12257,-3.05581,-1.49214,-0.11311,-1.26135,0.18254,0.07687,0.00028,-0.0110,-0.0110,0.0024,-0.0024,-0.0073,0.0073,-0.0073,-0.0220,-0.0110,-0.0110,-0.0024,-0.0073,-0.0073,-0.0073,0.0073,-0.0073,-0.040,-0.013,0.007,-0.021,0.002,-0.007,-0.002,-0.056,-0.013,-0.013,0.007,0.007,-0.002,0.002,-0.007,-0.002,28.0,29.0,30.0,29.0,30.0,30.0,29.0,28.0,28.0,29.0,30.0,29.0,30.0,30.0,29.0,29.0
1790307710.487374,9.650,-0.00324,-0.03071,-0.00019,-0.00019,0.42973,0.00248,0.05207,0.00005,-3.12257,-3.05581,-1.49214,-0.11311,-1.26135,0.18254,0.07687,0.00028,-0.0110,-0.0110,0.0024,-0.0024,-0.0073,0.0073,-0.0073,-0.0220,-0.0110,-0.0110,-0.0024,-0.0073,-0.0073,-0.0073,0.0073,-0.0073,-0.040,-0.013,0.007,-0.021,0.002,-0.007,-0.002,-0.056,-0.013,-0.013,0.007,0.007,-0.002,0.002,-0.007,-0.002,28.0,29.0,30.0,29.0,30.0,30.0,29.0,28.0,28.0,29.0,30.0,29.0,30.0,30.0,29.0,29.0
1790307710.497973,9.660,-0.00324,-0.03071,-0.00019,-0.00019,0.42973,0.00248,0.05207,0.00005,-3.12257,-3.05581,-1.49214,-0.11311,-1.26135,0.18254,0.07687,0.00028,-0.0110,-0.0110,0.0024,-0.0024,-0.0073,0.0073,-0.0073,-0.0073,-0.0110,-0.0110,-0.0024,-0.0073,-0.0073,-0.0073,0.0073,0.0073,-0.040,-0.013,0.007,-0.021,0.002,-0.007,-0.002,-0.056,-0.013,-0.013,0.007,0.007,-0.002,0.002,-0.007,-0.002,28.0,29.0,30.0,29.0,30.0,30.0,29.0,28.0,28.0,29.0,30.0,29.0,30.0,30.0,29.0,29.0
1790307710.507387,9.670,-0.00324,-0.03071,-0.00019,-0.00019,0.42973,0.00248,0.05207,0.00005,-3.12257,-3.05581,-1.49214,-0.11311,-1.26135,0.18254,0.07687,0.00028,-0.0110,-0.0110,0.0024,-0.0024,-0.0073,0.0073,-0.0073,-0.0073,-0.0110,-0.0110,-0.0024,-0.0073,-0.0073,-0.0073,0.0073,0.0073,-0.040,-0.013,0.007,-0.021,0.002,-0.007,-0.002,-0.056,-0.013,-0.013,0.007,0.007,-0.002,0.002,-0.007,-0.002,28.0,29.0,30.0,29.0,30.0,30.0,29.0,28.0,28.0,29.0,30.0,29.0,30.0,30.0,29.0,29.0
1790307710.518045,9.680,-0.00286,-0.03071,-0.00019,-0.00019,0.42973,0.00248,0.05207,0.00005,-3.12257,-3.05581,-1.49214,-0.11273,-1.26135,0.18254,0.07687,0.00028,-0.0110,-0.0110,-0.0073,-0.0024,-0.0220,-0.0220,-0.0073,-0.0220,-0.0110,0.0110,0.0024,-0.0024,-0.0073,-0.0220,-0.0073,-0.0073,-0.040,-0.013,0.021,-0.021,0.002,-0.007,-0.007,-0.056,-0.013,-0.013,0.007,0.007,-0.002,0.002,-0.002,-0.007,28.0,29.0,30.0,29.0,30.0,30.0,29.0,28.0,28.0,29.0,30.0,29.0,30.0,30.0,29.0,29.0
1790307710.527366,9.690,-0.00286,-0.03071,-0.00019,-0.00019,0.42973,0.00248,0.05207,0.00005,-3.12257,-3.05581,-1.49214,-0.11273,-1.26135,0.18254,0.07687,0.00028,-0.0110,-0.0110,-0.0073,-0.0024,-0.0220,-0.0220,-0.0073,-0.0220,-0.0110,0.0110,0.0024,-0.0024,-0.0073,-0.0220,-0.0073,-0.0073,-0.040,-0.013,0.021,-0.021,0.002,-0.007,-0.007,-0.056,-0.013,-0.013,0.007,0.007,-0.002,0.002,-0.002,-0.007,28.0,29.0,30.0,29.0,30.0,30.0,29.0,28.0,28.0,29.0,30.0,29.0,30.0,30.0,29.0,29.0
1790307710.538219,9.701,-0.00286,-0.03071,-0.00019,-0.00019,0.42973,0.00248,0.05207,0.00005,-3.12257,-3.05581,-1.49214,-0.11273,-1.26135,0.18254,0.07687,0.00028,-0.0110,-0.0110,-0.0073,-0.0024,-0.0220,-0.0220,-0.0073,-0.0220,-0.0110,0.0110,0.0024,-0.0024,-0.0073,-0.0220,-0.0073,-0.0073,-0.040,-0.013,0.021,-0.021,0.002,-0.007,-0.007,-0.056,-0.013,-0.013,0.007,0.007,-0.002,0.002,-0.002,-0.007,28.0,29.0,30.0,29.0,30.0,30.0,29.0,28.0,28.0,29.0,30.0,29.0,30.0,30.0,29.0,29.0
1790307710.547380,9.710,-0.00286,-0.03071,-0.00019,-0.00019,0.42973,0.00248,0.05207,0.00005,-3.12257,-3.05581,-1.49214,-0.11273,-1.26135,0.18254,0.07687,0.00028,-0.0110,-0.0110,-0.0073,-0.0024,-0.0220,-0.0220,-0.0073,-0.0073,-0.0110,0.0110,0.0024,-0.0024,-0.0073,-0.0220,-0.0073,-0.0073,-0.040,-0.013,0.021,-0.021,0.002,-0.007,-0.007,-0.056,-0.013,-0.013,0.007,0.007,-0.002,0.002,-0.002,-0.007,28.0,29.0,30.0,29.0,30.0,30.0,29.0,28.0,28.0,29.0,30.0,29.0,30.0,30.0,29.0,29.0
1790307710.558511,9.721,-0.00324,-0.03071,-0.00019,-0.00019,0.42973,0.00248,0.05207,0.00005,-3.12257,-3.05581,-1.49214,-0.11273,-1.26097,0.18254,0.07687,0.00028,-0.0330,-0.0330,-0.0024,-0.0024,-0.0220,-0.0073,0.0073,-0.0073,-0.0110,-0.0110,-0.0024,0.0024,0.0073,-0.0073,-0.0220,-0.0073,-0.013,-0.013,0.007,-0.021,0.002,-0.007,-0.002,-0.056,-0.013,-0.013,0.007,0.007,-0.002,0.002,-0.007,-0.007,28.0,29.0,30.0,29.0,30.0,30.0,29.0,28.0,28.0,29.0,30.0,29.0,30.0,30.0,29.0,29.0
1790307710.567420,9.730,-0.00324,-0.03071,-0.00019,-0.00019,0.42973,0.00248,0.05207,0.00005,-3.12257,-3.05581,-1.49214,-0.11273,-1.26097,0.18254,0.07687,0.00028,-0.0330,-0.0330,-0.0024,-0.0024,-0.0220,-0.0073,0.0073,-0.0073,-0.0110,-0.0110,-0.0024,0.0024,0.0073,-0.0073,-0.0220,-0.0073,-0.013,-0.013,0.007,-0.021,0.002,-0.007,-0.002,-0.056,-0.013,-0.013,0.007,0.007,-0.002,0.002,-0.007,-0.007,28.0,29.0,30.0,29.0,30.0,30.0,29.0,28.0,28.0,29.0,30.0,29.0,30.0,30.0,29.0,29.0
1790307710.577995,9.740,-0.00324,-0.03071,-0.00019,-0.00019,0.42973,0.00248,0.05207,0.00005,-3.12257,-3.05581,-1.49214,-0.11273,-1.26097,0.18254,0.07687,0.00028,-0.0330,-0.0330,-0.0024,-0.0024,-0.0220,-0.0073,0.0073,-0.0073,-0.0110,-0.0110,-0.0024,0.0024,0.0073,-0.0073,-0.0220,-0.0073,-0.013,-0.013,0.007,-0.021,0.002,-0.007,-0.002,-0.056,-0.013,-0.013,0.007,0.007,-0.002,0.002,-0.007,-0.007,28.0,29.0,30.0,29.0,30.0,30.0,29.0,28.0,28.0,29.0,30.0,29.0,30.0,30.0,29.0,29.0
1790307710.587616,9.750,-0.00324,-0.03071,-0.00019,-0.00019,0.42973,0.00248,0.05207,0.00005,-3.12257,-3.05581,-1.49214,-0.11273,-1.26097,0.18254,0.07687,0.00028,-0.0330,-0.0330,-0.0024,-0.0024,-0.0220,-0.0073,0.0073,-0.0073,-0.0110,-0.0110,-0.0024,0.0024,0.0073,-0.0073,-0.0220,-0.0073,-0.013,-0.013,0.007,-0.021,0.002,-0.007,-0.002,-0.056,-0.013,-0.013,0.007,0.007,-0.002,0.002,-0.007,-0.007,28.0,29.0,30.0,29.0,30.0,30.0,29.0,28.0,28.0,29.0,30.0,29.0,30.0,30.0,29.0,29.0
1790307710.597968,9.760,-0.00286,-0.03071,-0.00019,-0.00019,0.42973,0.00248,0.05207,0.00005,-3.12257,-3.05581,-1.49214,-0.11273,-1.26135,0.18254,0.07687,0.00028,-0.0110,-0.0110,-0.0024,-0.0024,-0.0220,-0.0073,-0.0073,-0.0073,-0.0110,-0.0330,-0.0024,0.0024,-0.0073,-0.0073,-0.0220,0.0073,-0.040,-0.013,0.007,-0.021,0.002,-0.007,-0.002,-0.056,-0.013,-0.013,0.007,0.007,-0.002,0.002,-0.007,-0.007,28.0,29.0,30.0,29.0,30.0,30.0,29.0,28.0,28.0,29.0,30.0,29.0,30.0,30.0,29.0,29.0
1790307710.607378,9.770,-0.00286,-0.03071,-0.00019,-0.00019,0.42973,0.00248,0.05207,0.00005,-3.12257,-3.05581,-1.49214,-0.11273,-1.26135,0.18254,0.07687,0.00028,-0.0110,-0.0110,-0.0024,-0.0024,-0.0220,-0.0073,-0.0073,-0.0073,-0.0110,-0.0330,-0.0024,0.0024,-0.0073,-0.0073,0.0073,-0.0220,-0.040,-0.013,0.007,-0.021,0.002,-0.007,-0.002,-0.056,-0.013,-0.013,0.007,0.007,-0.002,0.002,-0.002,-0.007,28.0,29.0,30.0,29.0,30.0,30.0,29.0,28.0,28.0,29.0,30.0,29.0,30.0,30.0,29.0,29.0
1790307710.618038,9.780,-0.00286,-0.03071,-0.00019,-0.00019,0.42973,0.00248,0.05207,0.00005,-3.12257,-3.05581,-1.49214,-0.11273,-1.26135,0.18254,0.07687,0.00028,-0.0110,-0.0110,-0.0024,-0.0024,-0.0220,-0.0073,-0.0073,-0.0073,-0.0110,-0.0330,-0.0024,0.0024,-0.0073,-0.0073,0.0073,-0.0220,-0.040,-0.013,0.007,-0.021,0.002,-0.007,-0.002,-0.056,-0.013,-0.013,0.007,0.007,-0.002,0.002,-0.002,-0.007,28.0,29.0,30.0,29.0,30.0,30.0,29.0,28.0,28.0,29.0,30.0,29.0,30.0,30.0,29.0,29.0
1790307710.627443,9.790,-0.00286,-0.03071,-0.00019,-0.00019,0.42973,0.00248,0.05207,0.00005,-3.12257,-3.05581,-1.49214,-0.11273,-1.26135,0.18254,0.07687,0.00028,-0.0110,-0.0110,-0.0024,-0.0024,-0.0220,-0.0073,-0.0073,-0.0073,-0.0110,-0.0330,-0.0024,0.0024,-0.0073,-0.0073,0.0073,-0.0220,-0.040,-0.013,0.007,-0.021,0.002,-0.007,-0.002,-0.056,-0.013,-0.013,0.007,0.007,-0.002,0.002,-0.002,-0.007,28.0,29.0,30.0,29.0,30.0,30.0,29.0,28.0,28.0,29.0,30.0,29.0,30.0,30.0,29.0,29.0
1790307710.637991,9.800,-0.00286,-0.03071,-0.00019,-0.00019,0.42973,0.00248,0.05207,0.00003,-3.12257,-3.05581,-1.49214,-0.11273,-1.26135,0.18254,0.07687,0.00028,-0.0110,-0.0110,-0.0024,-0.0024,-0.0220,-0.0073,-0.0073,-0.0073,-0.0110,-0.0110,-0.0024,-0.0024,-0.0073,-0.0073,0.0073,-0.0220,-0.013,-0.013,0.007,-0.021,0.002,-0.007,-0.002,-0.061,-0.013,0.013,0.007,0.007,-0.002,0.002,-0.002,-0.007,28.0,29.0,30.0,29.0,30.0,30.0,29.0,28.0,28.0,29.0,30.0,29.0,30.0,30.0,29.0,29.0
1790307710.647415,9.810,-0.00286,-0.03071,-0.00019,-0.00019,0.42973,0.00248,0.05207,0.00003,-3.12257,-3.05581,-1.49214,-0.11273,-1.26135,0.18254,0.07687,0.00028,-0.0110,-0.0110,-0.0024,-0.0024,-0.0073,-0.0073,-0.0073,0.0073,-0.0110,-0.0110,-0.0024,-0.0024,-0.0073,-0.0073,-0.0220,-0.0220,-0.013,-0.013,0.007,-0.021,0.002,-0.007,-0.002,-0.056,-0.013,0.013,0.007,0.007,-0.002,0.002,-0.007,-0.007,28.0,29.0,30.0,29.0,30.0,30.0,29.0,28.0,28.0,29.0,30.0,29.0,30.0,30.0,29.0,29.0
1790307710.658028,9.820,-0.00286,-0.03071,-0.00019,-0.00019,0.42973,0.00248,0.05207,0.00003,-3.12257,-3.05581,-1.49214,-0.11273,-1.26135,0.18254,0.07687,0.00028,-0.0110,-0.0110,-0.0024,-0.0024,-0.0073,-0.0073,-0.0073,0.0073,-0.0110,-0.0110,-0.0024,-0.0024,-0.0073,-0.0073,-0.0220,-0.0073,-0.013,-0.013,0.007,-0.021,0.002,-0.007,-0.002,-0.056,-0.013,0.013,0.007,0.007,-0.002,0.002,-0.007,-0.007,28.0,29.0,30.0,29.0,30.0,30.0,29.0,28.0,28.0,29.0,30.0,29.0,30.0,30.0,29.0,29.0
1790307710.667396,9.830,-0.00286,-0.03071,-0.00019,-0.00019,0.42973,0.00248,0.05207,0.00003,-3.12257,-3.05581,-1.49214,-0.11273,-1.26135,0.18254,0.07687,0.00028,-0.0110,-0.0110,-0.0024,-0.0024,-0.0073,-0.0073,-0.0073,0.0073,-0.0110,-0.0110,-0.0024,-0.0024,-0.0073,-0.0073,-0.0220,-0.0073,-0.013,-0.013,0.007,-0.021,0.002,-0.007,-0.002,-0.056,-0.013,0.013,0.007,0.007,-0.002,0.002,-0.007,-0.007,28.0,29.0,30.0,29.0,30.0,30.0,29.0,28.0,28.0,29.0,30.0,29.0,30.0,30.0,29.0,29.0
1790307710.678213,9.841,-0.00324,-0.03071,-0.00019,-0.00019,0.42973,0.00248,0.05207,0.00005,-3.12257,-3.05581,-1.49214,-0.11273,-1.26135,0.18254,0.07687,0.00030,-0.0110,-0.0110,-0.0024,-0.0024,-0.0073,-0.0073,-0.0073,0.0073,-0.0110,-0.0110,-0.0024,-0.0024,-0.0073,-0.0073,-0.0220,-0.0220,-0.013,-0.013,0.007,-0.021,0.002,-0.007,-0.002,-0.061,-0.013,-0.013,0.007,0.007,-0.002,0.002,-0.007,-0.012,28.0,29.0,30.0,29.0,30.0,30.0,29.0,28.0,28.0,29.0,30.0,29.0,30.0,30.0,29.0,29.0
1790307710.687405,9.850,-0.00324,-0.03071,-0.00019,-0.00019,0.42973,0.00248,0.05207,0.00005,-3.12257,-3.05581,-1.49214,-0.11273,-1.26135,0.18254,0.07687,0.00030,-0.0110,-0.0110,-0.0024,-0.0024,-0.0073,-0.0220,-0.0073,0.0073,-0.0110,-0.0110,-0.0024,-0.0024,-0.0220,-0.0220,0.0073,-0.0220,-0.013,-0.013,0.007,-0.021,0.002,-0.007,-0.002,-0.061,-0.013,0.013,0.007,0.007,-0.002,0.002,-0.007,-0.012,28.0,29.0,30.0,29.0,30.0,30.0,29.0,28.0,28.0,29.0,30.0,29.0,30.0,30.0,29.0,29.0
1790307710.697545,9.860,-0.00324,-0.03071,-0.00019,-0.00019,0.42973,0.00248,0.05207,0.00003,-3.12257,-3.05581,-1.49214,-0.11273,-1.26135,0.18254,0.07687,0.00030,-0.0110,-0.0110,-0.0024,-0.0024,-0.0073,-0.0220,-0.0073,-0.0073,-0.0110,-0.0110,-0.0024,-0.0024,-0.0220,-0.0220,0.0073,-0.0220,-0.013,-0.013,0.007,-0.021,0.002,-0.007,-0.002,-0.056,-0.013,0.013,0.007,0.007,-0.002,0.002,-0.007,-0.012,28.0,29.0,30.0,29.0,30.0,30.0,29.0,28.0,28.0,29.0,30.0,29.0,30.0,30.0,29.0,29.0
1790307710.707427,9.870,-0.00324,-0.03071,-0.00019,-0.00019,0.42973,0.00248,0.05207,0.00003,-3.12257,-3.05581,-1.49214,-0.11273,-1.26135,0.18254,0.07687,0.00028,-0.0110,-0.0110,-0.0024,-0.0024,-0.0073,-0.0220,-0.0073,-0.0073,-0.0110,-0.0110,-0.0024,-0.0024,-0.0220,-0.0220,0.0073,-0.0220,-0.013,-0.013,0.007,-0.021,0.002,-0.007,-0.002,-0.056,-0.013,0.013,0.007,0.007,-0.002,0.002,-0.007,-0.012,28.0,29.0,30.0,29.0,30.0,30.0,29.0,28.0,28.0,29.0,30.0,29.0,30.0,30.0,29.0,29.0
1790307710.717997,9.880,-0.00286,-0.03071,-0.00019,-0.00019,0.42973,0.00248,0.05207,0.00003,-3.12257,-3.05581,-1.49214,-0.11273,-1.26135,0.18254,0.07687,0.00028,-0.0110,-0.0110,-0.0024,-0.0024,-0.0073,-0.0220,-0.0073,-0.0073,-0.0110,-0.0110,-0.0024,-0.0024,-0.0220,-0.0220,0.0073,-0.0220,-0.013,-0.013,0.007,-0.021,0.002,-0.007,-0.002,-0.051,-0.013,0.013,0.007,0.007,-0.002,0.002,-0.007,-0.012,28.0,29.0,30.0,29.0,30.0,30.0,29.0,28.0,28.0,29.0,30.0,29.0,30.0,30.0,29.0,29.0
1790307710.727771,9.890,-0.00286,-0.03071,-0.00019,-0.00019,0.42973,0.00248,0.05207,0.00003,-3.12257,-3.05581,-1.49214,-0.11311,-1.26135,0.18254,0.07687,0.00028,-0.0110,-0.0110,-0.0024,-0.0024,-0.0073,-0.0220,-0.0073,0.0073,-0.0110,-0.0549,-0.0073,-0.0024,-0.0073,0.0073,0.0073,-0.0073,-0.013,-0.013,0.007,-0.021,0.002,-0.007,-0.002,-0.051,-0.013,-0.013,0.007,0.007,-0.002,0.002,-0.002,-0.007,28.0,29.0,30.0,29.0,30.0,30.0,29.0,28.0,28.0,29.0,30.0,29.0,30.0,30.0,29.0,29.0
1790307710.737995,9.900,-0.00286,-0.03071,-0.00019,-0.00019,0.42973,0.00248,0.05207,0.00003,-3.12257,-3.05581,-1.49214,-0.11311,-1.26135,0.18254,0.07687,0.00028,-0.0110,-0.0110,-0.0024,-0.0024,-0.0073,-0.0220,-0.0073,0.0073,-0.0110,-0.0549,-0.0073,-0.0024,-0.0073,0.0073,0.0073,-0.0073,-0.013,-0.013,0.007,-0.021,0.002,-0.007,-0.002,-0.051,-0.013,-0.013,0.007,0.007,-0.002,0.002,-0.002,-0.007,28.0,29.0,30.0,29.0,30.0,30.0,29.0,28.0,28.0,29.0,30.0,29.0,30.0,30.0,29.0,29.0
1790307710.747404,9.910,-0.00286,-0.03071,-0.00019,-0.00019,0.42973,0.00248,0.05207,0.00005,-3.12257,-3.05581,-1.49214,-0.11311,-1.26135,0.18254,0.07687,0.00028,-0.0110,-0.0110,-0.0024,-0.0024,-0.0073,-0.0220,-0.0073,-0.0073,-0.0110,-0.0549,-0.0073,-0.0024,-0.0073,0.0073,0.0073,-0.0073,-0.013,-0.013,0.007,-0.021,0.002,-0.007,-0.002,-0.056,-0.013,-0.013,0.007,0.007,-0.002,0.002,-0.002,-0.007,28.0,29.0,30.0,29.0,30.0,30.0,29.0,28.0,28.0,29.0,30.0,29.0,30.0,30.0,29.0,29.0
1790307710.757997,9.920,-0.00324,-0.03071,-0.00019,-0.00019,0.42973,0.00248,0.05207,0.00005,-3.12257,-3.05581,-1.49214,-0.11311,-1.26135,0.18254,0.07687,0.00028,-0.0330,-0.0110,-0.0024,-0.0024,-0.0073,-0.0220,-0.0073,-0.0073,-0.0110,-0.0549,-0.0073,-0.0024,-0.0073,0.0073,0.0073,0.0073,-0.040,-0.013,0.007,-0.021,0.002,-0.007,-0.002,-0.056,-0.013,-0.013,0.007,0.007,-0.002,0.002,-0.002,-0.002,28.0,29.0,30.0,29.0,30.0,30.0,29.0,28.0,28.0,29.0,30.0,29.0,30.0,30.0,29.0,29.0
1790307710.767791,9.930,-0.00286,-0.03071,-0.00019,-0.00019,0.42973,0.00248,0.05207,0.00003,-3.12257,-3.05581,-1.49214,-0.11273,-1.26135,0.18254,0.07687,0.00028,-0.0330,-0.0110,-0.0024,-0.0024,-0.0073,0.0073,-0.0220,-0.0073,-0.0330,-0.0110,-0.0024,0.0024,-0.0073,-0.0073,-0.0073,-0.0073,-0.040,-0.013,0.007,-0.021,0.002,-0.007,-0.002,-0.056,-0.013,-0.013,0.007,0.007,-0.002,0.002,-0.007,-0.002,28.0,29.0,30.0,29.0,30.0,30.0,29.0,28.0,28.0,29.0,30.0,29.0,30.0,30.0,29.0,29.0
1790307710.778035,9.940,-0.00286,-0.03071,-0.00019,-0.00019,0.42973,0.00248,0.05207,0.00003,-3.12257,-3.05581,-1.49214,-0.11273,-1.26135,0.18254,0.07687,0.00028,-0.0330,-0.0110,-0.0024,-0.0024,-0.0073,0.0073,-0.0220,-0.0073,-0.0330,-0.0110,-0.0024,0.0024,-0.0073,-0.0073,-0.0073,-0.0073,-0.040,-0.013,0.007,-0.021,0.002,-0.007,-0.002,-0.056,-0.013,-0.013,0.007,0.007,-0.002,0.002,-0.007,-0.002,28.0,29.0,30.0,29.0,30.0,30.0,29.0,28.0,28.0,29.0,30.0,29.0,30.0,30.0,29.0,29.0
1790307710.788226,9.951,-0.00286,-0.03071,-0.00019,-0.00019,0.42973,0.00248,0.05207,0.00003,-3.12257,-3.05581,-1.49214,-0.11273,-1.26135,0.18254,0.07687,0.00028,-0.0330,-0.0110,-0.0024,-0.0024,-0.0073,0.0073,-0.0220,-0.0073,-0.0330,-0.0110,-0.0024,0.0024,-0.0073,-0.0073,-0.0073,-0.0073,-0.040,-0.013,0.007,-0.021,0.002,-0.007,-0.002,-0.056,-0.013,-0.013,0.007,0.007,-0.002,0.002,-0.007,-0.002,28.0,29.0,30.0,29.0,30.0,30.0,29.0,28.0,28.0,29.0,30.0,29.0,30.0,30.0,29.0,29.0
1790307710.798012,9.960,-0.00286,-0.03071,-0.00019,-0.00019,0.42973,0.00248,0.05207,0.00003,-3.12257,-3.05581,-1.49214,-0.11273,-1.26135,0.18254,0.07687,0.00028,-0.0330,-0.0110,-0.0024,-0.0024,-0.0073,0.0073,-0.0220,-0.0073,-0.0330,-0.0110,-0.0024,0.0024,-0.0073,-0.0073,-0.0073,-0.0073,-0.040,-0.013,0.007,-0.021,0.002,-0.007,-0.002,-0.056,-0.013,-0.013,0.007,0.007,-0.002,0.002,-0.007,-0.002,28.0,29.0,30.0,29.0,30.0,30.0,29.0,28.0,28.0,29.0,30.0,29.0,30.0,30.0,29.0,29.0
1790307710.807393,9.970,-0.00286,-0.03071,-0.00019,-0.00019,0.42973,0.00248,0.05207,0.00003,-3.12257,-3.05581,-1.49214,-0.11311,-1.26135,0.18254,0.07687,0.00028,-0.0110,-0.0110,-0.0024,-0.0024,0.0073,-0.0073,-0.0220,-0.0073,-0.0110,-0.0110,-0.0024,-0.0024,-0.0073,-0.0073,0.0073,-0.0220,-0.013,-0.013,0.007,-0.021,0.002,-0.007,-0.007,-0.056,-0.013,-0.013,0.007,0.007,-0.002,0.002,-0.002,-0.002,28.0,29.0,30.0,29.0,30.0,30.0,29.0,28.0,28.0,29.0,30.0,29.0,30.0,30.0,29.0,29.0
1790307710.818024,9.980,-0.00286,-0.03071,-0.00019,-0.00019,0.42973,0.00248,0.05207,0.00003,-3.12257,-3.05581,-1.49214,-0.11311,-1.26135,0.18254,0.07687,0.00028,-0.0110,-0.0110,-0.0024,-0.0024,0.0073,-0.0073,-0.0220,-0.0073,-0.0110,-0.0110,-0.0024,-0.0024,-0.0073,-0.0073,0.0073,-0.0220,-0.013,-0.013,0.007,-0.021,0.002,-0.007,-0.007,-0.056,-0.013,-0.013,0.007,0.007,-0.002,0.002,-0.002,-0.002,28.0,29.0,30.0,29.0,30.0,30.0,29.0,28.0,28.0,29.0,30.0,29.0,30.0,30.0,29.0,29.0
1790307710.828212,9.991,-0.00286,-0.03071,-0.00019,-0.00019,0.42973,0.00248,0.05207,0.00003,-3.12257,-3.05581,-1.49214,-0.11311,-1.26135,0.18254,0.07687,0.00028,-0.0110,-0.0110,-0.0024,-0.0024,0.0073,-0.0073,-0.0220,-0.0073,-0.0110,-0.0110,-0.0024,-0.0024,-0.0073,-0.0073,0.0073,-0.0220,-0.013,-0.013,0.007,-0.021,0.002,-0.007,-0.007,-0.056,-0.013,-0.013,0.007,0.007,-0.002,0.002,-0.002,-0.002,28.0,29.0,30.0,29.0,30.0,30.0,29.0,28.0,28.0,29.0,30.0,29.0,30.0,30.0,29.0,29.0
1790307710.837431,10.000,-0.00286,-0.03071,-0.00019,-0.00019,0.42973,0.00248,0.05207,0.00003,-3.12257,-3.05581,-1.49214,-0.11311,-1.26135,0.18254,0.07687,0.00028,-0.0110,-0.0110,-0.0024,-0.0024,0.0073,-0.0073,-0.0220,-0.0073,-0.0110,-0.0110,-0.0024,-0.0024,-0.0073,-0.0073,0.0073,-0.0220,-0.013,-0.013,0.007,-0.021,0.002,-0.007,-0.007,-0.056,-0.013,-0.013,0.007,0.007,-0.002,0.002,-0.002,-0.002,28.0,29.0,30.0,29.0,30.0,30.0,29.0,28.0,28.0,29.0,30.0,29.0,30.0,30.0,29.0,29.0
1790307710.847647,10.010,-0.00286,-0.03071,-0.00019,-0.00019,0.42973,0.00248,0.05207,0.00003,-3.12257,-3.05581,-1.49214,-0.11311,-1.26135,0.18254,0.07687,0.00028,0.0110,-0.0110,-0.0024,-0.0024,0.0073,-0.0073,-0.0220,0.0073,-0.0110,-0.0110,-0.0024,-0.0024,-0.0073,-0.0073,0.0073,-0.0220,-0.040,-0.013,0.007,-0.021,0.002,-0.007,-0.007,-0.051,-0.013,-0.013,0.007,0.007,-0.002,0.002,-0.002,-0.002,28.0,29.0,30.0,29.0,30.0,30.0,29.0,28.0,28.0,29.0,30.0,29.0,30.0,30.0,29.0,29.0
1790307710.858061,10.020,-0.00286,-0.03071,-0.00019,-0.00019,0.42973,0.00248,0.05207,0.00003,-3.12257,-3.05581,-1.49214,-0.11311,-1.26135,0.18254,0.07687,0.00028,0.0110,-0.0110,0.0024,-0.0024,0.0073,-0.0073,-0.0220,-0.0073,-0.0110,-0.0110,-0.0024,-0.0024,-0.0073,-0.0073,0.0073,-0.0073,-0.040,-0.013,0.007,-0.021,0.002,-0.007,-0.002,-0.051,-0.013,-0.013,0.007,0.007,-0.002,0.002,-0.002,0.002,28.0,29.0,30.0,29.0,30.0,30.0,29.0,28.0,28.0,29.0,30.0,29.0,30.0,30.0,29.0,29.0
1790307710.867406,10.030,-0.00286,-0.03071,-0.00019,-0.00019,0.42973,0.00248,0.05207,0.00003,-3.12257,-3.05581,-1.49214,-0.11311,-1.26135,0.18254,0.07687,0.00028,0.0110,-0.0110,0.0024,-0.0024,0.0073,-0.0073,-0.0220,-0.0073,-0.0110,-0.0110,-0.0073,-0.0024,-0.0073,-0.0073,-0.0073,0.0073,-0.040,-0.013,0.007,-0.021,0.002,-0.007,-0.002,-0.051,-0.013,-0.013,0.007,0.007,-0.002,0.002,-0.002,-0.002,28.0,29.0,30.0,29.0,30.0,30.0,29.0,28.0,28.0,29.0,30.0,29.0,30.0,30.0,29.0,29.0
1790307710.877609,10.040,-0.00286,-0.03071,-0.00019,-0.00019,0.42973,0.00248,0.05207,0.00003,-3.12257,-3.05581,-1.49214,-0.11311,-1.26135,0.18254,0.07687,0.00028,0.0110,-0.0110,0.0024,-0.0024,0.0073,-0.0073,-0.0220,-0.0073,-0.0110,-0.0110,-0.0073,-0.0024,-0.0073,-0.0073,-0.0073,0.0073,-0.040,-0.013,0.007,-0.021,0.002,-0.007,-0.002,-0.051,-0.013,-0.013,0.007,0.007,-0.002,0.002,-0.002,-0.002,28.0,29.0,30.0,29.0,30.0,30.0,29.0,28.0,28.0,29.0,30.0,29.0,30.0,30.0,29.0,29.0
1790307710.887402,10.050,-0.00286,-0.03071,-0.00019,-0.00019,0.42973,0.00248,0.05207,0.00003,-3.12257,-3.05581,-1.49214,-0.11311,-1.26135,0.18254,0.07687,0.00028,0.0110,-0.0110,0.0024,-0.0024,0.0073,-0.0073,-0.0220,-0.0073,-0.0110,-0.0110,-0.0073,-0.0024,-0.0073,-0.0073,-0.0073,0.0073,-0.040,-0.013,0.007,-0.021,0.002,-0.007,-0.002,-0.051,-0.013,-0.013,0.007,0.007,-0.002,0.002,-0.002,-0.002,28.0,29.0,30.0,29.0,30.0,30.0,29.0,28.0,28.0,29.0,30.0,29.0,30.0,30.0,29.0,29.0
1790307710.898087,10.060,-0.00286,-0.03071,-0.00019,-0.00019,0.42973,0.00248,0.05207,0.00003,-3.12257,-3.05581,-1.49214,-0.11311,-1.26135,0.18254,0.07687,0.00028,0.0110,-0.0110,0.0024,-0.0024,0.0073,-0.0073,-0.0220,-0.0073,-0.0110,-0.0110,-0.0073,-0.0024,-0.0073,-0.0073,-0.0073,0.0073,-0.040,-0.013,0.007,-0.021,0.002,-0.007,-0.002,-0.051,-0.013,-0.013,0.007,0.007,-0.002,0.002,-0.002,-0.002,28.0,29.0,30.0,29.0,30.0,30.0,29.0,28.0,28.0,29.0,30.0,29.0,30.0,30.0,29.0,29.0
1790307710.907387,10.070,-0.00324,-0.03071,-0.00019,-0.00019,0.42973,0.00248,0.05207,0.00003,-3.12257,-3.05581,-1.49214,-0.11273,-1.26135,0.18254,0.07687,0.00028,-0.0110,-0.0110,-0.0024,-0.0024,-0.0073,0.0073,0.0073,0.0220,-0.0330,-0.0110,-0.0073,-0.0024,-0.0073,-0.0073,-0.0073,-0.0073,-0.040,-0.013,0.007,-0.021,0.002,-0.007,-0.002,-0.051,-0.013,0.013,0.007,0.007,-0.002,0.002,-0.002,-0.007,28.0,29.0,30.0,29.0,30.0,30.0,29.0,28.0,28.0,29.0,30.0,29.0,30.0,30.0,29.0,29.0
1790307710.917643,10.080,-0.00324,-0.03071,-0.00019,-0.00019,0.42973,0.00248,0.05207,0.00003,-3.12257,-3.05581,-1.49214,-0.11273,-1.26135,0.18254,0.07687,0.00028,-0.0110,-0.0110,-0.0024,-0.0024,-0.0073,0.0073,0.0073,-0.0073,-0.0330,-0.0110,-0.0073,-0.0024,-0.0073,-0.0073,-0.0073,-0.0073,-0.040,-0.013,0.007,-0.021,0.002,-0.007,-0.002,-0.051,-0.013,0.013,0.007,0.007,-0.002,0.002,-0.002,-0.007,28.0,29.0,30.0,29.0,30.0,30.0,29.0,28.0,28.0,29.0,30.0,29.0,30.0,30.0,29.0,29.0
1790307710.927397,10.090,-0.00324,-0.03071,-0.00019,-0.00019,0.42973,0.00248,0.05207,0.00003,-3.12257,-3.05581,-1.49214,-0.11273,-1.26135,0.18254,0.07687,0.00028,-0.0110,-0.0110,-0.0024,-0.0024,-0.0073,0.0073,0.0073,-0.0073,-0.0330,-0.0110,-0.0073,-0.0024,-0.0073,-0.0073,-0.0073,-0.0073,-0.040,-0.013,0.007,-0.021,0.002,-0.007,-0.002,-0.051,-0.013,0.013,0.007,0.007,-0.002,0.002,-0.002,-0.007,28.0,29.0,30.0,29.0,30.0,30.0,29.0,28.0,28.0,29.0,30.0,29.0,30.0,30.0,29.0,29.0
1790307710.938020,10.100,-0.00324,-0.03071,-0.00019,-0.00019,0.42973,0.00248,0.05207,0.00003,-3.12257,-3.05581,-1.49214,-0.11273,-1.26135,0.18254,0.07687,0.00028,-0.0110,-0.0110,-0.0024,-0.0024,-0.0073,0.0073,0.0073,-0.0073,-0.0330,-0.0110,-0.0073,-0.0024,-0.0073,-0.0073,-0.0073,-0.0073,-0.040,-0.013,0.007,-0.021,0.002,-0.007,-0.002,-0.051,-0.013,0.013,0.007,0.007,-0.002,0.002,-0.002,-0.007,28.0,29.0,30.0,29.0,30.0,30.0,29.0,28.0,28.0,29.0,30.0,29.0,30.0,30.0,29.0,29.0
1790307710.949601,10.112,-0.00324,-0.03071,-0.00019,-0.00019,0.42973,0.00248,0.05207,0.00003,-3.12257,-3.05581,-1.49214,-0.11273,-1.26135,0.18254,0.07687,0.00028,-0.0110,-0.0110,-0.0024,-0.0024,-0.0073,0.0073,0.0073,-0.0073,-0.0330,-0.0110,-0.0073,-0.0024,-0.0073,-0.0073,-0.0073,-0.0073,-0.040,-0.013,0.007,-0.021,0.002,-0.007,-0.002,-0.051,-0.013,0.013,0.007,0.007,-0.002,0.002,-0.002,-0.007,28.0,29.0,30.0,29.0,30.0,30.0,29.0,28.0,28.0,29.0,30.0,29.0,30.0,30.0,29.0,29.0
1790307710.957682,10.120,-0.00286,-0.03071,-0.00019,-0.00019,0.42973,0.00248,0.05207,0.00003,-3.12257,-3.05581,-1.49214,-0.11273,-1.26135,0.18254,0.07687,0.00028,0.0110,-0.0110,-0.0024,-0.0024,-0.0073,0.0073,0.0073,-0.0073,-0.0330,-0.0110,-0.0073,-0.0024,-0.0073,-0.0073,-0.0073,-0.0073,-0.040,-0.013,0.007,-0.021,0.002,-0.007,-0.002,-0.051,-0.013,0.013,0.007,0.007,-0.002,0.002,-0.002,-0.007,28.0,29.0,30.0,29.0,30.0,30.0,29.0,28.0,28.0,29.0,30.0,29.0,30.0,30.0,29.0,29.0
1790307710.967458,10.130,-0.00286,-0.03071,-0.00019,-0.00019,0.42973,0.00248,0.05207,0.00003,-3.12257,-3.05581,-1.49214,-0.11273,-1.26135,0.18254,0.07687,0.00028,0.0110,-0.0110,-0.0024,-0.0024,-0.0073,0.0073,0.0073,0.0073,-0.0110,0.0110,-0.0024,-0.0024,-0.0073,-0.0073,-0.0073,0.0073,-0.040,-0.013,0.007,-0.021,0.002,-0.007,-0.002,-0.056,-0.013,-0.013,0.007,0.007,-0.002,0.002,-0.002,-0.007,28.0,29.0,30.0,29.0,30.0,30.0,29.0,28.0,28.0,29.0,30.0,29.0,30.0,30.0,29.0,29.0
1790307710.978434,10.141,-0.00286,-0.03071,-0.00019,-0.00019,0.42973,0.00248,0.05207,0.00003,-3.12257,-3.05581,-1.49214,-0.11273,-1.26135,0.18254,0.07687,0.00028,0.0110,-0.0110,-0.0024,-0.0024,-0.0073,-0.0073,0.0073,0.0073,-0.0110,0.0110,-0.0024,-0.0024,-0.0220,-0.0220,-0.0073,-0.0073,-0.040,-0.013,0.007,-0.021,0.002,-0.007,-0.002,-0.051,-0.013,-0.013,0.007,0.007,-0.002,0.002,-0.002,-0.007,28.0,29.0,30.0,29.0,30.0,30.0,29.0,28.0,28.0,29.0,30.0,29.0,30.0,30.0,29.0,29.0
1790307710.987392,10.150,-0.00324,-0.03071,-0.00019,-0.00019,0.42973,0.00248,0.05207,0.00003,-3.12257,-3.05581,-1.49214,-0.11273,-1.26135,0.18254,0.07687,0.00028,-0.0110,-0.0110,-0.0024,-0.0024,-0.0073,-0.0073,0.0073,-0.0073,-0.0110,0.0110,-0.0024,-0.0024,-0.0220,-0.0220,-0.0073,-0.0073,-0.040,-0.013,0.007,-0.021,0.002,-0.007,-0.002,-0.051,-0.013,-0.013,0.007,0.007,-0.002,0.002,-0.002,-0.007,28.0,29.0,30.0,29.0,30.0,30.0,29.0,28.0,28.0,29.0,30.0,29.0,30.0,30.0,29.0,29.0
1790307711.000615,10.163,-0.00324,-0.03071,-0.00019,-0.00019,0.42973,0.00248,0.05207,0.00003,-3.12257,-3.05581,-1.49214,-0.11273,-1.26135,0.18254,0.07687,0.00028,-0.0110,-0.0110,-0.0024,-0.0024,0.0220,-0.0073,0.0073,-0.0073,-0.0110,0.0110,-0.0024,-0.0024,-0.0220,-0.0220,-0.0073,-0.0073,-0.040,-0.013,0.007,-0.021,-0.002,-0.007,-0.002,-0.051,-0.013,-0.013,0.007,0.007,-0.002,0.002,-0.002,-0.007,28.0,29.0,30.0,29.0,30.0,30.0,29.0,28.0,28.0,29.0,30.0,29.0,30.0,30.0,29.0,29.0
1790307711.012924,10.175,-0.00324,-0.03071,-0.00019,-0.00019,0.42973,0.00248,0.05207,0.00003,-3.12257,-3.05581,-1.49214,-0.11273,-1.26135,0.18254,0.07687,0.00028,-0.0110,-0.0110,-0.0024,-0.0024,0.0220,-0.0073,-0.0073,-0.0073,-0.0110,0.0110,-0.0024,-0.0024,-0.0220,-0.0220,-0.0073,-0.0073,-0.040,-0.013,0.007,-0.021,-0.002,-0.007,-0.002,-0.051,-0.013,-0.013,0.007,0.007,-0.002,0.002,-0.002,-0.007,28.0,29.0,30.0,29.0,30.0,30.0,29.0,28.0,28.0,29.0,30.0,29.0,30.0,30.0,29.0,29.0
1790307711.018266,10.181,-0.00324,-0.03071,-0.00019,-0.00019,0.42973,0.00248,0.05207,0.00003,-3.12257,-3.05581,-1.49214,-0.11273,-1.26135,0.18254,0.07687,0.00028,-0.0110,-0.0110,-0.0024,-0.0024,0.0220,-0.0073,-0.0073,-0.0220,-0.0110,0.0110,-0.0024,-0.0024,-0.0220,-0.0220,-0.0073,-0.0073,-0.040,-0.013,0.007,-0.021,-0.002,-0.007,-0.002,-0.051,-0.013,-0.013,0.007,0.007,-0.002,0.002,-0.002,-0.007,28.0,29.0,30.0,29.0,30.0,30.0,29.0,28.0,28.0,29.0,30.0,29.0,30.0,30.0,29.0,29.0
1790307711.029160,10.192,-0.00324,-0.03071,-0.00019,-0.00019,0.42973,0.00248,0.05207,0.00003,-3.12257,-3.05581,-1.49214,-0.11273,-1.26135,0.18254,0.07687,0.00028,-0.0110,-0.0110,-0.0024,-0.0024,0.0220,-0.0073,-0.0073,-0.0220,-0.0110,0.0110,-0.0024,-0.0024,-0.0220,-0.0220,-0.0073,-0.0073,-0.040,-0.013,0.007,-0.021,-0.002,-0.007,-0.002,-0.051,-0.013,-0.013,0.007,0.007,-0.002,0.002,-0.002,-0.007,28.0,29.0,30.0,29.0,30.0,30.0,29.0,28.0,28.0,29.0,30.0,29.0,30.0,30.0,29.0,29.0
1790307711.038159,10.201,-0.00324,-0.03071,-0.00019,-0.00019,0.42973,0.00248,0.05207,0.00003,-3.12257,-3.05581,-1.49214,-0.11273,-1.26135,0.18254,0.07687,0.00028,-0.0110,-0.0110,-0.0024,-0.0024,0.0220,-0.0073,-0.0073,0.0073,-0.0110,-0.0330,-0.0073,-0.0024,-0.0220,-0.0220,-0.0073,-0.0073,-0.040,-0.013,0.007,-0.021,-0.002,-0.007,-0.002,-0.051,-0.013,-0.013,0.007,0.007,-0.002,0.002,-0.002,-0.002,28.0,29.0,30.0,29.0,30.0,30.0,29.0,28.0,28.0,29.0,30.0,29.0,30.0,30.0,29.0,29.0
1790307711.047920,10.210,-0.00324,-0.03071,-0.00019,-0.00019,0.42973,0.00248,0.05207,0.00003,-3.12257,-3.05581,-1.49214,-0.11273,-1.26135,0.18254,0.07687,0.00028,-0.0110,-0.0110,-0.0024,-0.0024,0.0220,-0.0073,-0.0073,0.0073,-0.0110,-0.0330,-0.0024,-0.0024,-0.0073,0.0073,-0.0073,-0.0073,-0.040,-0.013,0.007,-0.021,-0.002,-0.007,-0.002,-0.051,-0.013,-0.013,0.007,0.007,0.002,0.002,-0.007,-0.002,28.0,29.0,30.0,29.0,30.0,30.0,29.0,28.0,28.0,29.0,30.0,29.0,30.0,30.0,29.0,29.0
1790307711.057539,10.220,-0.00324,-0.03071,-0.00019,-0.00019,0.42973,0.00248,0.05207,0.00003,-3.12257,-3.05581,-1.49214,-0.11273,-1.26135,0.18254,0.07687,0.00028,-0.0110,-0.0110,-0.0024,-0.0024,0.0220,-0.0073,-0.0073,0.0073,-0.0110,-0.0330,-0.0024,-0.0024,-0.0073,0.0073,-0.0073,-0.0073,-0.040,-0.013,0.007,-0.021,-0.002,-0.007,-0.002,-0.051,-0.013,-0.013,0.007,0.007,0.002,0.002,-0.007,-0.002,28.0,29.0,30.0,29.0,30.0,30.0,29.0,28.0,28.0,29.0,30.0,29.0,30.0,30.0,29.0,29.0
1790307711.067446,10.230,-0.00324,-0.03071,-0.00019,-0.00019,0.42973,0.00248,0.05207,0.00003,-3.12257,-3.05581,-1.49214,-0.11273,-1.26135,0.18254,0.07687,0.00028,-0.0110,-0.0110,-0.0024,-0.0024,0.0220,-0.0073,-0.0073,0.0073,-0.0110,-0.0330,-0.0024,-0.0024,-0.0073,0.0073,-0.0073,-0.0073,-0.040,-0.013,0.007,-0.021,-0.002,-0.007,-0.002,-0.051,-0.013,-0.013,0.007,0.007,0.002,0.002,-0.007,-0.002,28.0,29.0,30.0,29.0,30.0,30.0,29.0,28.0,28.0,29.0,30.0,29.0,30.0,30.0,29.0,29.0
1790307711.077592,10.240,-0.00324,-0.03071,-0.00019,-0.00019,0.42973,0.00248,0.05207,0.00005,-3.12257,-3.05581,-1.49214,-0.11273,-1.26135,0.18254,0.07687,0.00028,-0.0110,-0.0110,-0.0024,-0.0024,0.0220,-0.0073,-0.0073,-0.0220,-0.0110,-0.0330,-0.0024,-0.0024,-0.0073,0.0073,-0.0073,-0.0073,-0.040,-0.013,0.007,-0.021,-0.002,-0.007,-0.002,-0.051,-0.013,-0.013,0.007,0.007,0.002,0.002,-0.007,-0.007,28.0,29.0,30.0,29.0,30.0,30.0,29.0,28.0,28.0,29.0,30.0,29.0,30.0,30.0,29.0,29.0
1790307711.087398,10.250,-0.00324,-0.03071,-0.00019,-0.00019,0.42973,0.00248,0.05207,0.00003,-3.12257,-3.05581,-1.49214,-0.11273,-1.26135,0.18254,0.07687,0.00028,-0.0110,-0.0110,-0.0024,-0.0024,0.0073,-0.0220,-0.0073,-0.0073,0.0110,0.0110,-0.0024,0.0024,0.0073,-0.0073,0.0073,-0.0073,-0.040,-0.013,0.021,-0.021,0.002,-0.007,-0.002,-0.056,-0.013,0.013,0.007,-0.007,-0.002,0.002,-0.007,-0.007,28.0,29.0,30.0,29.0,30.0,30.0,29.0,28.0,28.0,29.0,30.0,29.0,30.0,30.0,29.0,29.0
1790307711.097607,10.260,-0.00324,-0.03071,-0.00019,-0.00019,0.42973,0.00248,0.05207,0.00003,-3.12257,-3.05581,-1.49214,-0.11273,-1.26135,0.18254,0.07687,0.00028,-0.0110,-0.0110,-0.0024,-0.0024,0.0073,-0.0220,-0.0073,-0.0073,0.0110,0.0110,-0.0024,0.0024,0.0073,-0.0073,0.0073,-0.0073,-0.040,-0.013,0.021,-0.021,0.002,-0.007,-0.002,-0.056,-0.013,0.013,0.007,-0.007,-0.002,0.002,-0.007,-0.007,28.0,29.0,30.0,29.0,30.0,30.0,29.0,28.0,28.0,29.0,30.0,29.0,30.0,30.0,29.0,29.0
1790307711.107389,10.270,-0.00324,-0.03071,-0.00019,-0.00019,0.42973,0.00248,0.05207,0.00003,-3.12257,-3.05581,-1.49214,-0.11273,-1.26135,0.18254,0.07687,0.00028,-0.0110,-0.0110,-0.0024,-0.0024,0.0073,-0.0220,-0.0073,-0.0073,0.0110,0.0110,-0.0024,0.0024,0.0073,-0.0073,0.0073,-0.0073,-0.040,-0.013,0.021,-0.021,0.002,-0.007,-0.002,-0.056,-0.013,0.013,0.007,-0.007,-0.002,0.002,-0.007,-0.007,28.0,29.0,30.0,29.0,30.0,30.0,29.0,28.0,28.0,29.0,30.0,29.0,30.0,30.0,29.0,29.0
1790307711.117588,10.280,-0.00324,-0.03071,-0.00019,-0.00019,0.42973,0.00248,0.05207,0.00003,-3.12257,-3.05581,-1.49214,-0.11273,-1.26135,0.18254,0.07687,0.00028,-0.0110,-0.0110,-0.0024,-0.0024,0.0073,-0.0220,-0.0073,-0.0073,0.0110,0.0110,-0.0024,0.0024,0.0073,-0.0073,0.0073,-0.0073,-0.040,-0.013,0.021,-0.021,0.002,-0.007,-0.002,-0.056,-0.013,0.013,0.007,-0.007,-0.002,0.002,-0.007,-0.007,28.0,29.0,30.0,29.0,30.0,30.0,29.0,28.0,28.0,29.0,30.0,29.0,30.0,30.0,29.0,29.0
1790307711.127393,10.290,-0.00286,-0.03071,-0.00019,-0.00019,0.42973,0.00248,0.05207,0.00003,-3.12257,-3.05581,-1.49214,-0.11273,-1.26135,0.18254,0.07687,0.00028,-0.0110,-0.0330,-0.0024,-0.0024,-0.0073,-0.0073,-0.0073,-0.0073,-0.0110,-0.0110,-0.0024,-0.0024,-0.0220,-0.0073,-0.0073,-0.0220,-0.040,-0.013,0.007,-0.021,0.002,-0.007,-0.002,-0.056,-0.013,-0.013,0.007,0.021,-0.002,0.002,-0.007,-0.007,28.0,29.0,30.0,29.0,30.0,30.0,29.0,28.0,28.0,29.0,30.0,29.0,30.0,30.0,29.0,29.0
1790307711.137586,10.300,-0.00286,-0.03071,-0.00019,-0.00019,0.42973,0.00248,0.05207,0.00003,-3.12257,-3.05581,-1.49214,-0.11273,-1.26135,0.18254,0.07687,0.00028,-0.0110,-0.0330,-0.0024,-0.0024,-0.0073,-0.0073,-0.0073,-0.0073,-0.0110,-0.0110,-0.0024,-0.0024,-0.0220,-0.0073,-0.0073,-0.0220,-0.040,-0.013,0.007,-0.021,0.002,-0.007,-0.002,-0.056,-0.013,-0.013,0.007,0.021,-0.002,0.002,-0.007,-0.007,28.0,29.0,30.0,29.0,30.0,30.0,29.0,28.0,28.0,29.0,30.0,29.0,30.0,30.0,29.0,29.0
1790307711.147361,10.310,-0.00286,-0.03071,-0.00019,-0.00019,0.42973,0.00248,0.05207,0.00003,-3.12257,-3.05581,-1.49214,-0.11273,-1.26135,0.18254,0.07687,0.00028,-0.0110,-0.0330,-0.0024,-0.0024,-0.0073,-0.0073,-0.0073,-0.0073,-0.0110,-0.0110,-0.0024,-0.0024,-0.0220,-0.0073,-0.0073,-0.0220,-0.040,-0.013,0.007,-0.021,0.002,-0.007,-0.002,-0.056,-0.013,-0.013,0.007,0.021,-0.002,0.002,-0.007,-0.007,28.0,29.0,30.0,29.0,30.0,30.0,29.0,28.0,28.0,29.0,30.0,29.0,30.0,30.0,29.0,29.0
1790307711.157965,10.320,-0.00286,-0.03071,-0.00019,-0.00019,0.42973,0.00248,0.05207,0.00003,-3.12257,-3.05581,-1.49214,-0.11273,-1.26135,0.18254,0.07687,0.00028,-0.0110,-0.0330,-0.0024,-0.0024,-0.0073,-0.0073,-0.0073,-0.0073,-0.0110,-0.0110,-0.0024,-0.0024,-0.0220,-0.0073,-0.0073,-0.0220,-0.040,-0.013,0.007,-0.021,0.002,-0.007,-0.002,-0.056,-0.013,-0.013,0.007,0.021,-0.002,0.002,-0.007,-0.007,28.0,29.0,30.0,29.0,30.0,30.0,29.0,28.0,28.0,29.0,30.0,29.0,30.0,30.0,29.0,29.0
1790307711.167412,10.330,-0.00286,-0.03071,-0.00019,-0.00019,0.42973,0.00248,0.05207,0.00005,-3.12257,-3.05581,-1.49214,-0.11311,-1.26097,0.18254,0.07687,0.00028,-0.0110,0.0110,0.0024,-0.0024,-0.0073,-0.0073,-0.0220,-0.0073,-0.0110,-0.0110,-0.0024,-0.0024,0.0073,-0.0073,0.0073,0.0073,-0.040,-0.013,0.007,-0.021,-0.002,-0.007,-0.007,-0.056,-0.013,-0.013,0.007,0.007,-0.002,0.002,-0.002,-0.007,28.0,29.0,30.0,29.0,30.0,30.0,29.0,28.0,28.0,29.0,30.0,29.0,30.0,30.0,29.0,29.0
1790307711.177578,10.340,-0.00286,-0.03071,-0.00019,-0.00019,0.42973,0.00248,0.05207,0.00003,-3.12257,-3.05581,-1.49214,-0.11311,-1.26097,0.18254,0.07687,0.00030,-0.0110,0.0110,0.0024,-0.0024,-0.0073,-0.0073,-0.0220,-0.0073,-0.0110,-0.0110,-0.0024,-0.0024,0.0073,-0.0073,0.0073,-0.0366,-0.040,-0.013,0.007,-0.021,-0.002,-0.007,-0.007,-0.056,-0.013,-0.013,0.007,0.007,-0.002,0.002,-0.002,-0.007,28.0,29.0,30.0,29.0,30.0,30.0,29.0,28.0,28.0,29.0,30.0,29.0,30.0,30.0,29.0,29.0
1790307711.187391,10.350,-0.00286,-0.03071,-0.00019,-0.00019,0.42973,0.00248,0.05207,0.00003,-3.12257,-3.05581,-1.49214,-0.11311,-1.26097,0.18254,0.07687,0.00030,-0.0110,0.0110,0.0024,-0.0024,-0.0073,-0.0073,-0.0220,-0.0073,-0.0110,-0.0110,-0.0024,-0.0024,0.0073,-0.0073,0.0073,-0.0366,-0.040,-0.013,0.007,-0.021,-0.002,-0.007,-0.007,-0.056,-0.013,-0.013,0.007,0.007,-0.002,0.002,-0.002,-0.007,28.0,29.0,30.0,29.0,30.0,30.0,29.0,28.0,28.0,29.0,30.0,29.0,30.0,30.0,29.0,29.0
1790307711.197492,10.360,-0.00286,-0.03071,-0.00019,-0.00019,0.42973,0.00248,0.05207,0.00003,-3.12257,-3.05581,-1.49214,-0.11311,-1.26097,0.18254,0.07687,0.00030,-0.0110,0.0110,0.0024,-0.0024,-0.0073,-0.0073,-0.0220,-0.0073,-0.0110,-0.0110,-0.0024,-0.0024,0.0073,-0.0073,0.0073,-0.0366,-0.040,-0.013,0.007,-0.021,-0.002,-0.007,-0.007,-0.056,-0.013,-0.013,0.007,0.007,-0.002,0.002,-0.002,-0.007,28.0,29.0,30.0,29.0,30.0,30.0,29.0,28.0,28.0,29.0,30.0,29.0,30.0,30.0,29.0,29.0
1790307711.207376,10.370,-0.00324,-0.03071,-0.00019,-0.00019,0.42973,0.00248,0.05207,0.00003,-3.12257,-3.05581,-1.49214,-0.11311,-1.26135,0.18254,0.07687,0.00028,-0.0110,-0.0110,-0.0024,-0.0024,-0.0073,-0.0073,-0.0073,0.0073,-0.0110,-0.0330,0.0024,-0.0073,0.0073,-0.0073,-0.0073,-0.0073,-0.040,-0.013,0.007,-0.021,0.002,-0.007,-0.002,-0.056,-0.013,-0.013,0.007,0.007,-0.002,0.002,-0.002,-0.002,28.0,29.0,30.0,29.0,30.0,30.0,29.0,28.0,28.0,29.0,30.0,29.0,30.0,30.0,29.0,29.0
1790307711.217523,10.380,-0.00324,-0.03071,-0.00019,-0.00019,0.42973,0.00248,0.05207,0.00003,-3.12257,-3.05581,-1.49214,-0.11311,-1.26135,0.18254,0.07687,0.00028,-0.0110,-0.0110,-0.0024,-0.0024,-0.0073,-0.0073,-0.0073,0.0073,-0.0110,-0.0330,0.0024,-0.0073,0.0073,-0.0073,-0.0073,-0.0073,-0.040,-0.013,0.007,-0.021,0.002,-0.007,-0.002,-0.056,-0.013,-0.013,0.007,0.007,-0.002,0.002,-0.002,-0.002,28.0,29.0,30.0,29.0,30.0,30.0,29.0,28.0,28.0,29.0,30.0,29.0,30.0,30.0,29.0,29.0
1790307711.227394,10.390,-0.00324,-0.03071,-0.00019,-0.00019,0.42973,0.00248,0.05207,0.00005,-3.12257,-3.05581,-1.49214,-0.11311,-1.26135,0.18254,0.07687,0.00028,-0.0110,-0.0110,-0.0024,-0.0024,-0.0073,-0.0073,-0.0073,-0.0073,-0.0110,-0.0330,0.0024,-0.0073,0.0073,-0.0073,-0.0073,-0.0073,-0.040,-0.013,0.007,-0.021,0.002,-0.007,-0.002,-0.056,-0.013,-0.013,0.007,0.007,-0.002,0.002,-0.002,-0.002,28.0,29.0,30.0,29.0,30.0,30.0,29.0,28.0,28.0,29.0,30.0,29.0,30.0,30.0,29.0,29.0
1790307711.237533,10.400,-0.00324,-0.03071,-0.00019,-0.00019,0.42973,0.00248,0.05207,0.00005,-3.12257,-3.05581,-1.49214,-0.11311,-1.26135,0.18254,0.07687,0.00028,-0.0110,-0.0110,-0.0024,-0.0024,-0.0073,-0.0073,-0.0073,-0.0073,-0.0110,-0.0330,0.0024,-0.0073,0.0073,-0.0073,-0.0073,-0.0073,-0.040,-0.013,0.007,-0.021,0.002,-0.007,-0.002,-0.056,-0.013,-0.013,0.007,0.007,-0.002,0.002,-0.002,-0.002,28.0,29.0,30.0,29.0,30.0,30.0,29.0,28.0,28.0,29.0,30.0,29.0,30.0,30.0,29.0,29.0
1790307711.247592,10.410,-0.00324,-0.03071,-0.00019,-0.00019,0.42973,0.00248,0.05207,0.00005,-3.12257,-3.05581,-1.49214,-0.11273,-1.26135,0.18254,0.07687,0.00028,0.0110,-0.0110,-0.0024,-0.0024,-0.0073,-0.0073,-0.0073,-0.0220,-0.0330,-0.0330,-0.0073,-0.0024,-0.0220,-0.0073,-0.0073,0.0073,-0.013,-0.013,0.007,-0.021,0.002,-0.007,-0.002,-0.056,-0.013,-0.013,0.007,0.007,0.002,0.002,-0.002,-0.007,28.0,29.0,30.0,29.0,30.0,30.0,29.0,28.0,28.0,29.0,30.0,29.0,30.0,30.0,29.0,29.0
1790307711.257976,10.420,-0.00324,-0.03071,-0.00019,-0.00019,0.42973,0.00248,0.05207,0.00005,-3.12257,-3.05581,-1.49214,-0.11273,-1.26135,0.18254,0.07687,0.00028,0.0110,-0.0110,-0.0024,-0.0024,-0.0073,-0.0073,-0.0073,-0.0220,-0.0330,-0.0330,-0.0073,-0.0024,-0.0220,-0.0073,-0.0073,0.0073,-0.013,-0.013,0.007,-0.021,0.002,-0.007,-0.002,-0.056,-0.013,-0.013,0.007,0.007,0.002,0.002,-0.002,-0.007,28.0,29.0,30.0,29.0,30.0,30.0,29.0,28.0,28.0,29.0,30.0,29.0,30.0,30.0,29.0,29.0
1790307711.267461,10.430,-0.00324,-0.03071,-0.00019,-0.00019,0.42973,0.00248,0.05207,0.00005,-3.12257,-3.05581,-1.49214,-0.11273,-1.26135,0.18254,0.07687,0.00028,0.0110,-0.0110,-0.0024,-0.0024,-0.0073,-0.0073,-0.0073,-0.0220,-0.0330,-0.0330,-0.0073,-0.0024,-0.0220,-0.0073,-0.0073,0.0073,-0.013,-0.013,0.007,-0.021,0.002,-0.007,-0.002,-0.056,-0.013,-0.013,0.007,0.007,0.002,0.002,-0.002,-0.007,28.0,29.0,30.0,29.0,30.0,30.0,29.0,28.0,28.0,29.0,30.0,29.0,30.0,30.0,29.0,29.0
1790307711.277566,10.440,-0.00324,-0.03071,-0.00019,-0.00019,0.42973,0.00248,0.05207,0.00005,-3.12257,-3.05581,-1.49214,-0.11273,-1.26135,0.18254,0.07687,0.00028,0.0110,-0.0110,-0.0024,-0.0024,-0.0073,-0.0073,-0.0073,-0.0073,-0.0330,-0.0330,-0.0073,-0.0024,-0.0220,-0.0073,-0.0073,0.0073,-0.013,-0.013,0.007,-0.021,0.002,-0.007,-0.002,-0.056,-0.013,-0.013,0.007,0.007,0.002,0.002,-0.002,-0.002,28.0,29.0,30.0,29.0,30.0,30.0,29.0,28.0,28.0,29.0,30.0,29.0,30.0,30.0,29.0,29.0
1790307711.288302,10.451,-0.00324,-0.03071,-0.00019,-0.00019,0.42973,0.00248,0.05207,0.00005,-3.12257,-3.05581,-1.49214,-0.11273,-1.26135,0.18254,0.07687,0.00028,-0.0110,-0.0110,-0.0024,-0.0073,-0.0073,-0.0073,-0.0073,-0.0220,-0.0110,-0.0110,0.0024,-0.0024,-0.0220,-0.0073,-0.0073,-0.0073,-0.013,-0.013,0.007,-0.021,0.002,-0.007,-0.002,-0.061,-0.013,-0.013,0.007,0.007,0.002,0.002,-0.002,-0.002,28.0,29.0,30.0,29.0,30.0,30.0,29.0,28.0,28.0,29.0,30.0,29.0,30.0,30.0,29.0,29.0
1790307711.297984,10.460,-0.00324,-0.03071,-0.00019,-0.00019,0.42973,0.00248,0.05207,0.00005,-3.12257,-3.05581,-1.49214,-0.11273,-1.26135,0.18254,0.07687,0.00028,-0.0110,-0.0110,-0.0024,-0.0073,-0.0073,-0.0073,-0.0073,-0.0220,-0.0110,-0.0110,0.0024,-0.0024,-0.0220,-0.0073,-0.0073,-0.0073,-0.013,-0.013,0.007,-0.021,0.002,-0.007,-0.002,-0.061,-0.013,-0.013,0.007,0.007,0.002,0.002,-0.002,-0.002,28.0,29.0,30.0,29.0,30.0,30.0,29.0,28.0,28.0,29.0,30.0,29.0,30.0,30.0,29.0,29.0
1790307711.307789,10.470,-0.00324,-0.03071,-0.00019,-0.00019,0.42973,0.00248,0.05207,0.00005,-3.12257,-3.05581,-1.49214,-0.11273,-1.26135,0.18254,0.07687,0.00028,-0.0110,-0.0110,-0.0024,-0.0073,-0.0073,-0.0073,-0.0073,-0.0220,-0.0110,-0.0110,0.0024,-0.0024,-0.0220,-0.0073,-0.0073,-0.0073,-0.013,-0.013,0.007,-0.021,0.002,-0.007,-0.002,-0.061,-0.013,-0.013,0.007,0.007,0.002,0.002,-0.002,-0.002,28.0,29.0,30.0,29.0,30.0,30.0,29.0,28.0,28.0,29.0,30.0,29.0,30.0,30.0,29.0,29.0
1790307711.317977,10.480,-0.00324,-0.03071,-0.00019,-0.00019,0.42973,0.00248,0.05207,0.00005,-3.12257,-3.05581,-1.49214,-0.11273,-1.26135,0.18254,0.07687,0.00028,-0.0110,-0.0110,-0.0024,-0.0073,-0.0073,-0.0073,-0.0073,-0.0220,-0.0110,-0.0110,0.0024,-0.0024,-0.0220,-0.0073,-0.0073,-0.0073,-0.013,-0.013,0.007,-0.021,0.002,-0.007,-0.002,-0.061,-0.013,-0.013,0.007,0.007,0.002,0.002,-0.002,-0.002,28.0,29.0,30.0,29.0,30.0,30.0,29.0,28.0,28.0,29.0,30.0,29.0,30.0,30.0,29.0,29.0
1790307711.327762,10.490,-0.00324,-0.03071,-0.00019,-0.00019,0.42973,0.00248,0.05207,0.00003,-3.12257,-3.05581,-1.49214,-0.11273,-1.26135,0.18254,0.07687,0.00028,-0.0110,-0.0110,-0.0024,-0.0073,-0.0073,-0.0073,-0.0073,-0.0073,-0.0110,-0.0110,0.0024,-0.0024,-0.0220,-0.0073,-0.0073,-0.0073,-0.013,-0.013,0.007,-0.021,0.002,-0.007,-0.002,-0.056,-0.013,-0.013,0.007,0.007,0.002,0.002,-0.002,-0.002,28.0,29.0,30.0,29.0,30.0,30.0,29.0,28.0,28.0,29.0,30.0,29.0,30.0,30.0,29.0,29.0
1790307711.338006,10.500,-0.00324,-0.03071,-0.00019,-0.00019,0.42973,0.00248,0.05207,0.00003,-3.12257,-3.05581,-1.49214,-0.11311,-1.26097,0.18254,0.07687,0.00028,-0.0110,-0.0110,-0.0073,-0.0073,-0.0073,0.0073,-0.0073,-0.0073,-0.0110,-0.0110,-0.0024,-0.0073,0.0073,-0.0073,-0.0073,-0.0220,-0.013,-0.013,0.007,-0.021,0.002,-0.007,-0.007,-0.056,-0.013,-0.013,0.007,0.007,-0.002,0.002,-0.007,-0.007,28.0,29.0,30.0,29.0,30.0,30.0,29.0,28.0,28.0,29.0,30.0,29.0,30.0,30.0,29.0,29.0
1790307711.347771,10.510,-0.00324,-0.03071,-0.00019,-0.00019,0.42973,0.00248,0.05207,0.00003,-3.12257,-3.05581,-1.49214,-0.11311,-1.26097,0.18254,0.07687,0.00028,-0.0110,-0.0110,-0.0073,-0.0073,-0.0073,0.0073,-0.0073,-0.0073,-0.0110,-0.0110,-0.0024,-0.0073,0.0073,-0.0073,-0.0073,-0.0220,-0.013,-0.013,0.007,-0.021,0.002,-0.007,-0.007,-0.056,-0.013,-0.013,0.007,0.007,-0.002,0.002,-0.007,-0.007,28.0,29.0,30.0,29.0,30.0,30.0,29.0,28.0,28.0,29.0,30.0,29.0,30.0,30.0,29.0,29.0
1790307711.357992,10.520,-0.00324,-0.03071,-0.00019,-0.00019,0.42973,0.00248,0.05207,0.00003,-3.12257,-3.05581,-1.49214,-0.11311,-1.26097,0.18254,0.07687,0.00028,-0.0110,-0.0110,-0.0073,-0.0073,-0.0073,0.0073,-0.0073,-0.0073,-0.0110,-0.0110,-0.0024,-0.0073,0.0073,-0.0073,-0.0073,-0.0220,-0.013,-0.013,0.007,-0.021,0.002,-0.007,-0.007,-0.056,-0.013,-0.013,0.007,0.007,-0.002,0.002,-0.007,-0.007,28.0,29.0,30.0,29.0,30.0,30.0,29.0,28.0,28.0,29.0,30.0,29.0,30.0,30.0,29.0,29.0
1790307711.367765,10.530,-0.00324,-0.03071,-0.00019,-0.00019,0.42973,0.00248,0.05207,0.00003,-3.12257,-3.05581,-1.49214,-0.11311,-1.26097,0.18254,0.07687,0.00028,-0.0110,-0.0110,-0.0073,-0.0073,-0.0073,0.0073,-0.0073,-0.0073,-0.0110,-0.0110,-0.0024,-0.0073,0.0073,-0.0073,-0.0073,-0.0220,-0.013,-0.013,0.007,-0.021,0.002,-0.007,-0.007,-0.056,-0.013,-0.013,0.007,0.007,-0.002,0.002,-0.007,-0.007,28.0,29.0,30.0,29.0,30.0,30.0,29.0,28.0,28.0,29.0,30.0,29.0,30.0,30.0,29.0,29.0
1790307711.377590,10.540,-0.00286,-0.03071,-0.00019,-0.00019,0.42973,0.00248,0.05207,0.00003,-3.12257,-3.05581,-1.49214,-0.11273,-1.26135,0.18254,0.07687,0.00028,-0.0110,-0.0110,-0.0024,-0.0073,-0.0073,-0.0073,0.0073,0.0073,-0.0330,0.0110,-0.0024,-0.0024,0.0073,-0.0073,-0.0073,0.0073,-0.040,-0.013,0.021,-0.021,-0.002,-0.007,-0.002,-0.051,-0.013,-0.013,0.007,0.007,-0.002,0.002,-0.007,-0.002,28.0,29.0,30.0,29.0,30.0,30.0,29.0,28.0,28.0,29.0,30.0,29.0,30.0,30.0,29.0,29.0
1790307711.387777,10.550,-0.00286,-0.03071,-0.00019,-0.00019,0.42973,0.00248,0.05207,0.00003,-3.12257,-3.05581,-1.49214,-0.11273,-1.26135,0.18254,0.07687,0.00028,-0.0110,-0.0110,-0.0024,-0.0073,-0.0073,-0.0073,0.0073,0.0073,-0.0330,0.0110,-0.0024,-0.0024,0.0073,-0.0073,-0.0073,-0.0220,-0.040,-0.013,0.021,-0.021,-0.002,-0.007,-0.002,-0.051,-0.013,-0.013,0.007,0.007,-0.002,0.002,-0.007,-0.002,28.0,29.0,30.0,29.0,30.0,30.0,29.0,28.0,28.0,29.0,30.0,29.0,30.0,30.0,29.0,29.0
1790307711.397980,10.560,-0.00286,-0.03071,-0.00019,-0.00019,0.42973,0.00248,0.05207,0.00003,-3.12257,-3.05581,-1.49214,-0.11273,-1.26135,0.18254,0.07687,0.00028,-0.0110,-0.0110,-0.0024,-0.0073,-0.0073,-0.0073,0.0073,0.0073,-0.0330,0.0110,-0.0024,-0.0024,0.0073,-0.0073,-0.0073,-0.0220,-0.040,-0.013,0.021,-0.021,-0.002,-0.007,-0.002,-0.051,-0.013,-0.013,0.007,0.007,-0.002,0.002,-0.007,-0.002,28.0,29.0,30.0,29.0,30.0,30.0,29.0,28.0,28.0,29.0,30.0,29.0,30.0,30.0,29.0,29.0
1790307711.407778,10.570,-0.00286,-0.03071,-0.00019,-0.00019,0.42973,0.00248,0.05207,0.00003,-3.12257,-3.05581,-1.49214,-0.11273,-1.26135,0.18254,0.07687,0.00028,-0.0110,-0.0110,-0.0024,-0.0073,-0.0073,-0.0073,0.0073,0.0073,-0.0330,0.0110,-0.0024,-0.0024,0.0073,-0.0073,-0.0073,-0.0220,-0.040,-0.013,0.021,-0.021,-0.002,-0.007,-0.002,-0.051,-0.013,-0.013,0.007,0.007,-0.002,0.002,-0.007,-0.002,28.0,29.0,30.0,29.0,30.0,30.0,29.0,28.0,28.0,29.0,30.0,29.0,30.0,30.0,29.0,29.0
1790307711.417769,10.580,-0.00324,-0.03071,-0.00019,-0.00019,0.42973,0.00248,0.05207,0.00003,-3.12257,-3.05581,-1.49214,-0.11311,-1.26135,0.18254,0.07687,0.00028,0.0110,-0.0110,-0.0024,-0.0073,-0.0073,0.0073,0.0073,-0.0073,-0.0110,-0.0110,-0.0024,-0.0024,0.0073,-0.0220,0.0073,-0.0073,-0.040,-0.013,0.007,-0.021,0.002,-0.007,-0.002,-0.056,-0.013,-0.013,0.007,0.007,-0.002,0.002,-0.002,-0.002,28.0,29.0,30.0,29.0,30.0,30.0,29.0,28.0,28.0,29.0,30.0,29.0,30.0,30.0,29.0,29.0
1790307711.427407,10.590,-0.00324,-0.03071,-0.00019,-0.00019,0.42973,0.00248,0.05207,0.00003,-3.12257,-3.05581,-1.49214,-0.11311,-1.26135,0.18254,0.07687,0.00028,0.0110,-0.0110,-0.0024,-0.0073,-0.0073,0.0073,0.0073,-0.0073,-0.0110,-0.0110,-0.0024,-0.0024,0.0073,-0.0220,0.0073,-0.0073,-0.040,-0.013,0.007,-0.021,0.002,-0.007,-0.002,-0.056,-0.013,-0.013,0.007,0.007,-0.002,0.002,-0.002,-0.002,28.0,29.0,30.0,29.0,30.0,30.0,29.0,28.0,28.0,29.0,30.0,29.0,30.0,30.0,29.0,29.0
1790307711.438038,10.600,-0.00324,-0.03071,-0.00019,-0.00019,0.42973,0.00248,0.05207,0.00003,-3.12257,-3.05581,-1.49214,-0.11311,-1.26135,0.18254,0.07687,0.00028,0.0110,-0.0110,-0.0024,-0.0073,-0.0073,0.0073,0.0073,0.0073,-0.0110,-0.0110,-0.0024,-0.0024,0.0073,-0.0220,0.0073,0.0073,-0.040,-0.013,0.007,-0.021,0.002,-0.007,-0.002,-0.051,-0.013,-0.013,0.007,0.007,-0.002,0.002,-0.002,-0.002,28.0,29.0,30.0,29.0,30.0,30.0,29.0,28.0,28.0,29.0,30.0,29.0,30.0,30.0,29.0,29.0
1790307711.448212,10.611,-0.00324,-0.03071,-0.00019,-0.00019,0.42973,0.00248,0.05207,0.00003,-3.12257,-3.05581,-1.49214,-0.11311,-1.26135,0.18254,0.07687,0.00028,0.0110,-0.0110,-0.0024,-0.0073,-0.0073,0.0073,0.0073,0.0073,-0.0110,-0.0110,-0.0024,-0.0024,0.0073,-0.0220,0.0073,0.0073,-0.040,-0.013,0.007,-0.021,0.002,-0.007,-0.002,-0.051,-0.013,-0.013,0.007,0.007,-0.002,0.002,-0.002,-0.002,28.0,29.0,30.0,29.0,30.0,30.0,29.0,28.0,28.0,29.0,30.0,29.0,30.0,30.0,29.0,29.0
1790307711.457980,10.620,-0.00286,-0.03071,-0.00019,-0.00019,0.42973,0.00248,0.05207,0.00003,-3.12257,-3.05581,-1.49214,-0.11273,-1.26135,0.18254,0.07687,0.00028,-0.0110,-0.0330,0.0024,-0.0024,-0.0073,-0.0220,-0.0220,0.0073,-0.0110,-0.0110,0.0024,0.0024,-0.0220,-0.0073,-0.0220,-0.0073,-0.013,-0.013,0.007,-0.021,0.002,-0.007,-0.002,-0.051,-0.013,-0.013,0.007,0.007,-0.002,0.002,-0.002,-0.007,28.0,29.0,30.0,29.0,30.0,30.0,29.0,28.0,28.0,29.0,30.0,29.0,30.0,30.0,29.0,29.0
1790307711.468198,10.631,-0.00286,-0.03071,-0.00019,-0.00019,0.42973,0.00248,0.05207,0.00003,-3.12257,-3.05581,-1.49214,-0.11273,-1.26135,0.18254,0.07687,0.00028,-0.0110,-0.0330,0.0024,-0.0024,-0.0073,-0.0220,-0.0220,0.0073,-0.0110,-0.0110,0.0024,0.0024,-0.0220,-0.0073,-0.0220,-0.0073,-0.013,-0.013,0.007,-0.021,0.002,-0.007,-0.002,-0.051,-0.013,-0.013,0.007,0.007,-0.002,0.002,-0.002,-0.007,28.0,29.0,30.0,29.0,30.0,30.0,29.0,28.0,28.0,29.0,30.0,29.0,30.0,30.0,29.0,29.0
1790307711.477426,10.640,-0.00286,-0.03071,-0.00019,-0.00019,0.42973,0.00248,0.05207,0.00003,-3.12257,-3.05581,-1.49214,-0.11273,-1.26135,0.18254,0.07687,0.00028,-0.0110,-0.0330,0.0024,-0.0024,-0.0073,-0.0220,-0.0220,0.0073,-0.0110,-0.0110,0.0024,0.0024,-0.0220,-0.0073,-0.0220,-0.0073,-0.013,-0.013,0.007,-0.021,0.002,-0.007,-0.002,-0.051,-0.013,-0.013,0.007,0.007,-0.002,0.002,-0.002,-0.007,28.0,29.0,30.0,29.0,30.0,30.0,29.0,28.0,28.0,29.0,30.0,29.0,30.0,30.0,29.0,29.0
1790307711.487395,10.650,-0.00286,-0.03071,-0.00019,-0.00019,0.42973,0.00248,0.05207,0.00003,-3.12257,-3.05581,-1.49214,-0.11273,-1.26135,0.18254,0.07687,0.00028,-0.0110,-0.0330,0.0024,-0.0024,-0.0073,-0.0220,-0.0220,-0.0073,-0.0110,-0.0110,0.0024,0.0024,-0.0220,-0.0073,-0.0220,-0.0220,-0.013,-0.013,0.007,-0.021,0.002,-0.007,-0.002,-0.051,-0.013,-0.013,0.007,0.007,-0.002,0.002,-0.002,-0.007,28.0,29.0,30.0,29.0,30.0,30.0,29.0,28.0,28.0,29.0,30.0,29.0,30.0,30.0,29.0,29.0
1790307711.497559,10.660,-0.00286,-0.03071,-0.00019,-0.00019,0.42973,0.00248,0.05207,0.00003,-3.12257,-3.05581,-1.49214,-0.11311,-1.26135,0.18254,0.07687,0.00028,-0.0110,-0.0110,-0.0024,-0.0073,0.0073,-0.0073,-0.0073,-0.0073,-0.0110,-0.0110,0.0024,-0.0073,-0.0073,-0.0073,-0.0220,-0.0073,-0.040,-0.013,0.007,-0.021,0.002,-0.007,-0.002,-0.051,-0.013,-0.013,0.007,0.007,-0.002,0.002,-0.007,-0.007,28.0,29.0,30.0,29.0,30.0,30.0,29.0,28.0,28.0,29.0,30.0,29.0,30.0,30.0,29.0,29.0
1790307711.507828,10.670,-0.00286,-0.03071,-0.00019,-0.00019,0.42973,0.00248,0.05207,0.00003,-3.12257,-3.05581,-1.49214,-0.11311,-1.26135,0.18254,0.07687,0.00028,-0.0110,-0.0110,-0.0024,-0.0073,0.0073,-0.0073,-0.0073,-0.0073,-0.0110,-0.0110,0.0024,-0.0073,-0.0073,-0.0073,-0.0220,-0.0073,-0.040,-0.013,0.007,-0.021,0.002,-0.007,-0.002,-0.051,-0.013,-0.013,0.007,0.007,-0.002,0.002,-0.007,-0.007,28.0,29.0,30.0,29.0,30.0,30.0,29.0,28.0,28.0,29.0,30.0,29.0,30.0,30.0,29.0,29.0
1790307711.517990,10.680,-0.00286,-0.03071,-0.00019,-0.00019,0.42973,0.00248,0.05207,0.00003,-3.12257,-3.05581,-1.49214,-0.11311,-1.26135,0.18254,0.07687,0.00028,-0.0110,-0.0110,-0.0024,-0.0073,0.0073,-0.0073,-0.0073,-0.0073,-0.0110,-0.0110,0.0024,-0.0073,-0.0073,-0.0073,-0.0220,-0.0073,-0.040,-0.013,0.007,-0.021,0.002,-0.007,-0.002,-0.051,-0.013,-0.013,0.007,0.007,-0.002,0.002,-0.007,-0.007,28.0,29.0,30.0,29.0,30.0,30.0,29.0,28.0,28.0,29.0,30.0,29.0,30.0,30.0,29.0,29.0
1790307711.528274,10.691,-0.00286,-0.03071,-0.00019,-0.00019,0.42973,0.00248,0.05207,0.00003,-3.12257,-3.05581,-1.49214,-0.11311,-1.26135,0.18254,0.07687,0.00028,-0.0110,-0.0110,-0.0024,-0.0073,0.0073,-0.0073,-0.0073,-0.0073,-0.0110,-0.0110,0.0024,-0.0073,-0.0073,-0.0073,-0.0220,-0.0073,-0.040,-0.013,0.007,-0.021,0.002,-0.007,-0.002,-0.051,-0.013,-0.013,0.007,0.007,-0.002,0.002,-0.007,-0.007,28.0,29.0,30.0,29.0,30.0,30.0,29.0,28.0,28.0,29.0,30.0,29.0,30.0,30.0,29.0,29.0
1790307711.537798,10.700,-0.00286,-0.03071,-0.00019,-0.00019,0.42973,0.00248,0.05207,0.00005,-3.12257,-3.05581,-1.49214,-0.11273,-1.26135,0.18254,0.07687,0.00028,-0.0110,-0.0110,-0.0024,-0.0024,0.0073,-0.0073,-0.0073,-0.0073,0.0110,-0.0110,-0.0024,-0.0024,-0.0073,-0.0073,-0.0220,0.0073,-0.040,-0.013,0.007,-0.021,0.002,-0.007,-0.002,-0.051,-0.013,-0.013,0.007,0.007,-0.002,0.002,-0.007,-0.002,28.0,29.0,30.0,29.0,30.0,30.0,29.0,28.0,28.0,29.0,30.0,29.0,30.0,30.0,29.0,29.0
1790307711.547374,10.710,-0.00286,-0.03071,-0.00019,-0.00019,0.42973,0.00248,0.05207,0.00005,-3.12257,-3.05581,-1.49214,-0.11273,-1.26135,0.18254,0.07687,0.00028,-0.0110,-0.0110,-0.0024,-0.0024,0.0073,-0.0220,-0.0220,-0.0073,0.0110,-0.0110,-0.0024,-0.0024,-0.0073,-0.0073,-0.0073,0.0073,-0.040,-0.013,0.007,-0.021,0.002,-0.007,-0.002,-0.051,-0.013,-0.013,0.007,0.007,-0.002,0.002,-0.007,-0.002,28.0,29.0,30.0,29.0,30.0,30.0,29.0,28.0,28.0,29.0,30.0,29.0,30.0,30.0,29.0,29.0
1790307711.557584,10.720,-0.00286,-0.03071,-0.00019,-0.00019,0.42973,0.00248,0.05207,0.00005,-3.12257,-3.05581,-1.49214,-0.11273,-1.26135,0.18254,0.07687,0.00028,-0.0110,-0.0110,-0.0024,-0.0024,0.0073,-0.0220,-0.0220,-0.0073,0.0110,-0.0110,-0.0024,-0.0024,-0.0073,-0.0073,-0.0073,0.0073,-0.040,-0.013,0.007,-0.021,0.002,-0.007,-0.002,-0.051,-0.013,-0.013,0.007,0.007,-0.002,0.002,-0.007,-0.002,28.0,29.0,30.0,29.0,30.0,30.0,29.0,28.0,28.0,29.0,30.0,29.0,30.0,30.0,29.0,29.0
1790307711.569079,10.731,-0.00286,-0.03071,-0.00019,-0.00019,0.42973,0.00248,0.05207,0.00005,-3.12257,-3.05581,-1.49214,-0.11273,-1.26135,0.18254,0.07687,0.00028,-0.0110,-0.0110,-0.0024,-0.0024,0.0073,-0.0220,-0.0220,-0.0073,0.0110,-0.0110,-0.0024,-0.0024,-0.0073,-0.0073,-0.0073,0.0073,-0.040,-0.013,0.007,-0.021,0.002,-0.007,-0.002,-0.051,-0.013,-0.013,0.007,0.007,-0.002,0.002,-0.007,-0.002,28.0,29.0,30.0,29.0,30.0,30.0,29.0,28.0,28.0,29.0,30.0,29.0,30.0,30.0,29.0,29.0
1790307711.577633,10.740,-0.00324,-0.03071,-0.00019,-0.00019,0.42973,0.00248,0.05207,0.00003,-3.12257,-3.05581,-1.49214,-0.11273,-1.26135,0.18254,0.07687,0.00028,-0.0110,-0.0330,-0.0024,-0.0024,0.0073,-0.0220,-0.0220,-0.0073,-0.0110,-0.0110,-0.0024,-0.0024,-0.0073,-0.0073,-0.0073,-0.0220,-0.013,-0.013,0.007,-0.021,0.002,-0.007,-0.002,-0.051,-0.013,-0.013,0.007,0.007,-0.002,0.002,-0.007,0.002,28.0,29.0,30.0,29.0,30.0,30.0,29.0,28.0,28.0,29.0,30.0,29.0,30.0,30.0,29.0,29.0
1790307711.587514,10.750,-0.00324,-0.03071,-0.00019,-0.00019,0.42973,0.00248,0.05207,0.00003,-3.12257,-3.05581,-1.49214,-0.11273,-1.26135,0.18254,0.07687,0.00028,-0.0110,-0.0330,-0.0024,-0.0024,-0.0073,-0.0073,-0.0073,-0.0073,-0.0110,-0.0110,0.0024,-0.0024,-0.0073,-0.0073,-0.0073,-0.0220,-0.013,-0.013,0.007,-0.021,0.002,-0.007,-0.002,-0.051,-0.013,-0.013,0.007,-0.007,-0.002,-0.002,-0.002,0.002,28.0,29.0,30.0,29.0,30.0,30.0,29.0,28.0,28.0,29.0,30.0,29.0,30.0,30.0,29.0,29.0
1790307711.597449,10.760,-0.00324,-0.03071,-0.00019,-0.00019,0.42973,0.00248,0.05207,0.00003,-3.12257,-3.05581,-1.49214,-0.11273,-1.26135,0.18254,0.07687,0.00028,-0.0110,-0.0330,-0.0024,-0.0024,-0.0073,-0.0073,-0.0073,-0.0073,-0.0110,-0.0110,0.0024,-0.0024,-0.0073,-0.0073,-0.0073,-0.0073,-0.013,-0.013,0.007,-0.021,0.002,-0.007,-0.002,-0.046,-0.013,-0.013,0.007,-0.007,-0.002,-0.002,-0.002,0.002,28.0,29.0,30.0,29.0,30.0,30.0,29.0,28.0,28.0,29.0,30.0,29.0,30.0,30.0,29.0,29.0
1790307711.607394,10.770,-0.00324,-0.03071,-0.00019,-0.00019,0.42973,0.00248,0.05207,0.00003,-3.12257,-3.05581,-1.49214,-0.11273,-1.26135,0.18254,0.07687,0.00028,-0.0110,-0.0330,-0.0024,-0.0024,-0.0073,-0.0073,-0.0073,-0.0073,-0.0110,-0.0110,0.0024,-0.0024,-0.0073,-0.0073,-0.0073,-0.0073,-0.013,-0.013,0.007,-0.021,0.002,-0.007,-0.002,-0.046,-0.013,-0.013,0.007,-0.007,-0.002,-0.002,-0.002,0.002,28.0,29.0,30.0,29.0,30.0,30.0,29.0,28.0,28.0,29.0,30.0,29.0,30.0,30.0,29.0,29.0
1790307711.619614,10.782,-0.00324,-0.03071,-0.00019,-0.00019,0.42973,0.00248,0.05207,0.00003,-3.12257,-3.05581,-1.49214,-0.11273,-1.26135,0.18254,0.07687,0.00028,-0.0110,-0.0330,-0.0024,-0.0024,-0.0073,-0.0073,-0.0073,-0.0073,-0.0110,-0.0110,0.0024,-0.0024,-0.0073,-0.0073,-0.0073,-0.0073,-0.013,-0.013,0.007,-0.021,0.002,-0.007,-0.002,-0.046,-0.013,-0.013,0.007,-0.007,-0.002,-0.002,-0.002,0.002,28.0,29.0,30.0,29.0,30.0,30.0,29.0,28.0,28.0,29.0,30.0,29.0,30.0,30.0,29.0,29.0
1790307711.627414,10.790,-0.00286,-0.03071,-0.00019,-0.00019,0.42973,0.00248,0.05207,0.00003,-3.12257,-3.05581,-1.49214,-0.11273,-1.26135,0.18254,0.07687,0.00028,-0.0110,-0.0330,0.0024,-0.0024,-0.0073,-0.0073,-0.0073,-0.0073,-0.0110,-0.0110,-0.0024,-0.0024,0.0073,0.0073,-0.0073,-0.0073,-0.013,-0.013,0.007,-0.021,0.002,-0.007,-0.002,-0.051,-0.013,-0.013,-0.007,0.007,-0.002,0.002,-0.002,-0.002,28.0,29.0,30.0,29.0,30.0,30.0,29.0,28.0,28.0,29.0,30.0,29.0,30.0,30.0,29.0,29.0
1790307711.637598,10.800,-0.00286,-0.03071,-0.00019,-0.00019,0.42973,0.00248,0.05207,0.00003,-3.12257,-3.05581,-1.49214,-0.11273,-1.26135,0.18254,0.07687,0.00028,-0.0110,-0.0330,0.0024,-0.0024,-0.0073,-0.0073,-0.0073,-0.0073,-0.0110,-0.0110,-0.0024,-0.0024,0.0073,0.0073,-0.0073,-0.0073,-0.013,-0.013,0.007,-0.021,0.002,-0.007,-0.002,-0.051,-0.013,-0.013,-0.007,0.007,-0.002,0.002,-0.002,-0.002,28.0,29.0,30.0,29.0,30.0,30.0,29.0,28.0,28.0,29.0,30.0,29.0,30.0,30.0,29.0,29.0
1790307711.647431,10.810,-0.00286,-0.03071,-0.00019,-0.00019,0.42973,0.00248,0.05207,0.00003,-3.12257,-3.05581,-1.49214,-0.11273,-1.26135,0.18254,0.07687,0.00028,-0.0110,-0.0330,0.0024,-0.0024,-0.0073,-0.0073,-0.0073,-0.0073,-0.0110,-0.0110,-0.0024,-0.0024,0.0073,0.0073,-0.0073,-0.0220,-0.013,-0.013,0.007,-0.021,0.002,-0.007,-0.002,-0.051,-0.013,-0.013,-0.007,0.007,-0.002,0.002,-0.002,-0.002,28.0,29.0,30.0,29.0,30.0,30.0,29.0,28.0,28.0,29.0,30.0,29.0,30.0,30.0,29.0,29.0
1790307711.657598,10.820,-0.00286,-0.03071,-0.00019,-0.00019,0.42973,0.00248,0.05207,0.00003,-3.12257,-3.05581,-1.49214,-0.11273,-1.26135,0.18254,0.07687,0.00028,-0.0110,-0.0330,0.0024,-0.0024,-0.0073,-0.0073,-0.0073,-0.0073,-0.0110,-0.0110,-0.0024,-0.0024,0.0073,0.0073,-0.0073,-0.0220,-0.013,-0.013,0.007,-0.021,0.002,-0.007,-0.002,-0.051,-0.013,-0.013,-0.007,0.007,-0.002,0.002,-0.002,-0.002,28.0,29.0,30.0,29.0,30.0,30.0,29.0,28.0,28.0,29.0,30.0,29.0,30.0,30.0,29.0,29.0
1790307711.667479,10.830,-0.00286,-0.03071,-0.00019,-0.00019,0.42973,0.00248,0.05207,0.00003,-3.12257,-3.05581,-1.49214,-0.11273,-1.26135,0.18254,0.07687,0.00028,-0.0110,-0.0330,0.0024,-0.0024,-0.0073,-0.0073,-0.0073,-0.0073,-0.0110,-0.0110,-0.0024,-0.0024,0.0073,0.0073,-0.0073,-0.0220,-0.013,-0.013,0.007,-0.021,0.002,-0.007,-0.002,-0.051,-0.013,-0.013,-0.007,0.007,-0.002,0.002,-0.002,-0.002,28.0,29.0,30.0,29.0,30.0,30.0,29.0,28.0,28.0,29.0,30.0,29.0,30.0,30.0,29.0,29.0
1790307711.677630,10.840,-0.00286,-0.03071,-0.00019,-0.00019,0.42973,0.00248,0.05207,0.00003,-3.12257,-3.05581,-1.49214,-0.11311,-1.26135,0.18254,0.07687,0.00030,0.0110,-0.0110,-0.0024,-0.0024,-0.0073,-0.0073,0.0073,-0.0073,-0.0110,-0.0110,-0.0024,-0.0024,-0.0073,-0.0073,0.0073,-0.0073,-0.040,-0.013,0.021,-0.021,0.002,-0.007,-0.007,-0.056,-0.013,-0.013,0.007,0.007,-0.002,0.002,-0.007,-0.002,28.0,29.0,30.0,29.0,30.0,30.0,29.0,28.0,28.0,29.0,30.0,29.0,30.0,30.0,29.0,29.0
1790307711.687430,10.850,-0.00286,-0.03071,-0.00019,-0.00019,0.42973,0.00248,0.05207,0.00003,-3.12257,-3.05581,-1.49214,-0.11311,-1.26135,0.18254,0.07687,0.00030,0.0110,-0.0110,-0.0024,-0.0024,-0.0073,-0.0073,0.0073,-0.0073,-0.0110,-0.0110,-0.0024,-0.0024,-0.0073,-0.0073,0.0073,-0.0073,-0.040,-0.013,0.021,-0.021,0.002,-0.007,-0.007,-0.056,-0.013,-0.013,0.007,0.007,-0.002,0.002,-0.007,-0.002,28.0,29.0,30.0,29.0,30.0,30.0,29.0,28.0,28.0,29.0,30.0,29.0,30.0,30.0,29.0,29.0
1790307711.697544,10.860,-0.00286,-0.03071,-0.00019,-0.00019,0.42973,0.00248,0.05207,0.00003,-3.12257,-3.05581,-1.49214,-0.11311,-1.26135,0.18254,0.07687,0.00028,0.0110,-0.0110,-0.0024,-0.0024,-0.0073,-0.0073,0.0073,0.0073,-0.0110,-0.0110,-0.0024,-0.0024,-0.0073,-0.0073,0.0073,-0.0073,-0.040,-0.013,0.021,-0.021,0.002,-0.007,-0.007,-0.051,-0.013,-0.013,0.007,0.007,-0.002,0.002,-0.007,-0.002,28.0,29.0,30.0,29.0,30.0,30.0,29.0,28.0,28.0,29.0,30.0,29.0,30.0,30.0,29.0,29.0
1790307711.707451,10.870,-0.00286,-0.03071,-0.00019,-0.00019,0.42973,0.00248,0.05207,0.00003,-3.12257,-3.05581,-1.49214,-0.11311,-1.26135,0.18254,0.07687,0.00028,0.0110,-0.0110,-0.0024,-0.0024,-0.0073,-0.0073,0.0073,0.0073,-0.0110,-0.0110,-0.0024,-0.0024,-0.0073,-0.0073,0.0073,-0.0073,-0.040,-0.013,0.021,-0.021,0.002,-0.007,-0.007,-0.051,-0.013,-0.013,0.007,0.007,-0.002,0.002,-0.007,-0.002,28.0,29.0,30.0,29.0,30.0,30.0,29.0,28.0,28.0,29.0,30.0,29.0,30.0,30.0,29.0,29.0
1790307711.717617,10.880,-0.00286,-0.03071,-0.00019,-0.00019,0.42973,0.00248,0.05207,0.00003,-3.12257,-3.05581,-1.49214,-0.11311,-1.26135,0.18254,0.07687,0.00028,0.0110,-0.0110,-0.0024,-0.0024,-0.0220,-0.0073,-0.0073,-0.0220,-0.0110,-0.0110,-0.0024,-0.0024,0.0073,-0.0073,-0.0220,-0.0073,-0.013,-0.013,0.007,-0.021,0.002,-0.007,-0.002,-0.051,-0.013,-0.013,0.007,0.007,-0.002,0.002,-0.002,-0.002,28.0,29.0,30.0,29.0,30.0,30.0,29.0,28.0,28.0,29.0,30.0,29.0,30.0,30.0,29.0,29.0
1790307711.728222,10.891,-0.00286,-0.03071,-0.00019,-0.00019,0.42973,0.00248,0.05207,0.00003,-3.12257,-3.05581,-1.49214,-0.11311,-1.26135,0.18254,0.07687,0.00028,0.0110,-0.0110,-0.0024,-0.0024,-0.0220,-0.0073,-0.0073,-0.0220,-0.0110,-0.0110,-0.0024,-0.0024,0.0073,-0.0073,-0.0220,-0.0073,-0.013,-0.013,0.007,-0.021,0.002,-0.007,-0.002,-0.051,-0.013,-0.013,0.007,0.007,-0.002,0.002,-0.002,-0.002,28.0,29.0,30.0,29.0,30.0,30.0,29.0,28.0,28.0,29.0,30.0,29.0,30.0,30.0,29.0,29.0
1790307711.737994,10.900,-0.00286,-0.03071,-0.00019,-0.00019,0.42973,0.00248,0.05207,0.00003,-3.12257,-3.05581,-1.49214,-0.11311,-1.26135,0.18254,0.07687,0.00028,0.0110,-0.0110,-0.0024,-0.0024,-0.0220,-0.0073,-0.0073,-0.0220,-0.0110,-0.0110,-0.0024,-0.0024,0.0073,-0.0073,-0.0220,-0.0073,-0.013,-0.013,0.007,-0.021,0.002,-0.007,-0.002,-0.051,-0.013,-0.013,0.007,0.007,-0.002,0.002,-0.002,-0.002,28.0,29.0,30.0,29.0,30.0,30.0,29.0,28.0,28.0,29.0,30.0,29.0,30.0,30.0,29.0,29.0
1790307711.747409,10.910,-0.00286,-0.03071,-0.00019,-0.00019,0.42973,0.00248,0.05207,0.00003,-3.12257,-3.05581,-1.49214,-0.11311,-1.26135,0.18254,0.07687,0.00028,0.0110,-0.0110,-0.0024,-0.0024,-0.0220,-0.0073,-0.0073,0.0073,-0.0110,-0.0110,-0.0024,-0.0024,0.0073,-0.0073,-0.0220,-0.0073,-0.013,-0.013,0.007,-0.021,0.002,-0.007,-0.002,-0.051,-0.013,-0.013,0.007,0.007,-0.002,0.002,-0.002,-0.002,28.0,29.0,30.0,29.0,30.0,30.0,29.0,28.0,28.0,29.0,30.0,29.0,30.0,30.0,29.0,29.0
1790307711.757597,10.920,-0.00324,-0.03071,-0.00019,-0.00019,0.42973,0.00248,0.05207,0.00003,-3.12257,-3.05581,-1.49214,-0.11311,-1.26135,0.18254,0.07687,0.00028,-0.0110,-0.0110,-0.0024,-0.0024,0.0073,-0.0073,-0.0073,-0.0220,0.0110,-0.0110,-0.0024,-0.0073,0.0073,-0.0073,0.0073,0.0073,-0.040,-0.013,0.007,-0.021,0.002,-0.007,-0.002,-0.051,-0.013,-0.013,0.007,0.007,-0.002,0.002,-0.002,-0.002,28.0,29.0,30.0,29.0,30.0,30.0,29.0,28.0,28.0,29.0,30.0,29.0,30.0,30.0,29.0,29.0
1790307711.768205,10.931,-0.00324,-0.03071,-0.00019,-0.00019,0.42973,0.00248,0.05207,0.00003,-3.12257,-3.05581,-1.49214,-0.11311,-1.26135,0.18254,0.07687,0.00028,-0.0110,-0.0110,-0.0024,-0.0024,0.0073,-0.0073,-0.0073,-0.0220,0.0110,-0.0110,-0.0024,-0.0073,0.0073,-0.0073,0.0073,0.0073,-0.040,-0.013,0.007,-0.021,0.002,-0.007,-0.002,-0.051,-0.013,-0.013,0.007,0.007,-0.002,0.002,-0.002,-0.002,28.0,29.0,30.0,29.0,30.0,30.0,29.0,28.0,28.0,29.0,30.0,29.0,30.0,30.0,29.0,29.0
1790307711.778049,10.940,-0.00324,-0.03071,-0.00019,-0.00019,0.42973,0.00248,0.05207,0.00003,-3.12257,-3.05581,-1.49214,-0.11311,-1.26135,0.18254,0.07687,0.00028,-0.0110,-0.0110,-0.0024,-0.0024,0.0073,-0.0073,-0.0073,-0.0220,0.0110,-0.0110,-0.0024,-0.0073,0.0073,-0.0073,0.0073,0.0073,-0.040,-0.013,0.007,-0.021,0.002,-0.007,-0.002,-0.051,-0.013,-0.013,0.007,0.007,-0.002,0.002,-0.002,-0.002,28.0,29.0,30.0,29.0,30.0,30.0,29.0,28.0,28.0,29.0,30.0,29.0,30.0,30.0,29.0,29.0
1790307711.788224,10.951,-0.00324,-0.03071,-0.00019,-0.00019,0.42973,0.00248,0.05207,0.00003,-3.12257,-3.05581,-1.49214,-0.11311,-1.26135,0.18254,0.07687,0.00028,-0.0110,-0.0110,-0.0024,-0.0024,0.0073,-0.0073,-0.0073,-0.0220,0.0110,-0.0110,-0.0024,-0.0073,0.0073,-0.0073,0.0073,0.0073,-0.040,-0.013,0.007,-0.021,0.002,-0.007,-0.002,-0.051,-0.013,-0.013,0.007,0.007,-0.002,0.002,-0.002,-0.002,28.0,29.0,30.0,29.0,30.0,30.0,29.0,28.0,28.0,29.0,30.0,29.0,30.0,30.0,29.0,29.0
1790307711.798160,10.961,-0.00324,-0.03071,-0.00019,-0.00019,0.42973,0.00248,0.05207,0.00003,-3.12257,-3.05581,-1.49214,-0.11311,-1.26135,0.18254,0.07687,0.00028,-0.0110,-0.0110,-0.0024,-0.0024,0.0073,-0.0073,-0.0073,0.0073,-0.0330,-0.0110,-0.0024,-0.0073,0.0073,-0.0073,0.0073,-0.0073,-0.040,-0.013,0.007,-0.021,0.002,-0.007,-0.002,-0.051,-0.013,-0.013,0.007,0.007,-0.002,0.002,-0.002,-0.002,28.0,29.0,30.0,29.0,30.0,30.0,29.0,28.0,28.0,29.0,30.0,29.0,30.0,30.0,29.0,29.0
1790307711.807403,10.970,-0.00324,-0.03071,-0.00019,-0.00019,0.42973,0.00248,0.05207,0.00003,-3.12257,-3.05581,-1.49214,-0.11311,-1.26135,0.18254,0.07687,0.00028,-0.0110,-0.0110,-0.0073,-0.0073,0.0073,0.0073,-0.0073,-0.0073,-0.0330,-0.0110,-0.0073,-0.0024,-0.0073,-0.0220,0.0073,-0.0073,-0.040,-0.013,0.007,-0.021,0.002,-0.007,-0.002,-0.051,-0.013,-0.013,-0.007,0.007,-0.002,0.002,-0.007,-0.002,28.0,29.0,30.0,29.0,30.0,30.0,29.0,28.0,28.0,29.0,30.0,29.0,30.0,30.0,29.0,29.0
1790307711.818000,10.980,-0.00324,-0.03071,-0.00019,-0.00019,0.42973,0.00248,0.05207,0.00003,-3.12257,-3.05581,-1.49214,-0.11311,-1.26135,0.18254,0.07687,0.00028,-0.0110,-0.0110,-0.0073,-0.0073,0.0073,0.0073,-0.0073,-0.0073,-0.0330,-0.0110,-0.0073,-0.0024,-0.0073,-0.0220,0.0073,-0.0073,-0.040,-0.013,0.007,-0.021,0.002,-0.007,-0.002,-0.051,-0.013,-0.013,-0.007,0.007,-0.002,0.002,-0.007,-0.002,28.0,29.0,30.0,29.0,30.0,30.0,29.0,28.0,28.0,29.0,30.0,29.0,30.0,30.0,29.0,29.0
1790307711.827753,10.990,-0.00324,-0.03071,-0.00019,-0.00019,0.42973,0.00248,0.05207,0.00003,-3.12257,-3.05581,-1.49214,-0.11311,-1.26135,0.18254,0.07687,0.00028,-0.0110,-0.0110,-0.0073,-0.0073,0.0073,0.0073,-0.0073,-0.0073,-0.0330,-0.0110,-0.0073,-0.0024,-0.0073,-0.0220,0.0073,-0.0073,-0.040,-0.013,0.007,-0.021,0.002,-0.007,-0.002,-0.051,-0.013,-0.013,-0.007,0.007,-0.002,0.002,-0.007,-0.002,28.0,29.0,30.0,29.0,30.0,30.0,29.0,28.0,28.0,29.0,30.0,29.0,30.0,30.0,29.0,29.0
1790307711.837989,11.000,-0.00324,-0.03071,-0.00019,-0.00019,0.42973,0.00248,0.05207,0.00003,-3.12257,-3.05581,-1.49214,-0.11311,-1.26135,0.18254,0.07687,0.00028,-0.0110,-0.0110,-0.0024,-0.0024,0.0073,0.0073,-0.0073,-0.0073,0.0110,-0.0110,-0.0073,-0.0024,-0.0073,-0.0220,0.0073,-0.0073,-0.040,-0.013,0.007,-0.021,0.002,-0.007,-0.002,-0.051,-0.013,-0.013,-0.007,0.007,-0.002,0.002,-0.007,-0.002,28.0,29.0,30.0,29.0,30.0,30.0,29.0,28.0,28.0,29.0,30.0,29.0,30.0,30.0,29.0,29.0
1790307711.847497,11.010,-0.00324,-0.03071,-0.00019,-0.00019,0.42973,0.00248,0.05207,0.00003,-3.12257,-3.05581,-1.49214,-0.11273,-1.26135,0.18254,0.07687,0.00028,-0.0110,-0.0110,-0.0024,-0.0024,0.0073,0.0073,-0.0073,-0.0073,0.0110,-0.0110,-0.0073,-0.0024,-0.0220,-0.0073,-0.0073,-0.0073,-0.040,-0.013,0.007,-0.021,0.002,-0.007,-0.002,-0.051,-0.013,-0.013,0.007,0.007,-0.002,0.002,-0.002,-0.002,28.0,29.0,30.0,29.0,30.0,30.0,29.0,28.0,28.0,29.0,30.0,29.0,30.0,30.0,29.0,29.0
1790307711.857613,11.020,-0.00324,-0.03071,-0.00019,-0.00019,0.42973,0.00248,0.05207,0.00005,-3.12257,-3.05581,-1.49214,-0.11273,-1.26135,0.18254,0.07687,0.00028,-0.0110,-0.0110,-0.0024,-0.0024,0.0073,0.0073,-0.0073,-0.0073,0.0110,-0.0110,-0.0073,-0.0024,-0.0220,-0.0073,-0.0073,0.0073,-0.040,-0.013,0.007,-0.021,0.002,-0.007,-0.002,-0.051,-0.013,-0.013,0.007,0.007,-0.002,0.002,-0.002,-0.002,28.0,29.0,30.0,29.0,30.0,30.0,29.0,28.0,28.0,29.0,30.0,29.0,30.0,30.0,29.0,29.0
1790307711.867374,11.030,-0.00324,-0.03071,-0.00019,-0.00019,0.42973,0.00248,0.05207,0.00005,-3.12257,-3.05581,-1.49214,-0.11273,-1.26135,0.18254,0.07687,0.00028,-0.0110,-0.0110,-0.0024,-0.0024,0.0073,0.0073,-0.0073,-0.0073,0.0110,-0.0110,-0.0073,-0.0024,-0.0220,-0.0073,-0.0073,0.0073,-0.040,-0.013,0.007,-0.021,0.002,-0.007,-0.002,-0.051,-0.013,-0.013,0.007,0.007,-0.002,0.002,-0.002,-0.002,28.0,29.0,30.0,29.0,30.0,30.0,29.0,28.0,28.0,29.0,30.0,29.0,30.0,30.0,29.0,29.0
1790307711.877617,11.040,-0.00324,-0.03071,-0.00019,-0.00019,0.42973,0.00248,0.05207,0.00003,-3.12257,-3.05581,-1.49214,-0.11273,-1.26135,0.18254,0.07687,0.00028,-0.0110,-0.0110,-0.0024,-0.0024,0.0073,0.0073,-0.0073,0.0073,0.0110,-0.0110,-0.0073,-0.0024,-0.0220,-0.0073,-0.0073,0.0073,-0.013,-0.013,0.007,-0.021,0.002,-0.007,-0.002,-0.046,-0.013,-0.013,0.007,0.007,-0.002,0.002,-0.002,-0.002,28.0,29.0,30.0,29.0,30.0,30.0,29.0,28.0,28.0,29.0,30.0,29.0,30.0,30.0,29.0,29.0
1790307711.887403,11.050,-0.00324,-0.03071,-0.00019,-0.00019,0.42973,0.00248,0.05207,0.00003,-3.12257,-3.05581,-1.49214,-0.11311,-1.26135,0.18254,0.07687,0.00030,-0.0110,-0.0110,-0.0024,-0.0073,-0.0073,-0.0073,0.0073,0.0073,-0.0110,-0.0110,-0.0024,-0.0024,-0.0073,-0.0073,0.0073,-0.0073,-0.013,-0.013,0.021,-0.021,0.002,-0.007,-0.002,-0.046,-0.013,-0.013,0.021,0.007,-0.002,0.002,-0.007,-0.002,28.0,29.0,30.0,29.0,30.0,30.0,29.0,28.0,28.0,29.0,30.0,29.0,30.0,30.0,29.0,29.0
1790307711.897517,11.060,-0.00324,-0.03071,-0.00019,-0.00019,0.42973,0.00248,0.05207,0.00003,-3.12257,-3.05581,-1.49214,-0.11311,-1.26135,0.18254,0.07687,0.00030,-0.0110,-0.0110,-0.0024,-0.0073,-0.0073,-0.0073,0.0073,0.0073,-0.0110,-0.0110,-0.0024,-0.0024,-0.0073,-0.0073,0.0073,-0.0073,-0.013,-0.013,0.021,-0.021,0.002,-0.007,-0.002,-0.046,-0.013,-0.013,0.021,0.007,-0.002,0.002,-0.007,-0.002,28.0,29.0,30.0,29.0,30.0,30.0,29.0,28.0,28.0,29.0,30.0,29.0,30.0,30.0,29.0,29.0
1790307711.907519,11.070,-0.00324,-0.03071,-0.00019,-0.00019,0.42973,0.00248,0.05207,0.00003,-3.12257,-3.05581,-1.49214,-0.11311,-1.26135,0.18254,0.07687,0.00028,-0.0110,-0.0110,-0.0024,-0.0073,-0.0073,-0.0073,0.0073,-0.0073,-0.0110,-0.0110,-0.0024,-0.0024,-0.0073,-0.0073,0.0073,-0.0220,-0.013,-0.013,0.021,-0.021,0.002,-0.007,-0.002,-0.046,-0.013,-0.013,0.021,0.007,-0.002,0.002,-0.007,-0.002,28.0,29.0,30.0,29.0,30.0,30.0,29.0,28.0,28.0,29.0,30.0,29.0,30.0,30.0,29.0,29.0
1790307711.917563,11.080,-0.00324,-0.03071,-0.00019,-0.00019,0.42973,0.00248,0.05207,0.00003,-3.12257,-3.05581,-1.49214,-0.11311,-1.26135,0.18254,0.07687,0.00028,-0.0110,-0.0110,-0.0024,-0.0073,-0.0073,-0.0073,0.0073,-0.0073,-0.0110,-0.0110,-0.0024,-0.0024,-0.0073,-0.0073,0.0073,-0.0220,-0.013,-0.013,0.021,-0.021,0.002,-0.007,-0.002,-0.051,-0.013,-0.013,0.021,0.007,-0.002,0.002,-0.007,-0.002,28.0,29.0,30.0,29.0,30.0,30.0,29.0,28.0,28.0,29.0,30.0,29.0,30.0,30.0,29.0,29.0
1790307711.927806,11.090,-0.00324,-0.03071,-0.00019,-0.00019,0.42973,0.00248,0.05207,0.00003,-3.12257,-3.05581,-1.49214,-0.11311,-1.26135,0.18254,0.07687,0.00028,-0.0110,-0.0110,-0.0024,-0.0024,-0.0073,-0.0073,-0.0073,-0.0073,-0.0110,-0.0110,-0.0073,-0.0024,-0.0073,0.0073,0.0073,-0.0073,-0.013,-0.013,0.007,-0.021,0.002,-0.007,-0.002,-0.051,-0.013,-0.013,0.007,0.007,-0.002,0.002,-0.007,-0.002,28.0,29.0,30.0,29.0,30.0,30.0,29.0,28.0,28.0,29.0,30.0,29.0,30.0,30.0,29.0,29.0
1790307711.937711,11.100,-0.00324,-0.03071,-0.00019,-0.00019,0.42973,0.00248,0.05207,0.00003,-3.12257,-3.05581,-1.49214,-0.11311,-1.26135,0.18254,0.07687,0.00028,-0.0110,-0.0110,-0.0024,-0.0024,-0.0073,-0.0073,-0.0073,-0.0073,-0.0110,-0.0110,-0.0073,-0.0024,-0.0073,0.0073,0.0073,-0.0073,-0.013,-0.013,0.007,-0.021,0.002,-0.007,-0.002,-0.051,-0.013,-0.013,0.007,0.007,-0.002,0.002,-0.007,-0.002,28.0,29.0,30.0,29.0,30.0,30.0,29.0,28.0,28.0,29.0,30.0,29.0,30.0,30.0,29.0,29.0
1790307711.947401,11.110,-0.00324,-0.03071,-0.00019,-0.00019,0.42973,0.00248,0.05207,0.00003,-3.12257,-3.05581,-1.49214,-0.11311,-1.26135,0.18254,0.07687,0.00028,-0.0110,-0.0110,-0.0024,-0.0024,-0.0073,-0.0073,-0.0073,-0.0073,-0.0110,-0.0110,-0.0073,-0.0024,-0.0073,0.0073,0.0073,-0.0073,-0.013,-0.013,0.007,-0.021,0.002,-0.007,-0.002,-0.051,-0.013,-0.013,0.007,0.007,-0.002,0.002,-0.007,-0.002,28.0,29.0,30.0,29.0,30.0,30.0,29.0,28.0,28.0,29.0,30.0,29.0,30.0,30.0,29.0,29.0
1790307711.957564,11.120,-0.00324,-0.03071,-0.00019,-0.00019,0.42973,0.00248,0.05207,0.00003,-3.12257,-3.05581,-1.49214,-0.11311,-1.26135,0.18254,0.07687,0.00028,-0.0110,-0.0110,-0.0024,-0.0024,-0.0073,-0.0073,-0.0073,-0.0073,-0.0110,-0.0110,-0.0073,-0.0024,-0.0073,0.0073,0.0073,-0.0220,-0.013,-0.013,0.007,-0.021,0.002,-0.007,-0.002,-0.046,-0.013,-0.013,0.007,0.007,-0.002,0.002,-0.007,-0.002,28.0,29.0,30.0,29.0,30.0,30.0,29.0,28.0,28.0,29.0,30.0,29.0,30.0,30.0,29.0,29.0
1790307711.967501,11.130,-0.00324,-0.03071,-0.00019,-0.00019,0.42973,0.00210,0.05207,0.00003,-3.12257,-3.05581,-1.49214,-0.11311,-1.26135,0.18254,0.07687,0.00028,-0.0110,-0.0110,-0.0024,-0.0024,-0.0073,-0.0220,0.0073,-0.0073,-0.0110,0.0110,-0.0024,-0.0024,-0.0220,-0.0073,-0.0073,0.0073,-0.040,-0.013,0.007,-0.021,0.002,-0.007,-0.002,-0.051,-0.013,-0.013,0.007,0.007,-0.002,0.002,-0.002,-0.007,28.0,29.0,30.0,29.0,30.0,30.0,29.0,28.0,28.0,29.0,30.0,29.0,30.0,30.0,29.0,29.0
1790307711.977606,11.140,-0.00324,-0.03071,-0.00019,-0.00019,0.42973,0.00210,0.05207,0.00003,-3.12257,-3.05581,-1.49214,-0.11311,-1.26135,0.18254,0.07687,0.00028,-0.0110,-0.0110,-0.0024,-0.0024,-0.0073,-0.0220,0.0073,-0.0073,-0.0110,0.0110,-0.0024,-0.0024,-0.0220,-0.0073,-0.0073,0.0073,-0.040,-0.013,0.007,-0.021,0.002,-0.007,-0.002,-0.051,-0.013,-0.013,0.007,0.007,-0.002,0.002,-0.002,-0.007,28.0,29.0,30.0,29.0,30.0,30.0,29.0,28.0,28.0,29.0,30.0,29.0,30.0,30.0,29.0,29.0
1790307711.987462,11.150,-0.00324,-0.03071,-0.00019,-0.00019,0.42973,0.00210,0.05207,0.00003,-3.12257,-3.05581,-1.49214,-0.11311,-1.26135,0.18254,0.07687,0.00028,-0.0110,-0.0110,-0.0024,-0.0024,-0.0073,-0.0220,0.0073,-0.0073,-0.0110,0.0110,-0.0024,-0.0024,-0.0220,-0.0073,-0.0073,0.0073,-0.040,-0.013,0.007,-0.021,0.002,-0.007,-0.002,-0.051,-0.013,-0.013,0.007,0.007,-0.002,0.002,-0.002,-0.007,28.0,29.0,30.0,29.0,30.0,30.0,29.0,28.0,28.0,29.0,30.0,29.0,30.0,30.0,29.0,29.0
1790307711.997404,11.160,-0.00324,-0.03071,-0.00019,-0.00019,0.42973,0.00210,0.05207,0.00003,-3.12257,-3.05581,-1.49214,-0.11311,-1.26135,0.18254,0.07687,0.00028,-0.0110,-0.0110,-0.0024,-0.0024,-0.0073,-0.0220,0.0073,-0.0073,-0.0110,0.0110,-0.0024,-0.0024,-0.0220,-0.0073,-0.0073,0.0073,-0.040,-0.013,0.007,-0.021,0.002,-0.007,-0.002,-0.051,-0.013,-0.013,0.007,0.007,-0.002,0.002,-0.002,-0.007,28.0,29.0,30.0,29.0,30.0,30.0,29.0,28.0,28.0,29.0,30.0,29.0,30.0,30.0,29.0,29.0
1790307712.007430,11.170,-0.00286,-0.03071,-0.00019,-0.00019,0.42973,0.00248,0.05207,0.00003,-3.12257,-3.05581,-1.49214,-0.11273,-1.26135,0.18254,0.07687,0.00028,-0.0110,-0.0330,-0.0024,0.0024,-0.0220,-0.0073,-0.0220,-0.0073,-0.0330,-0.0110,-0.0024,-0.0024,0.0073,-0.0073,-0.0220,-0.0220,-0.040,-0.013,0.007,-0.021,0.002,-0.007,-0.002,-0.051,-0.013,-0.013,0.007,0.007,-0.002,0.002,-0.007,-0.007,28.0,29.0,30.0,29.0,30.0,30.0,29.0,28.0,28.0,29.0,30.0,29.0,30.0,30.0,29.0,29.0
1790307712.017508,11.180,-0.00286,-0.03071,-0.00019,-0.00019,0.42973,0.00248,0.05207,0.00003,-3.12257,-3.05581,-1.49214,-0.11273,-1.26135,0.18254,0.07687,0.00028,-0.0110,-0.0330,-0.0024,0.0024,-0.0220,-0.0073,-0.0220,-0.0073,-0.0330,-0.0110,-0.0024,-0.0024,0.0073,-0.0073,-0.0220,-0.0220,-0.040,-0.013,0.007,-0.021,0.002,-0.007,-0.002,-0.051,-0.013,-0.013,0.007,0.007,-0.002,0.002,-0.007,-0.007,28.0,29.0,30.0,29.0,30.0,30.0,29.0,28.0,28.0,29.0,30.0,29.0,30.0,30.0,29.0,29.0
1790307712.027366,11.190,-0.00286,-0.03071,-0.00019,-0.00019,0.42973,0.00248,0.05207,0.00003,-3.12257,-3.05581,-1.49214,-0.11273,-1.26135,0.18254,0.07687,0.00028,-0.0110,-0.0330,-0.0024,0.0024,-0.0220,-0.0073,-0.0220,-0.0073,-0.0330,-0.0110,-0.0024,-0.0024,0.0073,-0.0073,-0.0220,-0.0220,-0.040,-0.013,0.007,-0.021,0.002,-0.007,-0.002,-0.051,-0.013,-0.013,0.007,0.007,-0.002,0.002,-0.007,-0.007,28.0,29.0,30.0,29.0,30.0,30.0,29.0,28.0,28.0,29.0,30.0,29.0,30.0,30.0,29.0,29.0
1790307712.037999,11.200,-0.00286,-0.03071,-0.00019,-0.00019,0.42973,0.00248,0.05207,0.00003,-3.12257,-3.05581,-1.49214,-0.11273,-1.26135,0.18254,0.07687,0.00028,-0.0110,-0.0330,-0.0024,0.0024,-0.0220,-0.0073,-0.0220,-0.0073,-0.0330,-0.0110,-0.0024,-0.0024,0.0073,-0.0073,-0.0220,-0.0220,-0.040,-0.013,0.007,-0.021,0.002,-0.007,-0.002,-0.051,-0.013,-0.013,0.007,0.007,-0.002,0.002,-0.007,-0.007,28.0,29.0,30.0,29.0,30.0,30.0,29.0,28.0,28.0,29.0,30.0,29.0,30.0,30.0,29.0,29.0
1790307712.047383,11.210,-0.00286,-0.03071,-0.00019,-0.00019,0.42973,0.00248,0.05207,0.00003,-3.12257,-3.05581,-1.49214,-0.11273,-1.26135,0.18254,0.07687,0.00028,-0.0110,-0.0110,-0.0024,-0.0024,-0.0073,-0.0220,0.0073,-0.0073,-0.0110,-0.0330,-0.0073,-0.0024,0.0073,0.0073,-0.0073,-0.0220,-0.013,-0.013,0.007,-0.021,0.002,-0.007,-0.002,-0.051,-0.013,-0.013,0.007,0.007,-0.002,0.002,-0.007,-0.002,28.0,29.0,30.0,29.0,30.0,30.0,29.0,28.0,28.0,29.0,30.0,29.0,30.0,30.0,29.0,29.0
1790307712.057635,11.220,-0.00286,-0.03071,-0.00019,-0.00019,0.42973,0.00248,0.05207,0.00003,-3.12257,-3.05581,-1.49214,-0.11273,-1.26135,0.18254,0.07687,0.00028,-0.0110,-0.0110,-0.0024,-0.0024,-0.0073,-0.0220,0.0073,-0.0073,-0.0110,-0.0330,-0.0073,-0.0024,0.0073,0.0073,-0.0073,-0.0073,-0.013,-0.013,0.007,-0.021,0.002,-0.007,-0.002,-0.051,-0.013,-0.013,0.007,0.007,-0.002,0.002,-0.007,-0.002,28.0,29.0,30.0,29.0,30.0,30.0,29.0,28.0,28.0,29.0,30.0,29.0,30.0,30.0,29.0,29.0
1790307712.068213,11.231,-0.00286,-0.03071,-0.00019,-0.00019,0.42973,0.00248,0.05207,0.00003,-3.12257,-3.05581,-1.49214,-0.11273,-1.26135,0.18254,0.07687,0.00028,-0.0110,-0.0110,-0.0024,-0.0024,-0.0073,-0.0220,0.0073,-0.0073,-0.0110,-0.0330,-0.0073,-0.0024,0.0073,0.0073,-0.0073,-0.0073,-0.013,-0.013,0.007,-0.021,0.002,-0.007,-0.002,-0.051,-0.013,-0.013,0.007,0.007,-0.002,0.002,-0.007,-0.002,28.0,29.0,30.0,29.0,30.0,30.0,29.0,28.0,28.0,29.0,30.0,29.0,30.0,30.0,29.0,29.0
1790307712.078367,11.241,-0.00286,-0.03071,-0.00019,-0.00019,0.42973,0.00248,0.05207,0.00003,-3.12257,-3.05581,-1.49214,-0.11273,-1.26135,0.18254,0.07687,0.00028,-0.0110,-0.0110,-0.0024,-0.0024,-0.0073,-0.0220,0.0073,-0.0073,-0.0110,-0.0330,-0.0073,-0.0024,0.0073,0.0073,-0.0073,-0.0073,-0.013,-0.013,0.007,-0.021,0.002,-0.007,-0.002,-0.051,-0.013,-0.013,0.007,0.007,-0.002,0.002,-0.007,-0.002,28.0,29.0,30.0,29.0,30.0,30.0,29.0,28.0,28.0,29.0,30.0,29.0,30.0,30.0,29.0,29.0
1790307712.087833,11.250,-0.00286,-0.03071,-0.00019,-0.00019,0.42973,0.00248,0.05207,0.00003,-3.12257,-3.05581,-1.49214,-0.11273,-1.26135,0.18254,0.07687,0.00028,-0.0110,-0.0110,0.0024,-0.0024,0.0073,-0.0220,-0.0073,-0.0073,-0.0110,-0.0110,-0.0024,-0.0024,-0.0073,0.0073,-0.0073,0.0073,-0.040,-0.013,0.007,-0.021,0.002,-0.007,-0.002,-0.051,-0.013,-0.013,0.007,0.007,-0.002,0.002,-0.007,-0.002,28.0,29.0,30.0,29.0,30.0,30.0,29.0,28.0,28.0,29.0,30.0,29.0,30.0,30.0,29.0,29.0
1790307712.097572,11.260,-0.00286,-0.03071,-0.00019,-0.00019,0.42973,0.00248,0.05207,0.00003,-3.12257,-3.05581,-1.49214,-0.11273,-1.26135,0.18254,0.07687,0.00028,-0.0110,-0.0110,0.0024,-0.0024,0.0073,-0.0220,-0.0073,-0.0073,-0.0110,-0.0110,-0.0024,-0.0024,-0.0073,0.0073,-0.0073,0.0073,-0.040,-0.013,0.007,-0.021,0.002,-0.007,-0.002,-0.051,-0.013,-0.013,0.007,0.007,-0.002,0.002,-0.007,-0.002,28.0,29.0,30.0,29.0,30.0,30.0,29.0,28.0,28.0,29.0,30.0,29.0,30.0,30.0,29.0,29.0
1790307712.107376,11.270,-0.00286,-0.03071,-0.00019,-0.00019,0.42973,0.00248,0.05207,0.00003,-3.12257,-3.05581,-1.49214,-0.11273,-1.26135,0.18254,0.07687,0.00028,-0.0110,-0.0110,0.0024,-0.0024,0.0073,-0.0220,-0.0073,-0.0073,-0.0110,-0.0110,-0.0024,-0.0024,-0.0073,-0.0073,-0.0073,-0.0073,-0.040,-0.013,0.007,-0.021,0.002,-0.007,-0.002,-0.051,-0.013,-0.013,0.007,0.007,-0.002,0.002,-0.002,-0.002,28.0,29.0,30.0,29.0,30.0,30.0,29.0,28.0,28.0,29.0,30.0,29.0,30.0,30.0,29.0,29.0
1790307712.117583,11.280,-0.00286,-0.03071,-0.00019,-0.00019,0.42973,0.00248,0.05207,0.00003,-3.12257,-3.05581,-1.49214,-0.11273,-1.26135,0.18254,0.07687,0.00028,-0.0110,-0.0110,0.0024,-0.0024,0.0073,-0.0220,-0.0073,-0.0073,-0.0110,-0.0110,-0.0024,-0.0024,-0.0073,-0.0073,-0.0073,-0.0073,-0.040,-0.013,0.007,-0.021,0.002,-0.007,-0.002,-0.051,-0.013,-0.013,0.007,0.007,-0.002,0.002,-0.002,-0.002,28.0,29.0,30.0,29.0,30.0,30.0,29.0,28.0,28.0,29.0,30.0,29.0,30.0,30.0,29.0,29.0
1790307712.127439,11.290,-0.00286,-0.03071,-0.00019,-0.00019,0.42973,0.00248,0.05207,0.00003,-3.12257,-3.05581,-1.49214,-0.11311,-1.26135,0.18254,0.07687,0.00028,-0.0110,0.0110,-0.0024,-0.0024,-0.0073,-0.0220,-0.0073,-0.0073,-0.0110,-0.0110,-0.0024,-0.0024,-0.0073,-0.0073,-0.0073,-0.0073,-0.013,-0.013,0.007,-0.021,0.002,-0.007,-0.002,-0.051,-0.013,-0.013,0.021,0.007,-0.002,0.002,-0.007,-0.007,28.0,29.0,30.0,29.0,30.0,30.0,29.0,28.0,28.0,29.0,30.0,29.0,30.0,30.0,29.0,29.0
1790307712.137573,11.300,-0.00286,-0.03071,-0.00019,-0.00019,0.42973,0.00248,0.05207,0.00003,-3.12257,-3.05581,-1.49214,-0.11311,-1.26135,0.18254,0.07687,0.00028,-0.0110,0.0110,-0.0024,-0.0024,-0.0073,-0.0220,-0.0073,-0.0073,-0.0110,-0.0110,-0.0024,-0.0024,-0.0073,-0.0073,-0.0073,-0.0073,-0.013,-0.013,0.007,-0.021,0.002,-0.007,-0.002,-0.051,-0.013,-0.013,0.021,0.007,-0.002,0.002,-0.007,-0.007,28.0,29.0,30.0,29.0,30.0,30.0,29.0,28.0,28.0,29.0,30.0,29.0,30.0,30.0,29.0,29.0
1790307712.147831,11.310,-0.00286,-0.03071,-0.00019,-0.00019,0.42973,0.00248,0.05207,0.00003,-3.12257,-3.05581,-1.49214,-0.11311,-1.26135,0.18254,0.07687,0.00028,-0.0110,0.0110,-0.0024,-0.0024,-0.0073,-0.0220,-0.0073,-0.0073,-0.0110,-0.0110,-0.0024,-0.0024,-0.0073,-0.0073,-0.0073,-0.0073,-0.013,-0.013,0.007,-0.021,0.002,-0.007,-0.002,-0.051,-0.013,-0.013,0.021,0.007,-0.002,0.002,-0.007,-0.007,28.0,29.0,30.0,29.0,30.0,30.0,29.0,28.0,28.0,29.0,30.0,29.0,30.0,30.0,29.0,29.0
1790307712.157489,11.320,-0.00286,-0.03071,-0.00019,-0.00019,0.42973,0.00248,0.05207,0.00003,-3.12257,-3.05581,-1.49214,-0.11311,-1.26135,0.18254,0.07687,0.00028,-0.0110,0.0110,-0.0024,-0.0024,-0.0073,-0.0220,-0.0073,-0.0073,-0.0110,-0.0110,-0.0024,-0.0024,-0.0073,-0.0073,-0.0073,-0.0073,-0.013,-0.013,0.007,-0.021,0.002,-0.007,-0.002,-0.051,-0.013,-0.013,0.021,0.007,-0.002,0.002,-0.007,-0.007,28.0,29.0,30.0,29.0,30.0,30.0,29.0,28.0,28.0,29.0,30.0,29.0,30.0,30.0,29.0,29.0
1790307712.167941,11.330,-0.00324,-0.03071,-0.00019,-0.00019,0.42973,0.00248,0.05207,0.00003,-3.12257,-3.05581,-1.49214,-0.11311,-1.26097,0.18254,0.07687,0.00028,-0.0110,-0.0110,-0.0024,-0.0024,-0.0073,-0.0073,-0.0073,-0.0220,-0.0110,-0.0110,-0.0024,-0.0073,-0.0073,0.0073,-0.0073,-0.0073,-0.013,-0.013,0.007,-0.021,0.002,-0.007,-0.002,-0.051,-0.013,0.013,0.007,0.007,-0.002,0.002,-0.007,-0.007,28.0,29.0,30.0,29.0,30.0,30.0,29.0,28.0,28.0,29.0,30.0,29.0,30.0,30.0,29.0,29.0
1790307712.177580,11.340,-0.00324,-0.03071,-0.00019,-0.00019,0.42973,0.00248,0.05207,0.00003,-3.12257,-3.05581,-1.49214,-0.11311,-1.26097,0.18254,0.07687,0.00028,-0.0110,-0.0110,-0.0024,-0.0024,-0.0073,-0.0073,-0.0073,-0.0220,-0.0110,-0.0110,-0.0024,-0.0073,-0.0073,0.0073,-0.0073,-0.0073,-0.013,-0.013,0.007,-0.021,0.002,-0.007,-0.002,-0.051,-0.013,0.013,0.007,0.007,-0.002,0.002,-0.007,-0.007,28.0,29.0,30.0,29.0,30.0,30.0,29.0,28.0,28.0,29.0,30.0,29.0,30.0,30.0,29.0,29.0
1790307712.187789,11.350,-0.00324,-0.03071,-0.00019,-0.00019,0.42973,0.00248,0.05207,0.00003,-3.12257,-3.05581,-1.49214,-0.11311,-1.26097,0.18254,0.07687,0.00028,-0.0110,-0.0110,-0.0024,-0.0024,-0.0073,-0.0073,-0.0073,-0.0220,-0.0110,-0.0110,-0.0024,-0.0073,-0.0073,0.0073,-0.0073,-0.0073,-0.013,-0.013,0.007,-0.021,0.002,-0.007,-0.002,-0.051,-0.013,0.013,0.007,0.007,-0.002,0.002,-0.007,-0.007,28.0,29.0,30.0,29.0,30.0,30.0,29.0,28.0,28.0,29.0,30.0,29.0,30.0,30.0,29.0,29.0
1790307712.197568,11.360,-0.00324,-0.03071,-0.00019,-0.00019,0.42973,0.00248,0.05207,0.00003,-3.12257,-3.05581,-1.49214,-0.11311,-1.26097,0.18254,0.07687,0.00028,-0.0110,-0.0110,-0.0024,-0.0024,-0.0073,-0.0073,-0.0073,-0.0220,-0.0110,-0.0110,-0.0024,-0.0073,-0.0073,0.0073,-0.0073,-0.0073,-0.013,-0.013,0.007,-0.021,0.002,-0.007,-0.002,-0.051,-0.013,0.013,0.007,0.007,-0.002,0.002,-0.007,-0.007,28.0,29.0,30.0,29.0,30.0,30.0,29.0,28.0,28.0,29.0,30.0,29.0,30.0,30.0,29.0,29.0
1790307712.207411,11.370,-0.00286,-0.03071,-0.00019,-0.00019,0.42973,0.00248,0.05207,0.00005,-3.12257,-3.05581,-1.49214,-0.11311,-1.26097,0.18254,0.07687,0.00028,-0.0110,-0.0110,0.0024,-0.0024,-0.0073,-0.0073,-0.0073,-0.0073,-0.0110,-0.0330,-0.0024,-0.0024,-0.0073,0.0073,-0.0073,0.0073,-0.040,-0.013,0.007,-0.021,0.002,-0.007,-0.002,-0.056,-0.013,-0.013,-0.007,0.007,-0.002,0.002,-0.007,-0.002,28.0,29.0,30.0,29.0,30.0,30.0,29.0,28.0,28.0,29.0,30.0,29.0,30.0,30.0,29.0,29.0
1790307712.217584,11.380,-0.00286,-0.03071,-0.00019,-0.00019,0.42973,0.00248,0.05207,0.00005,-3.12257,-3.05581,-1.49214,-0.11311,-1.26135,0.18254,0.07687,0.00028,-0.0110,-0.0110,0.0024,0.0024,-0.0073,-0.0073,-0.0220,-0.0220,-0.0110,-0.0330,-0.0024,-0.0024,-0.0220,-0.0073,-0.0073,-0.0073,-0.040,-0.013,0.007,-0.021,0.002,-0.007,-0.002,-0.056,-0.013,-0.013,-0.007,0.007,-0.002,-0.002,-0.007,-0.002,28.0,29.0,30.0,29.0,30.0,30.0,29.0,28.0,28.0,29.0,30.0,29.0,30.0,30.0,29.0,29.0
1790307712.227376,11.390,-0.00286,-0.03071,-0.00019,-0.00019,0.42973,0.00248,0.05207,0.00005,-3.12257,-3.05581,-1.49214,-0.11311,-1.26135,0.18254,0.07687,0.00028,-0.0110,-0.0110,0.0024,0.0024,-0.0073,-0.0073,-0.0220,-0.0220,-0.0110,-0.0330,-0.0024,-0.0024,-0.0220,-0.0073,-0.0073,-0.0073,-0.040,-0.013,0.007,-0.021,0.002,-0.007,-0.002,-0.056,-0.013,-0.013,-0.007,0.007,-0.002,-0.002,-0.007,-0.002,28.0,29.0,30.0,29.0,30.0,30.0,29.0,28.0,28.0,29.0,30.0,29.0,30.0,30.0,29.0,29.0
1790307712.237615,11.400,-0.00286,-0.03071,-0.00019,-0.00019,0.42973,0.00248,0.05207,0.00005,-3.12257,-3.05581,-1.49214,-0.11311,-1.26135,0.18254,0.07687,0.00028,-0.0110,-0.0110,0.0024,0.0024,-0.0073,-0.0073,-0.0220,-0.0220,-0.0110,-0.0330,-0.0024,-0.0024,-0.0220,-0.0073,-0.0073,-0.0073,-0.040,-0.013,0.007,-0.021,0.002,-0.007,-0.002,-0.056,-0.013,-0.013,-0.007,0.007,-0.002,-0.002,-0.007,-0.002,28.0,29.0,30.0,29.0,30.0,30.0,29.0,28.0,28.0,29.0,30.0,29.0,30.0,30.0,29.0,29.0
1790307712.247383,11.410,-0.00324,-0.03071,-0.00019,-0.00019,0.42973,0.00248,0.05207,0.00003,-3.12257,-3.05581,-1.49214,-0.11311,-1.26135,0.18254,0.07687,0.00028,-0.0110,-0.0110,0.0024,0.0024,-0.0073,-0.0073,-0.0220,-0.0073,-0.0110,-0.0330,-0.0024,-0.0024,-0.0220,-0.0073,-0.0073,-0.0073,-0.040,-0.013,0.007,-0.021,0.002,-0.007,-0.002,-0.056,-0.013,-0.013,-0.007,0.007,-0.002,-0.002,-0.007,-0.002,28.0,29.0,30.0,29.0,30.0,30.0,29.0,28.0,28.0,29.0,30.0,29.0,30.0,30.0,29.0,29.0
1790307712.258150,11.421,-0.00324,-0.03071,-0.00019,-0.00019,0.43011,0.00248,0.05207,0.00003,-3.12257,-3.05581,-1.49214,-0.11273,-1.26135,0.18254,0.07687,0.00030,-0.0110,-0.0110,-0.0024,-0.0024,0.0220,-0.0073,-0.0073,-0.0073,-0.0110,-0.0110,-0.0024,-0.0024,-0.0073,-0.0220,-0.0073,-0.0220,-0.040,0.013,0.007,-0.021,-0.002,-0.007,-0.002,-0.056,-0.013,0.013,0.007,0.007,-0.002,0.002,-0.007,-0.007,28.0,29.0,30.0,29.0,30.0,30.0,29.0,28.0,28.0,29.0,30.0,29.0,30.0,30.0,29.0,29.0
1790307712.267398,11.430,-0.00324,-0.03071,-0.00019,-0.00019,0.43011,0.00248,0.05207,0.00003,-3.12257,-3.05581,-1.49214,-0.11273,-1.26135,0.18254,0.07687,0.00028,-0.0110,-0.0110,-0.0024,-0.0024,0.0220,-0.0073,-0.0073,0.0073,-0.0110,-0.0110,-0.0024,-0.0024,-0.0073,-0.0220,-0.0073,-0.0073,-0.040,0.013,0.007,-0.021,-0.002,-0.007,-0.002,-0.056,-0.013,0.013,0.007,0.007,-0.002,0.002,-0.007,-0.012,28.0,29.0,30.0,29.0,30.0,30.0,29.0,28.0,28.0,29.0,30.0,29.0,30.0,30.0,29.0,29.0
1790307712.277550,11.440,-0.00324,-0.03071,-0.00019,-0.00019,0.43011,0.00248,0.05207,0.00003,-3.12257,-3.05581,-1.49214,-0.11273,-1.26135,0.18254,0.07687,0.00028,-0.0110,-0.0110,-0.0024,-0.0024,0.0220,-0.0073,-0.0073,0.0073,-0.0110,-0.0110,-0.0024,-0.0024,-0.0073,-0.0220,-0.0073,-0.0073,-0.040,0.013,0.007,-0.021,-0.002,-0.007,-0.002,-0.056,-0.013,0.013,0.007,0.007,-0.002,0.002,-0.007,-0.012,28.0,29.0,30.0,29.0,30.0,30.0,29.0,28.0,28.0,29.0,30.0,29.0,30.0,30.0,29.0,29.0
1790307712.287405,11.450,-0.00324,-0.03071,-0.00019,-0.00019,0.43011,0.00248,0.05207,0.00003,-3.12257,-3.05581,-1.49214,-0.11273,-1.26135,0.18254,0.07687,0.00028,-0.0110,-0.0110,-0.0024,-0.0024,0.0220,-0.0073,-0.0073,0.0073,-0.0110,-0.0110,-0.0024,-0.0024,-0.0073,-0.0220,-0.0073,-0.0073,-0.040,0.013,0.007,-0.021,-0.002,-0.007,-0.002,-0.056,-0.013,0.013,0.007,0.007,-0.002,0.002,-0.007,-0.012,28.0,29.0,30.0,29.0,30.0,30.0,29.0,28.0,28.0,29.0,30.0,29.0,30.0,30.0,29.0,29.0
1790307712.297561,11.460,-0.00324,-0.03071,-0.00019,-0.00019,0.42973,0.00248,0.05207,0.00005,-3.12257,-3.05581,-1.49214,-0.11273,-1.26135,0.18254,0.07687,0.00028,-0.0330,-0.0110,0.0024,-0.0024,0.0073,-0.0220,-0.0073,-0.0073,-0.0110,-0.0330,-0.0024,-0.0024,0.0073,-0.0073,-0.0073,0.0073,-0.040,-0.013,0.007,-0.021,0.002,-0.007,-0.002,-0.056,-0.013,-0.013,0.007,0.007,-0.002,0.002,-0.007,-0.007,28.0,29.0,30.0,29.0,30.0,30.0,29.0,28.0,28.0,29.0,30.0,29.0,30.0,30.0,29.0,29.0
1790307712.307769,11.470,-0.00324,-0.03071,-0.00019,-0.00019,0.42973,0.00248,0.05207,0.00005,-3.12257,-3.05581,-1.49214,-0.11273,-1.26135,0.18254,0.07687,0.00028,-0.0330,-0.0110,0.0024,-0.0024,0.0073,-0.0220,-0.0073,-0.0073,-0.0110,-0.0330,-0.0024,-0.0024,0.0073,-0.0073,-0.0073,0.0073,-0.040,-0.013,0.007,-0.021,0.002,-0.007,-0.002,-0.056,-0.013,-0.013,0.007,0.007,-0.002,0.002,-0.007,-0.007,28.0,29.0,30.0,29.0,30.0,30.0,29.0,28.0,28.0,29.0,30.0,29.0,30.0,30.0,29.0,29.0
1790307712.317996,11.480,-0.00324,-0.03071,-0.00019,-0.00019,0.42973,0.00248,0.05207,0.00003,-3.12257,-3.05581,-1.49214,-0.11273,-1.26135,0.18254,0.07687,0.00028,-0.0330,-0.0110,0.0024,-0.0024,0.0073,-0.0220,-0.0073,-0.0220,-0.0110,-0.0330,-0.0024,-0.0024,0.0073,-0.0073,-0.0073,-0.0073,-0.040,-0.013,0.007,-0.021,0.002,-0.007,-0.002,-0.056,-0.013,-0.013,0.007,0.007,-0.002,0.002,-0.007,-0.007,28.0,29.0,30.0,29.0,30.0,30.0,29.0,28.0,28.0,29.0,30.0,29.0,30.0,30.0,29.0,29.0
1790307712.327797,11.490,-0.00324,-0.03071,-0.00019,-0.00019,0.42973,0.00248,0.05207,0.00003,-3.12257,-3.05581,-1.49214,-0.11273,-1.26135,0.18254,0.07687,0.00028,-0.0330,-0.0110,0.0024,-0.0024,0.0073,-0.0220,-0.0073,-0.0220,-0.0110,-0.0330,-0.0024,-0.0024,0.0073,-0.0073,-0.0073,-0.0073,-0.040,-0.013,0.007,-0.021,0.002,-0.007,-0.002,-0.056,-0.013,-0.013,0.007,0.007,-0.002,0.002,-0.007,-0.007,28.0,29.0,30.0,29.0,30.0,30.0,29.0,28.0,28.0,29.0,30.0,29.0,30.0,30.0,29.0,29.0
1790307712.337519,11.500,-0.00286,-0.03071,-0.00019,-0.00019,0.42973,0.00248,0.05207,0.00003,-3.12257,-3.05581,-1.49214,-0.11273,-1.26135,0.18254,0.07687,0.00028,-0.0110,-0.0110,-0.0024,-0.0024,-0.0073,-0.0073,-0.0073,-0.0073,-0.0110,-0.0110,-0.0024,-0.0024,-0.0073,-0.0073,-0.0073,-0.0073,-0.040,-0.013,0.007,-0.021,0.002,-0.007,-0.002,-0.061,-0.013,0.013,0.007,0.007,-0.002,0.002,-0.002,-0.007,28.0,29.0,30.0,29.0,30.0,30.0,29.0,28.0,28.0,29.0,30.0,29.0,30.0,30.0,29.0,29.0
1790307712.347433,11.510,-0.00286,-0.03071,-0.00019,-0.00019,0.42973,0.00248,0.05207,0.00003,-3.12257,-3.05581,-1.49214,-0.11273,-1.26135,0.18254,0.07687,0.00028,-0.0110,-0.0110,-0.0024,-0.0024,-0.0073,-0.0073,-0.0073,-0.0073,-0.0110,-0.0110,-0.0024,-0.0024,-0.0073,-0.0073,-0.0073,-0.0073,-0.040,-0.013,0.007,-0.021,0.002,-0.007,-0.002,-0.061,-0.013,0.013,0.007,0.007,-0.002,0.002,-0.002,-0.007,28.0,29.0,30.0,29.0,30.0,30.0,29.0,28.0,28.0,29.0,30.0,29.0,30.0,30.0,29.0,29.0
1790307712.357504,11.520,-0.00286,-0.03071,-0.00019,-0.00019,0.42973,0.00248,0.05207,0.00003,-3.12257,-3.05581,-1.49214,-0.11273,-1.26135,0.18254,0.07687,0.00028,-0.0110,-0.0110,-0.0024,-0.0024,-0.0073,-0.0073,-0.0073,-0.0073,-0.0110,-0.0110,-0.0024,-0.0024,-0.0073,-0.0073,-0.0073,-0.0073,-0.040,-0.013,0.007,-0.021,0.002,-0.007,-0.002,-0.061,-0.013,0.013,0.007,0.007,-0.002,0.002,-0.002,-0.007,28.0,29.0,30.0,29.0,30.0,30.0,29.0,28.0,28.0,29.0,30.0,29.0,30.0,30.0,29.0,29.0
1790307712.367438,11.530,-0.00286,-0.03071,-0.00019,-0.00019,0.42973,0.00248,0.05207,0.00003,-3.12257,-3.05581,-1.49214,-0.11273,-1.26135,0.18254,0.07687,0.00028,-0.0110,-0.0110,-0.0024,-0.0024,-0.0073,-0.0073,-0.0073,-0.0073,-0.0110,-0.0110,-0.0024,-0.0024,-0.0073,-0.0073,-0.0073,-0.0073,-0.040,-0.013,0.007,-0.021,0.002,-0.007,-0.002,-0.056,-0.013,0.013,0.007,0.007,-0.002,0.002,-0.002,-0.007,28.0,29.0,30.0,29.0,30.0,30.0,29.0,28.0,28.0,29.0,30.0,29.0,30.0,30.0,29.0,29.0
1790307712.377513,11.540,-0.00324,-0.03071,-0.00019,-0.00019,0.42973,0.00248,0.05207,0.00003,-3.12257,-3.05581,-1.49214,-0.11273,-1.26135,0.18254,0.07687,0.00028,-0.0110,-0.0110,-0.0024,-0.0024,-0.0073,-0.0073,-0.0073,-0.0220,-0.0330,0.0110,-0.0024,-0.0024,-0.0073,-0.0073,-0.0073,-0.0073,-0.040,-0.013,0.007,-0.021,0.002,-0.007,-0.002,-0.056,-0.013,0.013,0.007,0.007,-0.002,0.002,-0.002,-0.007,28.0,29.0,30.0,29.0,30.0,30.0,29.0,28.0,28.0,29.0,30.0,29.0,30.0,30.0,29.0,29.0
1790307712.387431,11.550,-0.00324,-0.03071,-0.00019,-0.00019,0.42973,0.00248,0.05207,0.00003,-3.12257,-3.05581,-1.49214,-0.11273,-1.26135,0.18254,0.07687,0.00028,-0.0110,-0.0110,-0.0024,-0.0024,-0.0073,-0.0073,-0.0073,-0.0220,-0.0330,0.0110,-0.0073,-0.0024,-0.0073,-0.0220,-0.0073,-0.0073,-0.040,-0.013,0.007,-0.021,0.002,-0.007,-0.002,-0.056,-0.013,0.013,0.007,0.007,-0.002,-0.002,-0.007,-0.007,28.0,29.0,30.0,29.0,30.0,30.0,29.0,28.0,28.0,29.0,30.0,29.0,30.0,30.0,29.0,29.0
1790307712.397571,11.560,-0.00324,-0.03071,-0.00019,-0.00019,0.42973,0.00248,0.05207,0.00003,-3.12257,-3.05581,-1.49214,-0.11273,-1.26135,0.18254,0.07687,0.00028,-0.0110,-0.0110,-0.0024,-0.0024,-0.0073,-0.0073,-0.0073,-0.0220,-0.0330,0.0110,-0.0073,-0.0024,-0.0073,-0.0220,-0.0073,-0.0073,-0.040,-0.013,0.007,-0.021,0.002,-0.007,-0.002,-0.056,-0.013,0.013,0.007,0.007,-0.002,-0.002,-0.007,-0.007,28.0,29.0,30.0,29.0,30.0,30.0,29.0,28.0,28.0,29.0,30.0,29.0,30.0,30.0,29.0,29.0
1790307712.407794,11.570,-0.00324,-0.03071,-0.00019,-0.00019,0.42973,0.00248,0.05207,0.00003,-3.12257,-3.05581,-1.49214,-0.11273,-1.26135,0.18254,0.07687,0.00028,-0.0110,-0.0110,-0.0024,-0.0024,-0.0073,-0.0073,-0.0073,-0.0220,-0.0330,0.0110,-0.0073,-0.0024,-0.0073,-0.0220,-0.0073,-0.0073,-0.040,-0.013,0.007,-0.021,0.002,-0.007,-0.002,-0.056,-0.013,0.013,0.007,0.007,-0.002,-0.002,-0.007,-0.007,28.0,29.0,30.0,29.0,30.0,30.0,29.0,28.0,28.0,29.0,30.0,29.0,30.0,30.0,29.0,29.0
1790307712.417573,11.580,-0.00286,-0.03071,-0.00019,-0.00019,0.42973,0.00248,0.05207,0.00005,-3.12257,-3.05581,-1.49214,-0.11273,-1.26135,0.18254,0.07687,0.00028,-0.0110,-0.0110,-0.0024,-0.0024,-0.0073,-0.0073,-0.0073,-0.0220,-0.0330,0.0110,-0.0073,-0.0024,-0.0073,-0.0220,-0.0073,-0.0073,-0.040,-0.013,0.007,-0.021,0.002,-0.007,-0.002,-0.056,-0.013,0.013,0.007,0.007,-0.002,-0.002,-0.007,-0.007,28.0,29.0,30.0,29.0,30.0,30.0,29.0,28.0,28.0,29.0,30.0,29.0,30.0,30.0,29.0,29.0
1790307712.427851,11.590,-0.00324,-0.03071,-0.00019,-0.00019,0.42973,0.00248,0.05207,0.00003,-3.12257,-3.05581,-1.49214,-0.11311,-1.26135,0.18254,0.07687,0.00028,-0.0110,-0.0330,-0.0024,-0.0024,-0.0073,0.0073,-0.0073,0.0220,-0.0110,-0.0110,-0.0024,-0.0024,-0.0073,-0.0073,-0.0073,-0.0073,-0.040,-0.013,0.007,-0.034,0.002,-0.007,-0.002,-0.061,-0.013,-0.013,0.007,0.007,-0.002,0.002,-0.002,-0.007,28.0,29.0,30.0,29.0,30.0,30.0,29.0,28.0,28.0,29.0,30.0,29.0,30.0,30.0,29.0,29.0
1790307712.437630,11.600,-0.00324,-0.03071,-0.00019,-0.00019,0.42973,0.00248,0.05207,0.00003,-3.12257,-3.05581,-1.49214,-0.11311,-1.26135,0.18254,0.07687,0.00028,-0.0110,-0.0330,-0.0024,-0.0024,-0.0073,0.0073,-0.0073,0.0220,-0.0110,-0.0110,-0.0024,-0.0024,-0.0073,-0.0073,-0.0073,-0.0073,-0.040,-0.013,0.007,-0.034,0.002,-0.007,-0.002,-0.061,-0.013,-0.013,0.007,0.007,-0.002,0.002,-0.002,-0.007,28.0,29.0,30.0,29.0,30.0,30.0,29.0,28.0,28.0,29.0,30.0,29.0,30.0,30.0,29.0,29.0
1790307712.447417,11.610,-0.00324,-0.03071,-0.00019,-0.00019,0.42973,0.00248,0.05207,0.00003,-3.12257,-3.05581,-1.49214,-0.11311,-1.26135,0.18254,0.07687,0.00028,-0.0110,-0.0330,-0.0024,-0.0024,-0.0073,0.0073,-0.0073,0.0220,-0.0110,-0.0110,-0.0024,-0.0024,-0.0073,-0.0073,-0.0073,-0.0073,-0.040,-0.013,0.007,-0.034,0.002,-0.007,-0.002,-0.061,-0.013,-0.013,0.007,0.007,-0.002,0.002,-0.002,-0.007,28.0,29.0,30.0,29.0,30.0,30.0,29.0,28.0,28.0,29.0,30.0,29.0,30.0,30.0,29.0,29.0
1790307712.459005,11.621,-0.00324,-0.03071,-0.00019,-0.00019,0.42973,0.00248,0.05207,0.00003,-3.12257,-3.05581,-1.49214,-0.11311,-1.26135,0.18254,0.07687,0.00028,-0.0110,-0.0330,-0.0024,-0.0024,-0.0073,0.0073,-0.0073,0.0220,-0.0110,-0.0110,-0.0024,-0.0024,-0.0073,-0.0073,-0.0073,-0.0073,-0.040,-0.013,0.007,-0.034,0.002,-0.007,-0.002,-0.061,-0.013,-0.013,0.007,0.007,-0.002,0.002,-0.002,-0.007,28.0,29.0,30.0,29.0,30.0,30.0,29.0,28.0,28.0,29.0,30.0,29.0,30.0,30.0,29.0,29.0
1790307712.469173,11.632,-0.00286,-0.03071,-0.00019,-0.00019,0.42973,0.00248,0.05207,0.00003,-3.12257,-3.05581,-1.49214,-0.11311,-1.26135,0.18254,0.07687,0.00028,-0.0330,-0.0110,-0.0024,-0.0024,-0.0073,0.0073,-0.0073,-0.0073,-0.0110,-0.0110,-0.0024,-0.0024,-0.0073,-0.0073,-0.0073,-0.0073,-0.013,-0.013,0.007,-0.021,0.002,-0.007,-0.002,-0.061,-0.013,-0.013,0.021,0.007,-0.002,0.002,-0.002,-0.007,28.0,29.0,30.0,29.0,30.0,30.0,29.0,28.0,28.0,29.0,30.0,29.0,30.0,30.0,29.0,29.0
1790307712.478966,11.641,-0.00286,-0.03071,-0.00019,-0.00019,0.42973,0.00248,0.05207,0.00003,-3.12257,-3.05581,-1.49214,-0.11311,-1.26135,0.18254,0.07687,0.00030,-0.0330,-0.0110,-0.0024,-0.0024,-0.0073,0.0073,-0.0073,-0.0073,-0.0110,-0.0110,-0.0024,-0.0024,-0.0073,-0.0073,-0.0073,-0.0220,-0.013,-0.013,0.007,-0.021,0.002,-0.007,-0.007,-0.056,-0.013,-0.013,0.021,0.007,-0.002,0.002,-0.002,-0.007,28.0,29.0,30.0,29.0,30.0,30.0,29.0,28.0,28.0,29.0,30.0,29.0,30.0,30.0,29.0,29.0
1790307712.487471,11.650,-0.00286,-0.03071,-0.00019,-0.00019,0.42973,0.00248,0.05207,0.00005,-3.12257,-3.05581,-1.49214,-0.11311,-1.26135,0.18254,0.07687,0.00028,-0.0330,-0.0110,-0.0024,-0.0024,-0.0073,0.0073,-0.0073,-0.0073,-0.0110,-0.0110,-0.0024,-0.0024,-0.0073,-0.0073,-0.0073,0.0073,-0.013,-0.013,0.007,-0.021,0.002,-0.007,-0.007,-0.056,-0.013,-0.013,0.021,0.007,-0.002,0.002,-0.002,-0.007,28.0,29.0,30.0,29.0,30.0,30.0,29.0,28.0,28.0,29.0,30.0,29.0,30.0,30.0,29.0,29.0
1790307712.497632,11.660,-0.00286,-0.03071,-0.00019,-0.00019,0.42973,0.00248,0.05207,0.00005,-3.12257,-3.05581,-1.49214,-0.11311,-1.26135,0.18254,0.07687,0.00028,-0.0330,-0.0110,-0.0024,-0.0024,-0.0073,0.0073,-0.0073,-0.0073,-0.0110,-0.0110,-0.0024,-0.0024,-0.0073,-0.0073,-0.0073,0.0073,-0.013,-0.013,0.007,-0.021,0.002,-0.007,-0.007,-0.056,-0.013,-0.013,0.021,0.007,-0.002,0.002,-0.002,-0.007,28.0,29.0,30.0,29.0,30.0,30.0,29.0,28.0,28.0,29.0,30.0,29.0,30.0,30.0,29.0,29.0
1790307712.507420,11.670,-0.00324,-0.03071,-0.00019,-0.00019,0.42973,0.00248,0.05207,0.00003,-3.12257,-3.05581,-1.49214,-0.11311,-1.26135,0.18254,0.07687,0.00028,-0.0110,-0.0110,-0.0024,-0.0024,-0.0073,-0.0073,0.0073,-0.0073,-0.0110,-0.0110,-0.0024,-0.0024,-0.0073,-0.0073,-0.0073,-0.0073,-0.013,-0.013,0.007,-0.021,0.002,-0.007,-0.002,-0.056,-0.013,-0.013,0.007,0.007,-0.002,0.002,-0.007,-0.007,28.0,29.0,30.0,29.0,30.0,30.0,29.0,28.0,28.0,29.0,30.0,29.0,30.0,30.0,29.0,29.0
1790307712.517659,11.680,-0.00324,-0.03071,-0.00019,-0.00019,0.42973,0.00248,0.05207,0.00003,-3.12257,-3.05581,-1.49214,-0.11311,-1.26135,0.18254,0.07687,0.00028,-0.0110,-0.0110,-0.0024,-0.0024,-0.0073,-0.0073,0.0073,0.0073,-0.0110,-0.0110,-0.0024,-0.0024,-0.0073,-0.0073,-0.0073,-0.0073,-0.013,-0.013,0.007,-0.021,0.002,-0.007,-0.002,-0.056,-0.013,-0.013,0.007,0.007,-0.002,0.002,-0.007,-0.007,28.0,29.0,30.0,29.0,30.0,30.0,29.0,28.0,28.0,29.0,30.0,29.0,30.0,30.0,29.0,29.0
1790307712.528192,11.691,-0.00324,-0.03071,-0.00019,-0.00019,0.42973,0.00248,0.05207,0.00003,-3.12257,-3.05581,-1.49214,-0.11311,-1.26135,0.18254,0.07687,0.00028,-0.0110,-0.0110,-0.0024,-0.0024,-0.0073,-0.0073,0.0073,0.0073,-0.0110,-0.0110,-0.0024,-0.0024,-0.0073,-0.0073,-0.0073,0.0073,-0.013,-0.013,0.007,-0.021,0.002,-0.007,-0.002,-0.056,-0.013,-0.013,0.007,0.007,-0.002,0.002,-0.007,-0.012,28.0,29.0,30.0,29.0,30.0,30.0,29.0,28.0,28.0,29.0,30.0,29.0,30.0,30.0,29.0,29.0
1790307712.538052,11.700,-0.00324,-0.03071,-0.00019,-0.00019,0.42973,0.00248,0.05207,0.00003,-3.12257,-3.05581,-1.49214,-0.11311,-1.26135,0.18254,0.07687,0.00028,-0.0110,-0.0110,-0.0024,-0.0024,-0.0073,-0.0073,0.0073,0.0073,-0.0110,-0.0110,-0.0024,-0.0024,-0.0073,-0.0073,-0.0073,0.0073,-0.013,-0.013,0.007,-0.021,0.002,-0.007,-0.002,-0.056,-0.013,-0.013,0.007,0.007,-0.002,0.002,-0.007,-0.012,28.0,29.0,30.0,29.0,30.0,30.0,29.0,28.0,28.0,29.0,30.0,29.0,30.0,30.0,29.0,29.0
1790307712.547402,11.710,-0.00324,-0.03071,-0.00019,-0.00019,0.42973,0.00248,0.05207,0.00003,-3.12257,-3.05581,-1.49214,-0.11273,-1.26135,0.18254,0.07687,0.00028,-0.0110,0.0110,0.0024,-0.0024,-0.0073,-0.0220,-0.0073,-0.0073,-0.0110,-0.0110,-0.0073,-0.0024,-0.0073,-0.0073,-0.0073,-0.0073,-0.013,-0.013,0.007,-0.034,0.002,-0.007,-0.002,-0.056,-0.013,-0.013,0.007,-0.007,-0.002,0.002,-0.007,-0.012,28.0,29.0,30.0,29.0,30.0,30.0,29.0,28.0,28.0,29.0,30.0,29.0,30.0,30.0,29.0,29.0
1790307712.557569,11.720,-0.00324,-0.03071,-0.00019,-0.00019,0.42973,0.00248,0.05207,0.00003,-3.12257,-3.05581,-1.49214,-0.11273,-1.26135,0.18254,0.07687,0.00028,-0.0110,0.0110,0.0024,-0.0024,-0.0073,-0.0220,-0.0073,-0.0073,-0.0110,-0.0110,-0.0073,-0.0024,-0.0073,-0.0073,-0.0073,-0.0073,-0.013,-0.013,0.007,-0.034,0.002,-0.007,-0.002,-0.056,-0.013,-0.013,0.007,-0.007,-0.002,0.002,-0.007,-0.012,28.0,29.0,30.0,29.0,30.0,30.0,29.0,28.0,28.0,29.0,30.0,29.0,30.0,30.0,29.0,29.0
1790307712.568197,11.731,-0.00324,-0.03071,-0.00019,-0.00019,0.42973,0.00248,0.05207,0.00003,-3.12257,-3.05581,-1.49214,-0.11273,-1.26135,0.18254,0.07687,0.00028,-0.0110,0.0110,0.0024,-0.0024,-0.0073,-0.0220,-0.0073,-0.0073,-0.0110,-0.0110,-0.0073,-0.0024,-0.0073,-0.0073,-0.0073,-0.0073,-0.013,-0.013,0.007,-0.034,0.002,-0.007,-0.002,-0.056,-0.013,-0.013,0.007,-0.007,-0.002,0.002,-0.007,-0.012,28.0,29.0,30.0,29.0,30.0,30.0,29.0,28.0,28.0,29.0,30.0,29.0,30.0,30.0,29.0,29.0
1790307712.577608,11.740,-0.00324,-0.03071,-0.00019,-0.00019,0.42973,0.00248,0.05207,0.00003,-3.12257,-3.05581,-1.49214,-0.11273,-1.26135,0.18254,0.07687,0.00028,-0.0110,0.0110,0.0024,-0.0024,-0.0073,-0.0220,-0.0073,-0.0073,-0.0110,-0.0110,-0.0073,-0.0024,-0.0073,-0.0073,-0.0073,-0.0073,-0.013,-0.013,0.007,-0.034,0.002,-0.007,-0.002,-0.056,-0.013,-0.013,0.007,-0.007,-0.002,0.002,-0.007,-0.012,28.0,29.0,30.0,29.0,30.0,30.0,29.0,28.0,28.0,29.0,30.0,29.0,30.0,30.0,29.0,29.0
1790307712.588258,11.751,-0.00324,-0.03071,-0.00019,-0.00019,0.42973,0.00248,0.05207,0.00003,-3.12257,-3.05581,-1.49214,-0.11273,-1.26135,0.18254,0.07687,0.00028,-0.0110,0.0110,-0.0024,-0.0024,-0.0073,0.0073,-0.0220,-0.0073,-0.0110,0.0110,-0.0024,-0.0024,0.0073,-0.0073,-0.0073,-0.0073,-0.040,-0.013,0.007,-0.021,0.002,-0.007,-0.007,-0.056,-0.013,-0.013,-0.007,0.007,-0.002,0.002,-0.002,-0.007,28.0,29.0,30.0,29.0,30.0,30.0,29.0,28.0,28.0,29.0,30.0,29.0,30.0,30.0,29.0,29.0
1790307712.597992,11.760,-0.00324,-0.03071,-0.00019,-0.00019,0.42973,0.00248,0.05207,0.00003,-3.12257,-3.05581,-1.49214,-0.11273,-1.26135,0.18254,0.07687,0.00028,-0.0110,0.0110,-0.0024,-0.0024,-0.0073,0.0073,-0.0220,-0.0073,-0.0110,0.0110,-0.0024,-0.0024,0.0073,-0.0073,-0.0073,-0.0073,-0.040,-0.013,0.007,-0.021,0.002,-0.007,-0.007,-0.056,-0.013,-0.013,-0.007,0.007,-0.002,0.002,-0.002,-0.007,28.0,29.0,30.0,29.0,30.0,30.0,29.0,28.0,28.0,29.0,30.0,29.0,30.0,30.0,29.0,29.0
1790307712.607391,11.770,-0.00324,-0.03071,-0.00019,-0.00019,0.42973,0.00248,0.05207,0.00003,-3.12257,-3.05581,-1.49214,-0.11273,-1.26135,0.18254,0.07687,0.00028,-0.0110,0.0110,-0.0024,-0.0024,-0.0073,0.0073,-0.0220,-0.0073,-0.0110,0.0110,-0.0024,-0.0024,0.0073,-0.0073,-0.0073,-0.0073,-0.040,-0.013,0.007,-0.021,0.002,-0.007,-0.007,-0.056,-0.013,-0.013,-0.007,0.007,-0.002,0.002,-0.002,-0.007,28.0,29.0,30.0,29.0,30.0,30.0,29.0,28.0,28.0,29.0,30.0,29.0,30.0,30.0,29.0,29.0
1790307712.617630,11.780,-0.00324,-0.03071,-0.00019,-0.00019,0.42973,0.00248,0.05207,0.00003,-3.12257,-3.05581,-1.49214,-0.11273,-1.26135,0.18254,0.07687,0.00028,-0.0110,0.0110,-0.0024,-0.0024,-0.0073,0.0073,-0.0220,-0.0073,-0.0110,0.0110,-0.0024,-0.0024,0.0073,-0.0073,-0.0073,-0.0073,-0.040,-0.013,0.007,-0.021,0.002,-0.007,-0.007,-0.056,-0.013,-0.013,-0.007,0.007,-0.002,0.002,-0.002,-0.007,28.0,29.0,30.0,29.0,30.0,30.0,29.0,28.0,28.0,29.0,30.0,29.0,30.0,30.0,29.0,29.0
1790307712.627371,11.790,-0.00286,-0.03071,-0.00019,-0.00019,0.42973,0.00248,0.05207,0.00003,-3.12257,-3.05581,-1.49214,-0.11273,-1.26135,0.18254,0.07687,0.00028,0.0110,-0.0110,-0.0073,0.0024,0.0073,0.0073,-0.0220,-0.0220,-0.0110,-0.0330,-0.0024,0.0024,-0.0073,-0.0220,0.0073,0.0073,-0.040,-0.013,0.021,-0.021,0.002,-0.007,-0.002,-0.056,-0.013,-0.013,0.007,0.007,-0.002,0.002,-0.007,-0.007,28.0,29.0,30.0,29.0,30.0,30.0,29.0,28.0,28.0,29.0,30.0,29.0,30.0,30.0,29.0,29.0
1790307712.637564,11.800,-0.00286,-0.03071,-0.00019,-0.00019,0.42973,0.00248,0.05207,0.00003,-3.12257,-3.05581,-1.49214,-0.11273,-1.26135,0.18254,0.07687,0.00028,0.0110,-0.0110,-0.0073,0.0024,0.0073,0.0073,-0.0220,-0.0220,-0.0110,-0.0330,-0.0024,0.0024,-0.0073,-0.0220,0.0073,-0.0073,-0.040,-0.013,0.021,-0.021,0.002,-0.007,-0.002,-0.056,-0.013,-0.013,0.007,0.007,-0.002,0.002,-0.007,-0.007,28.0,29.0,30.0,29.0,30.0,30.0,29.0,28.0,28.0,29.0,30.0,29.0,30.0,30.0,29.0,29.0
1790307712.647392,11.810,-0.00286,-0.03071,-0.00019,-0.00019,0.42973,0.00248,0.05207,0.00003,-3.12257,-3.05581,-1.49214,-0.11273,-1.26135,0.18254,0.07687,0.00028,0.0110,-0.0110,-0.0073,0.0024,0.0073,0.0073,-0.0220,-0.0220,-0.0110,-0.0330,-0.0024,0.0024,-0.0073,-0.0220,0.0073,-0.0073,-0.040,-0.013,0.021,-0.021,0.002,-0.007,-0.002,-0.056,-0.013,-0.013,0.007,0.007,-0.002,0.002,-0.007,-0.007,28.0,29.0,30.0,29.0,30.0,30.0,29.0,28.0,28.0,29.0,30.0,29.0,30.0,30.0,29.0,29.0
1790307712.657622,11.820,-0.00286,-0.03071,-0.00019,-0.00019,0.42973,0.00248,0.05207,0.00003,-3.12257,-3.05581,-1.49214,-0.11273,-1.26135,0.18254,0.07687,0.00028,0.0110,-0.0110,-0.0073,0.0024,0.0073,0.0073,-0.0220,-0.0220,-0.0110,-0.0330,-0.0024,0.0024,-0.0073,-0.0220,0.0073,-0.0073,-0.040,-0.013,0.021,-0.021,0.002,-0.007,-0.002,-0.056,-0.013,-0.013,0.007,0.007,-0.002,0.002,-0.007,-0.007,28.0,29.0,30.0,29.0,30.0,30.0,29.0,28.0,28.0,29.0,30.0,29.0,30.0,30.0,29.0,29.0
1790307712.667381,11.830,-0.00324,-0.03071,-0.00019,-0.00019,0.42973,0.00248,0.05207,0.00003,-3.12257,-3.05581,-1.49214,-0.11273,-1.26135,0.18254,0.07687,0.00028,-0.0110,-0.0110,-0.0024,-0.0024,-0.0073,-0.0073,-0.0073,-0.0073,-0.0110,-0.0330,-0.0024,0.0024,-0.0073,-0.0220,0.0073,-0.0073,-0.040,-0.013,0.007,-0.021,0.002,-0.007,-0.002,-0.051,-0.013,-0.013,0.007,0.007,-0.002,0.002,-0.007,-0.007,28.0,29.0,30.0,29.0,30.0,30.0,29.0,28.0,28.0,29.0,30.0,29.0,30.0,30.0,29.0,29.0
1790307712.678002,11.840,-0.00324,-0.03071,-0.00019,-0.00019,0.42973,0.00248,0.05207,0.00003,-3.12257,-3.05581,-1.49214,-0.11273,-1.26135,0.18254,0.07687,0.00028,-0.0110,-0.0110,-0.0024,-0.0024,-0.0073,-0.0073,-0.0073,-0.0220,-0.0110,-0.0110,-0.0024,-0.0024,0.0073,-0.0220,-0.0073,0.0073,-0.040,-0.013,0.007,-0.021,0.002,-0.007,-0.002,-0.051,-0.013,-0.013,0.007,0.007,-0.002,0.002,-0.002,-0.012,28.0,29.0,30.0,29.0,30.0,30.0,29.0,28.0,28.0,29.0,30.0,29.0,30.0,30.0,29.0,29.0
1790307712.687392,11.850,-0.00324,-0.03071,-0.00019,-0.00019,0.42973,0.00248,0.05207,0.00003,-3.12257,-3.05581,-1.49214,-0.11273,-1.26135,0.18254,0.07687,0.00028,-0.0110,-0.0110,-0.0024,-0.0024,-0.0073,-0.0073,-0.0073,-0.0220,-0.0110,-0.0110,-0.0024,-0.0024,0.0073,-0.0220,-0.0073,-0.0220,-0.040,-0.013,0.007,-0.021,0.002,-0.007,-0.002,-0.051,-0.013,-0.013,0.007,0.007,-0.002,0.002,-0.002,-0.007,28.0,29.0,30.0,29.0,30.0,30.0,29.0,28.0,28.0,29.0,30.0,29.0,30.0,30.0,29.0,29.0
1790307712.697624,11.860,-0.00324,-0.03071,-0.00019,-0.00019,0.42973,0.00248,0.05207,0.00003,-3.12257,-3.05581,-1.49214,-0.11273,-1.26135,0.18254,0.07687,0.00028,-0.0110,-0.0110,-0.0024,-0.0024,-0.0073,-0.0073,-0.0073,-0.0220,-0.0110,-0.0110,-0.0024,-0.0024,0.0073,-0.0220,-0.0073,-0.0220,-0.040,-0.013,0.007,-0.021,0.002,-0.007,-0.002,-0.051,-0.013,-0.013,0.007,0.007,-0.002,0.002,-0.002,-0.007,28.0,29.0,30.0,29.0,30.0,30.0,29.0,28.0,28.0,29.0,30.0,29.0,30.0,30.0,29.0,29.0
1790307712.707358,11.870,-0.00324,-0.03071,-0.00019,-0.00019,0.42973,0.00248,0.05207,0.00003,-3.12257,-3.05581,-1.49214,-0.11273,-1.26135,0.18254,0.07687,0.00028,-0.0110,-0.0110,-0.0024,-0.0024,-0.0073,-0.0073,-0.0073,-0.0220,-0.0110,-0.0110,-0.0024,-0.0024,0.0073,-0.0220,-0.0073,-0.0220,-0.040,-0.013,0.007,-0.021,0.002,-0.007,-0.002,-0.051,-0.013,-0.013,0.007,0.007,-0.002,0.002,-0.002,-0.007,28.0,29.0,30.0,29.0,30.0,30.0,29.0,28.0,28.0,29.0,30.0,29.0,30.0,30.0,29.0,29.0
1790307712.717597,11.880,-0.00286,-0.03071,-0.00019,-0.00019,0.42973,0.00248,0.05207,0.00003,-3.12257,-3.05581,-1.49214,-0.11273,-1.26135,0.18254,0.07687,0.00028,-0.0110,-0.0110,-0.0073,-0.0024,0.0073,-0.0073,-0.0073,-0.0073,-0.0110,-0.0110,-0.0073,-0.0024,-0.0073,-0.0073,-0.0220,-0.0220,-0.013,-0.013,0.007,-0.021,-0.002,-0.007,-0.007,-0.051,-0.013,-0.013,0.007,0.007,-0.002,0.002,-0.002,-0.007,28.0,29.0,30.0,29.0,30.0,30.0,29.0,28.0,28.0,29.0,30.0,29.0,30.0,30.0,29.0,29.0
1790307712.727378,11.890,-0.00286,-0.03071,-0.00019,-0.00019,0.42973,0.00248,0.05207,0.00003,-3.12257,-3.05581,-1.49214,-0.11273,-1.26135,0.18254,0.07687,0.00028,-0.0110,-0.0110,-0.0073,-0.0024,0.0073,-0.0073,-0.0073,0.0073,-0.0110,-0.0110,-0.0073,-0.0024,-0.0073,-0.0073,-0.0220,-0.0220,-0.013,-0.013,0.007,-0.021,-0.002,-0.007,-0.007,-0.051,-0.013,-0.013,0.007,0.007,-0.002,0.002,-0.002,-0.007,28.0,29.0,30.0,29.0,30.0,30.0,29.0,28.0,28.0,29.0,30.0,29.0,30.0,30.0,29.0,29.0
1790307712.737592,11.900,-0.00286,-0.03071,-0.00019,-0.00019,0.42973,0.00248,0.05207,0.00003,-3.12257,-3.05581,-1.49214,-0.11273,-1.26135,0.18254,0.07687,0.00028,-0.0110,-0.0110,-0.0073,-0.0024,0.0073,-0.0073,-0.0073,0.0073,-0.0110,-0.0110,-0.0073,-0.0024,-0.0073,-0.0073,-0.0220,-0.0073,-0.013,-0.013,0.007,-0.021,-0.002,-0.007,-0.007,-0.051,-0.013,-0.013,0.007,0.007,-0.002,0.002,-0.002,-0.012,28.0,29.0,30.0,29.0,30.0,30.0,29.0,28.0,28.0,29.0,30.0,29.0,30.0,30.0,29.0,29.0
1790307712.748542,11.911,-0.00286,-0.03071,-0.00019,-0.00019,0.42973,0.00248,0.05207,0.00003,-3.12257,-3.05581,-1.49214,-0.11273,-1.26135,0.18254,0.07687,0.00028,-0.0110,-0.0110,-0.0073,-0.0024,0.0073,-0.0073,-0.0073,0.0073,-0.0110,-0.0110,-0.0073,-0.0024,-0.0073,-0.0073,-0.0220,-0.0073,-0.013,-0.013,0.007,-0.021,-0.002,-0.007,-0.007,-0.051,-0.013,-0.013,0.007,0.007,-0.002,0.002,-0.002,-0.012,28.0,29.0,30.0,29.0,30.0,30.0,29.0,28.0,28.0,29.0,30.0,29.0,30.0,30.0,29.0,29.0
1790307712.757780,11.920,-0.00286,-0.03071,-0.00019,-0.00019,0.42973,0.00248,0.05207,0.00005,-3.12257,-3.05581,-1.49214,-0.11273,-1.26135,0.18254,0.07687,0.00028,-0.0330,-0.0110,0.0024,-0.0024,-0.0220,-0.0073,-0.0073,-0.0220,-0.0110,-0.0110,-0.0073,-0.0024,-0.0073,-0.0073,-0.0220,-0.0073,-0.040,-0.013,0.007,-0.021,-0.002,-0.007,-0.002,-0.046,-0.013,-0.013,0.007,0.007,-0.002,0.002,-0.002,-0.012,28.0,29.0,30.0,29.0,30.0,30.0,29.0,28.0,28.0,29.0,30.0,29.0,30.0,30.0,29.0,29.0
1790307712.767441,11.930,-0.00286,-0.03071,-0.00019,-0.00019,0.42973,0.00248,0.05207,0.00005,-3.12257,-3.05581,-1.49214,-0.11273,-1.26135,0.18254,0.07687,0.00028,-0.0330,-0.0110,0.0024,-0.0024,-0.0220,-0.0073,-0.0073,-0.0220,-0.0110,-0.0110,-0.0073,-0.0024,-0.0073,-0.0073,-0.0220,-0.0073,-0.040,-0.013,0.007,-0.021,-0.002,-0.007,-0.002,-0.046,-0.013,-0.013,0.007,0.007,-0.002,-0.002,-0.007,-0.012,28.0,29.0,30.0,29.0,30.0,30.0,29.0,28.0,28.0,29.0,30.0,29.0,30.0,30.0,29.0,29.0
1790307712.777576,11.940,-0.00286,-0.03071,-0.00019,-0.00019,0.42973,0.00248,0.05207,0.00003,-3.12257,-3.05581,-1.49214,-0.11273,-1.26135,0.18254,0.07687,0.00028,-0.0330,-0.0110,0.0024,-0.0024,-0.0220,-0.0073,-0.0073,-0.0073,-0.0110,-0.0110,-0.0073,-0.0024,-0.0073,-0.0073,-0.0220,-0.0073,-0.040,-0.013,0.007,-0.021,-0.002,-0.007,-0.002,-0.051,-0.013,-0.013,0.007,0.007,-0.002,-0.002,-0.007,-0.012,28.0,29.0,30.0,29.0,30.0,30.0,29.0,28.0,28.0,29.0,30.0,29.0,30.0,30.0,29.0,29.0
1790307712.787552,11.950,-0.00286,-0.03071,-0.00019,-0.00019,0.42973,0.00248,0.05207,0.00003,-3.12257,-3.05581,-1.49214,-0.11273,-1.26135,0.18254,0.07687,0.00028,-0.0330,-0.0110,0.0024,-0.0024,-0.0220,-0.0073,-0.0073,-0.0073,-0.0110,-0.0110,-0.0073,-0.0024,-0.0073,-0.0073,-0.0220,-0.0073,-0.040,-0.013,0.007,-0.021,-0.002,-0.007,-0.002,-0.051,-0.013,-0.013,0.007,0.007,-0.002,-0.002,-0.007,-0.012,28.0,29.0,30.0,29.0,30.0,30.0,29.0,28.0,28.0,29.0,30.0,29.0,30.0,30.0,29.0,29.0
1790307712.797640,11.960,-0.00286,-0.03071,-0.00019,-0.00019,0.42973,0.00248,0.05207,0.00003,-3.12257,-3.05581,-1.49214,-0.11273,-1.26135,0.18254,0.07687,0.00028,-0.0330,-0.0110,0.0024,-0.0024,-0.0220,-0.0073,-0.0073,-0.0073,-0.0110,-0.0110,-0.0073,-0.0024,-0.0073,-0.0073,-0.0220,0.0073,-0.040,-0.013,0.007,-0.021,-0.002,-0.007,-0.002,-0.051,-0.013,-0.013,0.007,0.007,-0.002,-0.002,-0.007,-0.007,28.0,29.0,30.0,29.0,30.0,30.0,29.0,28.0,28.0,29.0,30.0,29.0,30.0,30.0,29.0,29.0
1790307712.807400,11.970,-0.00286,-0.03071,-0.00019,-0.00019,0.42973,0.00248,0.05207,0.00003,-3.12257,-3.05581,-1.49214,-0.11311,-1.26135,0.18254,0.07687,0.00028,-0.0110,-0.0110,-0.0024,-0.0024,-0.0073,-0.0220,-0.0220,-0.0073,-0.0110,-0.0110,-0.0024,-0.0073,-0.0073,0.0073,0.0073,-0.0073,-0.040,-0.013,0.007,-0.021,-0.002,-0.007,-0.002,-0.051,-0.013,-0.013,0.007,0.007,-0.002,0.002,-0.007,-0.012,28.0,29.0,30.0,29.0,30.0,30.0,29.0,28.0,28.0,29.0,30.0,29.0,30.0,30.0,29.0,29.0
1790307712.817694,11.980,-0.00286,-0.03071,-0.00019,-0.00019,0.42973,0.00248,0.05207,0.00003,-3.12257,-3.05581,-1.49214,-0.11311,-1.26135,0.18254,0.07687,0.00028,-0.0110,-0.0110,-0.0024,-0.0024,-0.0073,-0.0220,-0.0220,-0.0073,-0.0110,-0.0110,-0.0024,-0.0073,-0.0073,0.0073,0.0073,-0.0073,-0.040,-0.013,0.007,-0.021,-0.002,-0.007,-0.002,-0.051,-0.013,-0.013,0.007,0.007,-0.002,0.002,-0.007,-0.012,28.0,29.0,30.0,29.0,30.0,30.0,29.0,28.0,28.0,29.0,30.0,29.0,30.0,30.0,29.0,29.0
1790307712.827816,11.990,-0.00286,-0.03071,-0.00019,-0.00019,0.42973,0.00248,0.05207,0.00003,-3.12257,-3.05581,-1.49214,-0.11311,-1.26135,0.18254,0.07687,0.00028,-0.0110,-0.0110,-0.0024,-0.0024,-0.0073,-0.0220,-0.0220,-0.0220,-0.0110,-0.0110,-0.0024,-0.0073,-0.0073,0.0073,0.0073,-0.0073,-0.040,-0.013,0.007,-0.021,-0.002,-0.007,-0.002,-0.046,-0.013,-0.013,0.007,0.007,-0.002,0.002,-0.007,-0.012,28.0,29.0,30.0,29.0,30.0,30.0,29.0,28.0,28.0,29.0,30.0,29.0,30.0,30.0,29.0,29.0
1790307712.838016,12.000,-0.00286,-0.03071,-0.00019,-0.00019,0.42973,0.00248,0.05207,0.00003,-3.12257,-3.05581,-1.49214,-0.11311,-1.26135,0.18254,0.07687,0.00028,-0.0110,-0.0110,-0.0024,-0.0024,-0.0073,-0.0220,-0.0220,-0.0220,-0.0110,-0.0110,-0.0024,-0.0073,-0.0073,0.0073,0.0073,-0.0073,-0.040,-0.013,0.007,-0.021,-0.002,-0.007,-0.002,-0.046,-0.013,-0.013,0.007,0.007,-0.002,0.002,-0.007,-0.012,28.0,29.0,30.0,29.0,30.0,30.0,29.0,28.0,28.0,29.0,30.0,29.0,30.0,30.0,29.0,29.0
1790307712.847438,12.010,-0.00324,-0.03071,-0.00019,-0.00019,0.42973,0.00248,0.05207,0.00003,-3.12257,-3.05581,-1.49214,-0.11273,-1.26135,0.18254,0.07687,0.00028,-0.0110,-0.0110,-0.0024,-0.0073,-0.0220,0.0073,-0.0073,-0.0220,-0.0110,-0.0110,-0.0073,-0.0024,-0.0073,-0.0073,-0.0073,0.0073,-0.040,-0.013,0.021,-0.021,0.002,-0.007,-0.002,-0.046,-0.013,-0.013,0.007,0.007,-0.002,0.002,-0.002,-0.007,28.0,29.0,30.0,29.0,30.0,30.0,29.0,28.0,28.0,29.0,30.0,29.0,30.0,30.0,29.0,29.0
1790307712.857628,12.020,-0.00324,-0.03071,-0.00019,-0.00019,0.42973,0.00248,0.05207,0.00003,-3.12257,-3.05581,-1.49214,-0.11273,-1.26135,0.18254,0.07687,0.00028,-0.0110,-0.0110,-0.0024,-0.0073,-0.0220,0.0073,-0.0073,-0.0220,-0.0110,-0.0110,-0.0073,-0.0024,-0.0073,-0.0073,-0.0073,0.0073,-0.040,-0.013,0.021,-0.021,0.002,-0.007,-0.002,-0.046,-0.013,-0.013,0.007,0.007,-0.002,0.002,-0.002,-0.007,28.0,29.0,30.0,29.0,30.0,30.0,29.0,28.0,28.0,29.0,30.0,29.0,30.0,30.0,29.0,29.0
1790307712.868016,12.030,-0.00324,-0.03071,-0.00019,-0.00019,0.42973,0.00248,0.05207,0.00003,-3.12257,-3.05581,-1.49214,-0.11273,-1.26135,0.18254,0.07687,0.00028,-0.0110,-0.0110,-0.0024,-0.0073,-0.0220,0.0073,-0.0073,-0.0220,-0.0110,-0.0110,-0.0073,-0.0024,-0.0073,-0.0073,-0.0073,0.0073,-0.040,-0.013,0.021,-0.021,0.002,-0.007,-0.002,-0.046,-0.013,-0.013,0.007,0.007,-0.002,0.002,-0.002,-0.007,28.0,29.0,30.0,29.0,30.0,30.0,29.0,28.0,28.0,29.0,30.0,29.0,30.0,30.0,29.0,29.0
1790307712.877999,12.040,-0.00324,-0.03071,-0.00019,-0.00019,0.42973,0.00248,0.05207,0.00003,-3.12257,-3.05581,-1.49214,-0.11273,-1.26135,0.18254,0.07687,0.00028,-0.0110,-0.0110,-0.0024,-0.0073,-0.0220,0.0073,-0.0073,-0.0220,-0.0110,-0.0110,-0.0073,-0.0024,-0.0073,-0.0073,-0.0073,0.0073,-0.040,-0.013,0.021,-0.021,0.002,-0.007,-0.002,-0.046,-0.013,-0.013,0.007,0.007,-0.002,0.002,-0.002,-0.007,28.0,29.0,30.0,29.0,30.0,30.0,29.0,28.0,28.0,29.0,30.0,29.0,30.0,30.0,29.0,29.0
1790307712.887415,12.050,-0.00324,-0.03071,-0.00019,-0.00019,0.42973,0.00248,0.05207,0.00003,-3.12257,-3.05581,-1.49214,-0.11311,-1.26135,0.18254,0.07687,0.00028,-0.0110,-0.0110,-0.0024,-0.0024,-0.0073,-0.0073,-0.0073,-0.0073,-0.0110,-0.0110,0.0024,-0.0024,-0.0220,-0.0073,-0.0220,0.0073,-0.013,-0.013,0.007,-0.021,0.002,-0.007,-0.002,-0.046,-0.013,-0.013,0.007,0.007,-0.002,0.002,-0.002,-0.007,28.0,29.0,30.0,29.0,30.0,30.0,29.0,28.0,28.0,29.0,30.0,29.0,30.0,30.0,29.0,29.0
1790307712.897542,12.060,-0.00324,-0.03071,-0.00019,-0.00019,0.42973,0.00248,0.05207,0.00003,-3.12257,-3.05581,-1.49214,-0.11311,-1.26135,0.18254,0.07687,0.00028,-0.0110,-0.0110,-0.0024,-0.0024,-0.0073,-0.0073,-0.0073,-0.0073,-0.0110,-0.0110,0.0024,-0.0024,-0.0220,-0.0073,-0.0220,-0.0073,-0.013,-0.013,0.007,-0.021,0.002,-0.007,-0.002,-0.046,-0.013,-0.013,0.007,0.007,-0.002,0.002,-0.002,-0.007,28.0,29.0,30.0,29.0,30.0,30.0,29.0,28.0,28.0,29.0,30.0,29.0,30.0,30.0,29.0,29.0
1790307712.907456,12.070,-0.00324,-0.03071,-0.00019,-0.00019,0.42973,0.00248,0.05207,0.00003,-3.12257,-3.05581,-1.49214,-0.11311,-1.26135,0.18254,0.07687,0.00028,-0.0110,-0.0110,-0.0024,-0.0024,-0.0073,-0.0073,-0.0073,-0.0073,-0.0110,-0.0110,0.0024,-0.0024,-0.0220,-0.0073,-0.0220,-0.0073,-0.013,-0.013,0.007,-0.021,0.002,-0.007,-0.002,-0.046,-0.013,-0.013,0.007,0.007,-0.002,0.002,-0.002,-0.007,28.0,29.0,30.0,29.0,30.0,30.0,29.0,28.0,28.0,29.0,30.0,29.0,30.0,30.0,29.0,29.0
1790307712.918038,12.080,-0.00324,-0.03071,-0.00019,-0.00019,0.42973,0.00248,0.05207,0.00003,-3.12257,-3.05581,-1.49214,-0.11311,-1.26135,0.18254,0.07687,0.00028,-0.0110,-0.0110,-0.0024,-0.0024,-0.0073,-0.0073,-0.0073,-0.0073,-0.0110,-0.0110,0.0024,-0.0024,-0.0220,-0.0073,-0.0220,-0.0073,-0.013,-0.013,0.007,-0.021,0.002,-0.007,-0.002,-0.046,-0.013,-0.013,0.007,0.007,-0.002,0.002,-0.002,-0.007,28.0,29.0,30.0,29.0,30.0,30.0,29.0,28.0,28.0,29.0,30.0,29.0,30.0,30.0,29.0,29.0
1790307712.927368,12.090,-0.00286,-0.03071,-0.00019,-0.00019,0.42973,0.00248,0.05207,0.00003,-3.12257,-3.05581,-1.49214,-0.11273,-1.26135,0.18254,0.07687,0.00028,-0.0110,-0.0110,0.0024,-0.0024,-0.0073,-0.0073,-0.0073,-0.0073,-0.0110,-0.0110,-0.0024,-0.0024,-0.0073,-0.0073,-0.0220,-0.0073,-0.040,-0.013,0.007,-0.021,0.002,-0.007,-0.002,-0.046,-0.013,-0.013,0.007,0.007,-0.002,0.002,-0.002,-0.002,28.0,29.0,30.0,29.0,30.0,30.0,29.0,28.0,28.0,29.0,30.0,29.0,30.0,30.0,29.0,29.0
1790307712.938004,12.100,-0.00286,-0.03071,-0.00019,-0.00019,0.42973,0.00248,0.05207,0.00003,-3.12257,-3.05581,-1.49214,-0.11273,-1.26135,0.18254,0.07687,0.00028,-0.0110,-0.0110,0.0024,-0.0024,-0.0073,-0.0073,-0.0073,-0.0220,-0.0110,-0.0110,-0.0024,-0.0024,-0.0073,-0.0073,-0.0073,-0.0073,-0.040,-0.013,0.007,-0.021,0.002,-0.007,-0.002,-0.046,-0.013,-0.013,0.007,0.007,-0.002,0.002,-0.002,-0.002,28.0,29.0,30.0,29.0,30.0,30.0,29.0,28.0,28.0,29.0,30.0,29.0,30.0,30.0,29.0,29.0
1790307712.947395,12.110,-0.00286,-0.03071,-0.00019,-0.00019,0.42973,0.00248,0.05207,0.00003,-3.12257,-3.05581,-1.49214,-0.11273,-1.26135,0.18254,0.07687,0.00028,-0.0110,-0.0110,0.0024,-0.0024,-0.0073,-0.0073,-0.0073,-0.0220,-0.0110,-0.0110,-0.0024,-0.0024,-0.0073,-0.0073,-0.0073,-0.0073,-0.040,-0.013,0.007,-0.021,0.002,-0.007,-0.002,-0.046,-0.013,-0.013,0.007,0.007,-0.002,0.002,-0.002,-0.002,28.0,29.0,30.0,29.0,30.0,30.0,29.0,28.0,28.0,29.0,30.0,29.0,30.0,30.0,29.0,29.0
1790307712.957985,12.120,-0.00286,-0.03071,-0.00019,-0.00019,0.42973,0.00248,0.05207,0.00003,-3.12257,-3.05581,-1.49214,-0.11273,-1.26135,0.18254,0.07687,0.00028,-0.0110,-0.0110,0.0024,-0.0024,-0.0073,-0.0073,-0.0073,-0.0220,-0.0110,-0.0110,-0.0024,-0.0024,-0.0073,-0.0073,-0.0073,-0.0073,-0.040,-0.013,0.007,-0.021,0.002,-0.007,-0.002,-0.046,-0.013,-0.013,0.007,0.007,-0.002,0.002,-0.002,-0.002,28.0,29.0,30.0,29.0,30.0,30.0,29.0,28.0,28.0,29.0,30.0,29.0,30.0,30.0,29.0,29.0
1790307712.967402,12.130,-0.00286,-0.03071,-0.00019,-0.00019,0.42973,0.00248,0.05207,0.00003,-3.12257,-3.05581,-1.49214,-0.11273,-1.26135,0.18254,0.07687,0.00028,-0.0110,0.0110,0.0024,-0.0024,-0.0073,-0.0073,-0.0073,-0.0073,-0.0330,-0.0110,-0.0024,-0.0024,-0.0073,-0.0073,-0.0073,-0.0220,-0.040,-0.013,0.007,-0.021,0.002,-0.007,-0.002,-0.046,-0.013,-0.013,0.007,0.007,-0.002,0.002,-0.002,-0.007,28.0,29.0,30.0,29.0,30.0,30.0,29.0,28.0,28.0,29.0,30.0,29.0,30.0,30.0,29.0,29.0
1790307712.978039,12.140,-0.00286,-0.03071,-0.00019,-0.00019,0.42973,0.00248,0.05207,0.00003,-3.12257,-3.05581,-1.49214,-0.11311,-1.26135,0.18254,0.07687,0.00028,-0.0110,0.0110,0.0024,-0.0024,-0.0073,-0.0220,-0.0073,-0.0073,-0.0330,-0.0110,-0.0024,-0.0024,-0.0073,-0.0220,-0.0073,-0.0220,-0.040,-0.013,0.007,-0.021,0.002,-0.007,-0.002,-0.046,-0.013,-0.013,0.007,0.007,-0.002,0.002,-0.007,-0.007,28.0,29.0,30.0,29.0,30.0,30.0,29.0,28.0,28.0,29.0,30.0,29.0,30.0,30.0,29.0,29.0
1790307712.987402,12.150,-0.00286,-0.03071,-0.00019,-0.00019,0.42973,0.00248,0.05207,0.00005,-3.12257,-3.05581,-1.49214,-0.11311,-1.26135,0.18254,0.07687,0.00028,-0.0110,0.0110,0.0024,-0.0024,-0.0073,-0.0220,-0.0073,-0.0220,-0.0330,-0.0110,-0.0024,-0.0024,-0.0073,-0.0220,-0.0073,-0.0220,-0.040,-0.013,0.007,-0.021,0.002,-0.007,-0.002,-0.051,-0.013,-0.013,0.007,0.007,-0.002,0.002,-0.007,-0.007,28.0,29.0,30.0,29.0,30.0,30.0,29.0,28.0,28.0,29.0,30.0,29.0,30.0,30.0,29.0,29.0
1790307712.998199,12.161,-0.00286,-0.03071,-0.00019,-0.00019,0.42973,0.00248,0.05207,0.00005,-3.12257,-3.05581,-1.49214,-0.11311,-1.26135,0.18254,0.07687,0.00028,-0.0110,0.0110,0.0024,-0.0024,-0.0073,-0.0220,-0.0073,-0.0220,-0.0330,-0.0110,-0.0024,-0.0024,-0.0073,-0.0220,-0.0073,-0.0073,-0.040,-0.013,0.007,-0.021,0.002,-0.007,-0.002,-0.051,-0.013,-0.013,0.007,0.007,-0.002,0.002,-0.007,-0.007,28.0,29.0,30.0,29.0,30.0,30.0,29.0,28.0,28.0,29.0,30.0,29.0,30.0,30.0,29.0,29.0
1790307713.007419,12.170,-0.00324,-0.03071,-0.00019,-0.00019,0.42973,0.00248,0.05207,0.00005,-3.12257,-3.05581,-1.49214,-0.11311,-1.26135,0.18254,0.07687,0.00028,-0.0110,0.0110,0.0024,-0.0024,-0.0073,-0.0220,-0.0073,-0.0220,-0.0330,-0.0110,-0.0024,-0.0024,-0.0073,-0.0220,-0.0073,-0.0073,-0.013,-0.013,0.007,-0.021,0.002,-0.007,-0.002,-0.051,-0.013,-0.013,0.007,0.007,-0.002,0.002,-0.007,-0.007,28.0,29.0,30.0,29.0,30.0,30.0,29.0,28.0,28.0,29.0,30.0,29.0,30.0,30.0,29.0,29.0
1790307713.018042,12.180,-0.00324,-0.03071,-0.00019,-0.00019,0.42973,0.00248,0.05207,0.00003,-3.12257,-3.05581,-1.49214,-0.11311,-1.26135,0.18254,0.07687,0.00028,-0.0110,-0.0110,-0.0024,-0.0024,-0.0073,0.0073,-0.0073,-0.0073,-0.0110,-0.0110,-0.0024,-0.0024,-0.0220,0.0073,-0.0220,-0.0073,-0.013,-0.013,0.007,-0.021,0.002,-0.007,-0.002,-0.051,-0.013,-0.013,0.007,0.007,-0.002,0.002,-0.002,-0.007,28.0,29.0,30.0,29.0,30.0,30.0,29.0,28.0,28.0,29.0,30.0,29.0,30.0,30.0,29.0,29.0
1790307713.027447,12.190,-0.00324,-0.03071,-0.00019,-0.00019,0.42973,0.00248,0.05207,0.00003,-3.12257,-3.05581,-1.49214,-0.11311,-1.26135,0.18254,0.07687,0.00028,-0.0110,-0.0110,-0.0024,-0.0024,-0.0073,0.0073,-0.0073,-0.0073,-0.0110,-0.0110,-0.0024,-0.0024,-0.0220,0.0073,-0.0220,-0.0073,-0.013,-0.013,0.007,-0.021,0.002,-0.007,-0.002,-0.051,-0.013,-0.013,0.007,0.007,-0.002,0.002,-0.002,-0.007,28.0,29.0,30.0,29.0,30.0,30.0,29.0,28.0,28.0,29.0,30.0,29.0,30.0,30.0,29.0,29.0
1790307713.038007,12.200,-0.00324,-0.03071,-0.00019,-0.00019,0.42973,0.00248,0.05207,0.00003,-3.12257,-3.05581,-1.49214,-0.11311,-1.26135,0.18254,0.07687,0.00028,-0.0110,-0.0110,-0.0024,-0.0024,-0.0073,0.0073,-0.0073,0.0073,-0.0110,-0.0110,-0.0024,-0.0024,-0.0220,0.0073,-0.0220,-0.0073,-0.013,-0.013,0.007,-0.021,0.002,-0.007,-0.002,-0.051,-0.013,-0.013,0.007,0.007,-0.002,0.002,-0.002,-0.007,28.0,29.0,30.0,29.0,30.0,30.0,29.0,28.0,28.0,29.0,30.0,29.0,30.0,30.0,29.0,29.0
1790307713.047614,12.210,-0.00324,-0.03071,-0.00019,-0.00019,0.42973,0.00248,0.05207,0.00003,-3.12257,-3.05581,-1.49214,-0.11311,-1.26135,0.18254,0.07687,0.00028,-0.0110,-0.0110,-0.0024,-0.0024,-0.0073,0.0073,-0.0073,0.0073,-0.0110,-0.0110,-0.0024,-0.0024,-0.0220,0.0073,-0.0220,0.0073,-0.013,-0.013,0.007,-0.021,0.002,-0.007,-0.002,-0.051,-0.013,-0.013,0.007,0.007,-0.002,0.002,-0.002,-0.007,28.0,29.0,30.0,29.0,30.0,30.0,29.0,28.0,28.0,29.0,30.0,29.0,30.0,30.0,29.0,29.0
1790307713.058209,12.221,-0.00324,-0.03071,-0.00019,-0.00019,0.42973,0.00248,0.05207,0.00003,-3.12257,-3.05581,-1.49214,-0.11311,-1.26135,0.18254,0.07687,0.00028,-0.0110,-0.0110,-0.0024,-0.0024,-0.0220,-0.0073,-0.0220,-0.0073,-0.0330,-0.0110,-0.0024,-0.0024,-0.0220,-0.0073,-0.0073,-0.0073,-0.040,-0.013,0.007,-0.021,0.002,-0.007,-0.002,-0.051,-0.013,0.013,-0.007,-0.007,-0.002,0.002,-0.007,-0.012,28.0,29.0,30.0,29.0,30.0,30.0,29.0,28.0,28.0,29.0,30.0,29.0,30.0,30.0,29.0,29.0
1790307713.067456,12.230,-0.00324,-0.03071,-0.00019,-0.00019,0.42973,0.00248,0.05207,0.00003,-3.12257,-3.05581,-1.49214,-0.11311,-1.26135,0.18254,0.07687,0.00028,-0.0110,-0.0110,-0.0024,-0.0024,-0.0220,-0.0073,-0.0220,-0.0073,-0.0330,-0.0110,-0.0024,-0.0024,-0.0220,-0.0073,-0.0073,-0.0073,-0.040,-0.013,0.007,-0.021,0.002,-0.007,-0.002,-0.051,-0.013,0.013,-0.007,-0.007,-0.002,0.002,-0.007,-0.012,28.0,29.0,30.0,29.0,30.0,30.0,29.0,28.0,28.0,29.0,30.0,29.0,30.0,30.0,29.0,29.0
1790307713.077974,12.240,-0.00324,-0.03071,-0.00019,-0.00019,0.42973,0.00248,0.05207,0.00003,-3.12257,-3.05581,-1.49214,-0.11311,-1.26135,0.18254,0.07687,0.00028,-0.0110,-0.0110,-0.0024,-0.0024,-0.0220,-0.0073,-0.0220,-0.0073,-0.0330,-0.0110,-0.0024,-0.0024,-0.0220,-0.0073,-0.0073,-0.0073,-0.040,-0.013,0.007,-0.021,0.002,-0.007,-0.002,-0.051,-0.013,0.013,-0.007,-0.007,-0.002,0.002,-0.007,-0.012,28.0,29.0,30.0,29.0,30.0,30.0,29.0,28.0,28.0,29.0,30.0,29.0,30.0,30.0,29.0,29.0
1790307713.087398,12.250,-0.00324,-0.03071,-0.00019,-0.00019,0.42973,0.00248,0.05207,0.00003,-3.12257,-3.05581,-1.49214,-0.11311,-1.26135,0.18254,0.07687,0.00028,-0.0110,-0.0110,-0.0024,-0.0024,-0.0220,-0.0073,-0.0220,-0.0073,-0.0330,-0.0110,-0.0024,-0.0024,-0.0220,-0.0073,-0.0073,-0.0073,-0.040,-0.013,0.007,-0.021,0.002,-0.007,-0.002,-0.051,-0.013,0.013,-0.007,-0.007,-0.002,0.002,-0.007,-0.012,28.0,29.0,30.0,29.0,30.0,30.0,29.0,28.0,28.0,29.0,30.0,29.0,30.0,30.0,29.0,29.0
1790307713.097655,12.260,-0.00286,-0.03071,-0.00019,-0.00019,0.42973,0.00248,0.05207,0.00003,-3.12257,-3.05581,-1.49214,-0.11311,-1.26135,0.18254,0.07687,0.00028,-0.0110,-0.0110,0.0024,-0.0024,0.0073,0.0073,-0.0220,-0.0220,-0.0110,-0.0110,-0.0024,-0.0024,-0.0220,0.0073,0.0220,-0.0073,-0.013,-0.013,0.007,-0.021,-0.002,-0.007,-0.002,-0.051,-0.013,-0.013,0.007,0.007,-0.002,-0.002,-0.002,-0.007,28.0,29.0,30.0,29.0,30.0,30.0,29.0,28.0,28.0,29.0,30.0,29.0,30.0,30.0,29.0,29.0
1790307713.107503,12.270,-0.00286,-0.03071,-0.00019,-0.00019,0.42973,0.00248,0.05207,0.00003,-3.12257,-3.05581,-1.49214,-0.11311,-1.26135,0.18254,0.07687,0.00028,-0.0110,-0.0110,0.0024,-0.0024,0.0073,0.0073,-0.0220,-0.0220,-0.0110,-0.0110,-0.0024,-0.0024,-0.0220,0.0073,0.0220,0.0073,-0.013,-0.013,0.007,-0.021,-0.002,-0.007,-0.002,-0.051,-0.013,-0.013,0.007,0.007,-0.002,-0.002,-0.002,-0.007,28.0,29.0,30.0,29.0,30.0,30.0,29.0,28.0,28.0,29.0,30.0,29.0,30.0,30.0,29.0,29.0
1790307713.117491,12.280,-0.00286,-0.03071,-0.00019,-0.00019,0.42973,0.00248,0.05207,0.00003,-3.12257,-3.05581,-1.49214,-0.11311,-1.26135,0.18254,0.07687,0.00028,-0.0110,-0.0110,0.0024,-0.0024,0.0073,0.0073,-0.0220,-0.0220,-0.0110,-0.0110,-0.0024,-0.0024,-0.0220,0.0073,0.0220,0.0073,-0.013,-0.013,0.007,-0.021,-0.002,-0.007,-0.002,-0.051,-0.013,-0.013,0.007,0.007,-0.002,-0.002,-0.002,-0.007,28.0,29.0,30.0,29.0,30.0,30.0,29.0,28.0,28.0,29.0,30.0,29.0,30.0,30.0,29.0,29.0
1790307713.127388,12.290,-0.00286,-0.03071,-0.00019,-0.00019,0.42973,0.00248,0.05207,0.00003,-3.12257,-3.05581,-1.49214,-0.11311,-1.26135,0.18254,0.07687,0.00028,-0.0110,-0.0110,0.0024,-0.0024,0.0073,0.0073,-0.0220,-0.0220,-0.0110,-0.0110,-0.0024,-0.0024,-0.0220,0.0073,0.0220,0.0073,-0.013,-0.013,0.007,-0.021,-0.002,-0.007,-0.002,-0.051,-0.013,-0.013,0.007,0.007,-0.002,-0.002,-0.002,-0.007,28.0,29.0,30.0,29.0,30.0,30.0,29.0,28.0,28.0,29.0,30.0,29.0,30.0,30.0,29.0,29.0
1790307713.137746,12.300,-0.00286,-0.03071,-0.00019,-0.00019,0.42973,0.00248,0.05207,0.00003,-3.12257,-3.05581,-1.49214,-0.11311,-1.26135,0.18254,0.07687,0.00028,-0.0110,-0.0330,-0.0024,-0.0024,0.0073,0.0073,-0.0220,-0.0073,-0.0110,-0.0110,-0.0024,-0.0024,-0.0220,0.0073,0.0220,-0.0073,-0.013,-0.013,0.007,-0.021,-0.002,-0.007,-0.002,-0.051,-0.013,-0.013,0.007,0.007,-0.002,-0.002,-0.002,-0.007,28.0,29.0,30.0,29.0,30.0,30.0,29.0,28.0,28.0,29.0,30.0,29.0,30.0,30.0,29.0,29.0
1790307713.147557,12.310,-0.00286,-0.03071,-0.00019,-0.00019,0.42973,0.00248,0.05207,0.00003,-3.12257,-3.05581,-1.49214,-0.11311,-1.26135,0.18254,0.07687,0.00028,-0.0110,-0.0330,-0.0024,-0.0024,-0.0073,-0.0220,-0.0073,-0.0073,-0.0110,-0.0110,-0.0024,-0.0024,-0.0073,-0.0073,-0.0073,-0.0073,-0.013,-0.013,0.007,-0.021,-0.002,-0.007,-0.002,-0.051,-0.013,-0.013,0.007,0.007,-0.002,0.002,-0.007,-0.007,28.0,29.0,30.0,29.0,30.0,30.0,29.0,28.0,28.0,29.0,30.0,29.0,30.0,30.0,29.0,29.0
1790307713.157655,12.320,-0.00286,-0.03071,-0.00019,-0.00019,0.42973,0.00248,0.05207,0.00003,-3.12257,-3.05581,-1.49214,-0.11311,-1.26135,0.18254,0.07687,0.00028,-0.0110,-0.0330,-0.0024,-0.0024,-0.0073,-0.0220,-0.0073,-0.0073,-0.0110,-0.0110,-0.0024,-0.0024,-0.0073,-0.0073,-0.0073,-0.0073,-0.013,-0.013,0.007,-0.021,-0.002,-0.007,-0.002,-0.051,-0.013,-0.013,0.007,0.007,-0.002,0.002,-0.007,-0.007,28.0,29.0,30.0,29.0,30.0,30.0,29.0,28.0,28.0,29.0,30.0,29.0,30.0,30.0,29.0,29.0
1790307713.167378,12.330,-0.00286,-0.03071,-0.00019,-0.00019,0.42973,0.00248,0.05207,0.00003,-3.12257,-3.05581,-1.49214,-0.11311,-1.26135,0.18254,0.07687,0.00028,-0.0110,-0.0330,-0.0024,-0.0024,-0.0073,-0.0220,-0.0073,-0.0073,-0.0110,-0.0110,-0.0024,-0.0024,-0.0073,-0.0073,-0.0073,-0.0073,-0.013,-0.013,0.007,-0.021,-0.002,-0.007,-0.002,-0.051,-0.013,-0.013,0.007,0.007,-0.002,0.002,-0.007,-0.007,28.0,29.0,30.0,29.0,30.0,30.0,29.0,28.0,28.0,29.0,30.0,29.0,30.0,30.0,29.0,29.0
1790307713.177749,12.340,-0.00286,-0.03071,-0.00019,-0.00019,0.42973,0.00248,0.05207,0.00003,-3.12257,-3.05581,-1.49214,-0.11311,-1.26135,0.18254,0.07687,0.00030,-0.0110,-0.0110,-0.0024,-0.0024,-0.0073,-0.0220,-0.0073,-0.0073,-0.0110,-0.0110,-0.0024,-0.0024,-0.0073,-0.0073,-0.0073,-0.0073,-0.040,-0.013,0.007,-0.021,-0.002,-0.007,-0.002,-0.056,-0.013,-0.013,0.007,0.007,-0.002,0.002,-0.007,-0.007,28.0,29.0,30.0,29.0,30.0,30.0,29.0,28.0,28.0,29.0,30.0,29.0,30.0,30.0,29.0,29.0
1790307713.187435,12.350,-0.00286,-0.03071,-0.00019,-0.00019,0.42973,0.00248,0.05207,0.00003,-3.12257,-3.05581,-1.49214,-0.11311,-1.26135,0.18254,0.07687,0.00028,-0.0110,-0.0110,-0.0073,-0.0024,-0.0073,-0.0220,-0.0220,-0.0073,-0.0110,-0.0330,-0.0024,-0.0024,-0.0073,-0.0073,-0.0073,-0.0073,-0.040,-0.013,0.007,-0.021,0.002,-0.007,-0.002,-0.056,-0.013,-0.013,0.007,0.007,-0.002,0.002,-0.007,-0.007,28.0,29.0,30.0,29.0,30.0,30.0,29.0,28.0,28.0,29.0,30.0,29.0,30.0,30.0,29.0,29.0
1790307713.198047,12.360,-0.00286,-0.03071,-0.00019,-0.00019,0.42973,0.00248,0.05207,0.00003,-3.12257,-3.05581,-1.49214,-0.11311,-1.26135,0.18254,0.07687,0.00028,-0.0110,-0.0110,-0.0073,-0.0024,-0.0073,-0.0220,-0.0220,-0.0073,-0.0110,-0.0330,-0.0024,-0.0024,-0.0073,-0.0073,-0.0073,-0.0073,-0.040,-0.013,0.007,-0.021,0.002,-0.007,-0.002,-0.056,-0.013,-0.013,0.007,0.007,-0.002,0.002,-0.007,-0.007,28.0,29.0,30.0,29.0,30.0,30.0,29.0,28.0,28.0,29.0,30.0,29.0,30.0,30.0,29.0,29.0
1790307713.207441,12.370,-0.00286,-0.03071,-0.00019,-0.00019,0.42973,0.00248,0.05207,0.00003,-3.12257,-3.05581,-1.49214,-0.11311,-1.26135,0.18254,0.07687,0.00028,-0.0110,-0.0110,-0.0073,-0.0024,-0.0073,-0.0220,-0.0220,-0.0073,-0.0110,-0.0330,-0.0024,-0.0024,-0.0073,-0.0073,-0.0073,-0.0073,-0.040,-0.013,0.007,-0.021,0.002,-0.007,-0.002,-0.056,-0.013,-0.013,0.007,0.007,-0.002,0.002,-0.007,-0.002,28.0,29.0,30.0,29.0,30.0,30.0,29.0,28.0,28.0,29.0,30.0,29.0,30.0,30.0,29.0,29.0
1790307713.217396,12.380,-0.00286,-0.03071,-0.00019,-0.00019,0.42973,0.00248,0.05207,0.00003,-3.12257,-3.05581,-1.49214,-0.11311,-1.26135,0.18254,0.07687,0.00028,-0.0110,-0.0110,-0.0073,-0.0024,-0.0073,-0.0220,-0.0220,-0.0073,-0.0110,-0.0330,-0.0024,-0.0024,-0.0073,-0.0073,-0.0073,-0.0073,-0.040,-0.013,0.007,-0.021,0.002,-0.007,-0.002,-0.056,-0.013,-0.013,0.007,0.007,-0.002,0.002,-0.007,-0.002,28.0,29.0,30.0,29.0,30.0,30.0,29.0,28.0,28.0,29.0,30.0,29.0,30.0,30.0,29.0,29.0
1790307713.227443,12.390,-0.00324,-0.03071,-0.00019,-0.00019,0.42973,0.00248,0.05207,0.00003,-3.12257,-3.05581,-1.49214,-0.11273,-1.26135,0.18254,0.07687,0.00028,-0.0110,-0.0110,-0.0073,-0.0073,-0.0073,0.0073,-0.0073,-0.0073,-0.0330,-0.0330,0.0024,-0.0024,-0.0073,-0.0073,0.0073,0.0073,-0.013,-0.013,0.007,-0.021,0.002,-0.007,-0.002,-0.056,-0.013,-0.013,0.007,0.007,-0.002,0.002,-0.007,-0.007,28.0,29.0,30.0,29.0,30.0,30.0,29.0,28.0,28.0,29.0,30.0,29.0,30.0,30.0,29.0,29.0
1790307713.237615,12.400,-0.00324,-0.03071,-0.00019,-0.00019,0.42973,0.00248,0.05207,0.00003,-3.12257,-3.05581,-1.49214,-0.11273,-1.26135,0.18254,0.07687,0.00028,-0.0110,-0.0110,-0.0073,-0.0073,-0.0073,0.0073,-0.0073,-0.0073,-0.0330,-0.0330,0.0024,-0.0024,-0.0073,-0.0073,0.0073,0.0073,-0.013,-0.013,0.007,-0.021,0.002,-0.007,-0.002,-0.056,-0.013,-0.013,0.007,0.007,-0.002,0.002,-0.007,-0.007,28.0,29.0,30.0,29.0,30.0,30.0,29.0,28.0,28.0,29.0,30.0,29.0,30.0,30.0,29.0,29.0
1790307713.247424,12.410,-0.00324,-0.03071,-0.00019,-0.00019,0.42973,0.00248,0.05207,0.00003,-3.12257,-3.05581,-1.49214,-0.11273,-1.26135,0.18254,0.07687,0.00028,-0.0110,-0.0110,-0.0073,-0.0073,-0.0073,0.0073,-0.0073,-0.0073,-0.0330,-0.0330,0.0024,-0.0024,-0.0073,-0.0073,0.0073,0.0073,-0.013,-0.013,0.007,-0.021,0.002,-0.007,-0.002,-0.061,-0.013,-0.013,0.007,0.007,-0.002,0.002,-0.007,-0.007,28.0,29.0,30.0,29.0,30.0,30.0,29.0,28.0,28.0,29.0,30.0,29.0,30.0,30.0,29.0,29.0
1790307713.257504,12.420,-0.00324,-0.03071,-0.00019,-0.00019,0.42973,0.00248,0.05207,0.00003,-3.12257,-3.05581,-1.49214,-0.11273,-1.26135,0.18254,0.07687,0.00028,-0.0110,-0.0110,-0.0073,-0.0073,-0.0073,0.0073,-0.0073,-0.0073,-0.0330,-0.0330,0.0024,-0.0024,-0.0073,-0.0073,0.0073,0.0220,-0.013,-0.013,0.007,-0.021,0.002,-0.007,-0.002,-0.061,-0.013,-0.013,0.007,0.007,-0.002,0.002,-0.007,-0.002,28.0,29.0,30.0,29.0,30.0,30.0,29.0,28.0,28.0,29.0,30.0,29.0,30.0,30.0,29.0,29.0
1790307713.267407,12.430,-0.00286,-0.03071,-0.00019,-0.00019,0.42973,0.00248,0.05207,0.00003,-3.12257,-3.05581,-1.49214,-0.11273,-1.26135,0.18254,0.07687,0.00030,-0.0110,-0.0330,-0.0024,-0.0024,-0.0073,-0.0073,-0.0073,-0.0073,-0.0110,-0.0110,-0.0024,-0.0024,-0.0073,-0.0073,-0.0073,-0.0220,-0.040,-0.013,0.007,-0.021,0.002,-0.007,-0.002,-0.061,-0.013,-0.013,0.007,0.007,-0.002,0.002,-0.007,-0.007,28.0,29.0,30.0,29.0,30.0,30.0,29.0,28.0,28.0,29.0,30.0,29.0,30.0,30.0,29.0,29.0
1790307713.277503,12.440,-0.00286,-0.03071,-0.00019,-0.00019,0.42973,0.00248,0.05207,0.00003,-3.12257,-3.05581,-1.49214,-0.11273,-1.26135,0.18254,0.07687,0.00030,-0.0110,-0.0330,-0.0024,-0.0024,-0.0073,-0.0073,-0.0073,-0.0073,-0.0110,-0.0110,-0.0024,-0.0024,-0.0073,-0.0073,-0.0073,-0.0220,-0.040,-0.013,0.007,-0.021,0.002,-0.007,-0.002,-0.061,-0.013,-0.013,0.007,0.007,-0.002,0.002,-0.007,-0.007,28.0,29.0,30.0,29.0,30.0,30.0,29.0,28.0,28.0,29.0,30.0,29.0,30.0,30.0,29.0,29.0
1790307713.287430,12.450,-0.00286,-0.03071,-0.00019,-0.00019,0.42973,0.00248,0.05207,0.00003,-3.12257,-3.05581,-1.49214,-0.11273,-1.26135,0.18254,0.07687,0.00030,-0.0110,-0.0330,-0.0024,-0.0024,-0.0073,-0.0073,-0.0073,-0.0073,-0.0110,-0.0110,-0.0024,-0.0024,-0.0073,-0.0073,-0.0073,-0.0220,-0.040,-0.013,0.007,-0.021,0.002,-0.007,-0.002,-0.061,-0.013,-0.013,0.007,0.007,-0.002,0.002,-0.007,-0.007,28.0,29.0,30.0,29.0,30.0,30.0,29.0,28.0,28.0,29.0,30.0,29.0,30.0,30.0,29.0,29.0
1790307713.297520,12.460,-0.00286,-0.03071,-0.00019,-0.00019,0.42973,0.00248,0.05207,0.00003,-3.12257,-3.05581,-1.49214,-0.11273,-1.26135,0.18254,0.07687,0.00030,-0.0110,-0.0330,-0.0024,-0.0024,-0.0073,-0.0073,-0.0073,-0.0073,-0.0110,-0.0110,-0.0024,-0.0024,-0.0073,-0.0073,-0.0073,-0.0220,-0.040,-0.013,0.007,-0.021,0.002,-0.007,-0.002,-0.061,-0.013,-0.013,0.007,0.007,-0.002,0.002,-0.007,-0.007,28.0,29.0,30.0,29.0,30.0,30.0,29.0,28.0,28.0,29.0,30.0,29.0,30.0,30.0,29.0,29.0
1790307713.307430,12.470,-0.00324,-0.03071,-0.00019,-0.00019,0.42973,0.00248,0.05207,0.00003,-3.12257,-3.05581,-1.49214,-0.11311,-1.26135,0.18254,0.07687,0.00030,-0.0110,0.0110,-0.0073,-0.0024,-0.0073,0.0073,-0.0220,-0.0220,-0.0110,-0.0110,-0.0024,-0.0024,-0.0073,-0.0073,-0.0073,-0.0220,-0.040,-0.013,0.007,-0.021,-0.002,-0.007,-0.002,-0.061,-0.013,-0.013,0.007,0.007,-0.002,-0.002,-0.002,-0.007,28.0,29.0,30.0,29.0,30.0,30.0,29.0,28.0,28.0,29.0,30.0,29.0,30.0,30.0,29.0,29.0
1790307713.318028,12.480,-0.00324,-0.03071,-0.00019,-0.00019,0.42973,0.00248,0.05207,0.00003,-3.12257,-3.05581,-1.49214,-0.11311,-1.26135,0.18254,0.07687,0.00030,-0.0110,0.0110,-0.0073,-0.0024,-0.0073,0.0073,-0.0220,-0.0220,-0.0110,-0.0110,-0.0024,-0.0024,-0.0073,-0.0073,-0.0073,-0.0220,-0.040,-0.013,0.007,-0.021,-0.002,-0.007,-0.002,-0.061,-0.013,-0.013,0.007,0.007,-0.002,-0.002,-0.002,-0.007,28.0,29.0,30.0,29.0,30.0,30.0,29.0,28.0,28.0,29.0,30.0,29.0,30.0,30.0,29.0,29.0
1790307713.327426,12.490,-0.00324,-0.03071,-0.00019,-0.00019,0.42973,0.00248,0.05207,0.00003,-3.12257,-3.05581,-1.49214,-0.11311,-1.26135,0.18254,0.07687,0.00030,-0.0110,0.0110,-0.0073,-0.0024,-0.0073,0.0073,-0.0220,-0.0220,-0.0110,-0.0110,-0.0024,-0.0024,-0.0073,-0.0073,-0.0073,-0.0220,-0.040,-0.013,0.007,-0.021,-0.002,-0.007,-0.002,-0.061,-0.013,-0.013,0.007,0.007,-0.002,-0.002,-0.002,-0.007,28.0,29.0,30.0,29.0,30.0,30.0,29.0,28.0,28.0,29.0,30.0,29.0,30.0,30.0,29.0,29.0
1790307713.337507,12.500,-0.00324,-0.03071,-0.00019,-0.00019,0.42973,0.00248,0.05207,0.00003,-3.12257,-3.05581,-1.49214,-0.11311,-1.26135,0.18254,0.07687,0.00030,-0.0110,0.0110,-0.0073,-0.0024,-0.0073,0.0073,-0.0220,-0.0220,-0.0110,-0.0110,-0.0024,-0.0024,-0.0073,-0.0073,-0.0073,-0.0220,-0.040,-0.013,0.007,-0.021,-0.002,-0.007,-0.002,-0.061,-0.013,-0.013,0.007,0.007,-0.002,-0.002,-0.002,-0.007,28.0,29.0,30.0,29.0,30.0,30.0,29.0,28.0,28.0,29.0,30.0,29.0,30.0,30.0,29.0,29.0
1790307713.347509,12.510,-0.00324,-0.03071,-0.00019,-0.00019,0.42973,0.00248,0.05207,0.00003,-3.12257,-3.05581,-1.49214,-0.11311,-1.26135,0.18254,0.07687,0.00028,-0.0110,-0.0110,-0.0024,0.0024,-0.0220,-0.0073,-0.0220,-0.0220,-0.0110,0.0110,-0.0024,-0.0073,0.0073,-0.0073,-0.0073,-0.0073,-0.040,-0.013,0.007,-0.021,0.002,-0.007,-0.002,-0.056,-0.013,-0.013,0.007,0.007,-0.002,0.002,-0.007,0.002,28.0,29.0,30.0,29.0,30.0,30.0,29.0,28.0,28.0,29.0,30.0,29.0,30.0,30.0,29.0,29.0
1790307713.357581,12.520,-0.00324,-0.03071,-0.00019,-0.00019,0.42973,0.00248,0.05207,0.00003,-3.12257,-3.05581,-1.49214,-0.11311,-1.26135,0.18254,0.07687,0.00028,-0.0110,-0.0110,-0.0024,0.0024,-0.0220,-0.0073,-0.0220,-0.0073,-0.0110,0.0110,-0.0024,-0.0073,0.0073,-0.0073,-0.0073,-0.0073,-0.040,-0.013,0.007,-0.021,0.002,-0.007,-0.002,-0.056,-0.013,-0.013,0.007,0.007,-0.002,0.002,-0.007,-0.002,28.0,29.0,30.0,29.0,30.0,30.0,29.0,28.0,28.0,29.0,30.0,29.0,30.0,30.0,29.0,29.0
1790307713.367397,12.530,-0.00324,-0.03071,-0.00019,-0.00019,0.42973,0.00248,0.05207,0.00003,-3.12257,-3.05581,-1.49214,-0.11311,-1.26135,0.18254,0.07687,0.00028,-0.0110,-0.0110,-0.0024,0.0024,-0.0220,-0.0073,-0.0220,-0.0073,-0.0110,0.0110,-0.0024,-0.0073,0.0073,-0.0073,-0.0073,-0.0073,-0.040,-0.013,0.007,-0.021,0.002,-0.007,-0.002,-0.056,-0.013,-0.013,0.007,0.007,-0.002,0.002,-0.007,-0.002,28.0,29.0,30.0,29.0,30.0,30.0,29.0,28.0,28.0,29.0,30.0,29.0,30.0,30.0,29.0,29.0
1790307713.377573,12.540,-0.00324,-0.03071,-0.00019,-0.00019,0.42973,0.00248,0.05207,0.00003,-3.12257,-3.05581,-1.49214,-0.11311,-1.26135,0.18254,0.07687,0.00028,-0.0110,-0.0110,-0.0024,0.0024,-0.0220,-0.0073,-0.0220,-0.0073,-0.0110,0.0110,-0.0024,-0.0073,0.0073,-0.0073,-0.0073,-0.0073,-0.040,-0.013,0.007,-0.021,0.002,-0.007,-0.002,-0.056,-0.013,-0.013,0.007,0.007,-0.002,0.002,-0.007,-0.002,28.0,29.0,30.0,29.0,30.0,30.0,29.0,28.0,28.0,29.0,30.0,29.0,30.0,30.0,29.0,29.0
1790307713.387366,12.550,-0.00286,-0.03071,-0.00019,-0.00019,0.42973,0.00248,0.05207,0.00005,-3.12257,-3.05581,-1.49214,-0.11311,-1.26135,0.18254,0.07687,0.00030,-0.0110,-0.0110,0.0024,-0.0024,0.0220,-0.0073,-0.0073,-0.0073,-0.0330,-0.0110,-0.0024,-0.0024,-0.0220,-0.0073,-0.0073,-0.0073,-0.040,-0.013,0.007,-0.021,0.002,-0.007,-0.002,-0.056,-0.013,-0.013,0.007,0.007,-0.002,0.002,-0.007,-0.002,28.0,29.0,30.0,29.0,30.0,30.0,29.0,28.0,28.0,29.0,30.0,29.0,30.0,30.0,29.0,29.0
1790307713.397635,12.560,-0.00286,-0.03071,-0.00019,-0.00019,0.42973,0.00248,0.05207,0.00005,-3.12257,-3.05581,-1.49214,-0.11311,-1.26135,0.18254,0.07687,0.00030,-0.0110,-0.0110,0.0024,-0.0024,0.0220,-0.0073,-0.0073,-0.0073,-0.0330,-0.0110,-0.0024,-0.0024,-0.0220,-0.0073,-0.0073,-0.0073,-0.040,-0.013,0.007,-0.021,0.002,-0.007,-0.002,-0.056,-0.013,-0.013,0.007,0.007,-0.002,0.002,-0.007,-0.002,28.0,29.0,30.0,29.0,30.0,30.0,29.0,28.0,28.0,29.0,30.0,29.0,30.0,30.0,29.0,29.0
1790307713.407389,12.570,-0.00286,-0.03071,-0.00019,-0.00019,0.42973,0.00248,0.05207,0.00003,-3.12257,-3.05581,-1.49214,-0.11311,-1.26135,0.18254,0.07687,0.00028,-0.0110,-0.0110,0.0024,-0.0024,0.0220,-0.0073,-0.0073,0.0073,-0.0330,-0.0110,-0.0024,-0.0024,-0.0220,-0.0073,-0.0073,-0.0220,-0.040,-0.013,0.007,-0.021,0.002,-0.007,-0.002,-0.056,-0.013,-0.013,0.007,0.007,-0.002,0.002,-0.007,-0.002,28.0,29.0,30.0,29.0,30.0,30.0,29.0,28.0,28.0,29.0,30.0,29.0,30.0,30.0,29.0,29.0
1790307713.418016,12.580,-0.00286,-0.03071,-0.00019,-0.00019,0.42973,0.00248,0.05207,0.00003,-3.12257,-3.05581,-1.49214,-0.11311,-1.26135,0.18254,0.07687,0.00028,-0.0110,-0.0110,0.0024,-0.0024,0.0220,-0.0073,-0.0073,0.0073,-0.0330,-0.0110,-0.0024,-0.0024,-0.0220,-0.0073,-0.0073,-0.0220,-0.040,-0.013,0.007,-0.021,0.002,-0.007,-0.002,-0.056,-0.013,-0.013,0.007,0.007,-0.002,0.002,-0.007,-0.002,28.0,29.0,30.0,29.0,30.0,30.0,29.0,28.0,28.0,29.0,30.0,29.0,30.0,30.0,29.0,29.0
1790307713.427840,12.590,-0.00286,-0.03071,-0.00019,-0.00019,0.42973,0.00248,0.05207,0.00003,-3.12257,-3.05581,-1.49214,-0.11273,-1.26135,0.18254,0.07687,0.00028,0.0110,0.0110,-0.0073,-0.0024,-0.0073,0.0073,-0.0073,-0.0073,-0.0110,-0.0110,-0.0073,-0.0024,-0.0073,-0.0073,0.0073,-0.0073,-0.013,-0.013,0.007,-0.021,0.002,-0.007,-0.002,-0.056,-0.013,-0.013,-0.007,0.007,-0.002,0.002,-0.007,0.002,28.0,29.0,30.0,29.0,30.0,30.0,29.0,28.0,28.0,29.0,30.0,29.0,30.0,30.0,29.0,29.0
1790307713.438055,12.600,-0.00286,-0.03071,-0.00019,-0.00019,0.42973,0.00248,0.05207,0.00003,-3.12257,-3.05581,-1.49214,-0.11273,-1.26135,0.18254,0.07687,0.00028,0.0110,0.0110,-0.0073,-0.0024,-0.0073,0.0073,-0.0073,-0.0073,-0.0110,-0.0110,-0.0073,-0.0024,-0.0073,-0.0073,0.0073,-0.0073,-0.013,-0.013,0.007,-0.021,0.002,-0.007,-0.002,-0.056,-0.013,-0.013,-0.007,0.007,-0.002,0.002,-0.007,0.002,28.0,29.0,30.0,29.0,30.0,30.0,29.0,28.0,28.0,29.0,30.0,29.0,30.0,30.0,29.0,29.0
1790307713.447823,12.610,-0.00286,-0.03071,-0.00019,-0.00019,0.42973,0.00248,0.05207,0.00003,-3.12257,-3.05581,-1.49214,-0.11273,-1.26135,0.18254,0.07687,0.00028,0.0110,0.0110,-0.0073,-0.0024,-0.0073,0.0073,-0.0073,-0.0073,-0.0110,-0.0110,-0.0073,-0.0024,-0.0073,-0.0073,0.0073,-0.0073,-0.013,-0.013,0.007,-0.021,0.002,-0.007,-0.002,-0.056,-0.013,-0.013,-0.007,0.007,-0.002,0.002,-0.007,0.002,28.0,29.0,30.0,29.0,30.0,30.0,29.0,28.0,28.0,29.0,30.0,29.0,30.0,30.0,29.0,29.0
1790307713.459109,12.622,-0.00286,-0.03071,-0.00019,-0.00019,0.42973,0.00248,0.05207,0.00003,-3.12257,-3.05581,-1.49214,-0.11273,-1.26135,0.18254,0.07687,0.00028,0.0110,0.0110,-0.0073,-0.0024,-0.0073,0.0073,-0.0073,0.0073,-0.0110,-0.0110,-0.0073,-0.0024,-0.0073,-0.0073,0.0073,-0.0073,-0.013,-0.013,0.007,-0.021,0.002,-0.007,-0.002,-0.056,-0.013,-0.013,-0.007,0.007,-0.002,0.002,-0.007,0.002,28.0,29.0,30.0,29.0,30.0,30.0,29.0,28.0,28.0,29.0,30.0,29.0,30.0,30.0,29.0,29.0
1790307713.467415,12.630,-0.00286,-0.03071,-0.00019,-0.00019,0.42973,0.00248,0.05207,0.00005,-3.12257,-3.05581,-1.49214,-0.11311,-1.26135,0.18254,0.07687,0.00028,-0.0110,-0.0110,-0.0024,-0.0024,-0.0073,-0.0220,-0.0073,-0.0073,0.0110,-0.0110,0.0024,-0.0024,-0.0220,-0.0073,0.0073,0.0073,-0.040,-0.013,0.007,-0.021,-0.002,-0.007,-0.002,-0.061,-0.013,-0.013,0.007,0.007,-0.002,0.002,-0.002,-0.002,28.0,29.0,30.0,29.0,30.0,30.0,29.0,28.0,28.0,29.0,30.0,29.0,30.0,30.0,29.0,29.0
1790307713.477978,12.640,-0.00286,-0.03071,-0.00019,-0.00019,0.42973,0.00248,0.05207,0.00005,-3.12257,-3.05581,-1.49214,-0.11311,-1.26135,0.18254,0.07687,0.00028,-0.0110,-0.0110,-0.0024,-0.0024,-0.0073,-0.0220,-0.0073,-0.0073,0.0110,-0.0110,0.0024,-0.0024,-0.0220,-0.0073,0.0073,0.0073,-0.040,-0.013,0.007,-0.021,-0.002,-0.007,-0.002,-0.061,-0.013,-0.013,0.007,0.007,-0.002,0.002,-0.002,-0.002,28.0,29.0,30.0,29.0,30.0,30.0,29.0,28.0,28.0,29.0,30.0,29.0,30.0,30.0,29.0,29.0
1790307713.487394,12.650,-0.00286,-0.03071,-0.00019,-0.00019,0.42973,0.00248,0.05207,0.00005,-3.12257,-3.05581,-1.49214,-0.11311,-1.26135,0.18254,0.07687,0.00028,-0.0110,-0.0110,-0.0024,-0.0024,-0.0073,-0.0220,-0.0073,-0.0073,0.0110,-0.0110,0.0024,-0.0024,-0.0220,-0.0073,0.0073,0.0073,-0.040,-0.013,0.007,-0.021,-0.002,-0.007,-0.002,-0.061,-0.013,-0.013,0.007,0.007,-0.002,0.002,-0.002,-0.002,28.0,29.0,30.0,29.0,30.0,30.0,29.0,28.0,28.0,29.0,30.0,29.0,30.0,30.0,29.0,29.0
1790307713.497574,12.660,-0.00286,-0.03071,-0.00019,-0.00019,0.42973,0.00248,0.05207,0.00005,-3.12257,-3.05581,-1.49214,-0.11311,-1.26135,0.18254,0.07687,0.00028,-0.0110,-0.0110,-0.0024,-0.0024,-0.0073,-0.0220,-0.0073,-0.0073,0.0110,-0.0110,0.0024,-0.0024,-0.0220,-0.0073,0.0073,0.0073,-0.040,-0.013,0.007,-0.021,-0.002,-0.007,-0.002,-0.061,-0.013,-0.013,0.007,0.007,-0.002,0.002,-0.002,-0.002,28.0,29.0,30.0,29.0,30.0,30.0,29.0,28.0,28.0,29.0,30.0,29.0,30.0,30.0,29.0,29.0
1790307713.507381,12.670,-0.00286,-0.03071,-0.00019,-0.00019,0.42973,0.00248,0.05207,0.00005,-3.12257,-3.05581,-1.49214,-0.11311,-1.26135,0.18254,0.07687,0.00028,-0.0110,-0.0330,-0.0024,-0.0024,-0.0073,-0.0073,-0.0073,-0.0220,-0.0110,-0.0110,-0.0073,-0.0073,-0.0073,-0.0073,-0.0073,0.0073,-0.013,-0.013,0.007,-0.021,0.002,-0.007,-0.002,-0.066,-0.013,-0.013,0.021,0.007,-0.002,0.002,-0.007,0.002,28.0,29.0,30.0,29.0,30.0,30.0,29.0,28.0,28.0,29.0,30.0,29.0,30.0,30.0,29.0,29.0
1790307713.517976,12.680,-0.00286,-0.03071,-0.00019,-0.00019,0.42973,0.00248,0.05207,0.00005,-3.12257,-3.05581,-1.49214,-0.11311,-1.26135,0.18254,0.07687,0.00028,-0.0110,-0.0330,-0.0024,-0.0024,-0.0073,-0.0073,-0.0073,-0.0220,-0.0110,-0.0110,-0.0073,-0.0073,-0.0073,-0.0073,-0.0073,-0.0073,-0.013,-0.013,0.007,-0.021,0.002,-0.007,-0.002,-0.066,-0.013,-0.013,0.021,0.007,-0.002,0.002,-0.007,-0.002,28.0,29.0,30.0,29.0,30.0,30.0,29.0,28.0,28.0,29.0,30.0,29.0,30.0,30.0,29.0,29.0
1790307713.527815,12.690,-0.00286,-0.03071,-0.00019,-0.00019,0.42973,0.00248,0.05207,0.00005,-3.12257,-3.05581,-1.49214,-0.11311,-1.26135,0.18254,0.07687,0.00028,-0.0110,-0.0330,-0.0024,-0.0024,-0.0073,-0.0073,-0.0073,-0.0220,-0.0110,-0.0110,-0.0073,-0.0073,-0.0073,-0.0073,-0.0073,-0.0073,-0.013,-0.013,0.007,-0.021,0.002,-0.007,-0.002,-0.066,-0.013,-0.013,0.021,0.007,-0.002,0.002,-0.007,-0.002,28.0,29.0,30.0,29.0,30.0,30.0,29.0,28.0,28.0,29.0,30.0,29.0,30.0,30.0,29.0,29.0
1790307713.537999,12.700,-0.00286,-0.03071,-0.00019,-0.00019,0.42973,0.00248,0.05207,0.00005,-3.12257,-3.05581,-1.49214,-0.11311,-1.26135,0.18254,0.07687,0.00028,-0.0110,-0.0330,-0.0024,-0.0024,-0.0073,-0.0073,-0.0073,-0.0220,-0.0110,-0.0110,-0.0073,-0.0073,-0.0073,-0.0073,-0.0073,-0.0073,-0.013,-0.013,0.007,-0.021,0.002,-0.007,-0.002,-0.066,-0.013,-0.013,0.021,0.007,-0.002,0.002,-0.007,-0.002,28.0,29.0,30.0,29.0,30.0,30.0,29.0,28.0,28.0,29.0,30.0,29.0,30.0,30.0,29.0,29.0
1790307713.548848,12.711,-0.00324,-0.03071,-0.00019,-0.00019,0.42973,0.00248,0.05207,0.00003,-3.12257,-3.05581,-1.49214,-0.11273,-1.26135,0.18254,0.07687,0.00028,-0.0110,-0.0330,-0.0073,-0.0024,0.0073,-0.0220,-0.0073,-0.0073,-0.0110,-0.0110,-0.0024,-0.0024,-0.0073,-0.0073,-0.0073,-0.0073,-0.040,-0.013,0.007,-0.021,-0.002,-0.007,-0.002,-0.066,-0.013,-0.013,0.007,0.007,-0.002,0.002,-0.007,-0.002,28.0,29.0,30.0,29.0,30.0,30.0,29.0,28.0,28.0,29.0,30.0,29.0,30.0,30.0,29.0,29.0
1790307713.557607,12.720,-0.00324,-0.03071,-0.00019,-0.00019,0.42973,0.00248,0.05207,0.00005,-3.12257,-3.05581,-1.49214,-0.11273,-1.26135,0.18254,0.07687,0.00028,-0.0110,-0.0330,-0.0073,-0.0024,0.0073,-0.0220,-0.0220,-0.0220,-0.0110,-0.0110,-0.0024,-0.0024,0.0073,-0.0220,-0.0073,-0.0073,-0.040,-0.013,0.007,-0.021,-0.002,-0.007,-0.007,-0.066,-0.013,-0.013,0.007,0.007,-0.002,0.002,-0.002,-0.002,28.0,29.0,30.0,29.0,30.0,30.0,29.0,28.0,28.0,29.0,30.0,29.0,30.0,30.0,29.0,29.0
1790307713.567390,12.730,-0.00324,-0.03071,-0.00019,-0.00019,0.42973,0.00248,0.05207,0.00005,-3.12257,-3.05581,-1.49214,-0.11273,-1.26135,0.18254,0.07687,0.00028,-0.0110,-0.0330,-0.0073,-0.0024,0.0073,-0.0220,-0.0220,-0.0220,-0.0110,-0.0110,-0.0024,-0.0024,0.0073,-0.0220,-0.0073,-0.0073,-0.040,-0.013,0.007,-0.021,-0.002,-0.007,-0.007,-0.066,-0.013,-0.013,0.007,0.007,-0.002,0.002,-0.002,0.002,28.0,29.0,30.0,29.0,30.0,30.0,29.0,28.0,28.0,29.0,30.0,29.0,30.0,30.0,29.0,29.0
1790307713.577603,12.740,-0.00324,-0.03071,-0.00019,-0.00019,0.42973,0.00248,0.05207,0.00005,-3.12257,-3.05581,-1.49214,-0.11273,-1.26135,0.18254,0.07687,0.00028,-0.0110,-0.0330,-0.0073,-0.0024,0.0073,-0.0220,-0.0220,-0.0220,-0.0110,-0.0110,-0.0024,-0.0024,0.0073,-0.0220,-0.0073,-0.0073,-0.040,-0.013,0.007,-0.021,-0.002,-0.007,-0.007,-0.066,-0.013,-0.013,0.007,0.007,-0.002,0.002,-0.002,0.002,28.0,29.0,30.0,29.0,30.0,30.0,29.0,28.0,28.0,29.0,30.0,29.0,30.0,30.0,29.0,29.0
1790307713.587532,12.750,-0.00324,-0.03071,-0.00019,-0.00019,0.42973,0.00248,0.05207,0.00005,-3.12257,-3.05581,-1.49214,-0.11311,-1.26135,0.18254,0.07687,0.00028,-0.0110,-0.0110,-0.0024,-0.0024,-0.0073,-0.0220,-0.0220,-0.0073,-0.0110,0.0110,-0.0024,-0.0024,0.0073,-0.0220,-0.0073,-0.0220,-0.040,-0.013,0.007,-0.021,0.002,-0.007,-0.007,-0.061,-0.013,-0.013,0.021,0.007,-0.002,0.002,-0.002,-0.002,28.0,29.0,30.0,29.0,30.0,30.0,29.0,28.0,28.0,29.0,30.0,29.0,30.0,30.0,29.0,29.0
1790307713.597597,12.760,-0.00324,-0.03071,-0.00019,-0.00019,0.42973,0.00248,0.05207,0.00005,-3.12257,-3.05581,-1.49214,-0.11311,-1.26135,0.18254,0.07687,0.00028,-0.0110,-0.0110,-0.0024,-0.0024,-0.0073,-0.0073,-0.0073,-0.0073,-0.0110,0.0110,-0.0024,-0.0024,-0.0073,-0.0073,-0.0073,-0.0220,-0.040,-0.013,0.007,-0.021,0.002,-0.007,-0.002,-0.061,-0.013,-0.013,0.021,0.007,-0.002,0.002,-0.002,-0.002,28.0,29.0,30.0,29.0,30.0,30.0,29.0,28.0,28.0,29.0,30.0,29.0,30.0,30.0,29.0,29.0
1790307713.607793,12.770,-0.00324,-0.03071,-0.00019,-0.00019,0.42973,0.00248,0.05207,0.00005,-3.12257,-3.05581,-1.49214,-0.11311,-1.26135,0.18254,0.07687,0.00028,-0.0110,-0.0110,-0.0024,-0.0024,-0.0073,-0.0073,-0.0073,-0.0073,-0.0110,0.0110,-0.0024,-0.0024,-0.0073,-0.0073,-0.0073,-0.0220,-0.040,-0.013,0.007,-0.021,0.002,-0.007,-0.002,-0.061,-0.013,-0.013,0.021,0.007,-0.002,0.002,-0.002,-0.002,28.0,29.0,30.0,29.0,30.0,30.0,29.0,28.0,28.0,29.0,30.0,29.0,30.0,30.0,29.0,29.0
1790307713.618025,12.780,-0.00324,-0.03071,-0.00019,-0.00019,0.42973,0.00248,0.05207,0.00005,-3.12257,-3.05581,-1.49214,-0.11311,-1.26135,0.18254,0.07687,0.00028,-0.0110,-0.0110,-0.0024,-0.0024,-0.0073,-0.0073,-0.0073,-0.0073,-0.0110,0.0110,-0.0024,-0.0024,-0.0073,-0.0073,-0.0073,-0.0073,-0.040,-0.013,0.007,-0.021,0.002,-0.007,-0.002,-0.061,-0.013,-0.013,0.021,0.007,-0.002,0.002,-0.002,-0.002,28.0,29.0,30.0,29.0,30.0,30.0,29.0,28.0,28.0,29.0,30.0,29.0,30.0,30.0,29.0,29.0
1790307713.627784,12.790,-0.00324,-0.03071,-0.00019,-0.00019,0.42973,0.00248,0.05207,0.00003,-3.12257,-3.05581,-1.49214,-0.11311,-1.26135,0.18254,0.07687,0.00028,0.0110,-0.0110,-0.0024,-0.0024,-0.0073,-0.0073,-0.0073,-0.0073,-0.0110,0.0110,-0.0024,-0.0024,-0.0073,-0.0073,-0.0073,-0.0073,-0.013,-0.013,0.007,-0.021,0.002,-0.007,-0.002,-0.061,-0.013,-0.013,0.021,0.007,-0.002,0.002,-0.002,-0.002,28.0,29.0,30.0,29.0,30.0,30.0,29.0,28.0,28.0,29.0,30.0,29.0,30.0,30.0,29.0,29.0
1790307713.638000,12.800,-0.00286,-0.03071,-0.00019,-0.00019,0.42973,0.00248,0.05207,0.00003,-3.12257,-3.05581,-1.49214,-0.11311,-1.26135,0.18254,0.07687,0.00028,0.0110,-0.0110,-0.0073,-0.0024,-0.0073,-0.0073,-0.0073,-0.0073,-0.0110,-0.0110,0.0024,-0.0024,-0.0220,-0.0073,-0.0073,-0.0220,-0.013,-0.013,0.007,-0.021,0.002,-0.007,-0.002,-0.061,-0.013,-0.013,0.007,0.007,-0.002,0.002,-0.002,0.002,28.0,29.0,30.0,29.0,30.0,30.0,29.0,28.0,28.0,29.0,30.0,29.0,30.0,30.0,29.0,29.0
1790307713.647787,12.810,-0.00286,-0.03071,-0.00019,-0.00019,0.42973,0.00248,0.05207,0.00003,-3.12257,-3.05581,-1.49214,-0.11311,-1.26135,0.18254,0.07687,0.00028,0.0110,-0.0110,-0.0073,-0.0024,-0.0073,-0.0073,-0.0073,-0.0073,-0.0110,-0.0110,0.0024,-0.0024,-0.0220,-0.0073,-0.0073,-0.0220,-0.013,-0.013,0.007,-0.021,0.002,-0.007,-0.002,-0.061,-0.013,-0.013,0.007,0.007,-0.002,0.002,-0.002,0.002,28.0,29.0,30.0,29.0,30.0,30.0,29.0,28.0,28.0,29.0,30.0,29.0,30.0,30.0,29.0,29.0
1790307713.657965,12.820,-0.00286,-0.03071,-0.00019,-0.00019,0.42973,0.00248,0.05207,0.00003,-3.12257,-3.05581,-1.49214,-0.11311,-1.26135,0.18254,0.07687,0.00028,0.0110,-0.0110,-0.0073,-0.0024,-0.0073,-0.0073,-0.0073,-0.0073,-0.0110,-0.0110,0.0024,-0.0024,-0.0220,-0.0073,-0.0073,-0.0220,-0.013,-0.013,0.007,-0.021,0.002,-0.007,-0.002,-0.061,-0.013,-0.013,0.007,0.007,-0.002,0.002,-0.002,0.002,28.0,29.0,30.0,29.0,30.0,30.0,29.0,28.0,28.0,29.0,30.0,29.0,30.0,30.0,29.0,29.0
1790307713.667796,12.830,-0.00286,-0.03071,-0.00019,-0.00019,0.42973,0.00248,0.05207,0.00005,-3.12257,-3.05581,-1.49214,-0.11311,-1.26135,0.18254,0.07687,0.00028,0.0110,-0.0110,-0.0073,-0.0024,-0.0073,-0.0073,-0.0073,-0.0073,-0.0110,-0.0110,0.0024,-0.0024,-0.0220,-0.0073,-0.0073,0.0073,-0.013,-0.013,0.007,-0.021,0.002,-0.007,-0.002,-0.061,-0.013,-0.013,0.007,0.007,-0.002,0.002,-0.002,-0.002,28.0,29.0,30.0,29.0,30.0,30.0,29.0,28.0,28.0,29.0,30.0,29.0,30.0,30.0,29.0,29.0
1790307713.677990,12.840,-0.00286,-0.03071,-0.00019,-0.00019,0.42973,0.00248,0.05207,0.00005,-3.12257,-3.05581,-1.49214,-0.11311,-1.26135,0.18254,0.07687,0.00028,-0.0110,-0.0330,-0.0024,-0.0024,-0.0220,-0.0073,-0.0073,0.0073,0.0110,0.0110,-0.0024,-0.0024,-0.0073,-0.0073,-0.0073,0.0073,-0.013,-0.013,0.007,-0.021,-0.002,-0.007,-0.002,-0.061,-0.013,-0.013,0.007,0.007,-0.002,0.002,-0.002,-0.002,28.0,29.0,30.0,29.0,30.0,30.0,29.0,28.0,28.0,29.0,30.0,29.0,30.0,30.0,29.0,29.0
1790307713.688200,12.851,-0.00286,-0.03071,-0.00019,-0.00019,0.42973,0.00248,0.05207,0.00005,-3.12257,-3.05581,-1.49214,-0.11311,-1.26135,0.18254,0.07687,0.00028,-0.0110,-0.0330,-0.0024,-0.0024,-0.0220,-0.0073,-0.0073,0.0073,0.0110,0.0110,-0.0024,-0.0024,-0.0073,-0.0073,-0.0073,0.0073,-0.013,-0.013,0.007,-0.021,-0.002,-0.007,-0.002,-0.061,-0.013,-0.013,0.007,0.007,-0.002,0.002,-0.002,-0.002,28.0,29.0,30.0,29.0,30.0,30.0,29.0,28.0,28.0,29.0,30.0,29.0,30.0,30.0,29.0,29.0
1790307713.698001,12.860,-0.00286,-0.03071,-0.00019,-0.00019,0.42973,0.00248,0.05207,0.00005,-3.12257,-3.05581,-1.49214,-0.11311,-1.26135,0.18254,0.07687,0.00028,-0.0110,-0.0330,-0.0024,-0.0024,-0.0220,-0.0073,-0.0073,0.0073,0.0110,0.0110,-0.0024,-0.0024,-0.0073,-0.0073,-0.0073,0.0073,-0.013,-0.013,0.007,-0.021,-0.002,-0.007,-0.002,-0.061,-0.013,-0.013,0.007,0.007,-0.002,0.002,-0.002,-0.002,28.0,29.0,30.0,29.0,30.0,30.0,29.0,28.0,28.0,29.0,30.0,29.0,30.0,30.0,29.0,29.0
1790307713.708214,12.871,-0.00324,-0.03071,-0.00019,-0.00019,0.42973,0.00248,0.05207,0.00003,-3.12257,-3.05581,-1.49214,-0.11311,-1.26135,0.18254,0.07687,0.00028,-0.0110,-0.0330,-0.0024,-0.0024,-0.0220,-0.0073,-0.0073,-0.0073,0.0110,0.0110,-0.0024,-0.0024,-0.0073,-0.0073,-0.0073,0.0073,-0.013,-0.013,0.007,-0.021,-0.002,-0.007,-0.002,-0.066,-0.013,-0.013,0.007,0.007,-0.002,0.002,-0.002,-0.002,28.0,29.0,30.0,29.0,30.0,30.0,29.0,28.0,28.0,29.0,30.0,29.0,30.0,30.0,29.0,29.0
1790307713.717437,12.880,-0.00324,-0.03071,-0.00019,-0.00019,0.42973,0.00248,0.05207,0.00005,-3.12257,-3.05581,-1.49214,-0.11273,-1.26135,0.18254,0.07687,0.00028,-0.0110,-0.0110,-0.0024,0.0024,-0.0073,-0.0220,-0.0073,-0.0220,-0.0110,-0.0110,-0.0024,-0.0024,-0.0073,-0.0073,-0.0073,-0.0073,-0.013,-0.013,0.021,-0.021,-0.002,-0.007,-0.002,-0.066,-0.013,-0.013,0.021,0.007,-0.002,0.002,-0.007,-0.002,28.0,29.0,30.0,29.0,30.0,30.0,29.0,28.0,28.0,29.0,30.0,29.0,30.0,30.0,29.0,29.0
1790307713.727394,12.890,-0.00324,-0.03071,-0.00019,-0.00019,0.42973,0.00248,0.05207,0.00005,-3.12257,-3.05581,-1.49214,-0.11273,-1.26135,0.18254,0.07687,0.00028,-0.0110,-0.0110,-0.0024,0.0024,-0.0073,-0.0220,-0.0073,-0.0220,-0.0110,-0.0110,-0.0024,-0.0024,-0.0073,-0.0073,-0.0073,-0.0073,-0.013,-0.013,0.021,-0.021,-0.002,-0.007,-0.002,-0.066,-0.013,-0.013,0.021,0.007,-0.002,0.002,-0.007,-0.002,28.0,29.0,30.0,29.0,30.0,30.0,29.0,28.0,28.0,29.0,30.0,29.0,30.0,30.0,29.0,29.0
1790307713.737983,12.900,-0.00324,-0.03071,-0.00019,-0.00019,0.42973,0.00248,0.05207,0.00005,-3.12257,-3.05581,-1.49214,-0.11273,-1.26135,0.18254,0.07687,0.00028,-0.0110,-0.0110,-0.0024,0.0024,-0.0073,-0.0220,-0.0073,-0.0220,-0.0110,-0.0110,-0.0024,-0.0024,-0.0073,-0.0073,-0.0073,-0.0073,-0.013,-0.013,0.021,-0.021,-0.002,-0.007,-0.002,-0.066,-0.013,-0.013,0.021,0.007,-0.002,0.002,-0.007,-0.002,28.0,29.0,30.0,29.0,30.0,30.0,29.0,28.0,28.0,29.0,30.0,29.0,30.0,30.0,29.0,29.0
1790307713.748294,12.911,-0.00324,-0.03071,-0.00019,-0.00019,0.42973,0.00248,0.05207,0.00005,-3.12257,-3.05581,-1.49214,-0.11273,-1.26135,0.18254,0.07687,0.00028,-0.0330,-0.0110,-0.0024,0.0024,-0.0073,-0.0220,-0.0073,-0.0220,-0.0110,-0.0110,-0.0024,-0.0024,-0.0073,-0.0073,-0.0073,-0.0073,-0.013,-0.013,0.021,-0.021,-0.002,-0.007,-0.002,-0.066,-0.013,-0.013,0.021,0.007,-0.002,0.002,-0.007,-0.002,28.0,29.0,30.0,29.0,30.0,30.0,29.0,28.0,28.0,29.0,30.0,29.0,30.0,30.0,29.0,29.0
1790307713.758077,12.920,-0.00286,-0.03071,-0.00019,-0.00019,0.42973,0.00248,0.05207,0.00005,-3.12257,-3.05581,-1.49214,-0.11311,-1.26135,0.18254,0.07687,0.00028,-0.0110,-0.0110,-0.0024,-0.0024,-0.0073,-0.0073,-0.0073,-0.0073,-0.0330,-0.0110,0.0024,-0.0024,-0.0073,0.0073,0.0073,0.0073,-0.013,-0.013,0.007,-0.021,0.002,-0.007,-0.002,-0.066,-0.013,-0.013,0.007,0.007,-0.002,0.002,-0.007,-0.002,28.0,29.0,30.0,29.0,30.0,30.0,29.0,28.0,28.0,29.0,30.0,29.0,30.0,30.0,29.0,29.0
1790307713.767419,12.930,-0.00286,-0.03071,-0.00019,-0.00019,0.42973,0.00248,0.05207,0.00005,-3.12257,-3.05581,-1.49214,-0.11311,-1.26135,0.18254,0.07687,0.00028,-0.0110,-0.0110,-0.0024,-0.0024,-0.0073,-0.0073,-0.0073,-0.0220,-0.0330,-0.0110,0.0024,-0.0024,-0.0073,0.0073,0.0073,0.0073,-0.013,-0.013,0.007,-0.021,0.002,-0.007,-0.002,-0.066,-0.013,-0.013,0.007,0.007,-0.002,0.002,-0.007,-0.002,28.0,29.0,30.0,29.0,30.0,30.0,29.0,28.0,28.0,29.0,30.0,29.0,30.0,30.0,29.0,29.0
1790307713.777490,12.940,-0.00286,-0.03071,-0.00019,-0.00019,0.42973,0.00248,0.05207,0.00005,-3.12257,-3.05581,-1.49214,-0.11311,-1.26135,0.18254,0.07687,0.00028,-0.0110,-0.0110,-0.0024,-0.0024,-0.0073,-0.0073,-0.0073,-0.0220,-0.0330,-0.0110,0.0024,-0.0024,-0.0073,0.0073,0.0073,-0.0073,-0.013,-0.013,0.007,-0.021,0.002,-0.007,-0.002,-0.066,-0.013,-0.013,0.007,0.007,-0.002,0.002,-0.007,-0.002,28.0,29.0,30.0,29.0,30.0,30.0,29.0,28.0,28.0,29.0,30.0,29.0,30.0,30.0,29.0,29.0
1790307713.788232,12.951,-0.00286,-0.03071,-0.00019,-0.00019,0.42973,0.00248,0.05207,0.00005,-3.12257,-3.05581,-1.49214,-0.11311,-1.26135,0.18254,0.07687,0.00028,-0.0110,-0.0110,-0.0024,-0.0024,-0.0073,-0.0073,-0.0073,-0.0220,-0.0330,-0.0110,0.0024,-0.0024,-0.0073,0.0073,0.0073,-0.0073,-0.013,-0.013,0.007,-0.021,0.002,-0.007,-0.002,-0.066,-0.013,-0.013,0.007,0.007,-0.002,0.002,-0.007,-0.002,28.0,29.0,30.0,29.0,30.0,30.0,29.0,28.0,28.0,29.0,30.0,29.0,30.0,30.0,29.0,29.0
1790307713.797996,12.960,-0.00324,-0.03071,-0.00019,-0.00019,0.42973,0.00248,0.05207,0.00005,-3.12257,-3.05581,-1.49214,-0.11311,-1.26135,0.18254,0.07687,0.00028,-0.0110,-0.0110,-0.0073,-0.0024,-0.0073,-0.0220,-0.0220,-0.0073,-0.0110,0.0110,-0.0073,-0.0024,-0.0073,-0.0220,-0.0073,-0.0220,-0.040,-0.013,0.007,-0.021,0.002,-0.007,-0.002,-0.061,-0.013,-0.013,0.007,0.007,0.002,-0.002,-0.007,-0.002,28.0,29.0,30.0,29.0,30.0,30.0,29.0,28.0,28.0,29.0,30.0,29.0,30.0,30.0,29.0,29.0
1790307713.807401,12.970,-0.00324,-0.03071,-0.00019,-0.00019,0.42973,0.00248,0.05207,0.00005,-3.12257,-3.05581,-1.49214,-0.11311,-1.26135,0.18254,0.07687,0.00028,-0.0110,-0.0110,-0.0073,-0.0024,-0.0073,-0.0220,-0.0220,-0.0073,-0.0110,0.0110,-0.0073,-0.0024,-0.0073,-0.0220,-0.0073,-0.0220,-0.040,-0.013,0.007,-0.021,0.002,-0.007,-0.002,-0.061,-0.013,-0.013,0.007,0.007,0.002,-0.002,-0.007,-0.002,28.0,29.0,30.0,29.0,30.0,30.0,29.0,28.0,28.0,29.0,30.0,29.0,30.0,30.0,29.0,29.0
1790307713.817605,12.980,-0.00324,-0.03071,-0.00019,-0.00019,0.42973,0.00248,0.05207,0.00003,-3.12257,-3.05581,-1.49214,-0.11311,-1.26135,0.18254,0.07687,0.00028,-0.0110,-0.0110,-0.0073,-0.0024,-0.0073,-0.0220,-0.0220,-0.0073,-0.0110,0.0110,-0.0073,-0.0024,-0.0073,-0.0220,-0.0073,-0.0220,-0.040,-0.013,0.007,-0.021,0.002,-0.007,-0.002,-0.066,-0.013,-0.013,0.007,0.007,0.002,-0.002,-0.007,-0.002,28.0,29.0,30.0,29.0,30.0,30.0,29.0,28.0,28.0,29.0,30.0,29.0,30.0,30.0,29.0,29.0
1790307713.828189,12.991,-0.00324,-0.03071,-0.00019,-0.00019,0.42973,0.00248,0.05207,0.00003,-3.12257,-3.05581,-1.49214,-0.11311,-1.26135,0.18254,0.07687,0.00028,-0.0110,-0.0110,-0.0073,-0.0024,-0.0073,-0.0220,-0.0220,-0.0073,-0.0110,0.0110,-0.0073,-0.0024,-0.0073,-0.0220,-0.0073,-0.0073,-0.040,-0.013,0.007,-0.021,0.002,-0.007,-0.002,-0.066,-0.013,-0.013,0.007,0.007,0.002,-0.002,-0.007,-0.007,28.0,29.0,30.0,29.0,30.0,30.0,29.0,28.0,28.0,29.0,30.0,29.0,30.0,30.0,29.0,29.0
1790307713.837583,13.000,-0.00324,-0.03071,-0.00019,-0.00019,0.42973,0.00248,0.05207,0.00005,-3.12257,-3.05581,-1.49214,-0.11273,-1.26135,0.18254,0.07687,0.00028,-0.0110,-0.0110,-0.0073,-0.0073,-0.0220,-0.0220,-0.0073,-0.0220,-0.0330,0.0110,-0.0024,-0.0024,-0.0073,-0.0073,-0.0073,-0.0073,-0.040,-0.013,0.007,-0.021,0.002,-0.007,-0.007,-0.066,-0.013,-0.013,0.007,0.007,-0.002,0.002,-0.002,-0.002,28.0,29.0,30.0,29.0,30.0,30.0,29.0,28.0,28.0,29.0,30.0,29.0,30.0,30.0,29.0,29.0
1790307713.847372,13.010,-0.00324,-0.03071,-0.00019,-0.00019,0.42973,0.00248,0.05207,0.00005,-3.12257,-3.05581,-1.49214,-0.11273,-1.26135,0.18254,0.07687,0.00028,-0.0110,-0.0110,-0.0073,-0.0073,-0.0220,-0.0220,-0.0073,-0.0220,-0.0330,0.0110,-0.0024,-0.0024,-0.0073,-0.0073,-0.0073,-0.0073,-0.040,-0.013,0.007,-0.021,0.002,-0.007,-0.007,-0.066,-0.013,-0.013,0.007,0.007,-0.002,0.002,-0.002,-0.002,28.0,29.0,30.0,29.0,30.0,30.0,29.0,28.0,28.0,29.0,30.0,29.0,30.0,30.0,29.0,29.0
1790307713.857558,13.020,-0.00324,-0.03071,-0.00019,-0.00019,0.42973,0.00248,0.05207,0.00005,-3.12257,-3.05581,-1.49214,-0.11273,-1.26135,0.18254,0.07687,0.00028,-0.0110,-0.0110,-0.0073,-0.0073,-0.0220,-0.0220,-0.0073,-0.0220,-0.0330,0.0110,-0.0024,-0.0024,-0.0073,-0.0073,-0.0073,-0.0073,-0.040,-0.013,0.007,-0.021,0.002,-0.007,-0.007,-0.066,-0.013,-0.013,0.007,0.007,-0.002,0.002,-0.002,-0.002,28.0,29.0,30.0,29.0,30.0,30.0,29.0,28.0,28.0,29.0,30.0,29.0,30.0,30.0,29.0,29.0
1790307713.867383,13.030,-0.00324,-0.03071,-0.00019,-0.00019,0.42973,0.00248,0.05207,0.00003,-3.12257,-3.05581,-1.49214,-0.11273,-1.26135,0.18254,0.07687,0.00028,-0.0110,-0.0110,-0.0073,-0.0073,-0.0220,-0.0220,-0.0073,0.0073,-0.0330,0.0110,-0.0024,-0.0024,-0.0073,-0.0073,-0.0073,-0.0073,-0.040,-0.013,0.007,-0.021,0.002,-0.007,-0.007,-0.066,-0.013,-0.013,0.007,0.007,-0.002,0.002,-0.002,-0.002,28.0,29.0,30.0,29.0,30.0,30.0,29.0,28.0,28.0,29.0,30.0,29.0,30.0,30.0,29.0,29.0
1790307713.877577,13.040,-0.00324,-0.03071,-0.00019,-0.00019,0.42973,0.00248,0.05207,0.00003,-3.12257,-3.05581,-1.49214,-0.11273,-1.26135,0.18254,0.07687,0.00028,-0.0330,-0.0110,-0.0024,-0.0024,-0.0073,0.0220,0.0073,0.0073,-0.0330,-0.0110,-0.0024,-0.0024,-0.0220,0.0073,-0.0073,-0.0220,-0.040,-0.013,0.007,-0.021,0.002,-0.007,-0.002,-0.061,-0.013,-0.013,0.007,0.007,-0.002,0.002,-0.007,-0.002,28.0,29.0,30.0,29.0,30.0,30.0,29.0,28.0,28.0,29.0,30.0,29.0,30.0,30.0,29.0,29.0
1790307713.887802,13.050,-0.00324,-0.03071,-0.00019,-0.00019,0.42973,0.00248,0.05207,0.00003,-3.12257,-3.05581,-1.49214,-0.11273,-1.26135,0.18254,0.07687,0.00028,-0.0330,-0.0110,-0.0024,-0.0024,-0.0073,0.0220,0.0073,0.0073,-0.0330,-0.0110,-0.0024,-0.0024,-0.0220,0.0073,-0.0073,-0.0220,-0.040,-0.013,0.007,-0.021,0.002,-0.007,-0.002,-0.061,-0.013,-0.013,0.007,0.007,-0.002,0.002,-0.007,-0.002,28.0,29.0,30.0,29.0,30.0,30.0,29.0,28.0,28.0,29.0,30.0,29.0,30.0,30.0,29.0,29.0
1790307713.897987,13.060,-0.00324,-0.03071,-0.00019,-0.00019,0.42973,0.00248,0.05207,0.00003,-3.12257,-3.05581,-1.49214,-0.11273,-1.26135,0.18254,0.07687,0.00028,-0.0330,-0.0110,-0.0024,-0.0024,-0.0073,0.0220,0.0073,0.0073,-0.0330,-0.0110,-0.0024,-0.0024,-0.0220,0.0073,-0.0073,-0.0220,-0.040,-0.013,0.007,-0.021,0.002,-0.007,-0.002,-0.061,-0.013,-0.013,0.007,0.007,-0.002,0.002,-0.007,-0.002,28.0,29.0,30.0,29.0,30.0,30.0,29.0,28.0,28.0,29.0,30.0,29.0,30.0,30.0,29.0,29.0
1790307713.908213,13.071,-0.00324,-0.03071,-0.00019,-0.00019,0.42973,0.00248,0.05207,0.00003,-3.12257,-3.05581,-1.49214,-0.11273,-1.26135,0.18254,0.07687,0.00028,-0.0330,-0.0110,-0.0024,-0.0024,-0.0073,0.0220,0.0073,0.0073,-0.0330,-0.0110,-0.0024,-0.0024,-0.0220,0.0073,-0.0073,-0.0220,-0.040,-0.013,0.007,-0.021,0.002,-0.007,-0.002,-0.061,-0.013,-0.013,0.007,0.007,-0.002,0.002,-0.007,-0.002,28.0,29.0,30.0,29.0,30.0,30.0,29.0,28.0,28.0,29.0,30.0,29.0,30.0,30.0,29.0,29.0
1790307713.917579,13.080,-0.00324,-0.03071,-0.00019,-0.00019,0.42973,0.00248,0.05207,0.00003,-3.12257,-3.05581,-1.49214,-0.11273,-1.26135,0.18254,0.07687,0.00028,-0.0110,-0.0330,0.0024,-0.0024,-0.0073,-0.0073,-0.0073,-0.0073,-0.0110,0.0110,-0.0024,-0.0024,-0.0073,0.0073,0.0073,-0.0073,-0.040,-0.013,0.007,-0.021,0.002,-0.007,-0.007,-0.061,-0.013,-0.013,0.021,0.007,-0.002,0.002,-0.002,-0.002,28.0,29.0,30.0,29.0,30.0,30.0,29.0,28.0,28.0,29.0,30.0,29.0,30.0,30.0,29.0,29.0
1790307713.928195,13.091,-0.00324,-0.03071,-0.00019,-0.00019,0.42973,0.00248,0.05207,0.00003,-3.12257,-3.05581,-1.49214,-0.11273,-1.26135,0.18254,0.07687,0.00028,-0.0110,-0.0330,0.0024,-0.0024,-0.0073,-0.0073,-0.0073,-0.0073,-0.0110,0.0110,-0.0024,-0.0024,-0.0073,0.0073,0.0073,-0.0220,-0.040,-0.013,0.007,-0.021,0.002,-0.007,-0.007,-0.061,-0.013,-0.013,0.021,0.007,-0.002,0.002,-0.002,-0.002,28.0,29.0,30.0,29.0,30.0,30.0,29.0,28.0,28.0,29.0,30.0,29.0,30.0,30.0,29.0,29.0
1790307713.937988,13.100,-0.00324,-0.03071,-0.00019,-0.00019,0.42973,0.00248,0.05207,0.00003,-3.12257,-3.05581,-1.49214,-0.11273,-1.26135,0.18254,0.07687,0.00028,-0.0110,-0.0330,0.0024,-0.0024,-0.0073,-0.0073,-0.0073,-0.0073,-0.0110,0.0110,-0.0024,-0.0024,-0.0073,0.0073,0.0073,-0.0220,-0.040,-0.013,0.007,-0.021,0.002,-0.007,-0.007,-0.061,-0.013,-0.013,0.021,0.007,-0.002,0.002,-0.002,-0.002,28.0,29.0,30.0,29.0,30.0,30.0,29.0,28.0,28.0,29.0,30.0,29.0,30.0,30.0,29.0,29.0
1790307713.947816,13.110,-0.00324,-0.03071,-0.00019,-0.00019,0.42973,0.00248,0.05207,0.00003,-3.12257,-3.05581,-1.49214,-0.11273,-1.26135,0.18254,0.07687,0.00028,-0.0110,-0.0330,0.0024,-0.0024,-0.0073,-0.0073,-0.0073,-0.0073,-0.0110,0.0110,-0.0024,-0.0024,-0.0073,0.0073,0.0073,-0.0220,-0.040,-0.013,0.007,-0.021,0.002,-0.007,-0.007,-0.061,-0.013,-0.013,0.021,0.007,-0.002,0.002,-0.002,-0.002,28.0,29.0,30.0,29.0,30.0,30.0,29.0,28.0,28.0,29.0,30.0,29.0,30.0,30.0,29.0,29.0
1790307713.957993,13.120,-0.00286,-0.03071,-0.00019,-0.00019,0.42973,0.00248,0.05207,0.00005,-3.12257,-3.05581,-1.49214,-0.11311,-1.26135,0.18254,0.07687,0.00028,0.0110,-0.0330,-0.0024,-0.0073,-0.0073,-0.0073,-0.0220,-0.0220,-0.0110,-0.0110,-0.0024,-0.0024,-0.0073,0.0073,-0.0073,0.0073,-0.040,-0.013,0.007,-0.021,0.002,-0.007,-0.002,-0.061,-0.013,-0.013,0.007,0.007,-0.002,0.002,-0.002,-0.002,28.0,29.0,30.0,29.0,30.0,30.0,29.0,28.0,28.0,29.0,30.0,29.0,30.0,30.0,29.0,29.0
1790307713.967357,13.130,-0.00286,-0.03071,-0.00019,-0.00019,0.42973,0.00248,0.05207,0.00005,-3.12257,-3.05581,-1.49214,-0.11311,-1.26135,0.18254,0.07687,0.00028,0.0110,-0.0330,-0.0024,-0.0073,-0.0073,-0.0073,-0.0220,-0.0073,-0.0110,-0.0110,-0.0024,-0.0024,-0.0073,0.0073,-0.0073,0.0073,-0.040,-0.013,0.007,-0.021,0.002,-0.007,-0.002,-0.056,-0.013,-0.013,0.007,0.007,-0.002,0.002,-0.002,-0.002,28.0,29.0,30.0,29.0,30.0,30.0,29.0,28.0,28.0,29.0,30.0,29.0,30.0,30.0,29.0,29.0
1790307713.977611,13.140,-0.00286,-0.03071,-0.00019,-0.00019,0.42973,0.00248,0.05207,0.00005,-3.12257,-3.05581,-1.49214,-0.11311,-1.26135,0.18254,0.07687,0.00028,0.0110,-0.0330,-0.0024,-0.0073,-0.0073,-0.0073,-0.0220,-0.0073,-0.0110,-0.0110,-0.0024,-0.0024,-0.0073,0.0073,-0.0073,0.0073,-0.040,-0.013,0.007,-0.021,0.002,-0.007,-0.002,-0.056,-0.013,-0.013,0.007,0.007,-0.002,0.002,-0.002,-0.002,28.0,29.0,30.0,29.0,30.0,30.0,29.0,28.0,28.0,29.0,30.0,29.0,30.0,30.0,29.0,29.0
1790307713.988185,13.151,-0.00286,-0.03071,-0.00019,-0.00019,0.42973,0.00248,0.05207,0.00005,-3.12257,-3.05581,-1.49214,-0.11311,-1.26135,0.18254,0.07687,0.00028,0.0110,-0.0330,-0.0024,-0.0073,-0.0073,-0.0073,-0.0220,-0.0073,-0.0110,-0.0110,-0.0024,-0.0024,-0.0073,0.0073,-0.0073,-0.0073,-0.040,-0.013,0.007,-0.021,0.002,-0.007,-0.002,-0.056,-0.013,-0.013,0.007,0.007,-0.002,0.002,-0.002,-0.002,28.0,29.0,30.0,29.0,30.0,30.0,29.0,28.0,28.0,29.0,30.0,29.0,30.0,30.0,29.0,29.0
1790307713.997621,13.160,-0.00324,-0.03071,-0.00019,-0.00019,0.42973,0.00248,0.05207,0.00003,-3.12257,-3.05581,-1.49214,-0.11273,-1.26135,0.18254,0.07687,0.00028,-0.0110,-0.0330,-0.0024,-0.0024,-0.0073,-0.0073,-0.0073,-0.0073,-0.0110,-0.0110,-0.0024,-0.0024,-0.0073,-0.0073,0.0073,-0.0073,-0.040,-0.013,0.007,-0.021,0.002,-0.007,-0.002,-0.056,-0.013,-0.013,0.007,0.007,-0.002,0.002,-0.007,-0.002,28.0,29.0,30.0,29.0,30.0,30.0,29.0,28.0,28.0,29.0,30.0,29.0,30.0,30.0,29.0,29.0
1790307714.007357,13.170,-0.00324,-0.03071,-0.00019,-0.00019,0.42973,0.00248,0.05207,0.00003,-3.12257,-3.05581,-1.49214,-0.11273,-1.26135,0.18254,0.07687,0.00028,-0.0110,-0.0330,-0.0024,-0.0024,-0.0073,-0.0073,-0.0073,-0.0073,-0.0110,-0.0110,-0.0024,-0.0024,-0.0073,-0.0073,0.0073,-0.0073,-0.040,-0.013,0.007,-0.021,0.002,-0.007,-0.002,-0.056,-0.013,-0.013,0.007,0.007,-0.002,0.002,-0.007,-0.002,28.0,29.0,30.0,29.0,30.0,30.0,29.0,28.0,28.0,29.0,30.0,29.0,30.0,30.0,29.0,29.0
1790307714.018040,13.180,-0.00324,-0.03071,-0.00019,-0.00019,0.42973,0.00248,0.05207,0.00003,-3.12257,-3.05581,-1.49214,-0.11273,-1.26135,0.18254,0.07687,0.00028,-0.0110,-0.0330,-0.0024,-0.0024,-0.0073,-0.0073,-0.0073,-0.0073,-0.0110,-0.0110,-0.0024,-0.0024,-0.0073,-0.0073,0.0073,-0.0073,-0.040,-0.013,0.007,-0.021,0.002,-0.007,-0.002,-0.056,-0.013,-0.013,0.007,0.007,-0.002,0.002,-0.007,-0.002,28.0,29.0,30.0,29.0,30.0,30.0,29.0,28.0,28.0,29.0,30.0,29.0,30.0,30.0,29.0,29.0
1790307714.027756,13.190,-0.00324,-0.03071,-0.00019,-0.00019,0.42973,0.00248,0.05207,0.00005,-3.12257,-3.05581,-1.49214,-0.11273,-1.26135,0.18254,0.07687,0.00028,-0.0110,-0.0330,-0.0024,-0.0024,-0.0073,-0.0073,-0.0073,-0.0073,-0.0110,-0.0110,-0.0024,-0.0024,-0.0073,-0.0073,0.0073,-0.0073,-0.040,-0.013,0.007,-0.021,0.002,-0.007,-0.002,-0.056,-0.013,-0.013,0.007,0.007,-0.002,0.002,-0.007,-0.002,28.0,29.0,30.0,29.0,30.0,30.0,29.0,28.0,28.0,29.0,30.0,29.0,30.0,30.0,29.0,29.0
1790307714.038016,13.200,-0.00286,-0.03071,-0.00019,-0.00019,0.42973,0.00248,0.05207,0.00003,-3.12257,-3.05581,-1.49214,-0.11311,-1.26135,0.18254,0.07687,0.00028,-0.0110,-0.0110,0.0024,-0.0024,-0.0073,-0.0073,0.0073,-0.0073,-0.0110,-0.0110,-0.0024,-0.0073,0.0073,0.0073,0.0073,0.0073,-0.040,-0.013,0.007,-0.021,0.002,-0.007,-0.002,-0.056,-0.013,-0.013,0.007,0.007,-0.002,0.002,-0.007,-0.002,28.0,29.0,30.0,29.0,30.0,30.0,29.0,28.0,28.0,29.0,30.0,29.0,30.0,30.0,29.0,29.0
1790307714.048248,13.211,-0.00286,-0.03071,-0.00019,-0.00019,0.42973,0.00248,0.05207,0.00003,-3.12257,-3.05581,-1.49214,-0.11311,-1.26135,0.18254,0.07687,0.00028,-0.0110,-0.0110,0.0024,-0.0024,-0.0073,-0.0073,0.0073,-0.0073,-0.0110,-0.0110,-0.0024,-0.0073,0.0073,0.0073,0.0073,0.0073,-0.040,-0.013,0.007,-0.021,0.002,-0.007,-0.002,-0.056,-0.013,-0.013,0.007,0.007,-0.002,0.002,-0.007,-0.002,28.0,29.0,30.0,29.0,30.0,30.0,29.0,28.0,28.0,29.0,30.0,29.0,30.0,30.0,29.0,29.0
1790307714.057995,13.220,-0.00286,-0.03071,-0.00019,-0.00019,0.42973,0.00248,0.05207,0.00003,-3.12257,-3.05581,-1.49214,-0.11311,-1.26135,0.18254,0.07687,0.00028,-0.0110,-0.0110,0.0024,-0.0024,-0.0073,-0.0073,0.0073,-0.0073,-0.0110,-0.0110,-0.0024,-0.0073,0.0073,0.0073,0.0073,0.0073,-0.040,-0.013,0.007,-0.021,0.002,-0.007,-0.002,-0.056,-0.013,-0.013,0.007,0.007,-0.002,0.002,-0.007,-0.002,28.0,29.0,30.0,29.0,30.0,30.0,29.0,28.0,28.0,29.0,30.0,29.0,30.0,30.0,29.0,29.0
1790307714.067449,13.230,-0.00286,-0.03071,-0.00019,-0.00019,0.42973,0.00248,0.05207,0.00003,-3.12257,-3.05581,-1.49214,-0.11311,-1.26135,0.18254,0.07687,0.00028,-0.0110,-0.0110,0.0024,-0.0024,-0.0073,-0.0073,0.0073,-0.0073,-0.0110,-0.0110,-0.0024,-0.0073,0.0073,0.0073,0.0073,0.0073,-0.040,-0.013,0.007,-0.021,0.002,-0.007,-0.002,-0.056,-0.013,-0.013,0.007,0.007,-0.002,0.002,-0.007,-0.002,28.0,29.0,30.0,29.0,30.0,30.0,29.0,28.0,28.0,29.0,30.0,29.0,30.0,30.0,29.0,29.0
1790307714.077687,13.240,-0.00286,-0.03071,-0.00019,-0.00019,0.42973,0.00248,0.05207,0.00003,-3.12257,-3.05581,-1.49214,-0.11311,-1.26135,0.18254,0.07687,0.00028,-0.0110,-0.0110,0.0024,-0.0024,-0.0073,-0.0073,0.0073,0.0073,-0.0110,-0.0110,-0.0024,-0.0073,0.0073,0.0073,0.0073,0.0073,-0.040,-0.013,0.007,-0.021,0.002,-0.007,-0.002,-0.051,-0.013,-0.013,0.007,0.007,-0.002,0.002,-0.007,-0.002,28.0,29.0,30.0,29.0,30.0,30.0,29.0,28.0,28.0,29.0,30.0,29.0,30.0,30.0,29.0,29.0
1790307714.087382,13.250,-0.00286,-0.03071,-0.00019,-0.00019,0.42973,0.00248,0.05207,0.00003,-3.12257,-3.05581,-1.49214,-0.11311,-1.26135,0.18254,0.07687,0.00028,-0.0110,-0.0110,-0.0024,-0.0024,-0.0073,-0.0073,-0.0073,-0.0073,-0.0110,-0.0110,-0.0024,-0.0024,-0.0220,-0.0073,0.0073,-0.0220,-0.040,-0.013,0.007,-0.021,0.002,-0.007,-0.002,-0.056,-0.013,-0.013,0.007,0.007,0.002,0.002,-0.002,-0.002,28.0,29.0,30.0,29.0,30.0,30.0,29.0,28.0,28.0,29.0,30.0,29.0,30.0,30.0,29.0,29.0
1790307714.098002,13.260,-0.00286,-0.03071,-0.00019,-0.00019,0.42973,0.00248,0.05207,0.00003,-3.12257,-3.05581,-1.49214,-0.11311,-1.26135,0.18254,0.07687,0.00028,-0.0110,-0.0110,-0.0024,-0.0024,-0.0073,-0.0073,-0.0073,-0.0073,-0.0110,-0.0110,-0.0024,-0.0024,-0.0220,-0.0073,0.0073,-0.0220,-0.040,-0.013,0.007,-0.021,0.002,-0.007,-0.002,-0.056,-0.013,-0.013,0.007,0.007,0.002,0.002,-0.002,-0.002,28.0,29.0,30.0,29.0,30.0,30.0,29.0,28.0,28.0,29.0,30.0,29.0,30.0,30.0,29.0,29.0
1790307714.107408,13.270,-0.00286,-0.03071,-0.00019,-0.00019,0.42973,0.00248,0.05207,0.00003,-3.12257,-3.05581,-1.49214,-0.11311,-1.26135,0.18254,0.07687,0.00028,-0.0110,-0.0110,-0.0024,-0.0024,-0.0073,-0.0073,-0.0073,-0.0073,-0.0110,-0.0110,-0.0024,-0.0024,-0.0220,-0.0073,0.0073,-0.0220,-0.040,-0.013,0.007,-0.021,0.002,-0.007,-0.002,-0.056,-0.013,-0.013,0.007,0.007,0.002,0.002,-0.002,-0.002,28.0,29.0,30.0,29.0,30.0,30.0,29.0,28.0,28.0,29.0,30.0,29.0,30.0,30.0,29.0,29.0
1790307714.117979,13.280,-0.00286,-0.03071,-0.00019,-0.00019,0.42973,0.00248,0.05207,0.00003,-3.12257,-3.05581,-1.49214,-0.11311,-1.26135,0.18254,0.07687,0.00028,-0.0110,-0.0110,-0.0024,-0.0024,-0.0073,-0.0073,-0.0073,-0.0073,-0.0110,-0.0110,-0.0024,-0.0024,-0.0220,-0.0073,0.0073,-0.0220,-0.040,-0.013,0.007,-0.021,0.002,-0.007,-0.002,-0.056,-0.013,-0.013,0.007,0.007,0.002,0.002,-0.002,-0.002,28.0,29.0,30.0,29.0,30.0,30.0,29.0,28.0,28.0,29.0,30.0,29.0,30.0,30.0,29.0,29.0
1790307714.128247,13.291,-0.00324,-0.03071,-0.00019,-0.00019,0.42973,0.00248,0.05207,0.00003,-3.12257,-3.05581,-1.49214,-0.11273,-1.26135,0.18254,0.07687,0.00028,-0.0110,-0.0110,-0.0024,-0.0073,-0.0073,-0.0073,-0.0073,0.0073,-0.0110,-0.0110,-0.0024,0.0024,-0.0220,-0.0073,0.0073,-0.0073,-0.013,-0.013,0.007,-0.021,0.002,-0.007,-0.002,-0.056,-0.013,0.013,0.007,0.007,-0.002,0.002,-0.007,-0.002,28.0,29.0,30.0,29.0,30.0,30.0,29.0,28.0,28.0,29.0,30.0,29.0,30.0,30.0,29.0,29.0
1790307714.138036,13.300,-0.00324,-0.03071,-0.00019,-0.00019,0.42973,0.00248,0.05207,0.00003,-3.12257,-3.05581,-1.49214,-0.11273,-1.26135,0.18254,0.07687,0.00028,-0.0110,-0.0110,-0.0024,-0.0073,-0.0073,-0.0073,-0.0073,0.0073,-0.0110,-0.0110,-0.0024,0.0024,-0.0220,-0.0073,0.0073,-0.0073,-0.013,-0.013,0.007,-0.021,0.002,-0.007,-0.002,-0.056,-0.013,0.013,0.007,0.007,-0.002,0.002,-0.007,-0.002,28.0,29.0,30.0,29.0,30.0,30.0,29.0,28.0,28.0,29.0,30.0,29.0,30.0,30.0,29.0,29.0
1790307714.147388,13.310,-0.00324,-0.03071,-0.00019,-0.00019,0.42973,0.00248,0.05207,0.00003,-3.12257,-3.05581,-1.49214,-0.11273,-1.26135,0.18254,0.07687,0.00028,-0.0110,-0.0110,-0.0024,-0.0073,-0.0073,-0.0073,-0.0073,0.0073,-0.0110,-0.0110,-0.0024,0.0024,-0.0220,-0.0073,0.0073,-0.0073,-0.013,-0.013,0.007,-0.021,0.002,-0.007,-0.002,-0.056,-0.013,0.013,0.007,0.007,-0.002,0.002,-0.007,-0.002,28.0,29.0,30.0,29.0,30.0,30.0,29.0,28.0,28.0,29.0,30.0,29.0,30.0,30.0,29.0,29.0
1790307714.157982,13.320,-0.00324,-0.03071,-0.00019,-0.00019,0.42973,0.00248,0.05207,0.00003,-3.12257,-3.05581,-1.49214,-0.11273,-1.26135,0.18254,0.07687,0.00028,-0.0110,-0.0110,-0.0024,-0.0073,-0.0073,-0.0073,-0.0073,0.0073,-0.0110,-0.0110,-0.0024,0.0024,-0.0220,-0.0073,0.0073,-0.0073,-0.013,-0.013,0.007,-0.021,0.002,-0.007,-0.002,-0.056,-0.013,0.013,0.007,0.007,-0.002,0.002,-0.007,-0.002,28.0,29.0,30.0,29.0,30.0,30.0,29.0,28.0,28.0,29.0,30.0,29.0,30.0,30.0,29.0,29.0
1790307714.167400,13.330,-0.00324,-0.03071,-0.00019,-0.00019,0.42973,0.00248,0.05207,0.00005,-3.12257,-3.05581,-1.49214,-0.11311,-1.26135,0.18254,0.07687,0.00028,-0.0110,-0.0110,-0.0024,-0.0024,-0.0073,-0.0220,-0.0073,-0.0220,-0.0110,-0.0330,-0.0024,-0.0073,-0.0073,-0.0073,-0.0220,0.0220,-0.040,-0.013,0.007,-0.021,0.002,-0.007,-0.002,-0.056,-0.013,-0.013,0.007,0.007,-0.002,0.002,-0.007,-0.002,28.0,29.0,30.0,29.0,30.0,30.0,29.0,28.0,28.0,29.0,30.0,29.0,30.0,30.0,29.0,29.0
1790307714.177640,13.340,-0.00324,-0.03071,-0.00019,-0.00019,0.42973,0.00248,0.05207,0.00003,-3.12257,-3.05581,-1.49214,-0.11311,-1.26135,0.18254,0.07687,0.00028,-0.0110,-0.0110,-0.0024,-0.0024,-0.0073,-0.0220,-0.0073,-0.0220,-0.0110,-0.0330,-0.0024,-0.0073,-0.0073,-0.0073,-0.0220,0.0220,-0.040,-0.013,0.007,-0.021,0.002,-0.007,-0.002,-0.056,-0.013,-0.013,0.007,0.007,-0.002,0.002,-0.007,-0.002,28.0,29.0,30.0,29.0,30.0,30.0,29.0,28.0,28.0,29.0,30.0,29.0,30.0,30.0,29.0,29.0
1790307714.187771,13.350,-0.00324,-0.03071,-0.00019,-0.00019,0.42973,0.00248,0.05207,0.00003,-3.12257,-3.05581,-1.49214,-0.11311,-1.26135,0.18254,0.07687,0.00028,-0.0110,-0.0110,-0.0024,-0.0024,-0.0073,-0.0220,-0.0073,-0.0220,-0.0110,-0.0330,-0.0024,-0.0073,-0.0073,-0.0073,-0.0220,-0.0073,-0.040,-0.013,0.007,-0.021,0.002,-0.007,-0.002,-0.056,-0.013,-0.013,0.007,0.007,-0.002,0.002,-0.007,-0.002,28.0,29.0,30.0,29.0,30.0,30.0,29.0,28.0,28.0,29.0,30.0,29.0,30.0,30.0,29.0,29.0
1790307714.198002,13.360,-0.00324,-0.03071,-0.00019,-0.00019,0.42973,0.00248,0.05207,0.00003,-3.12257,-3.05581,-1.49214,-0.11311,-1.26135,0.18254,0.07687,0.00028,-0.0110,-0.0110,-0.0024,-0.0024,-0.0073,-0.0220,-0.0073,-0.0220,-0.0110,-0.0330,-0.0024,-0.0073,-0.0073,-0.0073,-0.0220,-0.0073,-0.040,-0.013,0.007,-0.021,0.002,-0.007,-0.002,-0.056,-0.013,-0.013,0.007,0.007,-0.002,0.002,-0.007,-0.002,28.0,29.0,30.0,29.0,30.0,30.0,29.0,28.0,28.0,29.0,30.0,29.0,30.0,30.0,29.0,29.0
1790307714.208202,13.371,-0.00324,-0.03071,-0.00019,-0.00019,0.42973,0.00248,0.05207,0.00003,-3.12257,-3.05581,-1.49214,-0.11311,-1.26135,0.18254,0.07687,0.00028,-0.0110,-0.0110,-0.0024,-0.0024,-0.0073,-0.0220,-0.0073,0.0073,0.0110,-0.0330,0.0024,-0.0073,-0.0073,-0.0073,-0.0220,0.0073,-0.013,-0.013,0.021,-0.021,0.002,-0.007,-0.002,-0.056,-0.013,-0.013,0.007,0.007,-0.002,0.002,-0.007,-0.002,28.0,29.0,30.0,29.0,30.0,30.0,29.0,28.0,28.0,29.0,30.0,29.0,30.0,30.0,29.0,29.0
1790307714.218003,13.380,-0.00324,-0.03071,-0.00019,-0.00019,0.42973,0.00248,0.05207,0.00003,-3.12257,-3.05581,-1.49214,-0.11273,-1.26135,0.18254,0.07687,0.00028,-0.0110,-0.0110,-0.0024,-0.0024,-0.0220,-0.0073,-0.0220,0.0073,0.0110,-0.0330,-0.0024,-0.0024,-0.0073,0.0073,0.0073,0.0073,-0.013,-0.013,0.021,-0.021,-0.002,-0.007,-0.002,-0.056,-0.013,-0.013,0.007,0.007,-0.002,0.002,-0.002,-0.002,28.0,29.0,30.0,29.0,30.0,30.0,29.0,28.0,28.0,29.0,30.0,29.0,30.0,30.0,29.0,29.0
1790307714.228198,13.391,-0.00324,-0.03071,-0.00019,-0.00019,0.42973,0.00248,0.05207,0.00005,-3.12257,-3.05581,-1.49214,-0.11273,-1.26135,0.18254,0.07687,0.00028,-0.0110,-0.0110,-0.0024,-0.0024,-0.0220,-0.0073,-0.0220,-0.0073,0.0110,-0.0330,-0.0024,-0.0024,-0.0073,0.0073,0.0073,0.0073,-0.013,-0.013,0.021,-0.021,-0.002,-0.007,-0.002,-0.056,-0.013,-0.013,0.007,0.007,-0.002,0.002,-0.002,-0.002,28.0,29.0,30.0,29.0,30.0,30.0,29.0,28.0,28.0,29.0,30.0,29.0,30.0,30.0,29.0,29.0
1790307714.238039,13.400,-0.00324,-0.03071,-0.00019,-0.00019,0.42973,0.00248,0.05207,0.00005,-3.12257,-3.05581,-1.49214,-0.11273,-1.26135,0.18254,0.07687,0.00028,-0.0110,-0.0110,-0.0024,-0.0024,-0.0220,-0.0073,-0.0220,-0.0073,0.0110,-0.0330,-0.0024,-0.0024,-0.0073,0.0073,0.0073,0.0073,-0.013,-0.013,0.021,-0.021,-0.002,-0.007,-0.002,-0.056,-0.013,-0.013,0.007,0.007,-0.002,0.002,-0.002,-0.002,28.0,29.0,30.0,29.0,30.0,30.0,29.0,28.0,28.0,29.0,30.0,29.0,30.0,30.0,29.0,29.0
1790307714.248267,13.411,-0.00324,-0.03071,-0.00019,-0.00019,0.42973,0.00248,0.05207,0.00003,-3.12257,-3.05581,-1.49214,-0.11273,-1.26135,0.18254,0.07687,0.00028,-0.0330,-0.0110,-0.0024,-0.0024,-0.0220,-0.0073,-0.0220,-0.0220,0.0110,-0.0330,-0.0024,-0.0024,-0.0073,0.0073,0.0073,-0.0073,-0.013,-0.013,0.021,-0.021,-0.002,-0.007,-0.002,-0.056,-0.013,-0.013,0.007,0.007,-0.002,0.002,-0.002,-0.002,28.0,29.0,30.0,29.0,30.0,30.0,29.0,28.0,28.0,29.0,30.0,29.0,30.0,30.0,29.0,29.0
1790307714.257990,13.420,-0.00324,-0.03071,-0.00019,-0.00019,0.42973,0.00210,0.05207,0.00003,-3.12257,-3.05581,-1.49214,-0.11311,-1.26135,0.18254,0.07687,0.00028,-0.0330,-0.0110,-0.0024,-0.0024,-0.0073,-0.0220,-0.0220,-0.0220,-0.0110,-0.0330,-0.0024,-0.0024,-0.0073,-0.0220,0.0073,-0.0073,-0.013,-0.013,0.007,-0.021,0.002,-0.007,-0.002,-0.056,-0.013,-0.013,0.007,0.007,-0.002,0.002,-0.002,-0.002,28.0,29.0,30.0,29.0,30.0,30.0,29.0,28.0,28.0,29.0,30.0,29.0,30.0,30.0,29.0,29.0
1790307714.267803,13.430,-0.00324,-0.03071,-0.00019,-0.00019,0.42973,0.00210,0.05207,0.00003,-3.12257,-3.05581,-1.49214,-0.11311,-1.26135,0.18254,0.07687,0.00028,-0.0330,-0.0110,-0.0024,-0.0024,-0.0073,-0.0220,-0.0220,-0.0220,-0.0110,-0.0330,-0.0024,-0.0024,-0.0073,-0.0220,0.0073,-0.0073,-0.013,-0.013,0.007,-0.021,0.002,-0.007,-0.002,-0.056,-0.013,-0.013,0.007,0.007,-0.002,0.002,-0.002,-0.002,28.0,29.0,30.0,29.0,30.0,30.0,29.0,28.0,28.0,29.0,30.0,29.0,30.0,30.0,29.0,29.0
1790307714.277680,13.440,-0.00324,-0.03071,-0.00019,-0.00019,0.42973,0.00210,0.05207,0.00003,-3.12257,-3.05581,-1.49214,-0.11311,-1.26135,0.18254,0.07687,0.00028,-0.0330,-0.0110,-0.0024,-0.0024,-0.0073,-0.0220,-0.0220,-0.0220,-0.0110,-0.0330,-0.0024,-0.0024,-0.0073,-0.0220,0.0073,-0.0073,-0.013,-0.013,0.007,-0.021,0.002,-0.007,-0.002,-0.056,-0.013,-0.013,0.007,0.007,-0.002,0.002,-0.002,-0.002,28.0,29.0,30.0,29.0,30.0,30.0,29.0,28.0,28.0,29.0,30.0,29.0,30.0,30.0,29.0,29.0
1790307714.288195,13.451,-0.00324,-0.03071,-0.00019,-0.00019,0.42973,0.00210,0.05207,0.00005,-3.12257,-3.05581,-1.49214,-0.11311,-1.26135,0.18254,0.07687,0.00028,-0.0330,-0.0110,-0.0024,-0.0024,-0.0073,-0.0220,-0.0220,-0.0073,-0.0110,-0.0330,-0.0024,-0.0024,-0.0073,-0.0220,0.0073,-0.0073,-0.013,-0.013,0.007,-0.021,0.002,-0.007,-0.002,-0.061,-0.013,-0.013,0.007,0.007,-0.002,0.002,-0.002,-0.002,28.0,29.0,30.0,29.0,30.0,30.0,29.0,28.0,28.0,29.0,30.0,29.0,30.0,30.0,29.0,29.0
1790307714.297997,13.460,-0.00286,-0.03071,-0.00019,-0.00019,0.42973,0.00248,0.05207,0.00005,-3.12257,-3.05581,-1.49214,-0.11273,-1.26135,0.18254,0.07687,0.00030,-0.0110,-0.0110,-0.0024,-0.0024,-0.0073,-0.0073,-0.0073,-0.0073,-0.0330,-0.0110,-0.0024,-0.0024,-0.0073,-0.0073,-0.0220,-0.0220,-0.040,-0.013,0.021,-0.021,0.002,-0.007,0.002,-0.061,-0.013,-0.013,0.007,0.007,-0.002,0.002,-0.007,-0.002,28.0,29.0,30.0,29.0,30.0,30.0,29.0,28.0,28.0,29.0,30.0,29.0,30.0,30.0,29.0,29.0
1790307714.308250,13.471,-0.00286,-0.03071,-0.00019,-0.00019,0.42973,0.00248,0.05207,0.00005,-3.12257,-3.05581,-1.49214,-0.11273,-1.26135,0.18254,0.07687,0.00030,-0.0110,-0.0110,-0.0024,-0.0024,-0.0073,-0.0073,-0.0073,-0.0073,-0.0330,-0.0110,-0.0024,-0.0024,-0.0073,-0.0073,-0.0220,-0.0220,-0.040,-0.013,0.021,-0.021,0.002,-0.007,0.002,-0.061,-0.013,-0.013,0.007,0.007,-0.002,0.002,-0.007,-0.002,28.0,29.0,30.0,29.0,30.0,30.0,29.0,28.0,28.0,29.0,30.0,29.0,30.0,30.0,29.0,29.0
1790307714.318001,13.480,-0.00286,-0.03071,-0.00019,-0.00019,0.42973,0.00248,0.05207,0.00005,-3.12257,-3.05581,-1.49214,-0.11273,-1.26135,0.18254,0.07687,0.00030,-0.0110,-0.0110,-0.0024,-0.0024,-0.0073,-0.0073,-0.0073,-0.0073,-0.0330,-0.0110,-0.0024,-0.0024,-0.0073,-0.0073,-0.0220,-0.0220,-0.040,-0.013,0.021,-0.021,0.002,-0.007,0.002,-0.061,-0.013,-0.013,0.007,0.007,-0.002,0.002,-0.007,-0.002,28.0,29.0,30.0,29.0,30.0,30.0,29.0,28.0,28.0,29.0,30.0,29.0,30.0,30.0,29.0,29.0
1790307714.327777,13.490,-0.00286,-0.03071,-0.00019,-0.00019,0.42973,0.00248,0.05207,0.00005,-3.12257,-3.05581,-1.49214,-0.11273,-1.26135,0.18254,0.07687,0.00030,-0.0110,-0.0110,-0.0024,-0.0024,-0.0073,-0.0073,-0.0073,-0.0073,-0.0330,-0.0110,-0.0024,-0.0024,-0.0073,-0.0073,-0.0220,-0.0220,-0.040,-0.013,0.021,-0.021,0.002,-0.007,0.002,-0.061,-0.013,-0.013,0.007,0.007,-0.002,0.002,-0.007,-0.002,28.0,29.0,30.0,29.0,30.0,30.0,29.0,28.0,28.0,29.0,30.0,29.0,30.0,30.0,29.0,29.0
1790307714.337599,13.500,-0.00286,-0.03071,-0.00019,-0.00019,0.42973,0.00248,0.05207,0.00003,-3.12257,-3.05581,-1.49214,-0.11311,-1.26135,0.18254,0.07687,0.00028,-0.0110,-0.0330,-0.0024,-0.0024,-0.0073,-0.0220,-0.0073,-0.0073,-0.0110,-0.0110,-0.0073,-0.0024,-0.0073,-0.0073,0.0073,-0.0073,-0.040,-0.013,0.007,-0.021,0.002,-0.007,-0.002,-0.061,-0.013,-0.013,0.007,0.007,-0.002,0.002,-0.007,-0.002,28.0,29.0,30.0,29.0,30.0,30.0,29.0,28.0,28.0,29.0,30.0,29.0,30.0,30.0,29.0,29.0
1790307714.347395,13.510,-0.00286,-0.03071,-0.00019,-0.00019,0.42973,0.00248,0.05207,0.00003,-3.12257,-3.05581,-1.49214,-0.11311,-1.26135,0.18254,0.07687,0.00028,-0.0110,-0.0330,-0.0024,-0.0024,-0.0073,-0.0220,-0.0073,-0.0073,-0.0110,-0.0110,-0.0073,-0.0024,-0.0073,-0.0073,0.0073,-0.0073,-0.040,-0.013,0.007,-0.021,0.002,-0.007,-0.002,-0.061,-0.013,-0.013,0.007,0.007,-0.002,0.002,-0.007,-0.007,28.0,29.0,30.0,29.0,30.0,30.0,29.0,28.0,28.0,29.0,30.0,29.0,30.0,30.0,29.0,29.0
1790307714.357452,13.520,-0.00286,-0.03071,-0.00019,-0.00019,0.42973,0.00248,0.05207,0.00003,-3.12257,-3.05581,-1.49214,-0.11311,-1.26135,0.18254,0.07687,0.00028,-0.0110,-0.0330,-0.0024,-0.0024,-0.0073,-0.0220,-0.0073,-0.0073,-0.0110,-0.0110,-0.0073,-0.0024,-0.0073,-0.0073,0.0073,-0.0073,-0.040,-0.013,0.007,-0.021,0.002,-0.007,-0.002,-0.061,-0.013,-0.013,0.007,0.007,-0.002,0.002,-0.007,-0.007,28.0,29.0,30.0,29.0,30.0,30.0,29.0,28.0,28.0,29.0,30.0,29.0,30.0,30.0,29.0,29.0
1790307714.367392,13.530,-0.00286,-0.03071,-0.00019,-0.00019,0.42973,0.00248,0.05207,0.00003,-3.12257,-3.05581,-1.49214,-0.11311,-1.26135,0.18254,0.07687,0.00028,-0.0110,-0.0330,-0.0024,-0.0024,-0.0073,-0.0220,-0.0073,-0.0073,-0.0110,-0.0110,-0.0073,-0.0024,-0.0073,-0.0073,0.0073,-0.0073,-0.040,-0.013,0.007,-0.021,0.002,-0.007,-0.002,-0.061,-0.013,-0.013,0.007,0.007,-0.002,0.002,-0.007,-0.007,28.0,29.0,30.0,29.0,30.0,30.0,29.0,28.0,28.0,29.0,30.0,29.0,30.0,30.0,29.0,29.0
1790307714.377587,13.540,-0.00286,-0.03071,-0.00019,-0.00019,0.42973,0.00248,0.05207,0.00005,-3.12257,-3.05581,-1.49214,-0.11311,-1.26135,0.18254,0.07687,0.00028,-0.0110,0.0110,0.0024,-0.0024,-0.0073,-0.0073,0.0073,-0.0073,-0.0110,-0.0110,0.0024,-0.0024,-0.0220,-0.0220,-0.0073,0.0073,-0.013,-0.013,0.021,-0.021,0.002,-0.007,-0.002,-0.056,-0.013,-0.013,0.007,0.007,-0.002,0.002,-0.002,-0.007,28.0,29.0,30.0,29.0,30.0,30.0,29.0,28.0,28.0,29.0,30.0,29.0,30.0,30.0,29.0,29.0
1790307714.387443,13.550,-0.00286,-0.03071,-0.00019,-0.00019,0.42973,0.00248,0.05207,0.00003,-3.12257,-3.05581,-1.49214,-0.11311,-1.26135,0.18254,0.07687,0.00028,-0.0110,0.0110,0.0024,-0.0024,-0.0073,-0.0073,0.0073,-0.0073,-0.0110,-0.0110,0.0024,-0.0024,-0.0220,-0.0220,-0.0073,0.0073,-0.013,-0.013,0.021,-0.021,0.002,-0.007,-0.002,-0.056,-0.013,-0.013,0.007,0.007,-0.002,0.002,-0.002,-0.007,28.0,29.0,30.0,29.0,30.0,30.0,29.0,28.0,28.0,29.0,30.0,29.0,30.0,30.0,29.0,29.0
1790307714.398022,13.560,-0.00286,-0.03071,-0.00019,-0.00019,0.42973,0.00248,0.05207,0.00003,-3.12257,-3.05581,-1.49214,-0.11311,-1.26135,0.18254,0.07687,0.00028,-0.0110,0.0110,0.0024,-0.0024,-0.0073,-0.0073,0.0073,-0.0073,-0.0110,-0.0110,0.0024,-0.0024,-0.0220,-0.0220,-0.0073,-0.0073,-0.013,-0.013,0.021,-0.021,0.002,-0.007,-0.002,-0.056,-0.013,-0.013,0.007,0.007,-0.002,0.002,-0.002,-0.002,28.0,29.0,30.0,29.0,30.0,30.0,29.0,28.0,28.0,29.0,30.0,29.0,30.0,30.0,29.0,29.0
1790307714.407349,13.570,-0.00286,-0.03071,-0.00019,-0.00019,0.42973,0.00248,0.05207,0.00003,-3.12257,-3.05581,-1.49214,-0.11311,-1.26135,0.18254,0.07687,0.00028,-0.0110,0.0110,0.0024,-0.0024,-0.0073,-0.0073,0.0073,-0.0073,-0.0110,-0.0110,0.0024,-0.0024,-0.0220,-0.0220,-0.0073,-0.0073,-0.013,-0.013,0.021,-0.021,0.002,-0.007,-0.002,-0.056,-0.013,-0.013,0.007,0.007,-0.002,0.002,-0.002,-0.002,28.0,29.0,30.0,29.0,30.0,30.0,29.0,28.0,28.0,29.0,30.0,29.0,30.0,30.0,29.0,29.0
1790307714.417459,13.580,-0.00324,-0.03071,-0.00019,-0.00019,0.42973,0.00248,0.05207,0.00003,-3.12257,-3.05581,-1.49214,-0.11311,-1.26135,0.18254,0.07687,0.00028,-0.0330,-0.0110,-0.0024,0.0024,-0.0073,-0.0073,0.0073,-0.0073,-0.0110,-0.0110,-0.0024,-0.0024,-0.0073,-0.0073,-0.0073,0.0073,-0.040,-0.013,0.007,-0.021,-0.002,-0.007,-0.002,-0.056,-0.013,-0.013,0.007,0.007,-0.002,0.002,-0.002,-0.007,28.0,29.0,30.0,29.0,30.0,30.0,29.0,28.0,28.0,29.0,30.0,29.0,30.0,30.0,29.0,29.0
1790307714.427388,13.590,-0.00324,-0.03071,-0.00019,-0.00019,0.42973,0.00248,0.05207,0.00003,-3.12257,-3.05581,-1.49214,-0.11311,-1.26135,0.18254,0.07687,0.00028,-0.0330,-0.0110,-0.0024,0.0024,-0.0073,-0.0073,0.0073,-0.0073,-0.0110,-0.0110,-0.0024,-0.0024,-0.0073,-0.0073,-0.0073,0.0073,-0.040,-0.013,0.007,-0.021,-0.002,-0.007,-0.002,-0.056,-0.013,-0.013,0.007,0.007,-0.002,0.002,-0.002,-0.007,28.0,29.0,30.0,29.0,30.0,30.0,29.0,28.0,28.0,29.0,30.0,29.0,30.0,30.0,29.0,29.0
1790307714.437625,13.600,-0.00324,-0.03071,-0.00019,-0.00019,0.42973,0.00248,0.05207,0.00005,-3.12257,-3.05581,-1.49214,-0.11311,-1.26135,0.18254,0.07687,0.00028,-0.0330,-0.0110,-0.0024,0.0024,-0.0073,-0.0073,0.0073,-0.0073,-0.0110,-0.0110,-0.0024,-0.0024,-0.0073,-0.0073,-0.0073,0.0073,-0.040,-0.013,0.007,-0.021,-0.002,-0.007,-0.002,-0.056,-0.013,-0.013,0.007,0.007,-0.002,0.002,-0.002,-0.007,28.0,29.0,30.0,29.0,30.0,30.0,29.0,28.0,28.0,29.0,30.0,29.0,30.0,30.0,29.0,29.0
1790307714.447725,13.610,-0.00324,-0.03071,-0.00019,-0.00019,0.42973,0.00248,0.05207,0.00005,-3.12257,-3.05581,-1.49214,-0.11311,-1.26135,0.18254,0.07687,0.00028,-0.0330,-0.0110,-0.0024,0.0024,-0.0073,-0.0073,0.0073,-0.0073,-0.0110,-0.0110,-0.0024,-0.0024,-0.0073,-0.0073,-0.0073,-0.0220,-0.040,-0.013,0.007,-0.021,-0.002,-0.007,-0.002,-0.056,-0.013,-0.013,0.007,0.007,-0.002,0.002,-0.002,-0.007,28.0,29.0,30.0,29.0,30.0,30.0,29.0,28.0,28.0,29.0,30.0,29.0,30.0,30.0,29.0,29.0
1790307714.458046,13.620,-0.00324,-0.03071,-0.00019,-0.00019,0.42973,0.00248,0.05207,0.00003,-3.12257,-3.05581,-1.49214,-0.11273,-1.26135,0.18254,0.07725,0.00028,-0.0110,-0.0110,-0.0024,-0.0024,-0.0073,-0.0073,-0.0220,0.0073,-0.0110,-0.0110,-0.0024,-0.0024,-0.0220,-0.0073,0.0073,0.0073,-0.040,-0.013,0.007,-0.021,0.002,-0.007,-0.007,-0.056,-0.013,-0.013,0.007,0.007,-0.002,0.002,-0.002,-0.007,28.0,29.0,30.0,29.0,30.0,30.0,29.0,28.0,28.0,29.0,30.0,29.0,30.0,30.0,29.0,29.0
1790307714.468215,13.631,-0.00324,-0.03071,-0.00019,-0.00019,0.42973,0.00248,0.05207,0.00003,-3.12257,-3.05581,-1.49214,-0.11273,-1.26135,0.18254,0.07725,0.00028,-0.0110,-0.0110,-0.0024,-0.0024,-0.0073,-0.0073,-0.0220,0.0073,-0.0110,-0.0110,-0.0024,-0.0024,-0.0220,-0.0073,0.0073,0.0073,-0.040,-0.013,0.007,-0.021,0.002,-0.007,-0.007,-0.056,-0.013,-0.013,0.007,0.007,-0.002,0.002,-0.002,-0.007,28.0,29.0,30.0,29.0,30.0,30.0,29.0,28.0,28.0,29.0,30.0,29.0,30.0,30.0,29.0,29.0
1790307714.477620,13.640,-0.00324,-0.03071,-0.00019,-0.00019,0.42973,0.00248,0.05207,0.00003,-3.12257,-3.05581,-1.49214,-0.11273,-1.26135,0.18254,0.07725,0.00028,-0.0110,-0.0110,-0.0024,-0.0024,-0.0073,-0.0073,-0.0220,0.0073,-0.0110,-0.0110,-0.0024,-0.0024,-0.0220,-0.0073,0.0073,0.0073,-0.040,-0.013,0.007,-0.021,0.002,-0.007,-0.007,-0.056,-0.013,-0.013,0.007,0.007,-0.002,0.002,-0.002,-0.007,28.0,29.0,30.0,29.0,30.0,30.0,29.0,28.0,28.0,29.0,30.0,29.0,30.0,30.0,29.0,29.0
1790307714.487399,13.650,-0.00324,-0.03071,-0.00019,-0.00019,0.42973,0.00248,0.05207,0.00003,-3.12257,-3.05581,-1.49214,-0.11273,-1.26135,0.18254,0.07725,0.00028,-0.0110,-0.0110,-0.0024,-0.0024,-0.0073,-0.0073,-0.0220,-0.0220,-0.0110,-0.0110,-0.0024,-0.0024,-0.0220,-0.0073,0.0073,0.0073,-0.040,-0.013,0.007,-0.021,0.002,-0.007,-0.007,-0.061,-0.013,-0.013,0.007,0.007,-0.002,0.002,-0.002,-0.007,28.0,29.0,30.0,29.0,30.0,30.0,29.0,28.0,28.0,29.0,30.0,29.0,30.0,30.0,29.0,29.0
1790307714.497582,13.660,-0.00286,-0.03071,-0.00019,-0.00019,0.42973,0.00248,0.05207,0.00005,-3.12257,-3.05581,-1.49214,-0.11273,-1.26135,0.18254,0.07687,0.00028,0.0110,-0.0110,-0.0073,-0.0024,-0.0220,-0.0220,-0.0073,-0.0220,-0.0110,-0.0110,-0.0024,-0.0024,-0.0073,-0.0073,0.0073,0.0073,-0.013,-0.013,0.007,-0.021,0.002,-0.007,-0.002,-0.056,-0.013,-0.013,0.007,0.007,-0.002,0.002,-0.002,-0.007,28.0,29.0,30.0,29.0,30.0,30.0,29.0,28.0,28.0,29.0,30.0,29.0,30.0,30.0,29.0,29.0
1790307714.507790,13.670,-0.00286,-0.03071,-0.00019,-0.00019,0.42973,0.00248,0.05207,0.00005,-3.12257,-3.05581,-1.49214,-0.11273,-1.26135,0.18254,0.07687,0.00028,0.0110,-0.0110,-0.0073,-0.0024,-0.0220,-0.0220,-0.0073,-0.0220,-0.0110,-0.0110,-0.0024,-0.0024,-0.0073,-0.0073,0.0073,-0.0220,-0.013,-0.013,0.007,-0.021,0.002,-0.007,-0.002,-0.056,-0.013,-0.013,0.007,0.007,-0.002,0.002,-0.002,-0.007,28.0,29.0,30.0,29.0,30.0,30.0,29.0,28.0,28.0,29.0,30.0,29.0,30.0,30.0,29.0,29.0
1790307714.518015,13.680,-0.00286,-0.03071,-0.00019,-0.00019,0.42973,0.00248,0.05207,0.00005,-3.12257,-3.05581,-1.49214,-0.11273,-1.26135,0.18254,0.07687,0.00028,0.0110,-0.0110,-0.0073,-0.0024,-0.0220,-0.0220,-0.0073,-0.0220,-0.0110,-0.0110,-0.0024,-0.0024,-0.0073,-0.0073,0.0073,-0.0220,-0.013,-0.013,0.007,-0.021,0.002,-0.007,-0.002,-0.056,-0.013,-0.013,0.007,0.007,-0.002,0.002,-0.002,-0.007,28.0,29.0,30.0,29.0,30.0,30.0,29.0,28.0,28.0,29.0,30.0,29.0,30.0,30.0,29.0,29.0
1790307714.527793,13.690,-0.00286,-0.03071,-0.00019,-0.00019,0.42973,0.00248,0.05207,0.00005,-3.12257,-3.05581,-1.49214,-0.11273,-1.26135,0.18254,0.07687,0.00028,0.0110,-0.0110,-0.0073,-0.0024,-0.0220,-0.0220,-0.0073,-0.0220,-0.0110,-0.0110,-0.0024,-0.0024,-0.0073,-0.0073,0.0073,-0.0220,-0.013,-0.013,0.007,-0.021,0.002,-0.007,-0.002,-0.056,-0.013,-0.013,0.007,0.007,-0.002,0.002,-0.002,-0.007,28.0,29.0,30.0,29.0,30.0,30.0,29.0,28.0,28.0,29.0,30.0,29.0,30.0,30.0,29.0,29.0
1790307714.538003,13.700,-0.00324,-0.03071,-0.00019,-0.00019,0.42973,0.00248,0.05207,0.00003,-3.12257,-3.05581,-1.49214,-0.11273,-1.26135,0.18254,0.07687,0.00028,0.0110,-0.0110,-0.0073,-0.0024,-0.0220,-0.0073,-0.0073,-0.0073,-0.0110,-0.0110,-0.0024,-0.0024,-0.0073,0.0073,-0.0073,-0.0073,-0.013,-0.013,0.007,-0.021,0.002,-0.007,-0.002,-0.056,-0.013,-0.013,0.007,0.007,-0.002,0.002,-0.002,-0.007,28.0,29.0,30.0,29.0,30.0,30.0,29.0,28.0,28.0,29.0,30.0,29.0,30.0,30.0,29.0,29.0
1790307714.547800,13.710,-0.00324,-0.03071,-0.00019,-0.00019,0.42973,0.00248,0.05207,0.00003,-3.12257,-3.05581,-1.49214,-0.11273,-1.26135,0.18254,0.07687,0.00028,0.0110,-0.0110,-0.0073,-0.0024,-0.0220,-0.0073,-0.0073,-0.0220,-0.0110,-0.0110,-0.0024,-0.0024,-0.0073,0.0073,-0.0073,-0.0073,-0.013,-0.013,0.007,-0.021,0.002,-0.007,-0.002,-0.056,-0.013,-0.013,0.007,0.007,-0.002,0.002,-0.002,-0.007,28.0,29.0,30.0,29.0,30.0,30.0,29.0,28.0,28.0,29.0,30.0,29.0,30.0,30.0,29.0,29.0
1790307714.558045,13.720,-0.00324,-0.03071,-0.00019,-0.00019,0.42973,0.00248,0.05207,0.00003,-3.12257,-3.05581,-1.49214,-0.11273,-1.26135,0.18254,0.07687,0.00028,0.0110,-0.0110,-0.0073,-0.0024,-0.0220,-0.0073,-0.0073,-0.0220,-0.0110,-0.0110,-0.0024,-0.0024,-0.0073,0.0073,-0.0073,-0.0073,-0.013,-0.013,0.007,-0.021,0.002,-0.007,-0.002,-0.056,-0.013,-0.013,0.007,0.007,-0.002,0.002,-0.002,-0.007,28.0,29.0,30.0,29.0,30.0,30.0,29.0,28.0,28.0,29.0,30.0,29.0,30.0,30.0,29.0,29.0
1790307714.567725,13.730,-0.00324,-0.03071,-0.00019,-0.00019,0.42973,0.00248,0.05207,0.00003,-3.12257,-3.05581,-1.49214,-0.11273,-1.26135,0.18254,0.07687,0.00028,0.0110,-0.0110,-0.0073,-0.0024,-0.0220,-0.0073,-0.0073,-0.0220,-0.0110,-0.0110,-0.0024,-0.0024,-0.0073,0.0073,-0.0073,-0.0073,-0.013,-0.013,0.007,-0.021,0.002,-0.007,-0.002,-0.056,-0.013,-0.013,0.007,0.007,-0.002,0.002,-0.002,-0.007,28.0,29.0,30.0,29.0,30.0,30.0,29.0,28.0,28.0,29.0,30.0,29.0,30.0,30.0,29.0,29.0
1790307714.577632,13.740,-0.00286,-0.03071,-0.00019,-0.00019,0.42973,0.00248,0.05207,0.00003,-3.12257,-3.05581,-1.49214,-0.11311,-1.26135,0.18254,0.07687,0.00028,-0.0110,-0.0110,-0.0073,-0.0024,0.0073,0.0073,-0.0073,-0.0073,-0.0110,-0.0110,-0.0024,-0.0024,0.0073,-0.0220,-0.0073,-0.0073,-0.013,-0.013,0.007,-0.021,0.002,-0.007,-0.002,-0.056,-0.013,-0.013,0.021,0.007,-0.002,0.002,-0.002,-0.007,28.0,29.0,30.0,29.0,30.0,30.0,29.0,28.0,28.0,29.0,30.0,29.0,30.0,30.0,29.0,29.0
1790307714.587398,13.750,-0.00286,-0.03071,-0.00019,-0.00019,0.42973,0.00248,0.05207,0.00003,-3.12257,-3.05581,-1.49214,-0.11311,-1.26135,0.18254,0.07687,0.00028,-0.0110,-0.0110,-0.0073,-0.0024,0.0073,0.0073,-0.0073,-0.0073,-0.0110,-0.0110,-0.0024,-0.0024,0.0073,-0.0220,-0.0073,-0.0073,-0.013,-0.013,0.007,-0.021,0.002,-0.007,-0.007,-0.056,-0.013,-0.013,0.021,0.007,-0.002,0.002,-0.002,-0.007,28.0,29.0,30.0,29.0,30.0,30.0,29.0,28.0,28.0,29.0,30.0,29.0,30.0,30.0,29.0,29.0
1790307714.597868,13.760,-0.00286,-0.03071,-0.00019,-0.00019,0.42973,0.00248,0.05207,0.00003,-3.12257,-3.05581,-1.49214,-0.11311,-1.26135,0.18254,0.07687,0.00028,-0.0110,-0.0110,-0.0073,-0.0024,0.0073,0.0073,-0.0073,-0.0073,-0.0110,-0.0110,-0.0024,-0.0024,0.0073,-0.0220,-0.0073,-0.0073,-0.013,-0.013,0.007,-0.021,0.002,-0.007,-0.007,-0.056,-0.013,-0.013,0.021,0.007,-0.002,0.002,-0.002,-0.007,28.0,29.0,30.0,29.0,30.0,30.0,29.0,28.0,28.0,29.0,30.0,29.0,30.0,30.0,29.0,29.0
1790307714.607393,13.770,-0.00286,-0.03071,-0.00019,-0.00019,0.42973,0.00248,0.05207,0.00003,-3.12257,-3.05581,-1.49214,-0.11311,-1.26135,0.18254,0.07687,0.00028,-0.0110,-0.0110,-0.0073,-0.0024,0.0073,0.0073,-0.0073,-0.0073,-0.0110,-0.0110,-0.0024,-0.0024,0.0073,-0.0220,-0.0073,-0.0073,-0.013,-0.013,0.007,-0.021,0.002,-0.007,-0.007,-0.056,-0.013,-0.013,0.021,0.007,-0.002,0.002,-0.002,-0.007,28.0,29.0,30.0,29.0,30.0,30.0,29.0,28.0,28.0,29.0,30.0,29.0,30.0,30.0,29.0,29.0
1790307714.617389,13.780,-0.00286,-0.03071,-0.00019,-0.00019,0.42973,0.00248,0.05207,0.00005,-3.12257,-3.05581,-1.49214,-0.11311,-1.26135,0.18254,0.07687,0.00030,-0.0110,-0.0110,-0.0073,-0.0024,0.0073,0.0073,-0.0073,-0.0073,-0.0110,-0.0110,-0.0024,-0.0024,0.0073,-0.0220,-0.0073,-0.0220,-0.040,-0.013,0.007,-0.021,0.002,-0.007,-0.007,-0.061,-0.013,-0.013,0.021,0.007,-0.002,0.002,-0.002,-0.007,28.0,29.0,30.0,29.0,30.0,30.0,29.0,28.0,28.0,29.0,30.0,29.0,30.0,30.0,29.0,29.0
1790307714.627784,13.790,-0.00286,-0.03071,-0.00019,-0.00019,0.42973,0.00248,0.05207,0.00005,-3.12257,-3.05581,-1.49214,-0.11311,-1.26135,0.18254,0.07687,0.00028,-0.0110,-0.0110,-0.0073,-0.0024,0.0073,0.0073,-0.0073,-0.0073,0.0110,-0.0110,-0.0024,-0.0024,0.0073,-0.0220,-0.0073,-0.0220,-0.040,-0.013,0.007,-0.021,0.002,-0.007,-0.007,-0.061,-0.013,-0.013,0.021,0.007,-0.002,0.002,-0.002,-0.007,28.0,29.0,30.0,29.0,30.0,30.0,29.0,28.0,28.0,29.0,30.0,29.0,30.0,30.0,29.0,29.0
1790307714.637605,13.800,-0.00286,-0.03071,-0.00019,-0.00019,0.42973,0.00248,0.05207,0.00005,-3.12257,-3.05581,-1.49214,-0.11311,-1.26135,0.18254,0.07687,0.00028,-0.0110,-0.0110,-0.0073,-0.0024,0.0073,0.0073,-0.0073,-0.0073,0.0110,-0.0110,-0.0024,-0.0024,0.0073,-0.0220,-0.0073,-0.0220,-0.040,-0.013,0.007,-0.021,0.002,-0.007,-0.007,-0.061,-0.013,-0.013,0.021,0.007,-0.002,0.002,-0.002,-0.007,28.0,29.0,30.0,29.0,30.0,30.0,29.0,28.0,28.0,29.0,30.0,29.0,30.0,30.0,29.0,29.0
1790307714.647432,13.810,-0.00286,-0.03071,-0.00019,-0.00019,0.42973,0.00248,0.05207,0.00005,-3.12257,-3.05581,-1.49214,-0.11311,-1.26135,0.18254,0.07687,0.00028,-0.0110,-0.0110,-0.0073,-0.0024,0.0073,0.0073,-0.0073,-0.0073,0.0110,-0.0110,-0.0024,-0.0024,0.0073,-0.0220,-0.0073,-0.0220,-0.040,-0.013,0.007,-0.021,0.002,-0.007,-0.007,-0.061,-0.013,-0.013,0.021,0.007,-0.002,0.002,-0.002,-0.007,28.0,29.0,30.0,29.0,30.0,30.0,29.0,28.0,28.0,29.0,30.0,29.0,30.0,30.0,29.0,29.0
1790307714.657636,13.820,-0.00286,-0.03071,-0.00019,-0.00019,0.42973,0.00248,0.05207,0.00005,-3.12257,-3.05581,-1.49214,-0.11311,-1.26135,0.18254,0.07687,0.00028,-0.0110,-0.0110,-0.0073,-0.0024,0.0073,0.0073,-0.0073,-0.0073,0.0110,-0.0110,-0.0024,-0.0024,0.0073,-0.0220,-0.0073,-0.0220,-0.040,-0.013,0.007,-0.021,0.002,-0.007,-0.007,-0.061,-0.013,-0.013,0.021,0.007,-0.002,0.002,-0.002,-0.007,28.0,29.0,30.0,29.0,30.0,30.0,29.0,28.0,28.0,29.0,30.0,29.0,30.0,30.0,29.0,29.0
1790307714.667388,13.830,-0.00286,-0.03071,-0.00019,-0.00019,0.42973,0.00248,0.05207,0.00005,-3.12257,-3.05581,-1.49214,-0.11311,-1.26135,0.18254,0.07687,0.00028,-0.0110,-0.0110,-0.0073,-0.0024,0.0073,0.0073,-0.0073,-0.0073,0.0110,-0.0110,-0.0024,-0.0024,0.0073,-0.0220,-0.0073,-0.0220,-0.040,-0.013,0.007,-0.021,0.002,-0.007,-0.007,-0.061,-0.013,-0.013,0.021,0.007,-0.002,0.002,-0.002,-0.007,28.0,29.0,30.0,29.0,30.0,30.0,29.0,28.0,28.0,29.0,30.0,29.0,30.0,30.0,29.0,29.0
1790307714.677613,13.840,-0.00286,-0.03071,-0.00019,-0.00019,0.42973,0.00248,0.05207,0.00005,-3.12257,-3.05581,-1.49214,-0.11311,-1.26135,0.18254,0.07687,0.00028,-0.0110,-0.0110,-0.0073,-0.0024,0.0073,0.0073,-0.0073,-0.0073,0.0110,-0.0110,-0.0024,-0.0024,0.0073,-0.0220,-0.0073,-0.0220,-0.040,-0.013,0.007,-0.021,0.002,-0.007,-0.007,-0.061,-0.013,-0.013,0.021,0.007,-0.002,0.002,-0.002,-0.007,28.0,29.0,30.0,29.0,30.0,30.0,29.0,28.0,28.0,29.0,30.0,29.0,30.0,30.0,29.0,29.0
1790307714.687394,13.850,-0.00286,-0.03071,-0.00019,-0.00019,0.42973,0.00248,0.05207,0.00005,-3.12257,-3.05581,-1.49214,-0.11311,-1.26135,0.18254,0.07687,0.00028,-0.0110,-0.0110,-0.0073,-0.0024,0.0073,0.0073,-0.0073,-0.0073,0.0110,-0.0110,-0.0024,-0.0024,0.0073,-0.0220,-0.0073,-0.0220,-0.040,-0.013,0.007,-0.021,0.002,-0.007,-0.007,-0.061,-0.013,-0.013,0.021,0.007,-0.002,0.002,-0.002,-0.007,28.0,29.0,30.0,29.0,30.0,30.0,29.0,28.0,28.0,29.0,30.0,29.0,30.0,30.0,29.0,29.0
1790307714.697997,13.860,-0.00286,-0.03071,-0.00019,-0.00019,0.42973,0.00248,0.05207,0.00005,-3.12257,-3.05581,-1.49214,-0.11273,-1.26135,0.18254,0.07687,0.00028,-0.0110,-0.0110,-0.0024,-0.0024,-0.0073,-0.0073,-0.0073,-0.0073,0.0110,-0.0110,-0.0024,-0.0024,-0.0073,-0.0220,0.0073,-0.0220,-0.040,-0.013,0.007,-0.021,0.002,-0.007,-0.002,-0.061,-0.013,-0.013,0.007,0.007,-0.002,0.002,-0.002,-0.007,28.0,29.0,30.0,29.0,30.0,30.0,29.0,28.0,28.0,29.0,30.0,29.0,30.0,30.0,29.0,29.0
1790307714.707475,13.870,-0.00286,-0.03071,-0.00019,-0.00019,0.42973,0.00248,0.05207,0.00005,-3.12257,-3.05581,-1.49214,-0.11273,-1.26135,0.18254,0.07687,0.00028,-0.0110,-0.0110,-0.0024,-0.0024,-0.0073,-0.0073,-0.0073,-0.0073,0.0110,-0.0110,-0.0024,-0.0024,-0.0073,-0.0220,0.0073,-0.0220,-0.040,-0.013,0.007,-0.021,0.002,-0.007,-0.002,-0.061,-0.013,-0.013,0.007,0.007,-0.002,0.002,-0.002,-0.007,28.0,29.0,30.0,29.0,30.0,30.0,29.0,28.0,28.0,29.0,30.0,29.0,30.0,30.0,29.0,29.0
1790307714.717622,13.880,-0.00286,-0.03071,-0.00019,-0.00019,0.42973,0.00248,0.05207,0.00005,-3.12257,-3.05581,-1.49214,-0.11273,-1.26135,0.18254,0.07687,0.00028,-0.0110,-0.0110,-0.0024,-0.0024,-0.0073,-0.0073,-0.0073,-0.0073,0.0110,-0.0110,-0.0024,-0.0024,-0.0073,-0.0220,0.0073,-0.0220,-0.040,-0.013,0.007,-0.021,0.002,-0.007,-0.002,-0.061,-0.013,-0.013,0.007,0.007,-0.002,0.002,-0.002,-0.007,28.0,29.0,30.0,29.0,30.0,30.0,29.0,28.0,28.0,29.0,30.0,29.0,30.0,30.0,29.0,29.0
1790307714.727405,13.890,-0.00286,-0.03071,-0.00019,-0.00019,0.42973,0.00248,0.05207,0.00005,-3.12257,-3.05581,-1.49214,-0.11273,-1.26135,0.18254,0.07687,0.00028,-0.0110,-0.0110,-0.0024,-0.0024,-0.0073,-0.0073,-0.0073,-0.0073,0.0110,-0.0110,-0.0024,-0.0024,-0.0073,-0.0220,0.0073,-0.0220,-0.040,-0.013,0.007,-0.021,0.002,-0.007,-0.002,-0.061,-0.013,-0.013,0.007,0.007,-0.002,0.002,-0.007,-0.007,28.0,29.0,30.0,29.0,30.0,30.0,29.0,28.0,28.0,29.0,30.0,29.0,30.0,30.0,29.0,29.0
1790307714.738012,13.900,-0.00324,-0.03071,-0.00019,-0.00019,0.42973,0.00248,0.05207,0.00005,-3.12257,-3.05581,-1.49214,-0.11273,-1.26135,0.18254,0.07687,0.00028,-0.0110,-0.0110,-0.0024,-0.0024,-0.0073,-0.0073,-0.0073,-0.0220,-0.0110,-0.0110,-0.0024,-0.0024,-0.0073,-0.0220,0.0073,-0.0073,-0.040,-0.013,0.007,-0.021,0.002,-0.007,-0.002,-0.061,-0.013,-0.013,0.007,0.007,-0.002,0.002,-0.007,-0.002,28.0,29.0,30.0,29.0,30.0,30.0,29.0,28.0,28.0,29.0,30.0,29.0,30.0,30.0,29.0,29.0
1790307714.747867,13.910,-0.00324,-0.03071,-0.00019,-0.00019,0.42973,0.00248,0.05207,0.00005,-3.12257,-3.05581,-1.49214,-0.11273,-1.26135,0.18254,0.07687,0.00028,-0.0110,-0.0110,-0.0024,-0.0024,-0.0073,-0.0073,-0.0073,-0.0220,-0.0110,-0.0110,-0.0024,-0.0024,-0.0073,-0.0220,0.0073,-0.0073,-0.040,-0.013,0.007,-0.021,0.002,-0.007,-0.002,-0.061,-0.013,-0.013,0.007,0.007,-0.002,0.002,-0.007,-0.002,28.0,29.0,30.0,29.0,30.0,30.0,29.0,28.0,28.0,29.0,30.0,29.0,30.0,30.0,29.0,29.0
1790307714.758027,13.920,-0.00324,-0.03071,-0.00019,-0.00019,0.42973,0.00248,0.05207,0.00005,-3.12257,-3.05581,-1.49214,-0.11273,-1.26135,0.18254,0.07687,0.00028,-0.0110,-0.0110,-0.0024,-0.0024,-0.0073,-0.0073,-0.0073,-0.0220,-0.0110,-0.0110,-0.0024,-0.0024,-0.0073,-0.0220,0.0073,-0.0073,-0.040,-0.013,0.007,-0.021,0.002,-0.007,-0.002,-0.061,-0.013,-0.013,0.007,0.007,-0.002,0.002,-0.007,-0.002,28.0,29.0,30.0,29.0,30.0,30.0,29.0,28.0,28.0,29.0,30.0,29.0,30.0,30.0,29.0,29.0
1790307714.767433,13.930,-0.00324,-0.03071,-0.00019,-0.00019,0.42973,0.00248,0.05207,0.00003,-3.12257,-3.05581,-1.49214,-0.11273,-1.26135,0.18254,0.07687,0.00028,-0.0110,-0.0110,-0.0024,-0.0024,-0.0220,0.0073,-0.0073,-0.0073,-0.0330,0.0110,-0.0024,-0.0024,-0.0073,-0.0073,-0.0073,-0.0073,-0.040,-0.013,0.021,-0.021,0.002,-0.007,-0.002,-0.056,-0.013,-0.013,0.021,0.007,-0.002,0.002,-0.007,-0.007,28.0,29.0,30.0,29.0,30.0,30.0,29.0,28.0,28.0,29.0,30.0,29.0,30.0,30.0,29.0,29.0
1790307714.777604,13.940,-0.00324,-0.03071,-0.00019,-0.00019,0.42973,0.00248,0.05207,0.00003,-3.12257,-3.05581,-1.49214,-0.11273,-1.26135,0.18254,0.07687,0.00028,-0.0110,-0.0110,-0.0024,-0.0024,-0.0073,-0.0073,0.0073,-0.0073,-0.0330,0.0110,-0.0024,-0.0024,-0.0073,-0.0073,-0.0073,-0.0073,-0.040,-0.013,0.021,-0.021,0.002,-0.007,-0.007,-0.056,-0.013,-0.013,0.021,0.007,-0.002,0.002,-0.007,-0.007,28.0,29.0,30.0,29.0,30.0,30.0,29.0,28.0,28.0,29.0,30.0,29.0,30.0,30.0,29.0,29.0
1790307714.787416,13.950,-0.00286,-0.03071,-0.00019,-0.00019,0.42973,0.00248,0.05207,0.00003,-3.12257,-3.05581,-1.49214,-0.11273,-1.26135,0.18254,0.07687,0.00028,-0.0110,0.0110,0.0024,-0.0024,-0.0073,0.0073,-0.0073,-0.0073,-0.0110,-0.0110,-0.0024,-0.0024,-0.0073,-0.0073,-0.0073,-0.0220,-0.013,-0.013,0.007,-0.021,0.002,-0.007,-0.007,-0.056,-0.013,-0.013,0.021,0.007,-0.002,0.002,-0.007,-0.007,28.0,29.0,30.0,29.0,30.0,30.0,29.0,28.0,28.0,29.0,30.0,29.0,30.0,30.0,29.0,29.0
1790307714.797622,13.960,-0.00286,-0.03071,-0.00019,-0.00019,0.42973,0.00248,0.05207,0.00003,-3.12257,-3.05581,-1.49214,-0.11311,-1.26135,0.18254,0.07687,0.00028,-0.0110,-0.0110,-0.0024,-0.0024,-0.0073,-0.0073,-0.0073,-0.0073,-0.0110,0.0110,-0.0073,-0.0024,-0.0220,-0.0220,0.0073,-0.0220,-0.013,-0.013,0.007,-0.021,0.002,-0.007,-0.002,-0.056,-0.013,-0.013,0.007,0.007,-0.002,-0.002,-0.002,-0.007,28.0,29.0,30.0,29.0,30.0,30.0,29.0,28.0,28.0,29.0,30.0,29.0,30.0,30.0,29.0,29.0
1790307714.808272,13.971,-0.00286,-0.03071,-0.00019,-0.00019,0.42973,0.00248,0.05207,0.00003,-3.12257,-3.05581,-1.49214,-0.11311,-1.26135,0.18254,0.07687,0.00028,-0.0110,-0.0110,-0.0024,-0.0024,-0.0073,-0.0073,-0.0073,0.0073,-0.0110,0.0110,-0.0073,-0.0024,-0.0220,-0.0220,0.0073,-0.0073,-0.013,-0.013,0.007,-0.021,0.002,-0.007,-0.002,-0.056,-0.013,-0.013,0.007,0.007,-0.002,-0.002,-0.002,-0.007,28.0,29.0,30.0,29.0,30.0,30.0,29.0,28.0,28.0,29.0,30.0,29.0,30.0,30.0,29.0,29.0
1790307714.822959,13.985,-0.00286,-0.03071,-0.00019,-0.00019,0.42973,0.00248,0.05207,0.00003,-3.12257,-3.05581,-1.49214,-0.11311,-1.26135,0.18254,0.07687,0.00030,-0.0110,-0.0110,-0.0024,-0.0024,-0.0073,-0.0073,-0.0073,0.0073,-0.0110,0.0110,-0.0073,-0.0024,-0.0220,-0.0220,0.0073,-0.0220,-0.013,-0.013,0.007,-0.021,0.002,-0.007,-0.002,-0.056,-0.013,-0.013,0.007,0.007,-0.002,-0.002,-0.002,-0.007,28.0,29.0,30.0,29.0,30.0,30.0,29.0,28.0,28.0,29.0,30.0,29.0,30.0,30.0,29.0,29.0
1790307714.827384,13.990,-0.00324,-0.03071,-0.00019,-0.00019,0.42973,0.00248,0.05207,0.00005,-3.12257,-3.05581,-1.49214,-0.11311,-1.26135,0.18254,0.07687,0.00030,-0.0110,-0.0110,-0.0024,-0.0024,-0.0073,-0.0073,-0.0073,-0.0220,-0.0110,0.0110,-0.0073,-0.0024,-0.0220,-0.0220,0.0073,-0.0220,-0.040,-0.013,0.007,-0.021,0.002,-0.007,-0.002,-0.056,-0.013,-0.013,0.007,0.007,-0.002,-0.002,-0.002,-0.007,28.0,29.0,30.0,29.0,30.0,30.0,29.0,28.0,28.0,29.0,30.0,29.0,30.0,30.0,29.0,29.0
1790307714.845994,14.008,-0.00324,-0.03071,-0.00019,-0.00019,0.42973,0.00248,0.05207,0.00003,-3.12257,-3.05581,-1.49214,-0.11311,-1.26135,0.18254,0.07687,0.00028,-0.0110,-0.0110,-0.0024,-0.0024,-0.0073,0.0073,-0.0220,-0.0220,-0.0110,0.0110,-0.0073,-0.0024,-0.0220,-0.0220,0.0073,-0.0073,-0.040,-0.013,0.007,-0.021,-0.002,-0.007,-0.002,-0.056,-0.013,-0.013,0.007,0.007,-0.002,-0.002,-0.002,-0.007,28.0,29.0,30.0,29.0,30.0,30.0,29.0,28.0,28.0,29.0,30.0,29.0,30.0,30.0,29.0,29.0
1790307714.847223,14.010,-0.00324,-0.03071,-0.00019,-0.00019,0.42973,0.00248,0.05207,0.00003,-3.12257,-3.05581,-1.49214,-0.11311,-1.26135,0.18254,0.07687,0.00028,-0.0110,-0.0110,-0.0024,-0.0024,-0.0073,0.0073,-0.0220,-0.0220,-0.0110,0.0110,-0.0073,-0.0024,-0.0220,-0.0220,0.0073,-0.0073,-0.040,-0.013,0.007,-0.021,-0.002,-0.007,-0.002,-0.056,-0.013,-0.013,0.007,0.007,-0.002,-0.002,-0.002,-0.007,28.0,29.0,30.0,29.0,30.0,30.0,29.0,28.0,28.0,29.0,30.0,29.0,30.0,30.0,29.0,29.0
1790307714.858017,14.020,-0.00324,-0.03071,-0.00019,-0.00019,0.42973,0.00248,0.05207,0.00005,-3.12257,-3.05581,-1.49214,-0.11311,-1.26135,0.18254,0.07687,0.00028,-0.0110,-0.0110,-0.0024,-0.0024,-0.0073,0.0073,-0.0220,-0.0073,-0.0110,-0.0110,-0.0024,-0.0024,-0.0073,-0.0073,-0.0073,-0.0073,-0.040,-0.013,0.007,-0.021,-0.002,-0.007,-0.002,-0.061,-0.013,-0.013,0.007,0.007,-0.002,0.002,-0.007,-0.007,28.0,29.0,30.0,29.0,30.0,30.0,29.0,28.0,28.0,29.0,30.0,29.0,30.0,30.0,29.0,29.0
1790307714.867417,14.030,-0.00324,-0.03071,-0.00019,-0.00019,0.42973,0.00248,0.05207,0.00005,-3.12257,-3.05581,-1.49214,-0.11311,-1.26135,0.18254,0.07687,0.00028,-0.0330,0.0110,-0.0024,0.0024,-0.0220,0.0073,-0.0220,-0.0220,-0.0110,-0.0330,-0.0073,-0.0024,-0.0073,-0.0073,-0.0073,0.0073,-0.013,-0.013,0.021,-0.021,0.002,-0.007,-0.002,-0.056,-0.013,-0.013,0.007,0.007,-0.002,0.002,-0.007,-0.002,28.0,29.0,30.0,29.0,30.0,30.0,29.0,28.0,28.0,29.0,30.0,29.0,30.0,30.0,29.0,29.0
1790307714.878016,14.040,-0.00324,-0.03071,-0.00019,-0.00019,0.42973,0.00248,0.05207,0.00005,-3.12257,-3.05581,-1.49214,-0.11311,-1.26135,0.18254,0.07687,0.00028,-0.0330,0.0110,-0.0024,0.0024,-0.0220,-0.0073,-0.0073,-0.0220,-0.0110,-0.0330,-0.0024,-0.0024,-0.0073,-0.0073,-0.0073,0.0073,-0.013,-0.013,0.021,-0.021,0.002,-0.007,-0.007,-0.056,-0.013,-0.013,0.007,0.007,-0.002,0.002,-0.002,-0.002,28.0,29.0,30.0,29.0,30.0,30.0,29.0,28.0,28.0,29.0,30.0,29.0,30.0,30.0,29.0,29.0
1790307714.887418,14.050,-0.00324,-0.03071,-0.00019,-0.00019,0.42973,0.00248,0.05207,0.00005,-3.12257,-3.05581,-1.49214,-0.11311,-1.26135,0.18254,0.07687,0.00028,-0.0330,0.0110,-0.0024,0.0024,-0.0220,-0.0073,-0.0073,-0.0220,-0.0110,-0.0330,-0.0024,-0.0024,-0.0073,-0.0073,-0.0073,0.0073,-0.013,-0.013,0.021,-0.021,0.002,-0.007,-0.007,-0.056,-0.013,-0.013,0.007,0.007,-0.002,0.002,-0.002,-0.002,28.0,29.0,30.0,29.0,30.0,30.0,29.0,28.0,28.0,29.0,30.0,29.0,30.0,30.0,29.0,29.0
1790307714.898031,14.060,-0.00324,-0.03071,-0.00019,-0.00019,0.42973,0.00248,0.05207,0.00005,-3.12257,-3.05581,-1.49214,-0.11311,-1.26135,0.18254,0.07687,0.00028,-0.0330,0.0110,-0.0024,0.0024,-0.0220,-0.0073,-0.0073,-0.0220,-0.0110,-0.0330,-0.0024,-0.0024,-0.0073,-0.0073,-0.0073,0.0073,-0.013,-0.013,0.021,-0.021,0.002,-0.007,-0.007,-0.056,-0.013,-0.013,0.007,0.007,-0.002,0.002,-0.002,-0.002,28.0,29.0,30.0,29.0,30.0,30.0,29.0,28.0,28.0,29.0,30.0,29.0,30.0,30.0,29.0,29.0
1790307714.907468,14.070,-0.00324,-0.03071,-0.00019,-0.00019,0.42973,0.00248,0.05207,0.00003,-3.12257,-3.05581,-1.49214,-0.11273,-1.26135,0.18254,0.07687,0.00028,-0.0330,0.0110,0.0024,-0.0024,-0.0073,-0.0073,-0.0073,0.0073,-0.0110,-0.0110,-0.0024,-0.0024,-0.0073,-0.0073,-0.0073,-0.0073,-0.040,-0.013,0.007,-0.021,-0.002,-0.007,-0.002,-0.056,-0.013,-0.013,-0.007,0.007,-0.002,0.002,-0.007,-0.002,28.0,29.0,30.0,29.0,30.0,30.0,29.0,28.0,28.0,29.0,30.0,29.0,30.0,30.0,29.0,29.0
1790307714.918015,14.080,-0.00324,-0.03071,-0.00019,-0.00019,0.42973,0.00248,0.05207,0.00003,-3.12257,-3.05581,-1.49214,-0.11273,-1.26135,0.18254,0.07687,0.00028,-0.0330,0.0110,0.0024,-0.0024,-0.0073,-0.0073,-0.0073,0.0073,-0.0110,-0.0110,-0.0024,-0.0024,-0.0073,-0.0073,-0.0073,-0.0073,-0.040,-0.013,0.007,-0.021,-0.002,-0.007,-0.002,-0.056,-0.013,-0.013,-0.007,0.007,-0.002,0.002,-0.007,-0.002,28.0,29.0,30.0,29.0,30.0,30.0,29.0,28.0,28.0,29.0,30.0,29.0,30.0,30.0,29.0,29.0
1790307714.927421,14.090,-0.00324,-0.03071,-0.00019,-0.00019,0.42973,0.00248,0.05207,0.00003,-3.12257,-3.05581,-1.49214,-0.11273,-1.26135,0.18254,0.07687,0.00028,-0.0330,0.0110,0.0024,-0.0024,-0.0073,-0.0073,-0.0073,0.0073,-0.0110,-0.0110,-0.0024,-0.0024,-0.0073,-0.0073,-0.0073,-0.0073,-0.040,-0.013,0.007,-0.021,-0.002,-0.007,-0.002,-0.056,-0.013,-0.013,-0.007,0.007,-0.002,0.002,-0.007,-0.002,28.0,29.0,30.0,29.0,30.0,30.0,29.0,28.0,28.0,29.0,30.0,29.0,30.0,30.0,29.0,29.0
1790307714.938046,14.100,-0.00324,-0.03071,-0.00019,-0.00019,0.42973,0.00248,0.05207,0.00003,-3.12257,-3.05581,-1.49214,-0.11273,-1.26135,0.18254,0.07687,0.00028,-0.0330,0.0110,0.0024,-0.0024,-0.0073,-0.0073,-0.0073,0.0073,-0.0110,-0.0110,-0.0024,-0.0024,-0.0073,-0.0073,-0.0073,-0.0073,-0.040,-0.013,0.007,-0.021,-0.002,-0.007,-0.002,-0.056,-0.013,-0.013,-0.007,0.007,-0.002,0.002,-0.007,-0.002,28.0,29.0,30.0,29.0,30.0,30.0,29.0,28.0,28.0,29.0,30.0,29.0,30.0,30.0,29.0,29.0
