timestamp,rel_time_s,q_1,q_2,q_3,q_4,q_5,q_6,q_7,q_8,q_9,q_10,q_11,q_12,q_13,q_14,q_15,q_16,dq_1,dq_2,dq_3,dq_4,dq_5,dq_6,dq_7,dq_8,dq_9,dq_10,dq_11,dq_12,dq_13,dq_14,dq_15,dq_16,tau_1,tau_2,tau_3,tau_4,tau_5,tau_6,tau_7,tau_8,tau_9,tau_10,tau_11,tau_12,tau_13,tau_14,tau_15,tau_16,t_mos_1,t_mos_2,t_mos_3,t_mos_4,t_mos_5,t_mos_6,t_mos_7,t_mos_8,t_mos_9,t_mos_10,t_mos_11,t_mos_12,t_mos_13,t_mos_14,t_mos_15,t_mos_16
1790303534.040160,7.534,-12.42218,-12.42218,-12.42218,-12.42218,-12.42218,-12.42218,-12.42218,0.04150,-12.42218,-12.42218,-12.42218,-12.42218,-12.42218,-12.42218,-12.42218,0.04150,-45.0000,-45.0000,-10.0000,-10.0000,-30.0000,-30.0000,-30.0000,-30.0000,-45.0000,-45.0000,-10.0000,-10.0000,-30.0000,-30.0000,-30.0000,-30.0000,-54.000,-54.000,-28.000,-28.000,-10.000,-10.000,-10.000,-10.000,-54.000,-54.000,-28.000,-28.000,-10.000,-10.000,-10.000,-10.000,0.0,0.0,0.0,0.0,0.0,0.0,0.0,0.0,0.0,0.0,0.0,0.0,0.0,0.0,0.0,0.0
1790303534.093836,0.003,-12.42218,-12.42218,-12.42218,-12.42218,-12.42218,-12.42218,-12.42218,0.04150,-12.42218,-12.42218,-12.42218,-12.42218,-12.42218,-12.42218,-12.42218,0.04150,-45.0000,-45.0000,-10.0000,-10.0000,-30.0000,-30.0000,-30.0000,-30.0000,-45.0000,-45.0000,-10.0000,-10.0000,-30.0000,-30.0000,-30.0000,-30.0000,-54.000,-54.000,-28.000,-28.000,-10.000,-10.000,-10.000,-10.000,-54.000,-54.000,-28.000,-28.000,-10.000,-10.000,-10.000,-10.000,0.0,0.0,0.0,0.0,0.0,0.0,0.0,0.0,0.0,0.0,0.0,0.0,0.0,0.0,0.0,0.0
1790303534.150036,0.059,-12.42218,-12.42218,-12.42218,-12.42218,-12.42218,-12.42218,-12.42218,0.04150,-12.42218,-12.42218,-12.42218,-12.42218,-12.42218,-12.42218,-12.42218,0.04150,-45.0000,-45.0000,-10.0000,-10.0000,-30.0000,-30.0000,-30.0000,-30.0000,-45.0000,-45.0000,-10.0000,-10.0000,-30.0000,-30.0000,-30.0000,-30.0000,-54.000,-54.000,-28.000,-28.000,-10.000,-10.000,-10.000,-10.000,-54.000,-54.000,-28.000,-28.000,-10.000,-10.000,-10.000,-10.000,0.0,0.0,0.0,0.0,0.0,0.0,0.0,0.0,0.0,0.0,0.0,0.0,0.0,0.0,0.0,0.0
1790303534.151369,0.060,-12.42218,-12.42218,-12.42218,-12.42218,-12.42218,-12.42218,-12.42218,0.04150,-12.42218,-12.42218,-12.42218,-12.42218,-12.42218,-12.42218,-12.42218,0.04150,-45.0000,-45.0000,-10.0000,-10.0000,-30.0000,-30.0000,-30.0000,-30.0000,-45.0000,-45.0000,-10.0000,-10.0000,-30.0000,-30.0000,-30.0000,-30.0000,-54.000,-54.000,-28.000,-28.000,-10.000,-10.000,-10.000,-10.000,-54.000,-54.000,-28.000,-28.000,-10.000,-10.000,-10.000,-10.000,0.0,0.0,0.0,0.0,0.0,0.0,0.0,0.0,0.0,0.0,0.0,0.0,0.0,0.0,0.0,0.0
1790303534.153210,0.062,-12.42218,-12.42218,-12.42218,-12.42218,-12.42218,-12.42218,-12.42218,0.04150,-12.42218,-12.42218,-12.42218,-12.42218,-12.42218,-12.42218,-12.42218,0.04150,-45.0000,-45.0000,-10.0000,-10.0000,-30.0000,-30.0000,-30.0000,-30.0000,-45.0000,-45.0000,-10.0000,-10.0000,-30.0000,-30.0000,-30.0000,-30.0000,-54.000,-54.000,-28.000,-28.000,-10.000,-10.000,-10.000,-10.000,-54.000,-54.000,-28.000,-28.000,-10.000,-10.000,-10.000,-10.000,0.0,0.0,0.0,0.0,0.0,0.0,0.0,0.0,0.0,0.0,0.0,0.0,0.0,0.0,0.0,0.0
1790303534.156725,0.066,-12.42218,-12.42218,-12.42218,-12.42218,-12.42218,-12.42218,-12.42218,0.04150,-12.42218,-12.42218,-12.42218,-12.42218,-12.42218,-12.42218,-12.42218,0.04150,-45.0000,-45.0000,-10.0000,-10.0000,-30.0000,-30.0000,-30.0000,-30.0000,-45.0000,-45.0000,-10.0000,-10.0000,-30.0000,-30.0000,-30.0000,-30.0000,-54.000,-54.000,-28.000,-28.000,-10.000,-10.000,-10.000,-10.000,-54.000,-54.000,-28.000,-28.000,-10.000,-10.000,-10.000,-10.000,0.0,0.0,0.0,0.0,0.0,0.0,0.0,0.0,0.0,0.0,0.0,0.0,0.0,0.0,0.0,0.0
1790303534.157541,0.066,-12.42218,-12.42218,-12.42218,-12.42218,-12.42218,-12.42218,-12.42218,0.04150,-12.42218,-12.42218,-12.42218,-12.42218,-12.42218,-12.42218,-12.42218,0.04150,-45.0000,-45.0000,-10.0000,-10.0000,-30.0000,-30.0000,-30.0000,-30.0000,-45.0000,-45.0000,-10.0000,-10.0000,-30.0000,-30.0000,-30.0000,-30.0000,-54.000,-54.000,-28.000,-28.000,-10.000,-10.000,-10.000,-10.000,-54.000,-54.000,-28.000,-28.000,-10.000,-10.000,-10.000,-10.000,0.0,0.0,0.0,0.0,0.0,0.0,0.0,0.0,0.0,0.0,0.0,0.0,0.0,0.0,0.0,0.0
1790303534.157802,0.067,-12.42218,-12.42218,-12.42218,-12.42218,-12.42218,-12.42218,-12.42218,0.04150,-12.42218,-12.42218,-12.42218,-12.42218,-12.42218,-12.42218,-12.42218,0.04150,-45.0000,-45.0000,-10.0000,-10.0000,-30.0000,-30.0000,-30.0000,-30.0000,-45.0000,-45.0000,-10.0000,-10.0000,-30.0000,-30.0000,-30.0000,-30.0000,-54.000,-54.000,-28.000,-28.000,-10.000,-10.000,-10.000,-10.000,-54.000,-54.000,-28.000,-28.000,-10.000,-10.000,-10.000,-10.000,0.0,0.0,0.0,0.0,0.0,0.0,0.0,0.0,0.0,0.0,0.0,0.0,0.0,0.0,0.0,0.0
1790303534.158007,0.067,-12.42218,-12.42218,-12.42218,-12.42218,-12.42218,-12.42218,-12.42218,0.04150,-12.42218,-12.42218,-12.42218,-12.42218,-12.42218,-12.42218,-12.42218,0.04150,-45.0000,-45.0000,-10.0000,-10.0000,-30.0000,-30.0000,-30.0000,-30.0000,-45.0000,-45.0000,-10.0000,-10.0000,-30.0000,-30.0000,-30.0000,-30.0000,-54.000,-54.000,-28.000,-28.000,-10.000,-10.000,-10.000,-10.000,-54.000,-54.000,-28.000,-28.000,-10.000,-10.000,-10.000,-10.000,0.0,0.0,0.0,0.0,0.0,0.0,0.0,0.0,0.0,0.0,0.0,0.0,0.0,0.0,0.0,0.0
1790303534.158222,0.067,-12.42218,-12.42218,-12.42218,-12.42218,-12.42218,-12.42218,-12.42218,0.04150,-12.42218,-12.42218,-12.42218,-12.42218,-12.42218,-12.42218,-12.42218,0.04150,-45.0000,-45.0000,-10.0000,-10.0000,-30.0000,-30.0000,-30.0000,-30.0000,-45.0000,-45.0000,-10.0000,-10.0000,-30.0000,-30.0000,-30.0000,-30.0000,-54.000,-54.000,-28.000,-28.000,-10.000,-10.000,-10.000,-10.000,-54.000,-54.000,-28.000,-28.000,-10.000,-10.000,-10.000,-10.000,0.0,0.0,0.0,0.0,0.0,0.0,0.0,0.0,0.0,0.0,0.0,0.0,0.0,0.0,0.0,0.0
1790303534.158711,0.068,-12.42218,-12.42218,-12.42218,-12.42218,-12.42218,-12.42218,-12.42218,0.04150,-12.42218,-12.42218,-12.42218,-12.42218,-12.42218,-12.42218,-12.42218,0.04150,-45.0000,-45.0000,-10.0000,-10.0000,-30.0000,-30.0000,-30.0000,-30.0000,-45.0000,-45.0000,-10.0000,-10.0000,-30.0000,-30.0000,-30.0000,-30.0000,-54.000,-54.000,-28.000,-28.000,-10.000,-10.000,-10.000,-10.000,-54.000,-54.000,-28.000,-28.000,-10.000,-10.000,-10.000,-10.000,0.0,0.0,0.0,0.0,0.0,0.0,0.0,0.0,0.0,0.0,0.0,0.0,0.0,0.0,0.0,0.0
1790303534.159805,0.069,-12.42218,-12.42218,-12.42218,-12.42218,-12.42218,-12.42218,-12.42218,0.04150,-12.42218,-12.42218,-12.42218,-12.42218,-12.42218,-12.42218,-12.42218,0.04150,-45.0000,-45.0000,-10.0000,-10.0000,-30.0000,-30.0000,-30.0000,-30.0000,-45.0000,-45.0000,-10.0000,-10.0000,-30.0000,-30.0000,-30.0000,-30.0000,-54.000,-54.000,-28.000,-28.000,-10.000,-10.000,-10.000,-10.000,-54.000,-54.000,-28.000,-28.000,-10.000,-10.000,-10.000,-10.000,0.0,0.0,0.0,0.0,0.0,0.0,0.0,0.0,0.0,0.0,0.0,0.0,0.0,0.0,0.0,0.0
1790303534.161432,0.070,-12.42218,-12.42218,-12.42218,-12.42218,-12.42218,-12.42218,-12.42218,0.04150,-12.42218,-12.42218,-12.42218,-12.42218,-12.42218,-12.42218,-12.42218,0.04150,-45.0000,-45.0000,-10.0000,-10.0000,-30.0000,-30.0000,-30.0000,-30.0000,-45.0000,-45.0000,-10.0000,-10.0000,-30.0000,-30.0000,-30.0000,-30.0000,-54.000,-54.000,-28.000,-28.000,-10.000,-10.000,-10.000,-10.000,-54.000,-54.000,-28.000,-28.000,-10.000,-10.000,-10.000,-10.000,0.0,0.0,0.0,0.0,0.0,0.0,0.0,0.0,0.0,0.0,0.0,0.0,0.0,0.0,0.0,0.0
1790303534.170368,0.079,-12.42218,-12.42218,-12.42218,-12.42218,-12.42218,-12.42218,-12.42218,0.04150,-12.42218,-12.42218,-12.42218,-12.42218,-12.42218,-12.42218,-12.42218,0.04150,-45.0000,-45.0000,-10.0000,-10.0000,-30.0000,-30.0000,-30.0000,-30.0000,-45.0000,-45.0000,-10.0000,-10.0000,-30.0000,-30.0000,-30.0000,-30.0000,-54.000,-54.000,-28.000,-28.000,-10.000,-10.000,-10.000,-10.000,-54.000,-54.000,-28.000,-28.000,-10.000,-10.000,-10.000,-10.000,0.0,0.0,0.0,0.0,0.0,0.0,0.0,0.0,0.0,0.0,0.0,0.0,0.0,0.0,0.0,0.0
1790303534.180619,0.089,-12.42218,-12.42218,-12.42218,-12.42218,-12.42218,-12.42218,-12.42218,0.04150,-12.42218,-12.42218,-12.42218,-12.42218,-12.42218,-12.42218,-12.42218,0.04150,-45.0000,-45.0000,-10.0000,-10.0000,-30.0000,-30.0000,-30.0000,-30.0000,-45.0000,-45.0000,-10.0000,-10.0000,-30.0000,-30.0000,-30.0000,-30.0000,-54.000,-54.000,-28.000,-28.000,-10.000,-10.000,-10.000,-10.000,-54.000,-54.000,-28.000,-28.000,-10.000,-10.000,-10.000,-10.000,0.0,0.0,0.0,0.0,0.0,0.0,0.0,0.0,0.0,0.0,0.0,0.0,0.0,0.0,0.0,0.0
1790303534.190814,0.100,-12.42218,-12.42218,-12.42218,-12.42218,-12.42218,-12.42218,-12.42218,0.04150,-12.42218,-12.42218,-12.42218,-12.42218,-12.42218,-12.42218,-12.42218,0.04150,-45.0000,-45.0000,-10.0000,-10.0000,-30.0000,-30.0000,-30.0000,-30.0000,-45.0000,-45.0000,-10.0000,-10.0000,-30.0000,-30.0000,-30.0000,-30.0000,-54.000,-54.000,-28.000,-28.000,-10.000,-10.000,-10.000,-10.000,-54.000,-54.000,-28.000,-28.000,-10.000,-10.000,-10.000,-10.000,0.0,0.0,0.0,0.0,0.0,0.0,0.0,0.0,0.0,0.0,0.0,0.0,0.0,0.0,0.0,0.0
1790303534.200627,0.110,-12.42218,-12.42218,-12.42218,-12.42218,-12.42218,-12.42218,-12.42218,0.04150,-12.42218,-12.42218,-12.42218,-12.42218,-12.42218,-12.42218,-12.42218,0.04150,-45.0000,-45.0000,-10.0000,-10.0000,-30.0000,-30.0000,-30.0000,-30.0000,-45.0000,-45.0000,-10.0000,-10.0000,-30.0000,-30.0000,-30.0000,-30.0000,-54.000,-54.000,-28.000,-28.000,-10.000,-10.000,-10.000,-10.000,-54.000,-54.000,-28.000,-28.000,-10.000,-10.000,-10.000,-10.000,0.0,0.0,0.0,0.0,0.0,0.0,0.0,0.0,0.0,0.0,0.0,0.0,0.0,0.0,0.0,0.0
1790303534.210408,0.119,-12.42218,-12.42218,-12.42218,-12.42218,-12.42218,-12.42218,-12.42218,0.04150,-12.42218,-12.42218,-12.42218,-12.42218,-12.42218,-12.42218,-12.42218,0.04150,-45.0000,-45.0000,-10.0000,-10.0000,-30.0000,-30.0000,-30.0000,-30.0000,-45.0000,-45.0000,-10.0000,-10.0000,-30.0000,-30.0000,-30.0000,-30.0000,-54.000,-54.000,-28.000,-28.000,-10.000,-10.000,-10.000,-10.000,-54.000,-54.000,-28.000,-28.000,-10.000,-10.000,-10.000,-10.000,0.0,0.0,0.0,0.0,0.0,0.0,0.0,0.0,0.0,0.0,0.0,0.0,0.0,0.0,0.0,0.0
1790303534.220612,0.129,-12.42218,-12.42218,-12.42218,-12.42218,-12.42218,-12.42218,-12.42218,0.04150,-12.42218,-12.42218,-12.42218,-12.42218,-12.42218,-12.42218,-12.42218,0.04150,-45.0000,-45.0000,-10.0000,-10.0000,-30.0000,-30.0000,-30.0000,-30.0000,-45.0000,-45.0000,-10.0000,-10.0000,-30.0000,-30.0000,-30.0000,-30.0000,-54.000,-54.000,-28.000,-28.000,-10.000,-10.000,-10.000,-10.000,-54.000,-54.000,-28.000,-28.000,-10.000,-10.000,-10.000,-10.000,0.0,0.0,0.0,0.0,0.0,0.0,0.0,0.0,0.0,0.0,0.0,0.0,0.0,0.0,0.0,0.0
1790303534.230130,0.139,-12.42218,-12.42218,-12.42218,-12.42218,-12.42218,-12.42218,-12.42218,0.04150,-12.42218,-12.42218,-12.42218,-12.42218,-12.42218,-12.42218,-12.42218,0.04150,-45.0000,-45.0000,-10.0000,-10.0000,-30.0000,-30.0000,-30.0000,-30.0000,-45.0000,-45.0000,-10.0000,-10.0000,-30.0000,-30.0000,-30.0000,-30.0000,-54.000,-54.000,-28.000,-28.000,-10.000,-10.000,-10.000,-10.000,-54.000,-54.000,-28.000,-28.000,-10.000,-10.000,-10.000,-10.000,0.0,0.0,0.0,0.0,0.0,0.0,0.0,0.0,0.0,0.0,0.0,0.0,0.0,0.0,0.0,0.0
1790303534.241237,0.150,-12.42218,-12.42218,-12.42218,-12.42218,-12.42218,-12.42218,-12.42218,0.04150,-12.42218,-12.42218,-12.42218,-12.42218,-12.42218,-12.42218,-12.42218,0.04150,-45.0000,-45.0000,-10.0000,-10.0000,-30.0000,-30.0000,-30.0000,-30.0000,-45.0000,-45.0000,-10.0000,-10.0000,-30.0000,-30.0000,-30.0000,-30.0000,-54.000,-54.000,-28.000,-28.000,-10.000,-10.000,-10.000,-10.000,-54.000,-54.000,-28.000,-28.000,-10.000,-10.000,-10.000,-10.000,0.0,0.0,0.0,0.0,0.0,0.0,0.0,0.0,0.0,0.0,0.0,0.0,0.0,0.0,0.0,0.0
1790303534.250867,0.160,-12.42218,-12.42218,-12.42218,-12.42218,-12.42218,-12.42218,-12.42218,0.04150,-12.42218,-12.42218,-12.42218,-12.42218,-12.42218,-12.42218,-12.42218,0.04150,-45.0000,-45.0000,-10.0000,-10.0000,-30.0000,-30.0000,-30.0000,-30.0000,-45.0000,-45.0000,-10.0000,-10.0000,-30.0000,-30.0000,-30.0000,-30.0000,-54.000,-54.000,-28.000,-28.000,-10.000,-10.000,-10.000,-10.000,-54.000,-54.000,-28.000,-28.000,-10.000,-10.000,-10.000,-10.000,0.0,0.0,0.0,0.0,0.0,0.0,0.0,0.0,0.0,0.0,0.0,0.0,0.0,0.0,0.0,0.0
1790303534.260667,0.170,-12.42218,-12.42218,-12.42218,-12.42218,-12.42218,-12.42218,-12.42218,0.04150,-12.42218,-12.42218,-12.42218,-12.42218,-12.42218,-12.42218,-12.42218,0.04150,-45.0000,-45.0000,-10.0000,-10.0000,-30.0000,-30.0000,-30.0000,-30.0000,-45.0000,-45.0000,-10.0000,-10.0000,-30.0000,-30.0000,-30.0000,-30.0000,-54.000,-54.000,-28.000,-28.000,-10.000,-10.000,-10.000,-10.000,-54.000,-54.000,-28.000,-28.000,-10.000,-10.000,-10.000,-10.000,0.0,0.0,0.0,0.0,0.0,0.0,0.0,0.0,0.0,0.0,0.0,0.0,0.0,0.0,0.0,0.0
1790303534.271321,0.180,-12.42218,-12.42218,-12.42218,-12.42218,-12.42218,-12.42218,-12.42218,0.04150,-12.42218,-12.42218,-12.42218,-12.42218,-12.42218,-12.42218,-12.42218,0.04150,-45.0000,-45.0000,-10.0000,-10.0000,-30.0000,-30.0000,-30.0000,-30.0000,-45.0000,-45.0000,-10.0000,-10.0000,-30.0000,-30.0000,-30.0000,-30.0000,-54.000,-54.000,-28.000,-28.000,-10.000,-10.000,-10.000,-10.000,-54.000,-54.000,-28.000,-28.000,-10.000,-10.000,-10.000,-10.000,0.0,0.0,0.0,0.0,0.0,0.0,0.0,0.0,0.0,0.0,0.0,0.0,0.0,0.0,0.0,0.0
1790303534.280634,0.190,-12.42218,-12.42218,-12.42218,-12.42218,-12.42218,-12.42218,-12.42218,0.04150,-12.42218,-12.42218,-12.42218,-12.42218,-12.42218,-12.42218,-12.42218,0.04150,-45.0000,-45.0000,-10.0000,-10.0000,-30.0000,-30.0000,-30.0000,-30.0000,-45.0000,-45.0000,-10.0000,-10.0000,-30.0000,-30.0000,-30.0000,-30.0000,-54.000,-54.000,-28.000,-28.000,-10.000,-10.000,-10.000,-10.000,-54.000,-54.000,-28.000,-28.000,-10.000,-10.000,-10.000,-10.000,0.0,0.0,0.0,0.0,0.0,0.0,0.0,0.0,0.0,0.0,0.0,0.0,0.0,0.0,0.0,0.0
1790303534.290366,0.199,-12.42218,-12.42218,-12.42218,-12.42218,-12.42218,-12.42218,-12.42218,0.04150,-12.42218,-12.42218,-12.42218,-12.42218,-12.42218,-12.42218,-12.42218,0.04150,-45.0000,-45.0000,-10.0000,-10.0000,-30.0000,-30.0000,-30.0000,-30.0000,-45.0000,-45.0000,-10.0000,-10.0000,-30.0000,-30.0000,-30.0000,-30.0000,-54.000,-54.000,-28.000,-28.000,-10.000,-10.000,-10.000,-10.000,-54.000,-54.000,-28.000,-28.000,-10.000,-10.000,-10.000,-10.000,0.0,0.0,0.0,0.0,0.0,0.0,0.0,0.0,0.0,0.0,0.0,0.0,0.0,0.0,0.0,0.0
1790303534.300863,0.210,-12.42218,-12.42218,-12.42218,-12.42218,-12.42218,-12.42218,-12.42218,0.04150,-12.42218,-12.42218,-12.42218,-12.42218,-12.42218,-12.42218,-12.42218,0.04150,-45.0000,-45.0000,-10.0000,-10.0000,-30.0000,-30.0000,-30.0000,-30.0000,-45.0000,-45.0000,-10.0000,-10.0000,-30.0000,-30.0000,-30.0000,-30.0000,-54.000,-54.000,-28.000,-28.000,-10.000,-10.000,-10.000,-10.000,-54.000,-54.000,-28.000,-28.000,-10.000,-10.000,-10.000,-10.000,0.0,0.0,0.0,0.0,0.0,0.0,0.0,0.0,0.0,0.0,0.0,0.0,0.0,0.0,0.0,0.0
1790303534.310770,0.220,-12.42218,-12.42218,-12.42218,-12.42218,-12.42218,-12.42218,-12.42218,0.04150,-12.42218,-12.42218,-12.42218,-12.42218,-12.42218,-12.42218,-12.42218,0.04150,-45.0000,-45.0000,-10.0000,-10.0000,-30.0000,-30.0000,-30.0000,-30.0000,-45.0000,-45.0000,-10.0000,-10.0000,-30.0000,-30.0000,-30.0000,-30.0000,-54.000,-54.000,-28.000,-28.000,-10.000,-10.000,-10.000,-10.000,-54.000,-54.000,-28.000,-28.000,-10.000,-10.000,-10.000,-10.000,0.0,0.0,0.0,0.0,0.0,0.0,0.0,0.0,0.0,0.0,0.0,0.0,0.0,0.0,0.0,0.0
1790303534.320726,0.230,-12.42218,-12.42218,-12.42218,-12.42218,-12.42218,-12.42218,-12.42218,0.04150,-12.42218,-12.42218,-12.42218,-12.42218,-12.42218,-12.42218,-12.42218,0.04150,-45.0000,-45.0000,-10.0000,-10.0000,-30.0000,-30.0000,-30.0000,-30.0000,-45.0000,-45.0000,-10.0000,-10.0000,-30.0000,-30.0000,-30.0000,-30.0000,-54.000,-54.000,-28.000,-28.000,-10.000,-10.000,-10.000,-10.000,-54.000,-54.000,-28.000,-28.000,-10.000,-10.000,-10.000,-10.000,0.0,0.0,0.0,0.0,0.0,0.0,0.0,0.0,0.0,0.0,0.0,0.0,0.0,0.0,0.0,0.0
1790303534.330432,0.239,-12.42218,-12.42218,-12.42218,-12.42218,-12.42218,-12.42218,-12.42218,0.04150,-12.42218,-12.42218,-12.42218,-12.42218,-12.42218,-12.42218,-12.42218,0.04150,-45.0000,-45.0000,-10.0000,-10.0000,-30.0000,-30.0000,-30.0000,-30.0000,-45.0000,-45.0000,-10.0000,-10.0000,-30.0000,-30.0000,-30.0000,-30.0000,-54.000,-54.000,-28.000,-28.000,-10.000,-10.000,-10.000,-10.000,-54.000,-54.000,-28.000,-28.000,-10.000,-10.000,-10.000,-10.000,0.0,0.0,0.0,0.0,0.0,0.0,0.0,0.0,0.0,0.0,0.0,0.0,0.0,0.0,0.0,0.0
1790303534.340280,0.249,-12.42218,-12.42218,-12.42218,-12.42218,-12.42218,-12.42218,-12.42218,0.04150,-12.42218,-12.42218,-12.42218,-12.42218,-12.42218,-12.42218,-12.42218,0.04150,-45.0000,-45.0000,-10.0000,-10.0000,-30.0000,-30.0000,-30.0000,-30.0000,-45.0000,-45.0000,-10.0000,-10.0000,-30.0000,-30.0000,-30.0000,-30.0000,-54.000,-54.000,-28.000,-28.000,-10.000,-10.000,-10.000,-10.000,-54.000,-54.000,-28.000,-28.000,-10.000,-10.000,-10.000,-10.000,0.0,0.0,0.0,0.0,0.0,0.0,0.0,0.0,0.0,0.0,0.0,0.0,0.0,0.0,0.0,0.0
1790303534.350411,0.259,-12.42218,-12.42218,-12.42218,-12.42218,-12.42218,-12.42218,-12.42218,0.04150,-12.42218,-12.42218,-12.42218,-12.42218,-12.42218,-12.42218,-12.42218,0.04150,-45.0000,-45.0000,-10.0000,-10.0000,-30.0000,-30.0000,-30.0000,-30.0000,-45.0000,-45.0000,-10.0000,-10.0000,-30.0000,-30.0000,-30.0000,-30.0000,-54.000,-54.000,-28.000,-28.000,-10.000,-10.000,-10.000,-10.000,-54.000,-54.000,-28.000,-28.000,-10.000,-10.000,-10.000,-10.000,0.0,0.0,0.0,0.0,0.0,0.0,0.0,0.0,0.0,0.0,0.0,0.0,0.0,0.0,0.0,0.0
1790303534.361458,0.270,-12.42218,-12.42218,-12.42218,-12.42218,-12.42218,-12.42218,-12.42218,0.04150,-12.42218,-12.42218,-12.42218,-12.42218,-12.42218,-12.42218,-12.42218,0.04150,-45.0000,-45.0000,-10.0000,-10.0000,-30.0000,-30.0000,-30.0000,-30.0000,-45.0000,-45.0000,-10.0000,-10.0000,-30.0000,-30.0000,-30.0000,-30.0000,-54.000,-54.000,-28.000,-28.000,-10.000,-10.000,-10.000,-10.000,-54.000,-54.000,-28.000,-28.000,-10.000,-10.000,-10.000,-10.000,0.0,0.0,0.0,0.0,0.0,0.0,0.0,0.0,0.0,0.0,0.0,0.0,0.0,0.0,0.0,0.0
1790303534.370385,0.279,-12.42218,-12.42218,-12.42218,-12.42218,-12.42218,-12.42218,-12.42218,0.04150,-12.42218,-12.42218,-12.42218,-12.42218,-12.42218,-12.42218,-12.42218,0.04150,-45.0000,-45.0000,-10.0000,-10.0000,-30.0000,-30.0000,-30.0000,-30.0000,-45.0000,-45.0000,-10.0000,-10.0000,-30.0000,-30.0000,-30.0000,-30.0000,-54.000,-54.000,-28.000,-28.000,-10.000,-10.000,-10.000,-10.000,-54.000,-54.000,-28.000,-28.000,-10.000,-10.000,-10.000,-10.000,0.0,0.0,0.0,0.0,0.0,0.0,0.0,0.0,0.0,0.0,0.0,0.0,0.0,0.0,0.0,0.0
1790303534.380484,0.289,-12.42218,-12.42218,-12.42218,-12.42218,-12.42218,-12.42218,-12.42218,0.04150,-12.42218,-12.42218,-12.42218,-12.42218,-12.42218,-12.42218,-12.42218,0.04150,-45.0000,-45.0000,-10.0000,-10.0000,-30.0000,-30.0000,-30.0000,-30.0000,-45.0000,-45.0000,-10.0000,-10.0000,-30.0000,-30.0000,-30.0000,-30.0000,-54.000,-54.000,-28.000,-28.000,-10.000,-10.000,-10.000,-10.000,-54.000,-54.000,-28.000,-28.000,-10.000,-10.000,-10.000,-10.000,0.0,0.0,0.0,0.0,0.0,0.0,0.0,0.0,0.0,0.0,0.0,0.0,0.0,0.0,0.0,0.0
1790303534.390405,0.299,-12.42218,-12.42218,-12.42218,-12.42218,-12.42218,-12.42218,-12.42218,0.04150,-12.42218,-12.42218,-12.42218,-12.42218,-12.42218,-12.42218,-12.42218,0.04150,-45.0000,-45.0000,-10.0000,-10.0000,-30.0000,-30.0000,-30.0000,-30.0000,-45.0000,-45.0000,-10.0000,-10.0000,-30.0000,-30.0000,-30.0000,-30.0000,-54.000,-54.000,-28.000,-28.000,-10.000,-10.000,-10.000,-10.000,-54.000,-54.000,-28.000,-28.000,-10.000,-10.000,-10.000,-10.000,0.0,0.0,0.0,0.0,0.0,0.0,0.0,0.0,0.0,0.0,0.0,0.0,0.0,0.0,0.0,0.0
1790303534.402503,0.311,-12.42218,-12.42218,-12.42218,-12.42218,-12.42218,-12.42218,-12.42218,0.04150,-12.42218,-12.42218,-12.42218,-12.42218,-12.42218,-12.42218,-12.42218,0.04150,-45.0000,-45.0000,-10.0000,-10.0000,-30.0000,-30.0000,-30.0000,-30.0000,-45.0000,-45.0000,-10.0000,-10.0000,-30.0000,-30.0000,-30.0000,-30.0000,-54.000,-54.000,-28.000,-28.000,-10.000,-10.000,-10.000,-10.000,-54.000,-54.000,-28.000,-28.000,-10.000,-10.000,-10.000,-10.000,0.0,0.0,0.0,0.0,0.0,0.0,0.0,0.0,0.0,0.0,0.0,0.0,0.0,0.0,0.0,0.0
1790303534.410860,0.320,-12.42218,-12.42218,-12.42218,-12.42218,-12.42218,-12.42218,-12.42218,0.04150,-12.42218,-12.42218,-12.42218,-12.42218,-12.42218,-12.42218,-12.42218,0.04150,-45.0000,-45.0000,-10.0000,-10.0000,-30.0000,-30.0000,-30.0000,-30.0000,-45.0000,-45.0000,-10.0000,-10.0000,-30.0000,-30.0000,-30.0000,-30.0000,-54.000,-54.000,-28.000,-28.000,-10.000,-10.000,-10.000,-10.000,-54.000,-54.000,-28.000,-28.000,-10.000,-10.000,-10.000,-10.000,0.0,0.0,0.0,0.0,0.0,0.0,0.0,0.0,0.0,0.0,0.0,0.0,0.0,0.0,0.0,0.0
1790303534.420426,0.329,-12.42218,-12.42218,-12.42218,-12.42218,-12.42218,-12.42218,-12.42218,0.04150,-12.42218,-12.42218,-12.42218,-12.42218,-12.42218,-12.42218,-12.42218,0.04150,-45.0000,-45.0000,-10.0000,-10.0000,-30.0000,-30.0000,-30.0000,-30.0000,-45.0000,-45.0000,-10.0000,-10.0000,-30.0000,-30.0000,-30.0000,-30.0000,-54.000,-54.000,-28.000,-28.000,-10.000,-10.000,-10.000,-10.000,-54.000,-54.000,-28.000,-28.000,-10.000,-10.000,-10.000,-10.000,0.0,0.0,0.0,0.0,0.0,0.0,0.0,0.0,0.0,0.0,0.0,0.0,0.0,0.0,0.0,0.0
1790303534.430284,0.339,-12.42218,-12.42218,-12.42218,-12.42218,-12.42218,-12.42218,-12.42218,0.04150,-12.42218,-12.42218,-12.42218,-12.42218,-12.42218,-12.42218,-12.42218,0.04150,-45.0000,-45.0000,-10.0000,-10.0000,-30.0000,-30.0000,-30.0000,-30.0000,-45.0000,-45.0000,-10.0000,-10.0000,-30.0000,-30.0000,-30.0000,-30.0000,-54.000,-54.000,-28.000,-28.000,-10.000,-10.000,-10.000,-10.000,-54.000,-54.000,-28.000,-28.000,-10.000,-10.000,-10.000,-10.000,0.0,0.0,0.0,0.0,0.0,0.0,0.0,0.0,0.0,0.0,0.0,0.0,0.0,0.0,0.0,0.0
1790303534.440676,0.350,-12.42218,-12.42218,-12.42218,-12.42218,-12.42218,-12.42218,-12.42218,0.04150,-12.42218,-12.42218,-12.42218,-12.42218,-12.42218,-12.42218,-12.42218,0.04150,-45.0000,-45.0000,-10.0000,-10.0000,-30.0000,-30.0000,-30.0000,-30.0000,-45.0000,-45.0000,-10.0000,-10.0000,-30.0000,-30.0000,-30.0000,-30.0000,-54.000,-54.000,-28.000,-28.000,-10.000,-10.000,-10.000,-10.000,-54.000,-54.000,-28.000,-28.000,-10.000,-10.000,-10.000,-10.000,0.0,0.0,0.0,0.0,0.0,0.0,0.0,0.0,0.0,0.0,0.0,0.0,0.0,0.0,0.0,0.0
1790303534.453115,0.362,-12.42218,-12.42218,-12.42218,-12.42218,-12.42218,-12.42218,-12.42218,0.04150,-12.42218,-12.42218,-12.42218,-12.42218,-12.42218,-12.42218,-12.42218,0.04150,-45.0000,-45.0000,-10.0000,-10.0000,-30.0000,-30.0000,-30.0000,-30.0000,-45.0000,-45.0000,-10.0000,-10.0000,-30.0000,-30.0000,-30.0000,-30.0000,-54.000,-54.000,-28.000,-28.000,-10.000,-10.000,-10.000,-10.000,-54.000,-54.000,-28.000,-28.000,-10.000,-10.000,-10.000,-10.000,0.0,0.0,0.0,0.0,0.0,0.0,0.0,0.0,0.0,0.0,0.0,0.0,0.0,0.0,0.0,0.0
1790303534.460268,0.369,-12.42218,-12.42218,-12.42218,-12.42218,-12.42218,-12.42218,-12.42218,0.04150,-12.42218,-12.42218,-12.42218,-12.42218,-12.42218,-12.42218,-12.42218,0.04150,-45.0000,-45.0000,-10.0000,-10.0000,-30.0000,-30.0000,-30.0000,-30.0000,-45.0000,-45.0000,-10.0000,-10.0000,-30.0000,-30.0000,-30.0000,-30.0000,-54.000,-54.000,-28.000,-28.000,-10.000,-10.000,-10.000,-10.000,-54.000,-54.000,-28.000,-28.000,-10.000,-10.000,-10.000,-10.000,0.0,0.0,0.0,0.0,0.0,0.0,0.0,0.0,0.0,0.0,0.0,0.0,0.0,0.0,0.0,0.0
1790303534.470907,0.380,-12.42218,-12.42218,-12.42218,-12.42218,-12.42218,-12.42218,-12.42218,0.04150,-12.42218,-12.42218,-12.42218,-12.42218,-12.42218,-12.42218,-12.42218,0.04150,-45.0000,-45.0000,-10.0000,-10.0000,-30.0000,-30.0000,-30.0000,-30.0000,-45.0000,-45.0000,-10.0000,-10.0000,-30.0000,-30.0000,-30.0000,-30.0000,-54.000,-54.000,-28.000,-28.000,-10.000,-10.000,-10.000,-10.000,-54.000,-54.000,-28.000,-28.000,-10.000,-10.000,-10.000,-10.000,0.0,0.0,0.0,0.0,0.0,0.0,0.0,0.0,0.0,0.0,0.0,0.0,0.0,0.0,0.0,0.0
1790303534.481812,0.391,-12.42218,-12.42218,-12.42218,-12.42218,-12.42218,-12.42218,-12.42218,0.04150,-12.42218,-12.42218,-12.42218,-12.42218,-12.42218,-12.42218,-12.42218,0.04150,-45.0000,-45.0000,-10.0000,-10.0000,-30.0000,-30.0000,-30.0000,-30.0000,-45.0000,-45.0000,-10.0000,-10.0000,-30.0000,-30.0000,-30.0000,-30.0000,-54.000,-54.000,-28.000,-28.000,-10.000,-10.000,-10.000,-10.000,-54.000,-54.000,-28.000,-28.000,-10.000,-10.000,-10.000,-10.000,0.0,0.0,0.0,0.0,0.0,0.0,0.0,0.0,0.0,0.0,0.0,0.0,0.0,0.0,0.0,0.0
1790303534.490394,0.399,-12.42218,-12.42218,-12.42218,-12.42218,-12.42218,-12.42218,-12.42218,0.04150,-12.42218,-12.42218,-12.42218,-12.42218,-12.42218,-12.42218,-12.42218,0.04150,-45.0000,-45.0000,-10.0000,-10.0000,-30.0000,-30.0000,-30.0000,-30.0000,-45.0000,-45.0000,-10.0000,-10.0000,-30.0000,-30.0000,-30.0000,-30.0000,-54.000,-54.000,-28.000,-28.000,-10.000,-10.000,-10.000,-10.000,-54.000,-54.000,-28.000,-28.000,-10.000,-10.000,-10.000,-10.000,0.0,0.0,0.0,0.0,0.0,0.0,0.0,0.0,0.0,0.0,0.0,0.0,0.0,0.0,0.0,0.0
1790303534.500871,0.410,-12.42218,-12.42218,-12.42218,-12.42218,-12.42218,-12.42218,-12.42218,0.04150,-12.42218,-12.42218,-12.42218,-12.42218,-12.42218,-12.42218,-12.42218,0.04150,-45.0000,-45.0000,-10.0000,-10.0000,-30.0000,-30.0000,-30.0000,-30.0000,-45.0000,-45.0000,-10.0000,-10.0000,-30.0000,-30.0000,-30.0000,-30.0000,-54.000,-54.000,-28.000,-28.000,-10.000,-10.000,-10.000,-10.000,-54.000,-54.000,-28.000,-28.000,-10.000,-10.000,-10.000,-10.000,0.0,0.0,0.0,0.0,0.0,0.0,0.0,0.0,0.0,0.0,0.0,0.0,0.0,0.0,0.0,0.0
1790303534.510522,0.419,-12.42218,-12.42218,-12.42218,-12.42218,-12.42218,-12.42218,-12.42218,0.04150,-12.42218,-12.42218,-12.42218,-12.42218,-12.42218,-12.42218,-12.42218,0.04150,-45.0000,-45.0000,-10.0000,-10.0000,-30.0000,-30.0000,-30.0000,-30.0000,-45.0000,-45.0000,-10.0000,-10.0000,-30.0000,-30.0000,-30.0000,-30.0000,-54.000,-54.000,-28.000,-28.000,-10.000,-10.000,-10.000,-10.000,-54.000,-54.000,-28.000,-28.000,-10.000,-10.000,-10.000,-10.000,0.0,0.0,0.0,0.0,0.0,0.0,0.0,0.0,0.0,0.0,0.0,0.0,0.0,0.0,0.0,0.0
1790303534.520914,0.430,-12.42218,-12.42218,-12.42218,-12.42218,-12.42218,-12.42218,-12.42218,0.04150,-12.42218,-12.42218,-12.42218,-12.42218,-12.42218,-12.42218,-12.42218,0.04150,-45.0000,-45.0000,-10.0000,-10.0000,-30.0000,-30.0000,-30.0000,-30.0000,-45.0000,-45.0000,-10.0000,-10.0000,-30.0000,-30.0000,-30.0000,-30.0000,-54.000,-54.000,-28.000,-28.000,-10.000,-10.000,-10.000,-10.000,-54.000,-54.000,-28.000,-28.000,-10.000,-10.000,-10.000,-10.000,0.0,0.0,0.0,0.0,0.0,0.0,0.0,0.0,0.0,0.0,0.0,0.0,0.0,0.0,0.0,0.0
1790303534.530217,0.439,-12.42218,-12.42218,-12.42218,-12.42218,-12.42218,-12.42218,-12.42218,0.04150,-12.42218,-12.42218,-12.42218,-12.42218,-12.42218,-12.42218,-12.42218,0.04150,-45.0000,-45.0000,-10.0000,-10.0000,-30.0000,-30.0000,-30.0000,-30.0000,-45.0000,-45.0000,-10.0000,-10.0000,-30.0000,-30.0000,-30.0000,-30.0000,-54.000,-54.000,-28.000,-28.000,-10.000,-10.000,-10.000,-10.000,-54.000,-54.000,-28.000,-28.000,-10.000,-10.000,-10.000,-10.000,0.0,0.0,0.0,0.0,0.0,0.0,0.0,0.0,0.0,0.0,0.0,0.0,0.0,0.0,0.0,0.0
1790303534.541514,0.450,-12.42218,-12.42218,-12.42218,-12.42218,-12.42218,-12.42218,-12.42218,0.04150,-12.42218,-12.42218,-12.42218,-12.42218,-12.42218,-12.42218,-12.42218,0.04150,-45.0000,-45.0000,-10.0000,-10.0000,-30.0000,-30.0000,-30.0000,-30.0000,-45.0000,-45.0000,-10.0000,-10.0000,-30.0000,-30.0000,-30.0000,-30.0000,-54.000,-54.000,-28.000,-28.000,-10.000,-10.000,-10.000,-10.000,-54.000,-54.000,-28.000,-28.000,-10.000,-10.000,-10.000,-10.000,0.0,0.0,0.0,0.0,0.0,0.0,0.0,0.0,0.0,0.0,0.0,0.0,0.0,0.0,0.0,0.0
1790303534.550315,0.459,-12.42218,-12.42218,-12.42218,-12.42218,-12.42218,-12.42218,-12.42218,0.04150,-12.42218,-12.42218,-12.42218,-12.42218,-12.42218,-12.42218,-12.42218,0.04150,-45.0000,-45.0000,-10.0000,-10.0000,-30.0000,-30.0000,-30.0000,-30.0000,-45.0000,-45.0000,-10.0000,-10.0000,-30.0000,-30.0000,-30.0000,-30.0000,-54.000,-54.000,-28.000,-28.000,-10.000,-10.000,-10.000,-10.000,-54.000,-54.000,-28.000,-28.000,-10.000,-10.000,-10.000,-10.000,0.0,0.0,0.0,0.0,0.0,0.0,0.0,0.0,0.0,0.0,0.0,0.0,0.0,0.0,0.0,0.0
1790303534.560284,0.469,-12.42218,-12.42218,-12.42218,-12.42218,-12.42218,-12.42218,-12.42218,0.04150,-12.42218,-12.42218,-12.42218,-12.42218,-12.42218,-12.42218,-12.42218,0.04150,-45.0000,-45.0000,-10.0000,-10.0000,-30.0000,-30.0000,-30.0000,-30.0000,-45.0000,-45.0000,-10.0000,-10.0000,-30.0000,-30.0000,-30.0000,-30.0000,-54.000,-54.000,-28.000,-28.000,-10.000,-10.000,-10.000,-10.000,-54.000,-54.000,-28.000,-28.000,-10.000,-10.000,-10.000,-10.000,0.0,0.0,0.0,0.0,0.0,0.0,0.0,0.0,0.0,0.0,0.0,0.0,0.0,0.0,0.0,0.0
1790303534.570247,0.479,-12.42218,-12.42218,-12.42218,-12.42218,-12.42218,-12.42218,-12.42218,0.04150,-12.42218,-12.42218,-12.42218,-12.42218,-12.42218,-12.42218,-12.42218,0.04150,-45.0000,-45.0000,-10.0000,-10.0000,-30.0000,-30.0000,-30.0000,-30.0000,-45.0000,-45.0000,-10.0000,-10.0000,-30.0000,-30.0000,-30.0000,-30.0000,-54.000,-54.000,-28.000,-28.000,-10.000,-10.000,-10.000,-10.000,-54.000,-54.000,-28.000,-28.000,-10.000,-10.000,-10.000,-10.000,0.0,0.0,0.0,0.0,0.0,0.0,0.0,0.0,0.0,0.0,0.0,0.0,0.0,0.0,0.0,0.0
1790303534.580324,0.489,-12.42218,-12.42218,-12.42218,-12.42218,-12.42218,-12.42218,-12.42218,0.04150,-12.42218,-12.42218,-12.42218,-12.42218,-12.42218,-12.42218,-12.42218,0.04150,-45.0000,-45.0000,-10.0000,-10.0000,-30.0000,-30.0000,-30.0000,-30.0000,-45.0000,-45.0000,-10.0000,-10.0000,-30.0000,-30.0000,-30.0000,-30.0000,-54.000,-54.000,-28.000,-28.000,-10.000,-10.000,-10.000,-10.000,-54.000,-54.000,-28.000,-28.000,-10.000,-10.000,-10.000,-10.000,0.0,0.0,0.0,0.0,0.0,0.0,0.0,0.0,0.0,0.0,0.0,0.0,0.0,0.0,0.0,0.0
1790303534.590498,0.499,-12.42218,-12.42218,-12.42218,-12.42218,-12.42218,-12.42218,-12.42218,0.04150,-12.42218,-12.42218,-12.42218,-12.42218,-12.42218,-12.42218,-12.42218,0.04150,-45.0000,-45.0000,-10.0000,-10.0000,-30.0000,-30.0000,-30.0000,-30.0000,-45.0000,-45.0000,-10.0000,-10.0000,-30.0000,-30.0000,-30.0000,-30.0000,-54.000,-54.000,-28.000,-28.000,-10.000,-10.000,-10.000,-10.000,-54.000,-54.000,-28.000,-28.000,-10.000,-10.000,-10.000,-10.000,0.0,0.0,0.0,0.0,0.0,0.0,0.0,0.0,0.0,0.0,0.0,0.0,0.0,0.0,0.0,0.0
1790303534.600643,0.510,-12.42218,-12.42218,-12.42218,-12.42218,-12.42218,-12.42218,-12.42218,0.04150,-12.42218,-12.42218,-12.42218,-12.42218,-12.42218,-12.42218,-12.42218,0.04150,-45.0000,-45.0000,-10.0000,-10.0000,-30.0000,-30.0000,-30.0000,-30.0000,-45.0000,-45.0000,-10.0000,-10.0000,-30.0000,-30.0000,-30.0000,-30.0000,-54.000,-54.000,-28.000,-28.000,-10.000,-10.000,-10.000,-10.000,-54.000,-54.000,-28.000,-28.000,-10.000,-10.000,-10.000,-10.000,0.0,0.0,0.0,0.0,0.0,0.0,0.0,0.0,0.0,0.0,0.0,0.0,0.0,0.0,0.0,0.0
1790303534.610388,0.519,-12.42218,-12.42218,-12.42218,-12.42218,-12.42218,-12.42218,-12.42218,0.04150,-12.42218,-12.42218,-12.42218,-12.42218,-12.42218,-12.42218,-12.42218,0.04150,-45.0000,-45.0000,-10.0000,-10.0000,-30.0000,-30.0000,-30.0000,-30.0000,-45.0000,-45.0000,-10.0000,-10.0000,-30.0000,-30.0000,-30.0000,-30.0000,-54.000,-54.000,-28.000,-28.000,-10.000,-10.000,-10.000,-10.000,-54.000,-54.000,-28.000,-28.000,-10.000,-10.000,-10.000,-10.000,0.0,0.0,0.0,0.0,0.0,0.0,0.0,0.0,0.0,0.0,0.0,0.0,0.0,0.0,0.0,0.0
1790303534.622077,0.531,-12.42218,-12.42218,-12.42218,-12.42218,-12.42218,-12.42218,-12.42218,0.04150,-12.42218,-12.42218,-12.42218,-12.42218,-12.42218,-12.42218,-12.42218,0.04150,-45.0000,-45.0000,-10.0000,-10.0000,-30.0000,-30.0000,-30.0000,-30.0000,-45.0000,-45.0000,-10.0000,-10.0000,-30.0000,-30.0000,-30.0000,-30.0000,-54.000,-54.000,-28.000,-28.000,-10.000,-10.000,-10.000,-10.000,-54.000,-54.000,-28.000,-28.000,-10.000,-10.000,-10.000,-10.000,0.0,0.0,0.0,0.0,0.0,0.0,0.0,0.0,0.0,0.0,0.0,0.0,0.0,0.0,0.0,0.0
1790303534.630467,0.539,-12.42218,-12.42218,-12.42218,-12.42218,-12.42218,-12.42218,-12.42218,0.04150,-12.42218,-12.42218,-12.42218,-12.42218,-12.42218,-12.42218,-12.42218,0.04150,-45.0000,-45.0000,-10.0000,-10.0000,-30.0000,-30.0000,-30.0000,-30.0000,-45.0000,-45.0000,-10.0000,-10.0000,-30.0000,-30.0000,-30.0000,-30.0000,-54.000,-54.000,-28.000,-28.000,-10.000,-10.000,-10.000,-10.000,-54.000,-54.000,-28.000,-28.000,-10.000,-10.000,-10.000,-10.000,0.0,0.0,0.0,0.0,0.0,0.0,0.0,0.0,0.0,0.0,0.0,0.0,0.0,0.0,0.0,0.0
1790303534.640712,0.550,-12.42218,-12.42218,-12.42218,-12.42218,-12.42218,-12.42218,-12.42218,0.04150,-12.42218,-12.42218,-12.42218,-12.42218,-12.42218,-12.42218,-12.42218,0.04150,-45.0000,-45.0000,-10.0000,-10.0000,-30.0000,-30.0000,-30.0000,-30.0000,-45.0000,-45.0000,-10.0000,-10.0000,-30.0000,-30.0000,-30.0000,-30.0000,-54.000,-54.000,-28.000,-28.000,-10.000,-10.000,-10.000,-10.000,-54.000,-54.000,-28.000,-28.000,-10.000,-10.000,-10.000,-10.000,0.0,0.0,0.0,0.0,0.0,0.0,0.0,0.0,0.0,0.0,0.0,0.0,0.0,0.0,0.0,0.0
1790303534.650713,0.560,-12.42218,-12.42218,-12.42218,-12.42218,-12.42218,-12.42218,-12.42218,0.04150,-12.42218,-12.42218,-12.42218,-12.42218,-12.42218,-12.42218,-12.42218,0.04150,-45.0000,-45.0000,-10.0000,-10.0000,-30.0000,-30.0000,-30.0000,-30.0000,-45.0000,-45.0000,-10.0000,-10.0000,-30.0000,-30.0000,-30.0000,-30.0000,-54.000,-54.000,-28.000,-28.000,-10.000,-10.000,-10.000,-10.000,-54.000,-54.000,-28.000,-28.000,-10.000,-10.000,-10.000,-10.000,0.0,0.0,0.0,0.0,0.0,0.0,0.0,0.0,0.0,0.0,0.0,0.0,0.0,0.0,0.0,0.0
1790303534.660267,0.569,-12.42218,-12.42218,-12.42218,-12.42218,-12.42218,-12.42218,-12.42218,0.04150,-12.42218,-12.42218,-12.42218,-12.42218,-12.42218,-12.42218,-12.42218,0.04150,-45.0000,-45.0000,-10.0000,-10.0000,-30.0000,-30.0000,-30.0000,-30.0000,-45.0000,-45.0000,-10.0000,-10.0000,-30.0000,-30.0000,-30.0000,-30.0000,-54.000,-54.000,-28.000,-28.000,-10.000,-10.000,-10.000,-10.000,-54.000,-54.000,-28.000,-28.000,-10.000,-10.000,-10.000,-10.000,0.0,0.0,0.0,0.0,0.0,0.0,0.0,0.0,0.0,0.0,0.0,0.0,0.0,0.0,0.0,0.0
1790303534.670434,0.579,-12.42218,-12.42218,-12.42218,-12.42218,-12.42218,-12.42218,-12.42218,0.04150,-12.42218,-12.42218,-12.42218,-12.42218,-12.42218,-12.42218,-12.42218,0.04150,-45.0000,-45.0000,-10.0000,-10.0000,-30.0000,-30.0000,-30.0000,-30.0000,-45.0000,-45.0000,-10.0000,-10.0000,-30.0000,-30.0000,-30.0000,-30.0000,-54.000,-54.000,-28.000,-28.000,-10.000,-10.000,-10.000,-10.000,-54.000,-54.000,-28.000,-28.000,-10.000,-10.000,-10.000,-10.000,0.0,0.0,0.0,0.0,0.0,0.0,0.0,0.0,0.0,0.0,0.0,0.0,0.0,0.0,0.0,0.0
1790303534.680196,0.589,-12.42218,-12.42218,-12.42218,-12.42218,-12.42218,-12.42218,-12.42218,0.04150,-12.42218,-12.42218,-12.42218,-12.42218,-12.42218,-12.42218,-12.42218,0.04150,-45.0000,-45.0000,-10.0000,-10.0000,-30.0000,-30.0000,-30.0000,-30.0000,-45.0000,-45.0000,-10.0000,-10.0000,-30.0000,-30.0000,-30.0000,-30.0000,-54.000,-54.000,-28.000,-28.000,-10.000,-10.000,-10.000,-10.000,-54.000,-54.000,-28.000,-28.000,-10.000,-10.000,-10.000,-10.000,0.0,0.0,0.0,0.0,0.0,0.0,0.0,0.0,0.0,0.0,0.0,0.0,0.0,0.0,0.0,0.0
1790303534.690385,0.599,-12.42218,-12.42218,-12.42218,-12.42218,-12.42218,-12.42218,-12.42218,0.04150,-12.42218,-12.42218,-12.42218,-12.42218,-12.42218,-12.42218,-12.42218,0.04150,-45.0000,-45.0000,-10.0000,-10.0000,-30.0000,-30.0000,-30.0000,-30.0000,-45.0000,-45.0000,-10.0000,-10.0000,-30.0000,-30.0000,-30.0000,-30.0000,-54.000,-54.000,-28.000,-28.000,-10.000,-10.000,-10.000,-10.000,-54.000,-54.000,-28.000,-28.000,-10.000,-10.000,-10.000,-10.000,0.0,0.0,0.0,0.0,0.0,0.0,0.0,0.0,0.0,0.0,0.0,0.0,0.0,0.0,0.0,0.0
1790303534.700201,0.609,-12.42218,-12.42218,-12.42218,-12.42218,-12.42218,-12.42218,-12.42218,0.04150,-12.42218,-12.42218,-12.42218,-12.42218,-12.42218,-12.42218,-12.42218,0.04150,-45.0000,-45.0000,-10.0000,-10.0000,-30.0000,-30.0000,-30.0000,-30.0000,-45.0000,-45.0000,-10.0000,-10.0000,-30.0000,-30.0000,-30.0000,-30.0000,-54.000,-54.000,-28.000,-28.000,-10.000,-10.000,-10.000,-10.000,-54.000,-54.000,-28.000,-28.000,-10.000,-10.000,-10.000,-10.000,0.0,0.0,0.0,0.0,0.0,0.0,0.0,0.0,0.0,0.0,0.0,0.0,0.0,0.0,0.0,0.0
1790303534.710821,0.620,-12.42218,-12.42218,-12.42218,-12.42218,-12.42218,-12.42218,-12.42218,0.04150,-12.42218,-12.42218,-12.42218,-12.42218,-12.42218,-12.42218,-12.42218,0.04150,-45.0000,-45.0000,-10.0000,-10.0000,-30.0000,-30.0000,-30.0000,-30.0000,-45.0000,-45.0000,-10.0000,-10.0000,-30.0000,-30.0000,-30.0000,-30.0000,-54.000,-54.000,-28.000,-28.000,-10.000,-10.000,-10.000,-10.000,-54.000,-54.000,-28.000,-28.000,-10.000,-10.000,-10.000,-10.000,0.0,0.0,0.0,0.0,0.0,0.0,0.0,0.0,0.0,0.0,0.0,0.0,0.0,0.0,0.0,0.0
1790303534.720537,0.629,-12.42218,-12.42218,-12.42218,-12.42218,-12.42218,-12.42218,-12.42218,0.04150,-12.42218,-12.42218,-12.42218,-12.42218,-12.42218,-12.42218,-12.42218,0.04150,-45.0000,-45.0000,-10.0000,-10.0000,-30.0000,-30.0000,-30.0000,-30.0000,-45.0000,-45.0000,-10.0000,-10.0000,-30.0000,-30.0000,-30.0000,-30.0000,-54.000,-54.000,-28.000,-28.000,-10.000,-10.000,-10.000,-10.000,-54.000,-54.000,-28.000,-28.000,-10.000,-10.000,-10.000,-10.000,0.0,0.0,0.0,0.0,0.0,0.0,0.0,0.0,0.0,0.0,0.0,0.0,0.0,0.0,0.0,0.0
1790303534.730379,0.639,-12.42218,-12.42218,-12.42218,-12.42218,-12.42218,-12.42218,-12.42218,0.04150,-12.42218,-12.42218,-12.42218,-12.42218,-12.42218,-12.42218,-12.42218,0.04150,-45.0000,-45.0000,-10.0000,-10.0000,-30.0000,-30.0000,-30.0000,-30.0000,-45.0000,-45.0000,-10.0000,-10.0000,-30.0000,-30.0000,-30.0000,-30.0000,-54.000,-54.000,-28.000,-28.000,-10.000,-10.000,-10.000,-10.000,-54.000,-54.000,-28.000,-28.000,-10.000,-10.000,-10.000,-10.000,0.0,0.0,0.0,0.0,0.0,0.0,0.0,0.0,0.0,0.0,0.0,0.0,0.0,0.0,0.0,0.0
1790303534.740571,0.649,-12.42218,-12.42218,-12.42218,-12.42218,-12.42218,-12.42218,-12.42218,0.04150,-12.42218,-12.42218,-12.42218,-12.42218,-12.42218,-12.42218,-12.42218,0.04150,-45.0000,-45.0000,-10.0000,-10.0000,-30.0000,-30.0000,-30.0000,-30.0000,-45.0000,-45.0000,-10.0000,-10.0000,-30.0000,-30.0000,-30.0000,-30.0000,-54.000,-54.000,-28.000,-28.000,-10.000,-10.000,-10.000,-10.000,-54.000,-54.000,-28.000,-28.000,-10.000,-10.000,-10.000,-10.000,0.0,0.0,0.0,0.0,0.0,0.0,0.0,0.0,0.0,0.0,0.0,0.0,0.0,0.0,0.0,0.0
1790303534.750902,0.660,-12.42218,-12.42218,-12.42218,-12.42218,-12.42218,-12.42218,-12.42218,0.04150,-12.42218,-12.42218,-12.42218,-12.42218,-12.42218,-12.42218,-12.42218,0.04150,-45.0000,-45.0000,-10.0000,-10.0000,-30.0000,-30.0000,-30.0000,-30.0000,-45.0000,-45.0000,-10.0000,-10.0000,-30.0000,-30.0000,-30.0000,-30.0000,-54.000,-54.000,-28.000,-28.000,-10.000,-10.000,-10.000,-10.000,-54.000,-54.000,-28.000,-28.000,-10.000,-10.000,-10.000,-10.000,0.0,0.0,0.0,0.0,0.0,0.0,0.0,0.0,0.0,0.0,0.0,0.0,0.0,0.0,0.0,0.0
1790303534.760257,0.669,-12.42218,-12.42218,-12.42218,-12.42218,-12.42218,-12.42218,-12.42218,0.04150,-12.42218,-12.42218,-12.42218,-12.42218,-12.42218,-12.42218,-12.42218,0.04150,-45.0000,-45.0000,-10.0000,-10.0000,-30.0000,-30.0000,-30.0000,-30.0000,-45.0000,-45.0000,-10.0000,-10.0000,-30.0000,-30.0000,-30.0000,-30.0000,-54.000,-54.000,-28.000,-28.000,-10.000,-10.000,-10.000,-10.000,-54.000,-54.000,-28.000,-28.000,-10.000,-10.000,-10.000,-10.000,0.0,0.0,0.0,0.0,0.0,0.0,0.0,0.0,0.0,0.0,0.0,0.0,0.0,0.0,0.0,0.0
1790303534.770388,0.679,-12.42218,-12.42218,-12.42218,-12.42218,-12.42218,-12.42218,-12.42218,0.04150,-12.42218,-12.42218,-12.42218,-12.42218,-12.42218,-12.42218,-12.42218,0.04150,-45.0000,-45.0000,-10.0000,-10.0000,-30.0000,-30.0000,-30.0000,-30.0000,-45.0000,-45.0000,-10.0000,-10.0000,-30.0000,-30.0000,-30.0000,-30.0000,-54.000,-54.000,-28.000,-28.000,-10.000,-10.000,-10.000,-10.000,-54.000,-54.000,-28.000,-28.000,-10.000,-10.000,-10.000,-10.000,0.0,0.0,0.0,0.0,0.0,0.0,0.0,0.0,0.0,0.0,0.0,0.0,0.0,0.0,0.0,0.0
1790303534.780702,0.690,-12.42218,-12.42218,-12.42218,-12.42218,-12.42218,-12.42218,-12.42218,0.04150,-12.42218,-12.42218,-12.42218,-12.42218,-12.42218,-12.42218,-12.42218,0.04150,-45.0000,-45.0000,-10.0000,-10.0000,-30.0000,-30.0000,-30.0000,-30.0000,-45.0000,-45.0000,-10.0000,-10.0000,-30.0000,-30.0000,-30.0000,-30.0000,-54.000,-54.000,-28.000,-28.000,-10.000,-10.000,-10.000,-10.000,-54.000,-54.000,-28.000,-28.000,-10.000,-10.000,-10.000,-10.000,0.0,0.0,0.0,0.0,0.0,0.0,0.0,0.0,0.0,0.0,0.0,0.0,0.0,0.0,0.0,0.0
1790303534.790813,0.700,-12.42218,-12.42218,-12.42218,-12.42218,-12.42218,-12.42218,-12.42218,0.04150,-12.42218,-12.42218,-12.42218,-12.42218,-12.42218,-12.42218,-12.42218,0.04150,-45.0000,-45.0000,-10.0000,-10.0000,-30.0000,-30.0000,-30.0000,-30.0000,-45.0000,-45.0000,-10.0000,-10.0000,-30.0000,-30.0000,-30.0000,-30.0000,-54.000,-54.000,-28.000,-28.000,-10.000,-10.000,-10.000,-10.000,-54.000,-54.000,-28.000,-28.000,-10.000,-10.000,-10.000,-10.000,0.0,0.0,0.0,0.0,0.0,0.0,0.0,0.0,0.0,0.0,0.0,0.0,0.0,0.0,0.0,0.0
1790303534.800587,0.709,-12.42218,-12.42218,-12.42218,-12.42218,-12.42218,-12.42218,-12.42218,0.04150,-12.42218,-12.42218,-12.42218,-12.42218,-12.42218,-12.42218,-12.42218,0.04150,-45.0000,-45.0000,-10.0000,-10.0000,-30.0000,-30.0000,-30.0000,-30.0000,-45.0000,-45.0000,-10.0000,-10.0000,-30.0000,-30.0000,-30.0000,-30.0000,-54.000,-54.000,-28.000,-28.000,-10.000,-10.000,-10.000,-10.000,-54.000,-54.000,-28.000,-28.000,-10.000,-10.000,-10.000,-10.000,0.0,0.0,0.0,0.0,0.0,0.0,0.0,0.0,0.0,0.0,0.0,0.0,0.0,0.0,0.0,0.0
1790303534.810801,0.720,-12.42218,-12.42218,-12.42218,-12.42218,-12.42218,-12.42218,-12.42218,0.04150,-12.42218,-12.42218,-12.42218,-12.42218,-12.42218,-12.42218,-12.42218,0.04150,-45.0000,-45.0000,-10.0000,-10.0000,-30.0000,-30.0000,-30.0000,-30.0000,-45.0000,-45.0000,-10.0000,-10.0000,-30.0000,-30.0000,-30.0000,-30.0000,-54.000,-54.000,-28.000,-28.000,-10.000,-10.000,-10.000,-10.000,-54.000,-54.000,-28.000,-28.000,-10.000,-10.000,-10.000,-10.000,0.0,0.0,0.0,0.0,0.0,0.0,0.0,0.0,0.0,0.0,0.0,0.0,0.0,0.0,0.0,0.0
1790303534.820129,0.729,-12.42218,-12.42218,-12.42218,-12.42218,-12.42218,-12.42218,-12.42218,0.04150,-12.42218,-12.42218,-12.42218,-12.42218,-12.42218,-12.42218,-12.42218,0.04150,-45.0000,-45.0000,-10.0000,-10.0000,-30.0000,-30.0000,-30.0000,-30.0000,-45.0000,-45.0000,-10.0000,-10.0000,-30.0000,-30.0000,-30.0000,-30.0000,-54.000,-54.000,-28.000,-28.000,-10.000,-10.000,-10.000,-10.000,-54.000,-54.000,-28.000,-28.000,-10.000,-10.000,-10.000,-10.000,0.0,0.0,0.0,0.0,0.0,0.0,0.0,0.0,0.0,0.0,0.0,0.0,0.0,0.0,0.0,0.0
1790303534.830759,0.740,-12.42218,-12.42218,-12.42218,-12.42218,-12.42218,-12.42218,-12.42218,0.04150,-12.42218,-12.42218,-12.42218,-12.42218,-12.42218,-12.42218,-12.42218,0.04150,-45.0000,-45.0000,-10.0000,-10.0000,-30.0000,-30.0000,-30.0000,-30.0000,-45.0000,-45.0000,-10.0000,-10.0000,-30.0000,-30.0000,-30.0000,-30.0000,-54.000,-54.000,-28.000,-28.000,-10.000,-10.000,-10.000,-10.000,-54.000,-54.000,-28.000,-28.000,-10.000,-10.000,-10.000,-10.000,0.0,0.0,0.0,0.0,0.0,0.0,0.0,0.0,0.0,0.0,0.0,0.0,0.0,0.0,0.0,0.0
1790303534.840569,0.749,-12.42218,-12.42218,-12.42218,-12.42218,-12.42218,-12.42218,-12.42218,0.04150,-12.42218,-12.42218,-12.42218,-12.42218,-12.42218,-12.42218,-12.42218,0.04150,-45.0000,-45.0000,-10.0000,-10.0000,-30.0000,-30.0000,-30.0000,-30.0000,-45.0000,-45.0000,-10.0000,-10.0000,-30.0000,-30.0000,-30.0000,-30.0000,-54.000,-54.000,-28.000,-28.000,-10.000,-10.000,-10.000,-10.000,-54.000,-54.000,-28.000,-28.000,-10.000,-10.000,-10.000,-10.000,0.0,0.0,0.0,0.0,0.0,0.0,0.0,0.0,0.0,0.0,0.0,0.0,0.0,0.0,0.0,0.0
1790303534.850827,0.760,-12.42218,-12.42218,-12.42218,-12.42218,-12.42218,-12.42218,-12.42218,0.04150,-12.42218,-12.42218,-12.42218,-12.42218,-12.42218,-12.42218,-12.42218,0.04150,-45.0000,-45.0000,-10.0000,-10.0000,-30.0000,-30.0000,-30.0000,-30.0000,-45.0000,-45.0000,-10.0000,-10.0000,-30.0000,-30.0000,-30.0000,-30.0000,-54.000,-54.000,-28.000,-28.000,-10.000,-10.000,-10.000,-10.000,-54.000,-54.000,-28.000,-28.000,-10.000,-10.000,-10.000,-10.000,0.0,0.0,0.0,0.0,0.0,0.0,0.0,0.0,0.0,0.0,0.0,0.0,0.0,0.0,0.0,0.0
1790303534.860087,0.769,-12.42218,-12.42218,-12.42218,-12.42218,-12.42218,-12.42218,-12.42218,0.04150,-12.42218,-12.42218,-12.42218,-12.42218,-12.42218,-12.42218,-12.42218,0.04150,-45.0000,-45.0000,-10.0000,-10.0000,-30.0000,-30.0000,-30.0000,-30.0000,-45.0000,-45.0000,-10.0000,-10.0000,-30.0000,-30.0000,-30.0000,-30.0000,-54.000,-54.000,-28.000,-28.000,-10.000,-10.000,-10.000,-10.000,-54.000,-54.000,-28.000,-28.000,-10.000,-10.000,-10.000,-10.000,0.0,0.0,0.0,0.0,0.0,0.0,0.0,0.0,0.0,0.0,0.0,0.0,0.0,0.0,0.0,0.0
1790303534.870399,0.779,-12.42218,-12.42218,-12.42218,-12.42218,-12.42218,-12.42218,-12.42218,0.04150,-12.42218,-12.42218,-12.42218,-12.42218,-12.42218,-12.42218,-12.42218,0.04150,-45.0000,-45.0000,-10.0000,-10.0000,-30.0000,-30.0000,-30.0000,-30.0000,-45.0000,-45.0000,-10.0000,-10.0000,-30.0000,-30.0000,-30.0000,-30.0000,-54.000,-54.000,-28.000,-28.000,-10.000,-10.000,-10.000,-10.000,-54.000,-54.000,-28.000,-28.000,-10.000,-10.000,-10.000,-10.000,0.0,0.0,0.0,0.0,0.0,0.0,0.0,0.0,0.0,0.0,0.0,0.0,0.0,0.0,0.0,0.0
1790303534.880717,0.790,-12.42218,-12.42218,-12.42218,-12.42218,-12.42218,-12.42218,-12.42218,0.04150,-12.42218,-12.42218,-12.42218,-12.42218,-12.42218,-12.42218,-12.42218,0.04150,-45.0000,-45.0000,-10.0000,-10.0000,-30.0000,-30.0000,-30.0000,-30.0000,-45.0000,-45.0000,-10.0000,-10.0000,-30.0000,-30.0000,-30.0000,-30.0000,-54.000,-54.000,-28.000,-28.000,-10.000,-10.000,-10.000,-10.000,-54.000,-54.000,-28.000,-28.000,-10.000,-10.000,-10.000,-10.000,0.0,0.0,0.0,0.0,0.0,0.0,0.0,0.0,0.0,0.0,0.0,0.0,0.0,0.0,0.0,0.0
1790303534.890879,0.800,-12.42218,-12.42218,-12.42218,-12.42218,-12.42218,-12.42218,-12.42218,0.04150,-12.42218,-12.42218,-12.42218,-12.42218,-12.42218,-12.42218,-12.42218,0.04150,-45.0000,-45.0000,-10.0000,-10.0000,-30.0000,-30.0000,-30.0000,-30.0000,-45.0000,-45.0000,-10.0000,-10.0000,-30.0000,-30.0000,-30.0000,-30.0000,-54.000,-54.000,-28.000,-28.000,-10.000,-10.000,-10.000,-10.000,-54.000,-54.000,-28.000,-28.000,-10.000,-10.000,-10.000,-10.000,0.0,0.0,0.0,0.0,0.0,0.0,0.0,0.0,0.0,0.0,0.0,0.0,0.0,0.0,0.0,0.0
1790303534.900714,0.810,-12.42218,-12.42218,-12.42218,-12.42218,-12.42218,-12.42218,-12.42218,0.04150,-12.42218,-12.42218,-12.42218,-12.42218,-12.42218,-12.42218,-12.42218,0.04150,-45.0000,-45.0000,-10.0000,-10.0000,-30.0000,-30.0000,-30.0000,-30.0000,-45.0000,-45.0000,-10.0000,-10.0000,-30.0000,-30.0000,-30.0000,-30.0000,-54.000,-54.000,-28.000,-28.000,-10.000,-10.000,-10.000,-10.000,-54.000,-54.000,-28.000,-28.000,-10.000,-10.000,-10.000,-10.000,0.0,0.0,0.0,0.0,0.0,0.0,0.0,0.0,0.0,0.0,0.0,0.0,0.0,0.0,0.0,0.0
1790303534.910865,0.820,-12.42218,-12.42218,-12.42218,-12.42218,-12.42218,-12.42218,-12.42218,0.04150,-12.42218,-12.42218,-12.42218,-12.42218,-12.42218,-12.42218,-12.42218,0.04150,-45.0000,-45.0000,-10.0000,-10.0000,-30.0000,-30.0000,-30.0000,-30.0000,-45.0000,-45.0000,-10.0000,-10.0000,-30.0000,-30.0000,-30.0000,-30.0000,-54.000,-54.000,-28.000,-28.000,-10.000,-10.000,-10.000,-10.000,-54.000,-54.000,-28.000,-28.000,-10.000,-10.000,-10.000,-10.000,0.0,0.0,0.0,0.0,0.0,0.0,0.0,0.0,0.0,0.0,0.0,0.0,0.0,0.0,0.0,0.0
1790303534.920606,0.829,-12.42218,-12.42218,-12.42218,-12.42218,-12.42218,-12.42218,-12.42218,0.04150,-12.42218,-12.42218,-12.42218,-12.42218,-12.42218,-12.42218,-12.42218,0.04150,-45.0000,-45.0000,-10.0000,-10.0000,-30.0000,-30.0000,-30.0000,-30.0000,-45.0000,-45.0000,-10.0000,-10.0000,-30.0000,-30.0000,-30.0000,-30.0000,-54.000,-54.000,-28.000,-28.000,-10.000,-10.000,-10.000,-10.000,-54.000,-54.000,-28.000,-28.000,-10.000,-10.000,-10.000,-10.000,0.0,0.0,0.0,0.0,0.0,0.0,0.0,0.0,0.0,0.0,0.0,0.0,0.0,0.0,0.0,0.0
1790303534.930835,0.840,-12.42218,-12.42218,-12.42218,-12.42218,-12.42218,-12.42218,-12.42218,0.04150,-12.42218,-12.42218,-12.42218,-12.42218,-12.42218,-12.42218,-12.42218,0.04150,-45.0000,-45.0000,-10.0000,-10.0000,-30.0000,-30.0000,-30.0000,-30.0000,-45.0000,-45.0000,-10.0000,-10.0000,-30.0000,-30.0000,-30.0000,-30.0000,-54.000,-54.000,-28.000,-28.000,-10.000,-10.000,-10.000,-10.000,-54.000,-54.000,-28.000,-28.000,-10.000,-10.000,-10.000,-10.000,0.0,0.0,0.0,0.0,0.0,0.0,0.0,0.0,0.0,0.0,0.0,0.0,0.0,0.0,0.0,0.0
1790303534.940872,0.850,-12.42218,-12.42218,-12.42218,-12.42218,-12.42218,-12.42218,-12.42218,0.04150,-12.42218,-12.42218,-12.42218,-12.42218,-12.42218,-12.42218,-12.42218,0.04150,-45.0000,-45.0000,-10.0000,-10.0000,-30.0000,-30.0000,-30.0000,-30.0000,-45.0000,-45.0000,-10.0000,-10.0000,-30.0000,-30.0000,-30.0000,-30.0000,-54.000,-54.000,-28.000,-28.000,-10.000,-10.000,-10.000,-10.000,-54.000,-54.000,-28.000,-28.000,-10.000,-10.000,-10.000,-10.000,0.0,0.0,0.0,0.0,0.0,0.0,0.0,0.0,0.0,0.0,0.0,0.0,0.0,0.0,0.0,0.0
1790303534.950601,0.859,-12.42218,-12.42218,-12.42218,-12.42218,-12.42218,-12.42218,-12.42218,0.04150,-12.42218,-12.42218,-12.42218,-12.42218,-12.42218,-12.42218,-12.42218,0.04150,-45.0000,-45.0000,-10.0000,-10.0000,-30.0000,-30.0000,-30.0000,-30.0000,-45.0000,-45.0000,-10.0000,-10.0000,-30.0000,-30.0000,-30.0000,-30.0000,-54.000,-54.000,-28.000,-28.000,-10.000,-10.000,-10.000,-10.000,-54.000,-54.000,-28.000,-28.000,-10.000,-10.000,-10.000,-10.000,0.0,0.0,0.0,0.0,0.0,0.0,0.0,0.0,0.0,0.0,0.0,0.0,0.0,0.0,0.0,0.0
1790303534.960694,0.870,-12.42218,-12.42218,-12.42218,-12.42218,-12.42218,-12.42218,-12.42218,0.04150,-12.42218,-12.42218,-12.42218,-12.42218,-12.42218,-12.42218,-12.42218,0.04150,-45.0000,-45.0000,-10.0000,-10.0000,-30.0000,-30.0000,-30.0000,-30.0000,-45.0000,-45.0000,-10.0000,-10.0000,-30.0000,-30.0000,-30.0000,-30.0000,-54.000,-54.000,-28.000,-28.000,-10.000,-10.000,-10.000,-10.000,-54.000,-54.000,-28.000,-28.000,-10.000,-10.000,-10.000,-10.000,0.0,0.0,0.0,0.0,0.0,0.0,0.0,0.0,0.0,0.0,0.0,0.0,0.0,0.0,0.0,0.0
1790303534.972306,0.881,-12.42218,-12.42218,-12.42218,-12.42218,-12.42218,-12.42218,-12.42218,0.04150,-12.42218,-12.42218,-12.42218,-12.42218,-12.42218,-12.42218,-12.42218,0.04150,-45.0000,-45.0000,-10.0000,-10.0000,-30.0000,-30.0000,-30.0000,-30.0000,-45.0000,-45.0000,-10.0000,-10.0000,-30.0000,-30.0000,-30.0000,-30.0000,-54.000,-54.000,-28.000,-28.000,-10.000,-10.000,-10.000,-10.000,-54.000,-54.000,-28.000,-28.000,-10.000,-10.000,-10.000,-10.000,0.0,0.0,0.0,0.0,0.0,0.0,0.0,0.0,0.0,0.0,0.0,0.0,0.0,0.0,0.0,0.0
1790303534.980365,0.889,-12.42218,-12.42218,-12.42218,-12.42218,-12.42218,-12.42218,-12.42218,0.04150,-12.42218,-12.42218,-12.42218,-12.42218,-12.42218,-12.42218,-12.42218,0.04150,-45.0000,-45.0000,-10.0000,-10.0000,-30.0000,-30.0000,-30.0000,-30.0000,-45.0000,-45.0000,-10.0000,-10.0000,-30.0000,-30.0000,-30.0000,-30.0000,-54.000,-54.000,-28.000,-28.000,-10.000,-10.000,-10.000,-10.000,-54.000,-54.000,-28.000,-28.000,-10.000,-10.000,-10.000,-10.000,0.0,0.0,0.0,0.0,0.0,0.0,0.0,0.0,0.0,0.0,0.0,0.0,0.0,0.0,0.0,0.0
1790303534.990727,0.900,-12.42218,-12.42218,-12.42218,-12.42218,-12.42218,-12.42218,-12.42218,0.04150,-12.42218,-12.42218,-12.42218,-12.42218,-12.42218,-12.42218,-12.42218,0.04150,-45.0000,-45.0000,-10.0000,-10.0000,-30.0000,-30.0000,-30.0000,-30.0000,-45.0000,-45.0000,-10.0000,-10.0000,-30.0000,-30.0000,-30.0000,-30.0000,-54.000,-54.000,-28.000,-28.000,-10.000,-10.000,-10.000,-10.000,-54.000,-54.000,-28.000,-28.000,-10.000,-10.000,-10.000,-10.000,0.0,0.0,0.0,0.0,0.0,0.0,0.0,0.0,0.0,0.0,0.0,0.0,0.0,0.0,0.0,0.0
1790303535.000279,0.909,-12.42218,-12.42218,-12.42218,-12.42218,-12.42218,-12.42218,-12.42218,0.04150,-12.42218,-12.42218,-12.42218,-12.42218,-12.42218,-12.42218,-12.42218,0.04150,-45.0000,-45.0000,-10.0000,-10.0000,-30.0000,-30.0000,-30.0000,-30.0000,-45.0000,-45.0000,-10.0000,-10.0000,-30.0000,-30.0000,-30.0000,-30.0000,-54.000,-54.000,-28.000,-28.000,-10.000,-10.000,-10.000,-10.000,-54.000,-54.000,-28.000,-28.000,-10.000,-10.000,-10.000,-10.000,0.0,0.0,0.0,0.0,0.0,0.0,0.0,0.0,0.0,0.0,0.0,0.0,0.0,0.0,0.0,0.0
1790303535.010949,0.920,-12.42218,-12.42218,-12.42218,-12.42218,-12.42218,-12.42218,-12.42218,0.04150,-12.42218,-12.42218,-12.42218,-12.42218,-12.42218,-12.42218,-12.42218,0.04150,-45.0000,-45.0000,-10.0000,-10.0000,-30.0000,-30.0000,-30.0000,-27.6557,-45.0000,-45.0000,-10.0000,-10.0000,-30.0000,-30.0000,-30.0000,-30.0000,-54.000,-54.000,-28.000,-28.000,-10.000,-10.000,-10.000,-4.999,-54.000,-54.000,-28.000,-28.000,-10.000,-10.000,-10.000,-10.000,0.0,0.0,0.0,0.0,0.0,0.0,0.0,0.0,0.0,0.0,0.0,0.0,0.0,0.0,0.0,0.0
1790303535.020691,0.930,-12.42218,-12.42218,-12.42218,-12.42218,-12.42218,-12.42218,-12.42218,0.04150,-12.42218,-12.42218,-12.42218,-12.42218,-12.42218,-12.42218,-12.42218,0.04150,-45.0000,-45.0000,-10.0000,-10.0000,-30.0000,-30.0000,-30.0000,-30.0000,-45.0000,-45.0000,-10.0000,-10.0000,-30.0000,-30.0000,-30.0000,-30.0000,-54.000,-54.000,-28.000,-28.000,-10.000,-10.000,-10.000,-10.000,-54.000,-54.000,-28.000,-28.000,-10.000,-10.000,-10.000,-10.000,0.0,0.0,0.0,0.0,0.0,0.0,0.0,0.0,0.0,0.0,0.0,0.0,0.0,0.0,0.0,0.0
1790303535.078688,0.988,-12.42218,-12.42218,-12.42218,-12.42218,-12.42218,-12.42218,-12.42218,0.04150,-12.42218,-12.42218,-12.42218,-12.42218,-12.42218,-12.42218,-12.42218,0.04150,-45.0000,-45.0000,-10.0000,-10.0000,-30.0000,-30.0000,-30.0000,-30.0000,-45.0000,-45.0000,-10.0000,-10.0000,-30.0000,-30.0000,-30.0000,-30.0000,-54.000,-54.000,-28.000,-28.000,-10.000,-10.000,-10.000,-10.000,-54.000,-54.000,-28.000,-28.000,-10.000,-10.000,-10.000,-10.000,0.0,0.0,0.0,0.0,0.0,0.0,0.0,0.0,0.0,0.0,0.0,0.0,0.0,0.0,0.0,0.0
1790303535.088048,0.997,-12.42218,-12.42218,-12.42218,-12.42218,-12.42218,-12.42218,-12.42218,0.04150,-12.42218,-12.42218,-12.42218,-12.42218,-12.42218,-12.42218,-12.42218,0.04150,-45.0000,-45.0000,-10.0000,-10.0000,-30.0000,-30.0000,-30.0000,-30.0000,-45.0000,-45.0000,-10.0000,-10.0000,-30.0000,-30.0000,-30.0000,-30.0000,-54.000,-54.000,-28.000,-28.000,-10.000,-10.000,-10.000,-10.000,-54.000,-54.000,-28.000,-28.000,-10.000,-10.000,-10.000,-10.000,0.0,0.0,0.0,0.0,0.0,0.0,0.0,0.0,0.0,0.0,0.0,0.0,0.0,0.0,0.0,0.0
1790303535.097892,1.007,-12.42218,-12.42218,-12.42218,-12.42218,-12.42218,-12.42218,-12.42218,0.04150,-12.42218,-12.42218,-12.42218,-12.42218,-12.42218,-12.42218,-12.42218,0.04150,-45.0000,-45.0000,-10.0000,-10.0000,-30.0000,-30.0000,-30.0000,-30.0000,-45.0000,-45.0000,-10.0000,-10.0000,-30.0000,-30.0000,-30.0000,-30.0000,-54.000,-54.000,-28.000,-28.000,-10.000,-10.000,-10.000,-10.000,-54.000,-54.000,-28.000,-28.000,-10.000,-10.000,-10.000,-10.000,0.0,0.0,0.0,0.0,0.0,0.0,0.0,0.0,0.0,0.0,0.0,0.0,0.0,0.0,0.0,0.0
1790303535.109685,1.019,-12.42218,-12.42218,-12.42218,-12.42218,-12.42218,-12.42218,-12.42218,0.04150,-12.42218,-12.42218,-12.42218,-12.42218,-12.42218,-12.42218,-12.42218,0.04150,-45.0000,-45.0000,-10.0000,-10.0000,-30.0000,-30.0000,-30.0000,-30.0000,-45.0000,-45.0000,-10.0000,-10.0000,-30.0000,-30.0000,-30.0000,-30.0000,-54.000,-54.000,-28.000,-28.000,-10.000,-10.000,-10.000,-10.000,-54.000,-54.000,-28.000,-28.000,-10.000,-10.000,-10.000,-10.000,0.0,0.0,0.0,0.0,0.0,0.0,0.0,0.0,0.0,0.0,0.0,0.0,0.0,0.0,0.0,0.0
1790303535.116553,1.025,-12.42218,-12.42218,-12.42218,-12.42218,-12.42218,-12.42218,-12.42218,0.04150,-12.42218,-12.42218,-12.42218,-12.42218,-12.42218,-12.42218,-12.42218,0.04150,-45.0000,-45.0000,-10.0000,-10.0000,-30.0000,-30.0000,-30.0000,-30.0000,-45.0000,-45.0000,-10.0000,-10.0000,-30.0000,-30.0000,-30.0000,-30.0000,-54.000,-54.000,-28.000,-28.000,-10.000,-10.000,-10.000,-10.000,-54.000,-54.000,-28.000,-28.000,-10.000,-10.000,-10.000,-10.000,0.0,0.0,0.0,0.0,0.0,0.0,0.0,0.0,0.0,0.0,0.0,0.0,0.0,0.0,0.0,0.0
1790303535.124429,1.033,-12.42218,-12.42218,-12.42218,-12.42218,-12.42218,-12.42218,-12.42218,0.04150,-12.42218,-12.42218,-12.42218,-12.42218,-12.42218,-12.42218,-12.42218,0.04150,-45.0000,-45.0000,-10.0000,-10.0000,-30.0000,-30.0000,-30.0000,-30.0000,-45.0000,-45.0000,-10.0000,-10.0000,-30.0000,-30.0000,-30.0000,-30.0000,-54.000,-54.000,-28.000,-28.000,-10.000,-10.000,-10.000,-10.000,-54.000,-54.000,-28.000,-28.000,-10.000,-10.000,-10.000,-10.000,0.0,0.0,0.0,0.0,0.0,0.0,0.0,0.0,0.0,0.0,0.0,0.0,0.0,0.0,0.0,0.0
1790303535.138414,1.047,-12.42218,-12.42218,-12.42218,-12.42218,-12.42218,-12.42218,-12.42218,0.04150,-12.42218,-12.42218,-12.42218,-12.42218,-12.42218,-12.42218,-12.42218,0.04150,-45.0000,-45.0000,-10.0000,-10.0000,-30.0000,-30.0000,-30.0000,-30.0000,-45.0000,-45.0000,-10.0000,-10.0000,-30.0000,-30.0000,-30.0000,-30.0000,-54.000,-54.000,-28.000,-28.000,-10.000,-10.000,-10.000,-10.000,-54.000,-54.000,-28.000,-28.000,-10.000,-10.000,-10.000,-10.000,0.0,0.0,0.0,0.0,0.0,0.0,0.0,0.0,0.0,0.0,0.0,0.0,0.0,0.0,0.0,0.0
1790303535.151339,1.060,-12.42218,-12.42218,-12.42218,-12.42218,-12.42218,-12.42218,-12.42218,0.04150,-12.42218,-12.42218,-12.42218,-12.42218,-12.42218,-12.42218,-12.42218,0.04150,-45.0000,-45.0000,-10.0000,-10.0000,-30.0000,-30.0000,-30.0000,-30.0000,-45.0000,-45.0000,-10.0000,-10.0000,-30.0000,-30.0000,-30.0000,-30.0000,-54.000,-54.000,-28.000,-28.000,-10.000,-10.000,-10.000,-10.000,-54.000,-54.000,-28.000,-28.000,-10.000,-10.000,-10.000,-10.000,0.0,0.0,0.0,0.0,0.0,0.0,0.0,0.0,0.0,0.0,0.0,0.0,0.0,0.0,0.0,0.0
1790303535.166347,1.075,-12.42218,-12.42218,-12.42218,-12.42218,-12.42218,-12.42218,-12.42218,0.04150,-12.42218,-12.42218,-12.42218,-12.42218,-12.42218,-12.42218,-12.42218,0.04150,-45.0000,-45.0000,-10.0000,-10.0000,-30.0000,-30.0000,-30.0000,-30.0000,-45.0000,-45.0000,-10.0000,-10.0000,-30.0000,-30.0000,-30.0000,-30.0000,-54.000,-54.000,-28.000,-28.000,-10.000,-10.000,-10.000,-10.000,-54.000,-54.000,-28.000,-28.000,-10.000,-10.000,-10.000,-10.000,0.0,0.0,0.0,0.0,0.0,0.0,0.0,0.0,0.0,0.0,0.0,0.0,0.0,0.0,0.0,0.0
1790303535.169227,1.078,-12.42218,-12.42218,-12.42218,-12.42218,-12.42218,-12.42218,-12.42218,0.04150,-12.42218,-12.42218,-12.42218,-12.42218,-12.42218,-12.42218,-12.42218,0.04150,-45.0000,-45.0000,-10.0000,-10.0000,-30.0000,-30.0000,-30.0000,-30.0000,-45.0000,-45.0000,-10.0000,-10.0000,-30.0000,-30.0000,-30.0000,-30.0000,-54.000,-54.000,-28.000,-28.000,-10.000,-10.000,-10.000,-10.000,-54.000,-54.000,-28.000,-28.000,-10.000,-10.000,-10.000,-10.000,0.0,0.0,0.0,0.0,0.0,0.0,0.0,0.0,0.0,0.0,0.0,0.0,0.0,0.0,0.0,0.0
1790303535.173408,1.082,-12.42218,-12.42218,-12.42218,-12.42218,-12.42218,-12.42218,-12.42218,0.04150,-12.42218,-12.42218,-12.42218,-12.42218,-12.42218,-12.42218,-12.42218,0.04150,-45.0000,-45.0000,-10.0000,-10.0000,-30.0000,-30.0000,-30.0000,-30.0000,-45.0000,-45.0000,-10.0000,-10.0000,-30.0000,-30.0000,-30.0000,-30.0000,-54.000,-54.000,-28.000,-28.000,-10.000,-10.000,-10.000,-10.000,-54.000,-54.000,-28.000,-28.000,-10.000,-10.000,-10.000,-10.000,0.0,0.0,0.0,0.0,0.0,0.0,0.0,0.0,0.0,0.0,0.0,0.0,0.0,0.0,0.0,0.0
1790303535.242740,1.152,-12.42218,-12.42218,-12.42218,-12.42218,-12.42218,-12.42218,-12.42218,0.04150,-12.42218,-12.42218,-12.42218,-12.42218,-12.42218,-12.42218,-12.42218,0.04150,-45.0000,-45.0000,-10.0000,-10.0000,-30.0000,-30.0000,-30.0000,-30.0000,-45.0000,-45.0000,-10.0000,-10.0000,-30.0000,-30.0000,-30.0000,-30.0000,-54.000,-54.000,-28.000,-28.000,-10.000,-10.000,-10.000,-10.000,-54.000,-54.000,-28.000,-28.000,-10.000,-10.000,-10.000,-10.000,0.0,0.0,0.0,0.0,0.0,0.0,0.0,0.0,0.0,0.0,0.0,0.0,0.0,0.0,0.0,0.0
1790303535.246068,1.155,-12.42218,-12.42218,-12.42218,-12.42218,-12.42218,-12.42218,-12.42218,0.04150,-12.42218,-12.42218,-12.42218,-12.42218,-12.42218,-12.42218,-12.42218,0.04150,-45.0000,-45.0000,-10.0000,-10.0000,-30.0000,-30.0000,-30.0000,-30.0000,-45.0000,-45.0000,-10.0000,-10.0000,-30.0000,-30.0000,-30.0000,-27.6557,-54.000,-54.000,-28.000,-28.000,-10.000,-10.000,-10.000,-10.000,-54.000,-54.000,-28.000,-28.000,-10.000,-10.000,-10.000,-4.999,0.0,0.0,0.0,0.0,0.0,0.0,0.0,0.0,0.0,0.0,0.0,0.0,0.0,0.0,0.0,0.0
1790303535.249573,1.158,-12.42218,-12.42218,-12.42218,-12.42218,-12.42218,-12.42218,-12.42218,0.04150,-12.42218,-12.42218,-12.42218,-12.42218,-12.42218,-12.42218,-12.42218,0.04150,-45.0000,-45.0000,-10.0000,-10.0000,-30.0000,-30.0000,-30.0000,-30.0000,-45.0000,-45.0000,-10.0000,-10.0000,-30.0000,-30.0000,-30.0000,-30.0000,-54.000,-54.000,-28.000,-28.000,-10.000,-10.000,-10.000,-10.000,-54.000,-54.000,-28.000,-28.000,-10.000,-10.000,-10.000,-10.000,0.0,0.0,0.0,0.0,0.0,0.0,0.0,0.0,0.0,0.0,0.0,0.0,0.0,0.0,0.0,0.0
1790303535.251702,1.161,-12.42218,-12.42218,-12.42218,-12.42218,-12.42218,-12.42218,-12.42218,0.04150,-12.42218,-12.42218,-12.42218,-12.42218,-12.42218,-12.42218,-12.42218,0.04150,-45.0000,-45.0000,-10.0000,-10.0000,-30.0000,-30.0000,-30.0000,-30.0000,-45.0000,-45.0000,-10.0000,-10.0000,-30.0000,-30.0000,-30.0000,-30.0000,-54.000,-54.000,-28.000,-28.000,-10.000,-10.000,-10.000,-10.000,-54.000,-54.000,-28.000,-28.000,-10.000,-10.000,-10.000,-10.000,0.0,0.0,0.0,0.0,0.0,0.0,0.0,0.0,0.0,0.0,0.0,0.0,0.0,0.0,0.0,0.0
1790303535.254785,1.164,-12.42218,-12.42218,-12.42218,-12.42218,-12.42218,-12.42218,-12.42218,0.04150,-12.42218,-12.42218,-12.42218,-12.42218,-12.42218,-12.42218,-12.42218,0.04150,-45.0000,-45.0000,-10.0000,-10.0000,-30.0000,-30.0000,-30.0000,-30.0000,-45.0000,-45.0000,-10.0000,-10.0000,-30.0000,-30.0000,-30.0000,-30.0000,-54.000,-54.000,-28.000,-28.000,-10.000,-10.000,-10.000,-10.000,-54.000,-54.000,-28.000,-28.000,-10.000,-10.000,-10.000,-10.000,0.0,0.0,0.0,0.0,0.0,0.0,0.0,0.0,0.0,0.0,0.0,0.0,0.0,0.0,0.0,0.0
1790303535.256737,1.166,-12.42218,-12.42218,-12.42218,-12.42218,-12.42218,-12.42218,-12.42218,0.04150,-12.42218,-12.42218,-12.42218,-12.42218,-12.42218,-12.42218,-12.42218,0.04150,-45.0000,-45.0000,-10.0000,-10.0000,-30.0000,-30.0000,-30.0000,-30.0000,-45.0000,-45.0000,-10.0000,-10.0000,-30.0000,-30.0000,-30.0000,-30.0000,-54.000,-54.000,-28.000,-28.000,-10.000,-10.000,-10.000,-10.000,-54.000,-54.000,-28.000,-28.000,-10.000,-10.000,-10.000,-10.000,0.0,0.0,0.0,0.0,0.0,0.0,0.0,0.0,0.0,0.0,0.0,0.0,0.0,0.0,0.0,0.0
1790303535.258326,1.167,-12.42218,-12.42218,-12.42218,-12.42218,-12.42218,-12.42218,-12.42218,0.04150,-12.42218,-12.42218,-12.42218,-12.42218,-12.42218,-12.42218,-12.42218,0.04150,-45.0000,-45.0000,-10.0000,-10.0000,-30.0000,-30.0000,-30.0000,-30.0000,-45.0000,-45.0000,-10.0000,-10.0000,-30.0000,-30.0000,-30.0000,-30.0000,-54.000,-54.000,-28.000,-28.000,-10.000,-10.000,-10.000,-10.000,-54.000,-54.000,-28.000,-28.000,-10.000,-10.000,-10.000,-10.000,0.0,0.0,0.0,0.0,0.0,0.0,0.0,0.0,0.0,0.0,0.0,0.0,0.0,0.0,0.0,0.0
1790303535.259612,1.168,-12.42218,-12.42218,-12.42218,-12.42218,-12.42218,-12.42218,-12.42218,0.04150,-12.42218,-12.42218,-12.42218,-12.42218,-12.42218,-12.42218,-12.42218,0.04150,-45.0000,-45.0000,-10.0000,-10.0000,-30.0000,-30.0000,-30.0000,-30.0000,-45.0000,-45.0000,-10.0000,-10.0000,-30.0000,-30.0000,-30.0000,-30.0000,-54.000,-54.000,-28.000,-28.000,-10.000,-10.000,-10.000,-10.000,-54.000,-54.000,-28.000,-28.000,-10.000,-10.000,-10.000,-10.000,0.0,0.0,0.0,0.0,0.0,0.0,0.0,0.0,0.0,0.0,0.0,0.0,0.0,0.0,0.0,0.0
1790303535.261854,1.171,-12.42218,-12.42218,-12.42218,-12.42218,-12.42218,-12.42218,-12.42218,0.04150,-12.42218,-12.42218,-12.42218,-12.42218,-12.42218,-12.42218,-12.42218,0.04150,-45.0000,-45.0000,-10.0000,-10.0000,-30.0000,-30.0000,-30.0000,-30.0000,-45.0000,-45.0000,-10.0000,-10.0000,-30.0000,-30.0000,-30.0000,-30.0000,-54.000,-54.000,-28.000,-28.000,-10.000,-10.000,-10.000,-10.000,-54.000,-54.000,-28.000,-28.000,-10.000,-10.000,-10.000,-10.000,0.0,0.0,0.0,0.0,0.0,0.0,0.0,0.0,0.0,0.0,0.0,0.0,0.0,0.0,0.0,0.0
1790303535.265850,1.175,-12.42218,-12.42218,-12.42218,-12.42218,-12.42218,-12.42218,-12.42218,0.04150,-12.42218,-12.42218,-12.42218,-12.42218,-12.42218,-12.42218,-12.42218,0.04150,-45.0000,-45.0000,-10.0000,-10.0000,-30.0000,-30.0000,-30.0000,-30.0000,-45.0000,-45.0000,-10.0000,-10.0000,-30.0000,-30.0000,-30.0000,-30.0000,-54.000,-54.000,-28.000,-28.000,-10.000,-10.000,-10.000,-10.000,-54.000,-54.000,-28.000,-28.000,-10.000,-10.000,-10.000,-10.000,0.0,0.0,0.0,0.0,0.0,0.0,0.0,0.0,0.0,0.0,0.0,0.0,0.0,0.0,0.0,0.0
1790303535.266464,1.175,-12.42218,-12.42218,-12.42218,-12.42218,-12.42218,-12.42218,-12.42218,0.04150,-12.42218,-12.42218,-12.42218,-12.42218,-12.42218,-12.42218,-12.42218,0.04150,-45.0000,-45.0000,-10.0000,-10.0000,-30.0000,-30.0000,-30.0000,-30.0000,-45.0000,-45.0000,-10.0000,-10.0000,-30.0000,-30.0000,-30.0000,-30.0000,-54.000,-54.000,-28.000,-28.000,-10.000,-10.000,-10.000,-10.000,-54.000,-54.000,-28.000,-28.000,-10.000,-10.000,-10.000,-10.000,0.0,0.0,0.0,0.0,0.0,0.0,0.0,0.0,0.0,0.0,0.0,0.0,0.0,0.0,0.0,0.0
1790303535.269457,1.178,-12.42218,-12.42218,-12.42218,-12.42218,-12.42218,-12.42218,-12.42218,0.04150,-12.42218,-12.42218,-12.42218,-12.42218,-12.42218,-12.42218,-12.42218,0.04150,-45.0000,-45.0000,-10.0000,-10.0000,-30.0000,-30.0000,-30.0000,-30.0000,-45.0000,-45.0000,-10.0000,-10.0000,-30.0000,-30.0000,-30.0000,-30.0000,-54.000,-54.000,-28.000,-28.000,-10.000,-10.000,-10.000,-10.000,-54.000,-54.000,-28.000,-28.000,-10.000,-10.000,-10.000,-10.000,0.0,0.0,0.0,0.0,0.0,0.0,0.0,0.0,0.0,0.0,0.0,0.0,0.0,0.0,0.0,0.0
1790303535.271276,1.180,-12.42218,-12.42218,-12.42218,-12.42218,-12.42218,-12.42218,-12.42218,0.04150,-12.42218,-12.42218,-12.42218,-12.42218,-12.42218,-12.42218,-12.42218,0.04150,-45.0000,-45.0000,-10.0000,-10.0000,-30.0000,-30.0000,-30.0000,-30.0000,-45.0000,-45.0000,-10.0000,-10.0000,-30.0000,-30.0000,-30.0000,-30.0000,-54.000,-54.000,-28.000,-28.000,-10.000,-10.000,-10.000,-10.000,-54.000,-54.000,-28.000,-28.000,-10.000,-10.000,-10.000,-10.000,0.0,0.0,0.0,0.0,0.0,0.0,0.0,0.0,0.0,0.0,0.0,0.0,0.0,0.0,0.0,0.0
1790303535.271689,1.181,-12.42218,-12.42218,-12.42218,-12.42218,-12.42218,-12.42218,-12.42218,0.04150,-12.42218,-12.42218,-12.42218,-12.42218,-12.42218,-12.42218,-12.42218,0.04150,-45.0000,-45.0000,-10.0000,-10.0000,-30.0000,-30.0000,-30.0000,-30.0000,-45.0000,-45.0000,-10.0000,-10.0000,-30.0000,-30.0000,-30.0000,-30.0000,-54.000,-54.000,-28.000,-28.000,-10.000,-10.000,-10.000,-10.000,-54.000,-54.000,-28.000,-28.000,-10.000,-10.000,-10.000,-10.000,0.0,0.0,0.0,0.0,0.0,0.0,0.0,0.0,0.0,0.0,0.0,0.0,0.0,0.0,0.0,0.0
1790303535.280893,1.190,-12.42218,-12.42218,-12.42218,-12.42218,-12.42218,-12.42218,-12.42218,0.04150,-12.42218,-12.42218,-12.42218,-12.42218,-12.42218,-12.42218,-12.42218,0.04150,-45.0000,-45.0000,-10.0000,-10.0000,-30.0000,-30.0000,-30.0000,-30.0000,-45.0000,-45.0000,-10.0000,-10.0000,-30.0000,-30.0000,-30.0000,-30.0000,-54.000,-54.000,-28.000,-28.000,-10.000,-10.000,-10.000,-10.000,-54.000,-54.000,-28.000,-28.000,-10.000,-10.000,-10.000,-10.000,0.0,0.0,0.0,0.0,0.0,0.0,0.0,0.0,0.0,0.0,0.0,0.0,0.0,0.0,0.0,0.0
1790303535.291654,1.201,-12.42218,-12.42218,-12.42218,-12.42218,-12.42218,-12.42218,-12.42218,0.04150,-12.42218,-12.42218,-12.42218,-12.42218,-12.42218,-12.42218,-12.42218,0.04150,-45.0000,-45.0000,-10.0000,-10.0000,-30.0000,-30.0000,-30.0000,-30.0000,-45.0000,-45.0000,-10.0000,-10.0000,-30.0000,-30.0000,-30.0000,-30.0000,-54.000,-54.000,-28.000,-28.000,-10.000,-10.000,-10.000,-10.000,-54.000,-54.000,-28.000,-28.000,-10.000,-10.000,-10.000,-10.000,0.0,0.0,0.0,0.0,0.0,0.0,0.0,0.0,0.0,0.0,0.0,0.0,0.0,0.0,0.0,0.0
1790303535.301053,1.210,-12.42218,-12.42218,-12.42218,-12.42218,-12.42218,-12.42218,-12.42218,0.04150,-12.42218,-12.42218,-12.42218,-12.42218,-12.42218,-12.42218,-12.42218,0.04150,-45.0000,-45.0000,-10.0000,-10.0000,-30.0000,-30.0000,-30.0000,-30.0000,-45.0000,-45.0000,-10.0000,-10.0000,-30.0000,-30.0000,-30.0000,-30.0000,-54.000,-54.000,-28.000,-28.000,-10.000,-10.000,-10.000,-10.000,-54.000,-54.000,-28.000,-28.000,-10.000,-10.000,-10.000,-10.000,0.0,0.0,0.0,0.0,0.0,0.0,0.0,0.0,0.0,0.0,0.0,0.0,0.0,0.0,0.0,0.0
1790303535.310477,1.219,-12.42218,-12.42218,-12.42218,-12.42218,-12.42218,-12.42218,-12.42218,0.04150,-12.42218,-12.42218,-12.42218,-12.42218,-12.42218,-12.42218,-12.42218,0.04150,-45.0000,-45.0000,-10.0000,-10.0000,-30.0000,-30.0000,-30.0000,-30.0000,-45.0000,-45.0000,-10.0000,-10.0000,-30.0000,-30.0000,-30.0000,-30.0000,-54.000,-54.000,-28.000,-28.000,-10.000,-10.000,-10.000,-10.000,-54.000,-54.000,-28.000,-28.000,-10.000,-10.000,-10.000,-10.000,0.0,0.0,0.0,0.0,0.0,0.0,0.0,0.0,0.0,0.0,0.0,0.0,0.0,0.0,0.0,0.0
1790303535.320350,1.229,-12.42218,-12.42218,-12.42218,-12.42218,-12.42218,-12.42218,-12.42218,0.04150,-12.42218,-12.42218,-12.42218,-12.42218,-12.42218,-12.42218,-12.42218,0.04150,-45.0000,-45.0000,-10.0000,-10.0000,-30.0000,-30.0000,-30.0000,-30.0000,-45.0000,-45.0000,-10.0000,-10.0000,-30.0000,-30.0000,-30.0000,-30.0000,-54.000,-54.000,-28.000,-28.000,-10.000,-10.000,-10.000,-10.000,-54.000,-54.000,-28.000,-28.000,-10.000,-10.000,-10.000,-10.000,0.0,0.0,0.0,0.0,0.0,0.0,0.0,0.0,0.0,0.0,0.0,0.0,0.0,0.0,0.0,0.0
1790303535.330451,1.239,-12.42218,-12.42218,-12.42218,-12.42218,-12.42218,-12.42218,-12.42218,0.04150,-12.42218,-12.42218,-12.42218,-12.42218,-12.42218,-12.42218,-12.42218,0.04150,-45.0000,-45.0000,-10.0000,-10.0000,-30.0000,-30.0000,-30.0000,-30.0000,-45.0000,-45.0000,-10.0000,-10.0000,-30.0000,-30.0000,-30.0000,-30.0000,-54.000,-54.000,-28.000,-28.000,-10.000,-10.000,-10.000,-10.000,-54.000,-54.000,-28.000,-28.000,-10.000,-10.000,-10.000,-10.000,0.0,0.0,0.0,0.0,0.0,0.0,0.0,0.0,0.0,0.0,0.0,0.0,0.0,0.0,0.0,0.0
1790303535.340648,1.250,-12.42218,-12.42218,-12.42218,-12.42218,-12.42218,-12.42218,-12.42218,0.04150,-12.42218,-12.42218,-12.42218,-12.42218,-12.42218,-12.42218,-12.42218,0.04150,-45.0000,-45.0000,-10.0000,-10.0000,-30.0000,-30.0000,-30.0000,-30.0000,-45.0000,-45.0000,-10.0000,-10.0000,-30.0000,-30.0000,-30.0000,-30.0000,-54.000,-54.000,-28.000,-28.000,-10.000,-10.000,-10.000,-10.000,-54.000,-54.000,-28.000,-28.000,-10.000,-10.000,-10.000,-10.000,0.0,0.0,0.0,0.0,0.0,0.0,0.0,0.0,0.0,0.0,0.0,0.0,0.0,0.0,0.0,0.0
1790303535.351315,1.260,-12.42218,-12.42218,-12.42218,-12.42218,-12.42218,-12.42218,-12.42218,0.04150,-12.42218,-12.42218,-12.42218,-12.42218,-12.42218,-12.42218,-12.42218,0.04150,-45.0000,-45.0000,-10.0000,-10.0000,-30.0000,-30.0000,-30.0000,-30.0000,-45.0000,-45.0000,-10.0000,-10.0000,-30.0000,-30.0000,-30.0000,-30.0000,-54.000,-54.000,-28.000,-28.000,-10.000,-10.000,-10.000,-10.000,-54.000,-54.000,-28.000,-28.000,-10.000,-10.000,-10.000,-10.000,0.0,0.0,0.0,0.0,0.0,0.0,0.0,0.0,0.0,0.0,0.0,0.0,0.0,0.0,0.0,0.0
1790303535.360734,1.270,-12.42218,-12.42218,-12.42218,-12.42218,-12.42218,-12.42218,-12.42218,0.04150,-12.42218,-12.42218,-12.42218,-12.42218,-12.42218,-12.42218,-12.42218,0.04150,-45.0000,-45.0000,-10.0000,-10.0000,-30.0000,-30.0000,-30.0000,-30.0000,-45.0000,-45.0000,-10.0000,-10.0000,-30.0000,-30.0000,-30.0000,-30.0000,-54.000,-54.000,-28.000,-28.000,-10.000,-10.000,-10.000,-10.000,-54.000,-54.000,-28.000,-28.000,-10.000,-10.000,-10.000,-10.000,0.0,0.0,0.0,0.0,0.0,0.0,0.0,0.0,0.0,0.0,0.0,0.0,0.0,0.0,0.0,0.0
1790303535.370480,1.279,-12.42218,-12.42218,-12.42218,-12.42218,-12.42218,-12.42218,-12.42218,0.04150,-12.42218,-12.42218,-12.42218,-12.42218,-12.42218,-12.42218,-12.42218,0.04150,-45.0000,-45.0000,-10.0000,-10.0000,-30.0000,-30.0000,-30.0000,-30.0000,-45.0000,-45.0000,-10.0000,-10.0000,-30.0000,-30.0000,-30.0000,-30.0000,-54.000,-54.000,-28.000,-28.000,-10.000,-10.000,-10.000,-10.000,-54.000,-54.000,-28.000,-28.000,-10.000,-10.000,-10.000,-10.000,0.0,0.0,0.0,0.0,0.0,0.0,0.0,0.0,0.0,0.0,0.0,0.0,0.0,0.0,0.0,0.0
1790303535.380570,1.289,-12.42218,-12.42218,-12.42218,-12.42218,-12.42218,-12.42218,-12.42218,0.04150,-12.42218,-12.42218,-12.42218,-12.42218,-12.42218,-12.42218,-12.42218,0.04150,-45.0000,-45.0000,-10.0000,-10.0000,-30.0000,-30.0000,-30.0000,-30.0000,-45.0000,-45.0000,-10.0000,-10.0000,-30.0000,-30.0000,-30.0000,-30.0000,-54.000,-54.000,-28.000,-28.000,-10.000,-10.000,-10.000,-10.000,-54.000,-54.000,-28.000,-28.000,-10.000,-10.000,-10.000,-10.000,0.0,0.0,0.0,0.0,0.0,0.0,0.0,0.0,0.0,0.0,0.0,0.0,0.0,0.0,0.0,0.0
1790303535.390357,1.299,-12.42218,-12.42218,-12.42218,-12.42218,-12.42218,-12.42218,-12.42218,0.04150,-12.42218,-12.42218,-12.42218,-12.42218,-12.42218,-12.42218,-12.42218,0.04150,-45.0000,-45.0000,-10.0000,-10.0000,-30.0000,-30.0000,-30.0000,-30.0000,-45.0000,-45.0000,-10.0000,-10.0000,-30.0000,-30.0000,-30.0000,-30.0000,-54.000,-54.000,-28.000,-28.000,-10.000,-10.000,-10.000,-10.000,-54.000,-54.000,-28.000,-28.000,-10.000,-10.000,-10.000,-10.000,0.0,0.0,0.0,0.0,0.0,0.0,0.0,0.0,0.0,0.0,0.0,0.0,0.0,0.0,0.0,0.0
1790303535.401353,1.310,-12.42218,-12.42218,-12.42218,-12.42218,-12.42218,-12.42218,-12.42218,0.04150,-12.42218,-12.42218,-12.42218,-12.42218,-12.42218,-12.42218,-12.42218,0.04150,-45.0000,-45.0000,-10.0000,-10.0000,-30.0000,-30.0000,-30.0000,-30.0000,-45.0000,-45.0000,-10.0000,-10.0000,-30.0000,-30.0000,-30.0000,-30.0000,-54.000,-54.000,-28.000,-28.000,-10.000,-10.000,-10.000,-10.000,-54.000,-54.000,-28.000,-28.000,-10.000,-10.000,-10.000,-10.000,0.0,0.0,0.0,0.0,0.0,0.0,0.0,0.0,0.0,0.0,0.0,0.0,0.0,0.0,0.0,0.0
1790303535.410643,1.320,-12.42218,-12.42218,-12.42218,-12.42218,-12.42218,-12.42218,-12.42218,0.04150,-12.42218,-12.42218,-12.42218,-12.42218,-12.42218,-12.42218,-12.42218,0.04150,-45.0000,-45.0000,-10.0000,-10.0000,-30.0000,-30.0000,-30.0000,-30.0000,-45.0000,-45.0000,-10.0000,-10.0000,-30.0000,-30.0000,-30.0000,-30.0000,-54.000,-54.000,-28.000,-28.000,-10.000,-10.000,-10.000,-10.000,-54.000,-54.000,-28.000,-28.000,-10.000,-10.000,-10.000,-10.000,0.0,0.0,0.0,0.0,0.0,0.0,0.0,0.0,0.0,0.0,0.0,0.0,0.0,0.0,0.0,0.0
1790303535.420734,1.330,-12.42218,-12.42218,-12.42218,-12.42218,-12.42218,-12.42218,-12.42218,0.04150,-12.42218,-12.42218,-12.42218,-12.42218,-12.42218,-12.42218,-12.42218,0.04150,-45.0000,-45.0000,-10.0000,-10.0000,-30.0000,-30.0000,-30.0000,-30.0000,-45.0000,-45.0000,-10.0000,-10.0000,-30.0000,-30.0000,-30.0000,-30.0000,-54.000,-54.000,-28.000,-28.000,-10.000,-10.000,-10.000,-10.000,-54.000,-54.000,-28.000,-28.000,-10.000,-10.000,-10.000,-10.000,0.0,0.0,0.0,0.0,0.0,0.0,0.0,0.0,0.0,0.0,0.0,0.0,0.0,0.0,0.0,0.0
1790303535.431715,1.341,-12.42218,-12.42218,-12.42218,-12.42218,-12.42218,-12.42218,-12.42218,0.04150,-12.42218,-12.42218,-12.42218,-12.42218,-12.42218,-12.42218,-12.42218,0.04150,-45.0000,-45.0000,-10.0000,-10.0000,-30.0000,-30.0000,-30.0000,-30.0000,-45.0000,-45.0000,-10.0000,-10.0000,-30.0000,-30.0000,-30.0000,-30.0000,-54.000,-54.000,-28.000,-28.000,-10.000,-10.000,-10.000,-10.000,-54.000,-54.000,-28.000,-28.000,-10.000,-10.000,-10.000,-10.000,0.0,0.0,0.0,0.0,0.0,0.0,0.0,0.0,0.0,0.0,0.0,0.0,0.0,0.0,0.0,0.0
1790303535.440729,1.350,-12.42218,-12.42218,-12.42218,-12.42218,-12.42218,-12.42218,-12.42218,0.04150,-12.42218,-12.42218,-12.42218,-12.42218,-12.42218,-12.42218,-12.42218,0.04150,-45.0000,-45.0000,-10.0000,-10.0000,-30.0000,-30.0000,-30.0000,-30.0000,-45.0000,-45.0000,-10.0000,-10.0000,-30.0000,-30.0000,-30.0000,-30.0000,-54.000,-54.000,-28.000,-28.000,-10.000,-10.000,-10.000,-10.000,-54.000,-54.000,-28.000,-28.000,-10.000,-10.000,-10.000,-10.000,0.0,0.0,0.0,0.0,0.0,0.0,0.0,0.0,0.0,0.0,0.0,0.0,0.0,0.0,0.0,0.0
1790303535.450633,1.360,-12.42218,-12.42218,-12.42218,-12.42218,-12.42218,-12.42218,-12.42218,0.04150,-12.42218,-12.42218,-12.42218,-12.42218,-12.42218,-12.42218,-12.42218,0.04150,-45.0000,-45.0000,-10.0000,-10.0000,-30.0000,-30.0000,-30.0000,-30.0000,-45.0000,-45.0000,-10.0000,-10.0000,-30.0000,-30.0000,-30.0000,-30.0000,-54.000,-54.000,-28.000,-28.000,-10.000,-10.000,-10.000,-10.000,-54.000,-54.000,-28.000,-28.000,-10.000,-10.000,-10.000,-10.000,0.0,0.0,0.0,0.0,0.0,0.0,0.0,0.0,0.0,0.0,0.0,0.0,0.0,0.0,0.0,0.0
1790303535.460265,1.369,-12.42218,-12.42218,-12.42218,-12.42218,-12.42218,-12.42218,-12.42218,0.04150,-12.42218,-12.42218,-12.42218,-12.42218,-12.42218,-12.42218,-12.42218,0.04150,-45.0000,-45.0000,-10.0000,-10.0000,-30.0000,-30.0000,-30.0000,-30.0000,-45.0000,-45.0000,-10.0000,-10.0000,-30.0000,-30.0000,-30.0000,-30.0000,-54.000,-54.000,-28.000,-28.000,-10.000,-10.000,-10.000,-10.000,-54.000,-54.000,-28.000,-28.000,-10.000,-10.000,-10.000,-10.000,0.0,0.0,0.0,0.0,0.0,0.0,0.0,0.0,0.0,0.0,0.0,0.0,0.0,0.0,0.0,0.0
1790303535.470454,1.379,-12.42218,-12.42218,-12.42218,-12.42218,-12.42218,-12.42218,-12.42218,0.04150,-12.42218,-12.42218,-12.42218,-12.42218,-12.42218,-12.42218,-12.42218,0.04150,-45.0000,-45.0000,-10.0000,-10.0000,-30.0000,-30.0000,-30.0000,-30.0000,-45.0000,-45.0000,-10.0000,-10.0000,-30.0000,-30.0000,-30.0000,-30.0000,-54.000,-54.000,-28.000,-28.000,-10.000,-10.000,-10.000,-10.000,-54.000,-54.000,-28.000,-28.000,-10.000,-10.000,-10.000,-10.000,0.0,0.0,0.0,0.0,0.0,0.0,0.0,0.0,0.0,0.0,0.0,0.0,0.0,0.0,0.0,0.0
1790303535.480911,1.390,-12.42218,-12.42218,-12.42218,-12.42218,-12.42218,-12.42218,-12.42218,0.04150,-12.42218,-12.42218,-12.42218,-12.42218,-12.42218,-12.42218,-12.42218,0.04150,-45.0000,-45.0000,-10.0000,-10.0000,-30.0000,-30.0000,-30.0000,-30.0000,-45.0000,-45.0000,-10.0000,-10.0000,-30.0000,-30.0000,-30.0000,-30.0000,-54.000,-54.000,-28.000,-28.000,-10.000,-10.000,-10.000,-10.000,-54.000,-54.000,-28.000,-28.000,-10.000,-10.000,-10.000,-10.000,0.0,0.0,0.0,0.0,0.0,0.0,0.0,0.0,0.0,0.0,0.0,0.0,0.0,0.0,0.0,0.0
1790303535.490469,1.399,-12.42218,-12.42218,-12.42218,-12.42218,-12.42218,-12.42218,-12.42218,0.04150,-12.42218,-12.42218,-12.42218,-12.42218,-12.42218,-12.42218,-12.42218,0.04150,-45.0000,-45.0000,-10.0000,-10.0000,-30.0000,-30.0000,-30.0000,-30.0000,-45.0000,-45.0000,-10.0000,-10.0000,-30.0000,-30.0000,-30.0000,-30.0000,-54.000,-54.000,-28.000,-28.000,-10.000,-10.000,-10.000,-10.000,-54.000,-54.000,-28.000,-28.000,-10.000,-10.000,-10.000,-10.000,0.0,0.0,0.0,0.0,0.0,0.0,0.0,0.0,0.0,0.0,0.0,0.0,0.0,0.0,0.0,0.0
1790303535.500984,1.410,-12.42218,-12.42218,-12.42218,-12.42218,-12.42218,-12.42218,-12.42218,0.04150,-12.42218,-12.42218,-12.42218,-12.42218,-12.42218,-12.42218,-12.42218,0.04150,-45.0000,-45.0000,-10.0000,-10.0000,-30.0000,-30.0000,-30.0000,-30.0000,-45.0000,-45.0000,-10.0000,-10.0000,-30.0000,-30.0000,-30.0000,-30.0000,-54.000,-54.000,-28.000,-28.000,-10.000,-10.000,-10.000,-10.000,-54.000,-54.000,-28.000,-28.000,-10.000,-10.000,-10.000,-10.000,0.0,0.0,0.0,0.0,0.0,0.0,0.0,0.0,0.0,0.0,0.0,0.0,0.0,0.0,0.0,0.0
1790303535.510619,1.420,-12.42218,-12.42218,-12.42218,-12.42218,-12.42218,-12.42218,-12.42218,0.04150,-12.42218,-12.42218,-12.42218,-12.42218,-12.42218,-12.42218,-12.42218,0.04150,-45.0000,-45.0000,-10.0000,-10.0000,-30.0000,-30.0000,-30.0000,-30.0000,-45.0000,-45.0000,-10.0000,-10.0000,-30.0000,-30.0000,-30.0000,-30.0000,-54.000,-54.000,-28.000,-28.000,-10.000,-10.000,-10.000,-10.000,-54.000,-54.000,-28.000,-28.000,-10.000,-10.000,-10.000,-10.000,0.0,0.0,0.0,0.0,0.0,0.0,0.0,0.0,0.0,0.0,0.0,0.0,0.0,0.0,0.0,0.0
1790303535.520734,1.430,-12.42218,-12.42218,-12.42218,-12.42218,-12.42218,-12.42218,-12.42218,0.04150,-12.42218,-12.42218,-12.42218,-12.42218,-12.42218,-12.42218,-12.42218,0.04150,-45.0000,-45.0000,-10.0000,-10.0000,-30.0000,-30.0000,-30.0000,-30.0000,-45.0000,-45.0000,-10.0000,-10.0000,-30.0000,-30.0000,-30.0000,-30.0000,-54.000,-54.000,-28.000,-28.000,-10.000,-10.000,-10.000,-10.000,-54.000,-54.000,-28.000,-28.000,-10.000,-10.000,-10.000,-10.000,0.0,0.0,0.0,0.0,0.0,0.0,0.0,0.0,0.0,0.0,0.0,0.0,0.0,0.0,0.0,0.0
1790303535.530711,1.440,-12.42218,-12.42218,-12.42218,-12.42218,-12.42218,-12.42218,-12.42218,0.04150,-12.42218,-12.42218,-12.42218,-12.42218,-12.42218,-12.42218,-12.42218,0.04150,-45.0000,-45.0000,-10.0000,-10.0000,-30.0000,-30.0000,-30.0000,-30.0000,-45.0000,-45.0000,-10.0000,-10.0000,-30.0000,-30.0000,-30.0000,-30.0000,-54.000,-54.000,-28.000,-28.000,-10.000,-10.000,-10.000,-10.000,-54.000,-54.000,-28.000,-28.000,-10.000,-10.000,-10.000,-10.000,0.0,0.0,0.0,0.0,0.0,0.0,0.0,0.0,0.0,0.0,0.0,0.0,0.0,0.0,0.0,0.0
1790303535.540783,1.450,-12.42218,-12.42218,-12.42218,-12.42218,-12.42218,-12.42218,-12.42218,0.04150,-12.42218,-12.42218,-12.42218,-12.42218,-12.42218,-12.42218,-12.42218,0.04150,-45.0000,-45.0000,-10.0000,-10.0000,-30.0000,-30.0000,-30.0000,-30.0000,-45.0000,-45.0000,-10.0000,-10.0000,-30.0000,-30.0000,-30.0000,-30.0000,-54.000,-54.000,-28.000,-28.000,-10.000,-10.000,-10.000,-10.000,-54.000,-54.000,-28.000,-28.000,-10.000,-10.000,-10.000,-10.000,0.0,0.0,0.0,0.0,0.0,0.0,0.0,0.0,0.0,0.0,0.0,0.0,0.0,0.0,0.0,0.0
1790303535.550323,1.459,-12.42218,-12.42218,-12.42218,-12.42218,-12.42218,-12.42218,-12.42218,0.04150,-12.42218,-12.42218,-12.42218,-12.42218,-12.42218,-12.42218,-12.42218,0.04150,-45.0000,-45.0000,-10.0000,-10.0000,-30.0000,-30.0000,-30.0000,-30.0000,-45.0000,-45.0000,-10.0000,-10.0000,-30.0000,-30.0000,-30.0000,-30.0000,-54.000,-54.000,-28.000,-28.000,-10.000,-10.000,-10.000,-10.000,-54.000,-54.000,-28.000,-28.000,-10.000,-10.000,-10.000,-10.000,0.0,0.0,0.0,0.0,0.0,0.0,0.0,0.0,0.0,0.0,0.0,0.0,0.0,0.0,0.0,0.0
1790303535.561388,1.470,-12.42218,-12.42218,-12.42218,-12.42218,-12.42218,-12.42218,-12.42218,0.04150,-12.42218,-12.42218,-12.42218,-12.42218,-12.42218,-12.42218,-12.42218,0.04150,-45.0000,-45.0000,-10.0000,-10.0000,-30.0000,-30.0000,-30.0000,-30.0000,-45.0000,-45.0000,-10.0000,-10.0000,-30.0000,-30.0000,-30.0000,-30.0000,-54.000,-54.000,-28.000,-28.000,-10.000,-10.000,-10.000,-10.000,-54.000,-54.000,-28.000,-28.000,-10.000,-10.000,-10.000,-10.000,0.0,0.0,0.0,0.0,0.0,0.0,0.0,0.0,0.0,0.0,0.0,0.0,0.0,0.0,0.0,0.0
1790303535.571739,1.481,-12.42218,-12.42218,-12.42218,-12.42218,-12.42218,-12.42218,-12.42218,0.04150,-12.42218,-12.42218,-12.42218,-12.42218,-12.42218,-12.42218,-12.42218,0.04150,-45.0000,-45.0000,-10.0000,-10.0000,-30.0000,-30.0000,-30.0000,-30.0000,-45.0000,-45.0000,-10.0000,-10.0000,-30.0000,-30.0000,-30.0000,-30.0000,-54.000,-54.000,-28.000,-28.000,-10.000,-10.000,-10.000,-10.000,-54.000,-54.000,-28.000,-28.000,-10.000,-10.000,-10.000,-10.000,0.0,0.0,0.0,0.0,0.0,0.0,0.0,0.0,0.0,0.0,0.0,0.0,0.0,0.0,0.0,0.0
1790303535.580625,1.490,-12.42218,-12.42218,-12.42218,-12.42218,-12.42218,-12.42218,-12.42218,0.04150,-12.42218,-12.42218,-12.42218,-12.42218,-12.42218,-12.42218,-12.42218,0.04150,-45.0000,-45.0000,-10.0000,-10.0000,-30.0000,-30.0000,-30.0000,-30.0000,-45.0000,-45.0000,-10.0000,-10.0000,-30.0000,-30.0000,-30.0000,-30.0000,-54.000,-54.000,-28.000,-28.000,-10.000,-10.000,-10.000,-10.000,-54.000,-54.000,-28.000,-28.000,-10.000,-10.000,-10.000,-10.000,0.0,0.0,0.0,0.0,0.0,0.0,0.0,0.0,0.0,0.0,0.0,0.0,0.0,0.0,0.0,0.0
1790303535.590544,1.499,-12.42218,-12.42218,-12.42218,-12.42218,-12.42218,-12.42218,-12.42218,0.04150,-12.42218,-12.42218,-12.42218,-12.42218,-12.42218,-12.42218,-12.42218,0.04150,-45.0000,-45.0000,-10.0000,-10.0000,-30.0000,-30.0000,-30.0000,-30.0000,-45.0000,-45.0000,-10.0000,-10.0000,-30.0000,-30.0000,-30.0000,-30.0000,-54.000,-54.000,-28.000,-28.000,-10.000,-10.000,-10.000,-10.000,-54.000,-54.000,-28.000,-28.000,-10.000,-10.000,-10.000,-10.000,0.0,0.0,0.0,0.0,0.0,0.0,0.0,0.0,0.0,0.0,0.0,0.0,0.0,0.0,0.0,0.0
1790303535.601699,1.511,-12.42218,-12.42218,-12.42218,-12.42218,-12.42218,-12.42218,-12.42218,0.04150,-12.42218,-12.42218,-12.42218,-12.42218,-12.42218,-12.42218,-12.42218,0.04150,-45.0000,-45.0000,-10.0000,-10.0000,-30.0000,-30.0000,-30.0000,-30.0000,-45.0000,-45.0000,-10.0000,-10.0000,-30.0000,-30.0000,-30.0000,-30.0000,-54.000,-54.000,-28.000,-28.000,-10.000,-10.000,-10.000,-10.000,-54.000,-54.000,-28.000,-28.000,-10.000,-10.000,-10.000,-10.000,0.0,0.0,0.0,0.0,0.0,0.0,0.0,0.0,0.0,0.0,0.0,0.0,0.0,0.0,0.0,0.0
1790303535.610429,1.519,-12.42218,-12.42218,-12.42218,-12.42218,-12.42218,-12.42218,-12.42218,0.04150,-12.42218,-12.42218,-12.42218,-12.42218,-12.42218,-12.42218,-12.42218,0.04150,-45.0000,-45.0000,-10.0000,-10.0000,-30.0000,-30.0000,-30.0000,-30.0000,-45.0000,-45.0000,-10.0000,-10.0000,-30.0000,-30.0000,-30.0000,-30.0000,-54.000,-54.000,-28.000,-28.000,-10.000,-10.000,-10.000,-10.000,-54.000,-54.000,-28.000,-28.000,-10.000,-10.000,-10.000,-10.000,0.0,0.0,0.0,0.0,0.0,0.0,0.0,0.0,0.0,0.0,0.0,0.0,0.0,0.0,0.0,0.0
1790303535.620302,1.529,-12.42218,-12.42218,-12.42218,-12.42218,-12.42218,-12.42218,-12.42218,0.04150,-12.42218,-12.42218,-12.42218,-12.42218,-12.42218,-12.42218,-12.42218,0.04150,-45.0000,-45.0000,-10.0000,-10.0000,-30.0000,-30.0000,-30.0000,-30.0000,-45.0000,-45.0000,-10.0000,-10.0000,-30.0000,-30.0000,-30.0000,-30.0000,-54.000,-54.000,-28.000,-28.000,-10.000,-10.000,-10.000,-10.000,-54.000,-54.000,-28.000,-28.000,-10.000,-10.000,-10.000,-10.000,0.0,0.0,0.0,0.0,0.0,0.0,0.0,0.0,0.0,0.0,0.0,0.0,0.0,0.0,0.0,0.0
1790303535.630567,1.539,-12.42218,-12.42218,-12.42218,-12.42218,-12.42218,-12.42218,-12.42218,0.04150,-12.42218,-12.42218,-12.42218,-12.42218,-12.42218,-12.42218,-12.42218,0.04150,-45.0000,-45.0000,-10.0000,-10.0000,-30.0000,-30.0000,-30.0000,-30.0000,-45.0000,-45.0000,-10.0000,-10.0000,-30.0000,-30.0000,-30.0000,-30.0000,-54.000,-54.000,-28.000,-28.000,-10.000,-10.000,-10.000,-10.000,-54.000,-54.000,-28.000,-28.000,-10.000,-10.000,-10.000,-10.000,0.0,0.0,0.0,0.0,0.0,0.0,0.0,0.0,0.0,0.0,0.0,0.0,0.0,0.0,0.0,0.0
1790303535.640939,1.550,-12.42218,-12.42218,-12.42218,-12.42218,-12.42218,-12.42218,-12.42218,0.04150,-12.42218,-12.42218,-12.42218,-12.42218,-12.42218,-12.42218,-12.42218,0.04150,-45.0000,-45.0000,-10.0000,-10.0000,-30.0000,-30.0000,-30.0000,-30.0000,-45.0000,-45.0000,-10.0000,-10.0000,-30.0000,-30.0000,-30.0000,-30.0000,-54.000,-54.000,-28.000,-28.000,-10.000,-10.000,-10.000,-10.000,-54.000,-54.000,-28.000,-28.000,-10.000,-10.000,-10.000,-10.000,0.0,0.0,0.0,0.0,0.0,0.0,0.0,0.0,0.0,0.0,0.0,0.0,0.0,0.0,0.0,0.0
1790303535.651312,1.560,-12.42218,-12.42218,-12.42218,-12.42218,-12.42218,-12.42218,-12.42218,0.04150,-12.42218,-12.42218,-12.42218,-12.42218,-12.42218,-12.42218,-12.42218,0.04150,-45.0000,-45.0000,-10.0000,-10.0000,-30.0000,-30.0000,-30.0000,-30.0000,-45.0000,-45.0000,-10.0000,-10.0000,-30.0000,-30.0000,-30.0000,-30.0000,-54.000,-54.000,-28.000,-28.000,-10.000,-10.000,-10.000,-10.000,-54.000,-54.000,-28.000,-28.000,-10.000,-10.000,-10.000,-10.000,0.0,0.0,0.0,0.0,0.0,0.0,0.0,0.0,0.0,0.0,0.0,0.0,0.0,0.0,0.0,0.0
1790303535.660740,1.570,-12.42218,-12.42218,-12.42218,-12.42218,-12.42218,-12.42218,-12.42218,0.04150,-12.42218,-12.42218,-12.42218,-12.42218,-12.42218,-12.42218,-12.42218,0.04150,-45.0000,-45.0000,-10.0000,-10.0000,-30.0000,-30.0000,-30.0000,-30.0000,-45.0000,-45.0000,-10.0000,-10.0000,-30.0000,-30.0000,-30.0000,-30.0000,-54.000,-54.000,-28.000,-28.000,-10.000,-10.000,-10.000,-10.000,-54.000,-54.000,-28.000,-28.000,-10.000,-10.000,-10.000,-10.000,0.0,0.0,0.0,0.0,0.0,0.0,0.0,0.0,0.0,0.0,0.0,0.0,0.0,0.0,0.0,0.0
1790303535.670935,1.580,-12.42218,-12.42218,-12.42218,-12.42218,-12.42218,-12.42218,-12.42218,0.04150,-12.42218,-12.42218,-12.42218,-12.42218,-12.42218,-12.42218,-12.42218,0.04150,-45.0000,-45.0000,-10.0000,-10.0000,-30.0000,-30.0000,-30.0000,-30.0000,-45.0000,-45.0000,-10.0000,-10.0000,-30.0000,-30.0000,-30.0000,-30.0000,-54.000,-54.000,-28.000,-28.000,-10.000,-10.000,-10.000,-10.000,-54.000,-54.000,-28.000,-28.000,-10.000,-10.000,-10.000,-10.000,0.0,0.0,0.0,0.0,0.0,0.0,0.0,0.0,0.0,0.0,0.0,0.0,0.0,0.0,0.0,0.0
1790303535.680771,1.590,-12.42218,-12.42218,-12.42218,-12.42218,-12.42218,-12.42218,-12.42218,0.04150,-12.42218,-12.42218,-12.42218,-12.42218,-12.42218,-12.42218,-12.42218,0.04150,-45.0000,-45.0000,-10.0000,-10.0000,-30.0000,-30.0000,-30.0000,-30.0000,-45.0000,-45.0000,-10.0000,-10.0000,-30.0000,-30.0000,-30.0000,-30.0000,-54.000,-54.000,-28.000,-28.000,-10.000,-10.000,-10.000,-10.000,-54.000,-54.000,-28.000,-28.000,-10.000,-10.000,-10.000,-10.000,0.0,0.0,0.0,0.0,0.0,0.0,0.0,0.0,0.0,0.0,0.0,0.0,0.0,0.0,0.0,0.0
1790303535.691568,1.600,-12.42218,-12.42218,-12.42218,-12.42218,-12.42218,-12.42218,-12.42218,0.04150,-12.42218,-12.42218,-12.42218,-12.42218,-12.42218,-12.42218,-12.42218,0.04150,-45.0000,-45.0000,-10.0000,-10.0000,-30.0000,-30.0000,-30.0000,-30.0000,-45.0000,-45.0000,-10.0000,-10.0000,-30.0000,-30.0000,-30.0000,-30.0000,-54.000,-54.000,-28.000,-28.000,-10.000,-10.000,-10.000,-10.000,-54.000,-54.000,-28.000,-28.000,-10.000,-10.000,-10.000,-10.000,0.0,0.0,0.0,0.0,0.0,0.0,0.0,0.0,0.0,0.0,0.0,0.0,0.0,0.0,0.0,0.0
1790303535.700681,1.610,-12.42218,-12.42218,-12.42218,-12.42218,-12.42218,-12.42218,-12.42218,0.04150,-12.42218,-12.42218,-12.42218,-12.42218,-12.42218,-12.42218,-12.42218,0.04150,-45.0000,-45.0000,-10.0000,-10.0000,-30.0000,-30.0000,-30.0000,-30.0000,-45.0000,-45.0000,-10.0000,-10.0000,-30.0000,-30.0000,-30.0000,-30.0000,-54.000,-54.000,-28.000,-28.000,-10.000,-10.000,-10.000,-10.000,-54.000,-54.000,-28.000,-28.000,-10.000,-10.000,-10.000,-10.000,0.0,0.0,0.0,0.0,0.0,0.0,0.0,0.0,0.0,0.0,0.0,0.0,0.0,0.0,0.0,0.0
1790303535.712967,1.622,-12.42218,-12.42218,-12.42218,-12.42218,-12.42218,-12.42218,-12.42218,0.04150,-12.42218,-12.42218,-12.42218,-12.42218,-12.42218,-12.42218,-12.42218,0.04150,-45.0000,-45.0000,-10.0000,-10.0000,-30.0000,-30.0000,-30.0000,-30.0000,-45.0000,-45.0000,-10.0000,-10.0000,-30.0000,-30.0000,-30.0000,-30.0000,-54.000,-54.000,-28.000,-28.000,-10.000,-10.000,-10.000,-10.000,-54.000,-54.000,-28.000,-28.000,-10.000,-10.000,-10.000,-10.000,0.0,0.0,0.0,0.0,0.0,0.0,0.0,0.0,0.0,0.0,0.0,0.0,0.0,0.0,0.0,0.0
1790303535.720251,1.629,-12.42218,-12.42218,-12.42218,-12.42218,-12.42218,-12.42218,-12.42218,0.04150,-12.42218,-12.42218,-12.42218,-12.42218,-12.42218,-12.42218,-12.42218,0.04150,-45.0000,-45.0000,-10.0000,-10.0000,-30.0000,-30.0000,-30.0000,-30.0000,-45.0000,-45.0000,-10.0000,-10.0000,-30.0000,-30.0000,-30.0000,-30.0000,-54.000,-54.000,-28.000,-28.000,-10.000,-10.000,-10.000,-10.000,-54.000,-54.000,-28.000,-28.000,-10.000,-10.000,-10.000,-10.000,0.0,0.0,0.0,0.0,0.0,0.0,0.0,0.0,0.0,0.0,0.0,0.0,0.0,0.0,0.0,0.0
1790303535.730918,1.640,-12.42218,-12.42218,-12.42218,-12.42218,-12.42218,-12.42218,-12.42218,0.04150,-12.42218,-12.42218,-12.42218,-12.42218,-12.42218,-12.42218,-12.42218,0.04150,-45.0000,-45.0000,-10.0000,-10.0000,-30.0000,-30.0000,-30.0000,-30.0000,-45.0000,-45.0000,-10.0000,-10.0000,-30.0000,-30.0000,-30.0000,-30.0000,-54.000,-54.000,-28.000,-28.000,-10.000,-10.000,-10.000,-10.000,-54.000,-54.000,-28.000,-28.000,-10.000,-10.000,-10.000,-10.000,0.0,0.0,0.0,0.0,0.0,0.0,0.0,0.0,0.0,0.0,0.0,0.0,0.0,0.0,0.0,0.0
1790303535.740953,1.650,-12.42218,-12.42218,-12.42218,-12.42218,-12.42218,-12.42218,-12.42218,0.04150,-12.42218,-12.42218,-12.42218,-12.42218,-12.42218,-12.42218,-12.42218,0.04150,-45.0000,-45.0000,-10.0000,-10.0000,-30.0000,-30.0000,-30.0000,-30.0000,-45.0000,-45.0000,-10.0000,-10.0000,-30.0000,-30.0000,-30.0000,-30.0000,-54.000,-54.000,-28.000,-28.000,-10.000,-10.000,-10.000,-10.000,-54.000,-54.000,-28.000,-28.000,-10.000,-10.000,-10.000,-10.000,0.0,0.0,0.0,0.0,0.0,0.0,0.0,0.0,0.0,0.0,0.0,0.0,0.0,0.0,0.0,0.0
1790303535.753335,1.662,-12.42218,-12.42218,-12.42218,-12.42218,-12.42218,-12.42218,-12.42218,0.04150,-12.42218,-12.42218,-12.42218,-12.42218,-12.42218,-12.42218,-12.42218,0.04150,-45.0000,-45.0000,-10.0000,-10.0000,-30.0000,-30.0000,-30.0000,-30.0000,-45.0000,-45.0000,-10.0000,-10.0000,-30.0000,-30.0000,-30.0000,-30.0000,-54.000,-54.000,-28.000,-28.000,-10.000,-10.000,-10.000,-10.000,-54.000,-54.000,-28.000,-28.000,-10.000,-10.000,-10.000,-10.000,0.0,0.0,0.0,0.0,0.0,0.0,0.0,0.0,0.0,0.0,0.0,0.0,0.0,0.0,0.0,0.0
1790303535.763399,1.672,-12.42218,-12.42218,-12.42218,-12.42218,-12.42218,-12.42218,-12.42218,0.04150,-12.42218,-12.42218,-12.42218,-12.42218,-12.42218,-12.42218,-12.42218,0.04150,-45.0000,-45.0000,-10.0000,-10.0000,-30.0000,-30.0000,-30.0000,-30.0000,-45.0000,-45.0000,-10.0000,-10.0000,-30.0000,-30.0000,-30.0000,-30.0000,-54.000,-54.000,-28.000,-28.000,-10.000,-10.000,-10.000,-10.000,-54.000,-54.000,-28.000,-28.000,-10.000,-10.000,-10.000,-10.000,0.0,0.0,0.0,0.0,0.0,0.0,0.0,0.0,0.0,0.0,0.0,0.0,0.0,0.0,0.0,0.0
1790303535.770503,1.679,-12.42218,-12.42218,-12.42218,-12.42218,-12.42218,-12.42218,-12.42218,0.04150,-12.42218,-12.42218,-12.42218,-12.42218,-12.42218,-12.42218,-12.42218,0.04150,-45.0000,-45.0000,-10.0000,-10.0000,-30.0000,-30.0000,-30.0000,-30.0000,-45.0000,-45.0000,-10.0000,-10.0000,-30.0000,-30.0000,-30.0000,-30.0000,-54.000,-54.000,-28.000,-28.000,-10.000,-10.000,-10.000,-10.000,-54.000,-54.000,-28.000,-28.000,-10.000,-10.000,-10.000,-10.000,0.0,0.0,0.0,0.0,0.0,0.0,0.0,0.0,0.0,0.0,0.0,0.0,0.0,0.0,0.0,0.0
1790303535.780458,1.689,-12.42218,-12.42218,-12.42218,-12.42218,-12.42218,-12.42218,-12.42218,0.04150,-12.42218,-12.42218,-12.42218,-12.42218,-12.42218,-12.42218,-12.42218,0.04150,-45.0000,-45.0000,-10.0000,-10.0000,-30.0000,-30.0000,-30.0000,-30.0000,-45.0000,-45.0000,-10.0000,-10.0000,-30.0000,-30.0000,-30.0000,-30.0000,-54.000,-54.000,-28.000,-28.000,-10.000,-10.000,-10.000,-10.000,-54.000,-54.000,-28.000,-28.000,-10.000,-10.000,-10.000,-10.000,0.0,0.0,0.0,0.0,0.0,0.0,0.0,0.0,0.0,0.0,0.0,0.0,0.0,0.0,0.0,0.0
1790303535.795543,1.704,-12.42218,-12.42218,-12.42218,-12.42218,-12.42218,-12.42218,-12.42218,0.04150,-12.42218,-12.42218,-12.42218,-12.42218,-12.42218,-12.42218,-12.42218,0.04150,-45.0000,-45.0000,-10.0000,-10.0000,-30.0000,-30.0000,-30.0000,-30.0000,-45.0000,-45.0000,-10.0000,-10.0000,-30.0000,-30.0000,-30.0000,-30.0000,-54.000,-54.000,-28.000,-28.000,-10.000,-10.000,-10.000,-10.000,-54.000,-54.000,-28.000,-28.000,-10.000,-10.000,-10.000,-10.000,0.0,0.0,0.0,0.0,0.0,0.0,0.0,0.0,0.0,0.0,0.0,0.0,0.0,0.0,0.0,0.0
1790303535.801268,1.710,-12.42218,-12.42218,-12.42218,-12.42218,-12.42218,-12.42218,-12.42218,0.04150,-12.42218,-12.42218,-12.42218,-12.42218,-12.42218,-12.42218,-12.42218,0.04150,-45.0000,-45.0000,-10.0000,-10.0000,-30.0000,-30.0000,-30.0000,-30.0000,-45.0000,-45.0000,-10.0000,-10.0000,-30.0000,-30.0000,-30.0000,-30.0000,-54.000,-54.000,-28.000,-28.000,-10.000,-10.000,-10.000,-10.000,-54.000,-54.000,-28.000,-28.000,-10.000,-10.000,-10.000,-10.000,0.0,0.0,0.0,0.0,0.0,0.0,0.0,0.0,0.0,0.0,0.0,0.0,0.0,0.0,0.0,0.0
1790303535.810479,1.719,-12.42218,-12.42218,-12.42218,-12.42218,-12.42218,-12.42218,-12.42218,0.04150,-12.42218,-12.42218,-12.42218,-12.42218,-12.42218,-12.42218,-12.42218,0.04150,-45.0000,-45.0000,-10.0000,-10.0000,-30.0000,-30.0000,-30.0000,-30.0000,-45.0000,-45.0000,-10.0000,-10.0000,-30.0000,-30.0000,-30.0000,-30.0000,-54.000,-54.000,-28.000,-28.000,-10.000,-10.000,-10.000,-10.000,-54.000,-54.000,-28.000,-28.000,-10.000,-10.000,-10.000,-10.000,0.0,0.0,0.0,0.0,0.0,0.0,0.0,0.0,0.0,0.0,0.0,0.0,0.0,0.0,0.0,0.0
1790303535.820946,1.730,-12.42218,-12.42218,-12.42218,-12.42218,-12.42218,-12.42218,-12.42218,0.04150,-12.42218,-12.42218,-12.42218,-12.42218,-12.42218,-12.42218,-12.42218,0.04150,-45.0000,-45.0000,-10.0000,-10.0000,-30.0000,-30.0000,-30.0000,-30.0000,-45.0000,-45.0000,-10.0000,-10.0000,-30.0000,-30.0000,-30.0000,-30.0000,-54.000,-54.000,-28.000,-28.000,-10.000,-10.000,-10.000,-10.000,-54.000,-54.000,-28.000,-28.000,-10.000,-10.000,-10.000,-10.000,0.0,0.0,0.0,0.0,0.0,0.0,0.0,0.0,0.0,0.0,0.0,0.0,0.0,0.0,0.0,0.0
1790303535.831325,1.740,-12.42218,-12.42218,-12.42218,-12.42218,-12.42218,-12.42218,-12.42218,0.04150,-12.42218,-12.42218,-12.42218,-12.42218,-12.42218,-12.42218,-12.42218,0.04150,-45.0000,-45.0000,-10.0000,-10.0000,-30.0000,-30.0000,-30.0000,-30.0000,-45.0000,-45.0000,-10.0000,-10.0000,-30.0000,-30.0000,-30.0000,-30.0000,-54.000,-54.000,-28.000,-28.000,-10.000,-10.000,-10.000,-10.000,-54.000,-54.000,-28.000,-28.000,-10.000,-10.000,-10.000,-10.000,0.0,0.0,0.0,0.0,0.0,0.0,0.0,0.0,0.0,0.0,0.0,0.0,0.0,0.0,0.0,0.0
1790303535.840671,1.750,-12.42218,-12.42218,-12.42218,-12.42218,-12.42218,-12.42218,-12.42218,0.04150,-12.42218,-12.42218,-12.42218,-12.42218,-12.42218,-12.42218,-12.42218,0.04150,-45.0000,-45.0000,-10.0000,-10.0000,-30.0000,-30.0000,-30.0000,-30.0000,-45.0000,-45.0000,-10.0000,-10.0000,-30.0000,-30.0000,-30.0000,-30.0000,-54.000,-54.000,-28.000,-28.000,-10.000,-10.000,-10.000,-10.000,-54.000,-54.000,-28.000,-28.000,-10.000,-10.000,-10.000,-10.000,0.0,0.0,0.0,0.0,0.0,0.0,0.0,0.0,0.0,0.0,0.0,0.0,0.0,0.0,0.0,0.0
1790303535.850805,1.760,-12.42218,-12.42218,-12.42218,-12.42218,-12.42218,-12.42218,-12.42218,0.04150,-12.42218,-12.42218,-12.42218,-12.42218,-12.42218,-12.42218,-12.42218,0.04150,-45.0000,-45.0000,-10.0000,-10.0000,-30.0000,-30.0000,-30.0000,-30.0000,-45.0000,-45.0000,-10.0000,-10.0000,-30.0000,-30.0000,-30.0000,-30.0000,-54.000,-54.000,-28.000,-28.000,-10.000,-10.000,-10.000,-10.000,-54.000,-54.000,-28.000,-28.000,-10.000,-10.000,-10.000,-10.000,0.0,0.0,0.0,0.0,0.0,0.0,0.0,0.0,0.0,0.0,0.0,0.0,0.0,0.0,0.0,0.0
1790303535.860536,1.769,-12.42218,-12.42218,-12.42218,-12.42218,-12.42218,-12.42218,-12.42218,0.04150,-12.42218,-12.42218,-12.42218,-12.42218,-12.42218,-12.42218,-12.42218,0.04150,-45.0000,-45.0000,-10.0000,-10.0000,-30.0000,-30.0000,-30.0000,-30.0000,-45.0000,-45.0000,-10.0000,-10.0000,-30.0000,-30.0000,-30.0000,-30.0000,-54.000,-54.000,-28.000,-28.000,-10.000,-10.000,-10.000,-10.000,-54.000,-54.000,-28.000,-28.000,-10.000,-10.000,-10.000,-10.000,0.0,0.0,0.0,0.0,0.0,0.0,0.0,0.0,0.0,0.0,0.0,0.0,0.0,0.0,0.0,0.0
1790303535.870791,1.780,-12.42218,-12.42218,-12.42218,-12.42218,-12.42218,-12.42218,-12.42218,0.04150,-12.42218,-12.42218,-12.42218,-12.42218,-12.42218,-12.42218,-12.42218,0.04150,-45.0000,-45.0000,-10.0000,-10.0000,-30.0000,-30.0000,-30.0000,-30.0000,-45.0000,-45.0000,-10.0000,-10.0000,-30.0000,-30.0000,-30.0000,-30.0000,-54.000,-54.000,-28.000,-28.000,-10.000,-10.000,-10.000,-10.000,-54.000,-54.000,-28.000,-28.000,-10.000,-10.000,-10.000,-10.000,0.0,0.0,0.0,0.0,0.0,0.0,0.0,0.0,0.0,0.0,0.0,0.0,0.0,0.0,0.0,0.0
1790303535.880593,1.789,-12.42218,-12.42218,-12.42218,-12.42218,-12.42218,-12.42218,-12.42218,0.04150,-12.42218,-12.42218,-12.42218,-12.42218,-12.42218,-12.42218,-12.42218,0.04150,-45.0000,-45.0000,-10.0000,-10.0000,-30.0000,-30.0000,-30.0000,-30.0000,-45.0000,-45.0000,-10.0000,-10.0000,-30.0000,-30.0000,-30.0000,-30.0000,-54.000,-54.000,-28.000,-28.000,-10.000,-10.000,-10.000,-10.000,-54.000,-54.000,-28.000,-28.000,-10.000,-10.000,-10.000,-10.000,0.0,0.0,0.0,0.0,0.0,0.0,0.0,0.0,0.0,0.0,0.0,0.0,0.0,0.0,0.0,0.0
1790303535.890799,1.800,-12.42218,-12.42218,-12.42218,-12.42218,-12.42218,-12.42218,-12.42218,0.04150,-12.42218,-12.42218,-12.42218,-12.42218,-12.42218,-12.42218,-12.42218,0.04150,-45.0000,-45.0000,-10.0000,-10.0000,-30.0000,-30.0000,-30.0000,-30.0000,-45.0000,-45.0000,-10.0000,-10.0000,-30.0000,-30.0000,-30.0000,-30.0000,-54.000,-54.000,-28.000,-28.000,-10.000,-10.000,-10.000,-10.000,-54.000,-54.000,-28.000,-28.000,-10.000,-10.000,-10.000,-10.000,0.0,0.0,0.0,0.0,0.0,0.0,0.0,0.0,0.0,0.0,0.0,0.0,0.0,0.0,0.0,0.0
1790303535.900595,1.809,-12.42218,-12.42218,-12.42218,-12.42218,-12.42218,-12.42218,-12.42218,0.04150,-12.42218,-12.42218,-12.42218,-12.42218,-12.42218,-12.42218,-12.42218,0.04150,-45.0000,-45.0000,-10.0000,-10.0000,-30.0000,-30.0000,-30.0000,-30.0000,-45.0000,-45.0000,-10.0000,-10.0000,-30.0000,-30.0000,-30.0000,-30.0000,-54.000,-54.000,-28.000,-28.000,-10.000,-10.000,-10.000,-10.000,-54.000,-54.000,-28.000,-28.000,-10.000,-10.000,-10.000,-10.000,0.0,0.0,0.0,0.0,0.0,0.0,0.0,0.0,0.0,0.0,0.0,0.0,0.0,0.0,0.0,0.0
1790303535.910765,1.820,-12.42218,-12.42218,-12.42218,-12.42218,-12.42218,-12.42218,-12.42218,0.04150,-12.42218,-12.42218,-12.42218,-12.42218,-12.42218,-12.42218,-12.42218,0.04150,-45.0000,-45.0000,-10.0000,-10.0000,-30.0000,-30.0000,-30.0000,-30.0000,-45.0000,-45.0000,-10.0000,-10.0000,-30.0000,-30.0000,-30.0000,-30.0000,-54.000,-54.000,-28.000,-28.000,-10.000,-10.000,-10.000,-10.000,-54.000,-54.000,-28.000,-28.000,-10.000,-10.000,-10.000,-10.000,0.0,0.0,0.0,0.0,0.0,0.0,0.0,0.0,0.0,0.0,0.0,0.0,0.0,0.0,0.0,0.0
1790303535.920613,1.829,-12.42218,-12.42218,-12.42218,-12.42218,-12.42218,-12.42218,-12.42218,0.04150,-12.42218,-12.42218,-12.42218,-12.42218,-12.42218,-12.42218,-12.42218,0.04150,-45.0000,-45.0000,-10.0000,-10.0000,-30.0000,-30.0000,-30.0000,-30.0000,-45.0000,-45.0000,-10.0000,-10.0000,-30.0000,-30.0000,-30.0000,-30.0000,-54.000,-54.000,-28.000,-28.000,-10.000,-10.000,-10.000,-10.000,-54.000,-54.000,-28.000,-28.000,-10.000,-10.000,-10.000,-10.000,0.0,0.0,0.0,0.0,0.0,0.0,0.0,0.0,0.0,0.0,0.0,0.0,0.0,0.0,0.0,0.0
1790303535.930780,1.840,-12.42218,-12.42218,-12.42218,-12.42218,-12.42218,-12.42218,-12.42218,0.04150,-12.42218,-12.42218,-12.42218,-12.42218,-12.42218,-12.42218,-12.42218,0.04150,-45.0000,-45.0000,-10.0000,-10.0000,-30.0000,-30.0000,-30.0000,-30.0000,-45.0000,-45.0000,-10.0000,-10.0000,-30.0000,-30.0000,-30.0000,-30.0000,-54.000,-54.000,-28.000,-28.000,-10.000,-10.000,-10.000,-10.000,-54.000,-54.000,-28.000,-28.000,-10.000,-10.000,-10.000,-10.000,0.0,0.0,0.0,0.0,0.0,0.0,0.0,0.0,0.0,0.0,0.0,0.0,0.0,0.0,0.0,0.0
1790303535.940557,1.849,-12.42218,-12.42218,-12.42218,-12.42218,-12.42218,-12.42218,-12.42218,0.04150,-12.42218,-12.42218,-12.42218,-12.42218,-12.42218,-12.42218,-12.42218,0.04150,-45.0000,-45.0000,-10.0000,-10.0000,-30.0000,-30.0000,-30.0000,-30.0000,-45.0000,-45.0000,-10.0000,-10.0000,-30.0000,-30.0000,-30.0000,-30.0000,-54.000,-54.000,-28.000,-28.000,-10.000,-10.000,-10.000,-10.000,-54.000,-54.000,-28.000,-28.000,-10.000,-10.000,-10.000,-10.000,0.0,0.0,0.0,0.0,0.0,0.0,0.0,0.0,0.0,0.0,0.0,0.0,0.0,0.0,0.0,0.0
1790303535.950835,1.860,-12.42218,-12.42218,-12.42218,-12.42218,-12.42218,-12.42218,-12.42218,0.04150,-12.42218,-12.42218,-12.42218,-12.42218,-12.42218,-12.42218,-12.42218,0.04150,-45.0000,-45.0000,-10.0000,-10.0000,-30.0000,-30.0000,-30.0000,-30.0000,-45.0000,-45.0000,-10.0000,-10.0000,-30.0000,-30.0000,-30.0000,-30.0000,-54.000,-54.000,-28.000,-28.000,-10.000,-10.000,-10.000,-10.000,-54.000,-54.000,-28.000,-28.000,-10.000,-10.000,-10.000,-10.000,0.0,0.0,0.0,0.0,0.0,0.0,0.0,0.0,0.0,0.0,0.0,0.0,0.0,0.0,0.0,0.0
1790303535.960678,1.870,-12.42218,-12.42218,-12.42218,-12.42218,-12.42218,-12.42218,-12.42218,0.04150,-12.42218,-12.42218,-12.42218,-12.42218,-12.42218,-12.42218,-12.42218,0.04150,-45.0000,-45.0000,-10.0000,-10.0000,-30.0000,-30.0000,-30.0000,-30.0000,-45.0000,-45.0000,-10.0000,-10.0000,-30.0000,-30.0000,-30.0000,-30.0000,-54.000,-54.000,-28.000,-28.000,-10.000,-10.000,-10.000,-10.000,-54.000,-54.000,-28.000,-28.000,-10.000,-10.000,-10.000,-10.000,0.0,0.0,0.0,0.0,0.0,0.0,0.0,0.0,0.0,0.0,0.0,0.0,0.0,0.0,0.0,0.0
1790303535.970405,1.879,-12.42218,-12.42218,-12.42218,-12.42218,-12.42218,-12.42218,-12.42218,0.04150,-12.42218,-12.42218,-12.42218,-12.42218,-12.42218,-12.42218,-12.42218,0.04150,-45.0000,-45.0000,-10.0000,-10.0000,-30.0000,-30.0000,-30.0000,-30.0000,-45.0000,-45.0000,-10.0000,-10.0000,-30.0000,-30.0000,-30.0000,-30.0000,-54.000,-54.000,-28.000,-28.000,-10.000,-10.000,-10.000,-10.000,-54.000,-54.000,-28.000,-28.000,-10.000,-10.000,-10.000,-10.000,0.0,0.0,0.0,0.0,0.0,0.0,0.0,0.0,0.0,0.0,0.0,0.0,0.0,0.0,0.0,0.0
1790303535.980611,1.889,-12.42218,-12.42218,-12.42218,-12.42218,-12.42218,-12.42218,-12.42218,0.04150,-12.42218,-12.42218,-12.42218,-12.42218,-12.42218,-12.42218,-12.42218,0.04150,-45.0000,-45.0000,-10.0000,-10.0000,-30.0000,-30.0000,-30.0000,-30.0000,-45.0000,-45.0000,-10.0000,-10.0000,-30.0000,-30.0000,-30.0000,-30.0000,-54.000,-54.000,-28.000,-28.000,-10.000,-10.000,-10.000,-10.000,-54.000,-54.000,-28.000,-28.000,-10.000,-10.000,-10.000,-10.000,0.0,0.0,0.0,0.0,0.0,0.0,0.0,0.0,0.0,0.0,0.0,0.0,0.0,0.0,0.0,0.0
1790303535.990835,1.900,-12.42218,-12.42218,-12.42218,-12.42218,-12.42218,-12.42218,-12.42218,0.04150,-12.42218,-12.42218,-12.42218,-12.42218,-12.42218,-12.42218,-12.42218,0.04150,-45.0000,-45.0000,-10.0000,-10.0000,-30.0000,-30.0000,-30.0000,-30.0000,-45.0000,-45.0000,-10.0000,-10.0000,-30.0000,-30.0000,-30.0000,-30.0000,-54.000,-54.000,-28.000,-28.000,-10.000,-10.000,-10.000,-10.000,-54.000,-54.000,-28.000,-28.000,-10.000,-10.000,-10.000,-10.000,0.0,0.0,0.0,0.0,0.0,0.0,0.0,0.0,0.0,0.0,0.0,0.0,0.0,0.0,0.0,0.0
1790303536.000601,1.909,-12.42218,-12.42218,-12.42218,-12.42218,-12.42218,-12.42218,-12.42218,0.04150,-12.42218,-12.42218,-12.42218,-12.42218,-12.42218,-12.42218,-12.42218,0.04150,-45.0000,-45.0000,-10.0000,-10.0000,-30.0000,-30.0000,-30.0000,-30.0000,-45.0000,-45.0000,-10.0000,-10.0000,-30.0000,-30.0000,-30.0000,-30.0000,-54.000,-54.000,-28.000,-28.000,-10.000,-10.000,-10.000,-10.000,-54.000,-54.000,-28.000,-28.000,-10.000,-10.000,-10.000,-10.000,0.0,0.0,0.0,0.0,0.0,0.0,0.0,0.0,0.0,0.0,0.0,0.0,0.0,0.0,0.0,0.0
1790303536.010834,1.920,-12.42218,-12.42218,-12.42218,-12.42218,-12.42218,-12.42218,-12.42218,0.04150,-12.42218,-12.42218,-12.42218,-12.42218,-12.42218,-12.42218,-12.42218,0.04150,-45.0000,-45.0000,-10.0000,-10.0000,-30.0000,-30.0000,-30.0000,-30.0000,-45.0000,-45.0000,-10.0000,-10.0000,-30.0000,-30.0000,-30.0000,-30.0000,-54.000,-54.000,-28.000,-28.000,-10.000,-10.000,-10.000,-10.000,-54.000,-54.000,-28.000,-28.000,-10.000,-10.000,-10.000,-10.000,0.0,0.0,0.0,0.0,0.0,0.0,0.0,0.0,0.0,0.0,0.0,0.0,0.0,0.0,0.0,0.0
1790303536.020211,1.929,-12.42218,-12.42218,-12.42218,-12.42218,-12.42218,-12.42218,-12.42218,0.04150,-12.42218,-12.42218,-12.42218,-12.42218,-12.42218,-12.42218,-12.42218,0.04150,-45.0000,-45.0000,-10.0000,-10.0000,-30.0000,-30.0000,-30.0000,-27.6557,-45.0000,-45.0000,-10.0000,-10.0000,-30.0000,-30.0000,-30.0000,-30.0000,-54.000,-54.000,-28.000,-28.000,-10.000,-10.000,-10.000,-4.999,-54.000,-54.000,-28.000,-28.000,-10.000,-10.000,-10.000,-10.000,0.0,0.0,0.0,0.0,0.0,0.0,0.0,0.0,0.0,0.0,0.0,0.0,0.0,0.0,0.0,0.0
1790303536.030446,1.939,-12.42218,-12.42218,-12.42218,-12.42218,-12.42218,-12.42218,-12.42218,0.04150,-12.42218,-12.42218,-12.42218,-12.42218,-12.42218,-12.42218,-12.42218,0.04150,-45.0000,-45.0000,-10.0000,-10.0000,-30.0000,-30.0000,-30.0000,-27.6557,-45.0000,-45.0000,-10.0000,-10.0000,-30.0000,-30.0000,-30.0000,-30.0000,-54.000,-54.000,-28.000,-28.000,-10.000,-10.000,-10.000,-4.999,-54.000,-54.000,-28.000,-28.000,-10.000,-10.000,-10.000,-10.000,0.0,0.0,0.0,0.0,0.0,0.0,0.0,0.0,0.0,0.0,0.0,0.0,0.0,0.0,0.0,0.0
1790303536.041708,1.951,-12.42218,-12.42218,-12.42218,-12.42218,-12.42218,-12.42218,-12.42218,0.04150,-12.42218,-12.42218,-12.42218,-12.42218,-12.42218,-12.42218,-12.42218,0.04150,-45.0000,-45.0000,-10.0000,-10.0000,-30.0000,-30.0000,-30.0000,-27.6557,-45.0000,-45.0000,-10.0000,-10.0000,-30.0000,-30.0000,-30.0000,-30.0000,-54.000,-54.000,-28.000,-28.000,-10.000,-10.000,-10.000,-4.999,-54.000,-54.000,-28.000,-28.000,-10.000,-10.000,-10.000,-10.000,0.0,0.0,0.0,0.0,0.0,0.0,0.0,0.0,0.0,0.0,0.0,0.0,0.0,0.0,0.0,0.0
1790303536.050931,1.960,-12.42218,-12.42218,-12.42218,-12.42218,-12.42218,-12.42218,-12.42218,0.04150,-12.42218,-12.42218,-12.42218,-12.42218,-12.42218,-12.42218,-12.42218,0.04150,-45.0000,-45.0000,-10.0000,-10.0000,-30.0000,-30.0000,-30.0000,-27.6557,-45.0000,-45.0000,-10.0000,-10.0000,-30.0000,-30.0000,-30.0000,-30.0000,-54.000,-54.000,-28.000,-28.000,-10.000,-10.000,-10.000,-4.999,-54.000,-54.000,-28.000,-28.000,-10.000,-10.000,-10.000,-10.000,0.0,0.0,0.0,0.0,0.0,0.0,0.0,0.0,0.0,0.0,0.0,0.0,0.0,0.0,0.0,0.0
1790303536.060182,1.969,-12.42218,-12.42218,-12.42218,-12.42218,-12.42218,-12.42218,-12.42218,0.04150,-12.42218,-12.42218,-12.42218,-12.42218,-12.42218,-12.42218,-12.42218,0.04150,-45.0000,-45.0000,-10.0000,-10.0000,-30.0000,-30.0000,-30.0000,-30.0000,-45.0000,-45.0000,-10.0000,-10.0000,-30.0000,-30.0000,-30.0000,-30.0000,-54.000,-54.000,-28.000,-28.000,-10.000,-10.000,-10.000,-10.000,-54.000,-54.000,-28.000,-28.000,-10.000,-10.000,-10.000,-10.000,0.0,0.0,0.0,0.0,0.0,0.0,0.0,0.0,0.0,0.0,0.0,0.0,0.0,0.0,0.0,0.0
1790303536.109830,2.019,-12.42218,-12.42218,-12.42218,-12.42218,-12.42218,-12.42218,-12.42218,0.04150,-12.42218,-12.42218,-12.42218,-12.42218,-12.42218,-12.42218,-12.42218,0.04150,-45.0000,-45.0000,-10.0000,-10.0000,-30.0000,-30.0000,-30.0000,-30.0000,-45.0000,-45.0000,-10.0000,-10.0000,-30.0000,-30.0000,-30.0000,-30.0000,-54.000,-54.000,-28.000,-28.000,-10.000,-10.000,-10.000,-10.000,-54.000,-54.000,-28.000,-28.000,-10.000,-10.000,-10.000,-10.000,0.0,0.0,0.0,0.0,0.0,0.0,0.0,0.0,0.0,0.0,0.0,0.0,0.0,0.0,0.0,0.0
1790303536.117233,2.026,-12.42218,-12.42218,-12.42218,-12.42218,-12.42218,-12.42218,-12.42218,0.04150,-12.42218,-12.42218,-12.42218,-12.42218,-12.42218,-12.42218,-12.42218,0.04150,-45.0000,-45.0000,-10.0000,-10.0000,-30.0000,-30.0000,-30.0000,-30.0000,-45.0000,-45.0000,-10.0000,-10.0000,-30.0000,-30.0000,-30.0000,-27.6557,-54.000,-54.000,-28.000,-28.000,-10.000,-10.000,-10.000,-10.000,-54.000,-54.000,-28.000,-28.000,-10.000,-10.000,-10.000,-4.999,0.0,0.0,0.0,0.0,0.0,0.0,0.0,0.0,0.0,0.0,0.0,0.0,0.0,0.0,0.0,0.0
1790303536.119798,2.029,-12.42218,-12.42218,-12.42218,-12.42218,-12.42218,-12.42218,-12.42218,0.04150,-12.42218,-12.42218,-12.42218,-12.42218,-12.42218,-12.42218,-12.42218,0.04150,-45.0000,-45.0000,-10.0000,-10.0000,-30.0000,-30.0000,-30.0000,-30.0000,-45.0000,-45.0000,-10.0000,-10.0000,-30.0000,-30.0000,-30.0000,-27.6557,-54.000,-54.000,-28.000,-28.000,-10.000,-10.000,-10.000,-10.000,-54.000,-54.000,-28.000,-28.000,-10.000,-10.000,-10.000,-4.999,0.0,0.0,0.0,0.0,0.0,0.0,0.0,0.0,0.0,0.0,0.0,0.0,0.0,0.0,0.0,0.0
1790303536.123959,2.033,-12.42218,-12.42218,-12.42218,-12.42218,-12.42218,-12.42218,-12.42218,0.04150,-12.42218,-12.42218,-12.42218,-12.42218,-12.42218,-12.42218,-12.42218,0.04150,-45.0000,-45.0000,-10.0000,-10.0000,-30.0000,-30.0000,-30.0000,-30.0000,-45.0000,-45.0000,-10.0000,-10.0000,-30.0000,-30.0000,-30.0000,-27.6557,-54.000,-54.000,-28.000,-28.000,-10.000,-10.000,-10.000,-10.000,-54.000,-54.000,-28.000,-28.000,-10.000,-10.000,-10.000,-4.999,0.0,0.0,0.0,0.0,0.0,0.0,0.0,0.0,0.0,0.0,0.0,0.0,0.0,0.0,0.0,0.0
1790303536.126399,2.035,-12.42218,-12.42218,-12.42218,-12.42218,-12.42218,-12.42218,-12.42218,0.04150,-12.42218,-12.42218,-12.42218,-12.42218,-12.42218,-12.42218,-12.42218,0.04150,-45.0000,-45.0000,-10.0000,-10.0000,-30.0000,-30.0000,-30.0000,-30.0000,-45.0000,-45.0000,-10.0000,-10.0000,-30.0000,-30.0000,-30.0000,-27.6557,-54.000,-54.000,-28.000,-28.000,-10.000,-10.000,-10.000,-10.000,-54.000,-54.000,-28.000,-28.000,-10.000,-10.000,-10.000,-4.999,0.0,0.0,0.0,0.0,0.0,0.0,0.0,0.0,0.0,0.0,0.0,0.0,0.0,0.0,0.0,0.0
1790303536.127038,2.036,-12.42218,-12.42218,-12.42218,-12.42218,-12.42218,-12.42218,-12.42218,0.04150,-12.42218,-12.42218,-12.42218,-12.42218,-12.42218,-12.42218,-12.42218,0.04150,-45.0000,-45.0000,-10.0000,-10.0000,-30.0000,-30.0000,-30.0000,-30.0000,-45.0000,-45.0000,-10.0000,-10.0000,-30.0000,-30.0000,-30.0000,-27.6557,-54.000,-54.000,-28.000,-28.000,-10.000,-10.000,-10.000,-10.000,-54.000,-54.000,-28.000,-28.000,-10.000,-10.000,-10.000,-4.999,0.0,0.0,0.0,0.0,0.0,0.0,0.0,0.0,0.0,0.0,0.0,0.0,0.0,0.0,0.0,0.0
1790303536.129929,2.039,-12.42218,-12.42218,-12.42218,-12.42218,-12.42218,-12.42218,-12.42218,0.04150,-12.42218,-12.42218,-12.42218,-12.42218,-12.42218,-12.42218,-12.42218,0.04150,-45.0000,-45.0000,-10.0000,-10.0000,-30.0000,-30.0000,-30.0000,-30.0000,-45.0000,-45.0000,-10.0000,-10.0000,-30.0000,-30.0000,-30.0000,-30.0000,-54.000,-54.000,-28.000,-28.000,-10.000,-10.000,-10.000,-10.000,-54.000,-54.000,-28.000,-28.000,-10.000,-10.000,-10.000,-10.000,0.0,0.0,0.0,0.0,0.0,0.0,0.0,0.0,0.0,0.0,0.0,0.0,0.0,0.0,0.0,0.0
1790303536.140268,2.049,-12.42218,-12.42218,-12.42218,-12.42218,-12.42218,-12.42218,-12.42218,0.04150,-12.42218,-12.42218,-12.42218,-12.42218,-12.42218,-12.42218,-12.42218,0.04150,-45.0000,-45.0000,-10.0000,-10.0000,-30.0000,-30.0000,-30.0000,-30.0000,-45.0000,-45.0000,-10.0000,-10.0000,-30.0000,-30.0000,-30.0000,-30.0000,-54.000,-54.000,-28.000,-28.000,-10.000,-10.000,-10.000,-10.000,-54.000,-54.000,-28.000,-28.000,-10.000,-10.000,-10.000,-10.000,0.0,0.0,0.0,0.0,0.0,0.0,0.0,0.0,0.0,0.0,0.0,0.0,0.0,0.0,0.0,0.0
1790303536.152153,2.061,-12.42218,-12.42218,-12.42218,-12.42218,-12.42218,-12.42218,-12.42218,0.04150,-12.42218,-12.42218,-12.42218,-12.42218,-12.42218,-12.42218,-12.42218,0.04150,-45.0000,-45.0000,-10.0000,-10.0000,-30.0000,-30.0000,-30.0000,-30.0000,-45.0000,-45.0000,-10.0000,-10.0000,-30.0000,-30.0000,-30.0000,-30.0000,-54.000,-54.000,-28.000,-28.000,-10.000,-10.000,-10.000,-10.000,-54.000,-54.000,-28.000,-28.000,-10.000,-10.000,-10.000,-10.000,0.0,0.0,0.0,0.0,0.0,0.0,0.0,0.0,0.0,0.0,0.0,0.0,0.0,0.0,0.0,0.0
1790303536.160983,2.070,-12.42218,-12.42218,-12.42218,-12.42218,-12.42218,-12.42218,-12.42218,0.04150,-12.42218,-12.42218,-12.42218,-12.42218,-12.42218,-12.42218,-12.42218,0.04150,-45.0000,-45.0000,-10.0000,-10.0000,-30.0000,-30.0000,-30.0000,-30.0000,-45.0000,-45.0000,-10.0000,-10.0000,-30.0000,-30.0000,-30.0000,-30.0000,-54.000,-54.000,-28.000,-28.000,-10.000,-10.000,-10.000,-10.000,-54.000,-54.000,-28.000,-28.000,-10.000,-10.000,-10.000,-10.000,0.0,0.0,0.0,0.0,0.0,0.0,0.0,0.0,0.0,0.0,0.0,0.0,0.0,0.0,0.0,0.0
1790303536.170652,2.080,-12.42218,-12.42218,-12.42218,-12.42218,-12.42218,-12.42218,-12.42218,0.04150,-12.42218,-12.42218,-12.42218,-12.42218,-12.42218,-12.42218,-12.42218,0.04150,-45.0000,-45.0000,-10.0000,-10.0000,-30.0000,-30.0000,-30.0000,-30.0000,-45.0000,-45.0000,-10.0000,-10.0000,-30.0000,-30.0000,-30.0000,-30.0000,-54.000,-54.000,-28.000,-28.000,-10.000,-10.000,-10.000,-10.000,-54.000,-54.000,-28.000,-28.000,-10.000,-10.000,-10.000,-10.000,0.0,0.0,0.0,0.0,0.0,0.0,0.0,0.0,0.0,0.0,0.0,0.0,0.0,0.0,0.0,0.0
1790303536.180293,2.089,-12.42218,-12.42218,-12.42218,-12.42218,-12.42218,-12.42218,-12.42218,0.04150,-12.42218,-12.42218,-12.42218,-12.42218,-12.42218,-12.42218,-12.42218,0.04150,-45.0000,-45.0000,-10.0000,-10.0000,-30.0000,-30.0000,-30.0000,-30.0000,-45.0000,-45.0000,-10.0000,-10.0000,-30.0000,-30.0000,-30.0000,-30.0000,-54.000,-54.000,-28.000,-28.000,-10.000,-10.000,-10.000,-10.000,-54.000,-54.000,-28.000,-28.000,-10.000,-10.000,-10.000,-10.000,0.0,0.0,0.0,0.0,0.0,0.0,0.0,0.0,0.0,0.0,0.0,0.0,0.0,0.0,0.0,0.0
1790303536.190502,2.099,-12.42218,-12.42218,-12.42218,-12.42218,-12.42218,-12.42218,-12.42218,0.04150,-12.42218,-12.42218,-12.42218,-12.42218,-12.42218,-12.42218,-12.42218,0.04150,-45.0000,-45.0000,-10.0000,-10.0000,-30.0000,-30.0000,-30.0000,-30.0000,-45.0000,-45.0000,-10.0000,-10.0000,-30.0000,-30.0000,-30.0000,-30.0000,-54.000,-54.000,-28.000,-28.000,-10.000,-10.000,-10.000,-10.000,-54.000,-54.000,-28.000,-28.000,-10.000,-10.000,-10.000,-10.000,0.0,0.0,0.0,0.0,0.0,0.0,0.0,0.0,0.0,0.0,0.0,0.0,0.0,0.0,0.0,0.0
1790303536.200353,2.109,-12.42218,-12.42218,-12.42218,-12.42218,-12.42218,-12.42218,-12.42218,0.04150,-12.42218,-12.42218,-12.42218,-12.42218,-12.42218,-12.42218,-12.42218,0.04150,-45.0000,-45.0000,-10.0000,-10.0000,-30.0000,-30.0000,-30.0000,-30.0000,-45.0000,-45.0000,-10.0000,-10.0000,-30.0000,-30.0000,-30.0000,-30.0000,-54.000,-54.000,-28.000,-28.000,-10.000,-10.000,-10.000,-10.000,-54.000,-54.000,-28.000,-28.000,-10.000,-10.000,-10.000,-10.000,0.0,0.0,0.0,0.0,0.0,0.0,0.0,0.0,0.0,0.0,0.0,0.0,0.0,0.0,0.0,0.0
1790303536.210443,2.119,-12.42218,-12.42218,-12.42218,-12.42218,-12.42218,-12.42218,-12.42218,0.04150,-12.42218,-12.42218,-12.42218,-12.42218,-12.42218,-12.42218,-12.42218,0.04150,-45.0000,-45.0000,-10.0000,-10.0000,-30.0000,-30.0000,-30.0000,-30.0000,-45.0000,-45.0000,-10.0000,-10.0000,-30.0000,-30.0000,-30.0000,-30.0000,-54.000,-54.000,-28.000,-28.000,-10.000,-10.000,-10.000,-10.000,-54.000,-54.000,-28.000,-28.000,-10.000,-10.000,-10.000,-10.000,0.0,0.0,0.0,0.0,0.0,0.0,0.0,0.0,0.0,0.0,0.0,0.0,0.0,0.0,0.0,0.0
1790303536.220306,2.129,-12.42218,-12.42218,-12.42218,-12.42218,-12.42218,-12.42218,-12.42218,0.04150,-12.42218,-12.42218,-12.42218,-12.42218,-12.42218,-12.42218,-12.42218,0.04150,-45.0000,-45.0000,-10.0000,-10.0000,-30.0000,-30.0000,-30.0000,-30.0000,-45.0000,-45.0000,-10.0000,-10.0000,-30.0000,-30.0000,-30.0000,-30.0000,-54.000,-54.000,-28.000,-28.000,-10.000,-10.000,-10.000,-10.000,-54.000,-54.000,-28.000,-28.000,-10.000,-10.000,-10.000,-10.000,0.0,0.0,0.0,0.0,0.0,0.0,0.0,0.0,0.0,0.0,0.0,0.0,0.0,0.0,0.0,0.0
1790303536.272361,2.181,-12.42218,-12.42218,-12.42218,-12.42218,-12.42218,-12.42218,-12.42218,0.04150,-12.42218,-12.42218,-12.42218,-12.42218,-12.42218,-12.42218,-12.42218,0.04150,-45.0000,-45.0000,-10.0000,-10.0000,-30.0000,-30.0000,-30.0000,-30.0000,-45.0000,-45.0000,-10.0000,-10.0000,-30.0000,-30.0000,-30.0000,-30.0000,-54.000,-54.000,-28.000,-28.000,-10.000,-10.000,-10.000,-10.000,-54.000,-54.000,-28.000,-28.000,-10.000,-10.000,-10.000,-10.000,0.0,0.0,0.0,0.0,0.0,0.0,0.0,0.0,0.0,0.0,0.0,0.0,0.0,0.0,0.0,0.0
1790303536.277316,2.186,-12.42218,-12.42218,-12.42218,-12.42218,-12.42218,-12.42218,-12.42218,0.04150,-12.42218,-12.42218,-12.42218,-12.42218,-12.42218,-12.42218,-12.42218,0.04150,-45.0000,-45.0000,-10.0000,-10.0000,-30.0000,-30.0000,-30.0000,-30.0000,-45.0000,-45.0000,-10.0000,-10.0000,-30.0000,-30.0000,-30.0000,-30.0000,-54.000,-54.000,-28.000,-28.000,-10.000,-10.000,-10.000,-10.000,-54.000,-54.000,-28.000,-28.000,-10.000,-10.000,-10.000,-10.000,0.0,0.0,0.0,0.0,0.0,0.0,0.0,0.0,0.0,0.0,0.0,0.0,0.0,0.0,0.0,0.0
1790303536.279349,2.188,-12.42218,-12.42218,-12.42218,-12.42218,-12.42218,-12.42218,-12.42218,0.04150,-12.42218,-12.42218,-12.42218,-12.42218,-12.42218,-12.42218,-12.42218,0.04150,-45.0000,-45.0000,-10.0000,-10.0000,-30.0000,-30.0000,-30.0000,-30.0000,-45.0000,-45.0000,-10.0000,-10.0000,-30.0000,-30.0000,-30.0000,-30.0000,-54.000,-54.000,-28.000,-28.000,-10.000,-10.000,-10.000,-10.000,-54.000,-54.000,-28.000,-28.000,-10.000,-10.000,-10.000,-10.000,0.0,0.0,0.0,0.0,0.0,0.0,0.0,0.0,0.0,0.0,0.0,0.0,0.0,0.0,0.0,0.0
1790303536.282387,2.191,-12.42218,-12.42218,-12.42218,-12.42218,-12.42218,-12.42218,-12.42218,0.04150,-12.42218,-12.42218,-12.42218,-12.42218,-12.42218,-12.42218,-12.42218,0.04150,-45.0000,-45.0000,-10.0000,-10.0000,-30.0000,-30.0000,-30.0000,-30.0000,-45.0000,-45.0000,-10.0000,-10.0000,-30.0000,-30.0000,-30.0000,-30.0000,-54.000,-54.000,-28.000,-28.000,-10.000,-10.000,-10.000,-10.000,-54.000,-54.000,-28.000,-28.000,-10.000,-10.000,-10.000,-10.000,0.0,0.0,0.0,0.0,0.0,0.0,0.0,0.0,0.0,0.0,0.0,0.0,0.0,0.0,0.0,0.0
1790303536.287394,2.196,-12.42218,-12.42218,-12.42218,-12.42218,-12.42218,-12.42218,-12.42218,0.04150,-12.42218,-12.42218,-12.42218,-12.42218,-12.42218,-12.42218,-12.42218,0.04150,-45.0000,-45.0000,-10.0000,-10.0000,-30.0000,-30.0000,-30.0000,-30.0000,-45.0000,-45.0000,-10.0000,-10.0000,-30.0000,-30.0000,-30.0000,-30.0000,-54.000,-54.000,-28.000,-28.000,-10.000,-10.000,-10.000,-10.000,-54.000,-54.000,-28.000,-28.000,-10.000,-10.000,-10.000,-10.000,0.0,0.0,0.0,0.0,0.0,0.0,0.0,0.0,0.0,0.0,0.0,0.0,0.0,0.0,0.0,0.0
1790303536.291589,2.200,-12.42218,-12.42218,-12.42218,-12.42218,-12.42218,-12.42218,-12.42218,0.04150,-12.42218,-12.42218,-12.42218,-12.42218,-12.42218,-12.42218,-12.42218,0.04150,-45.0000,-45.0000,-10.0000,-10.0000,-30.0000,-30.0000,-30.0000,-30.0000,-45.0000,-45.0000,-10.0000,-10.0000,-30.0000,-30.0000,-30.0000,-30.0000,-54.000,-54.000,-28.000,-28.000,-10.000,-10.000,-10.000,-10.000,-54.000,-54.000,-28.000,-28.000,-10.000,-10.000,-10.000,-10.000,0.0,0.0,0.0,0.0,0.0,0.0,0.0,0.0,0.0,0.0,0.0,0.0,0.0,0.0,0.0,0.0
1790303536.294111,2.203,-12.42218,-12.42218,-12.42218,-12.42218,-12.42218,-12.42218,-12.42218,0.04150,-12.42218,-12.42218,-12.42218,-12.42218,-12.42218,-12.42218,-12.42218,0.04150,-45.0000,-45.0000,-10.0000,-10.0000,-30.0000,-30.0000,-30.0000,-30.0000,-45.0000,-45.0000,-10.0000,-10.0000,-30.0000,-30.0000,-30.0000,-30.0000,-54.000,-54.000,-28.000,-28.000,-10.000,-10.000,-10.000,-10.000,-54.000,-54.000,-28.000,-28.000,-10.000,-10.000,-10.000,-10.000,0.0,0.0,0.0,0.0,0.0,0.0,0.0,0.0,0.0,0.0,0.0,0.0,0.0,0.0,0.0,0.0
1790303536.299933,2.209,-12.42218,-12.42218,-12.42218,-12.42218,-12.42218,-12.42218,-12.42218,0.04150,-12.42218,-12.42218,-12.42218,-12.42218,-12.42218,-12.42218,-12.42218,0.04150,-45.0000,-45.0000,-10.0000,-10.0000,-30.0000,-30.0000,-30.0000,-30.0000,-45.0000,-45.0000,-10.0000,-10.0000,-30.0000,-30.0000,-30.0000,-30.0000,-54.000,-54.000,-28.000,-28.000,-10.000,-10.000,-10.000,-10.000,-54.000,-54.000,-28.000,-28.000,-10.000,-10.000,-10.000,-10.000,0.0,0.0,0.0,0.0,0.0,0.0,0.0,0.0,0.0,0.0,0.0,0.0,0.0,0.0,0.0,0.0
1790303536.313571,2.222,-12.42218,-12.42218,-12.42218,-12.42218,-12.42218,-12.42218,-12.42218,0.04150,-12.42218,-12.42218,-12.42218,-12.42218,-12.42218,-12.42218,-12.42218,0.04150,-45.0000,-45.0000,-10.0000,-10.0000,-30.0000,-30.0000,-30.0000,-30.0000,-45.0000,-45.0000,-10.0000,-10.0000,-30.0000,-30.0000,-30.0000,-30.0000,-54.000,-54.000,-28.000,-28.000,-10.000,-10.000,-10.000,-10.000,-54.000,-54.000,-28.000,-28.000,-10.000,-10.000,-10.000,-10.000,0.0,0.0,0.0,0.0,0.0,0.0,0.0,0.0,0.0,0.0,0.0,0.0,0.0,0.0,0.0,0.0
1790303536.320840,2.230,-12.42218,-12.42218,-12.42218,-12.42218,-12.42218,-12.42218,-12.42218,0.04150,-12.42218,-12.42218,-12.42218,-12.42218,-12.42218,-12.42218,-12.42218,0.04150,-45.0000,-45.0000,-10.0000,-10.0000,-30.0000,-30.0000,-30.0000,-30.0000,-45.0000,-45.0000,-10.0000,-10.0000,-30.0000,-30.0000,-30.0000,-30.0000,-54.000,-54.000,-28.000,-28.000,-10.000,-10.000,-10.000,-10.000,-54.000,-54.000,-28.000,-28.000,-10.000,-10.000,-10.000,-10.000,0.0,0.0,0.0,0.0,0.0,0.0,0.0,0.0,0.0,0.0,0.0,0.0,0.0,0.0,0.0,0.0
1790303536.330424,2.239,-12.42218,-12.42218,-12.42218,-12.42218,-12.42218,-12.42218,-12.42218,0.04150,-12.42218,-12.42218,-12.42218,-12.42218,-12.42218,-12.42218,-12.42218,0.04150,-45.0000,-45.0000,-10.0000,-10.0000,-30.0000,-30.0000,-30.0000,-30.0000,-45.0000,-45.0000,-10.0000,-10.0000,-30.0000,-30.0000,-30.0000,-30.0000,-54.000,-54.000,-28.000,-28.000,-10.000,-10.000,-10.000,-10.000,-54.000,-54.000,-28.000,-28.000,-10.000,-10.000,-10.000,-10.000,0.0,0.0,0.0,0.0,0.0,0.0,0.0,0.0,0.0,0.0,0.0,0.0,0.0,0.0,0.0,0.0
1790303536.341024,2.250,-12.42218,-12.42218,-12.42218,-12.42218,-12.42218,-12.42218,-12.42218,0.04150,-12.42218,-12.42218,-12.42218,-12.42218,-12.42218,-12.42218,-12.42218,0.04150,-45.0000,-45.0000,-10.0000,-10.0000,-30.0000,-30.0000,-30.0000,-30.0000,-45.0000,-45.0000,-10.0000,-10.0000,-30.0000,-30.0000,-30.0000,-30.0000,-54.000,-54.000,-28.000,-28.000,-10.000,-10.000,-10.000,-10.000,-54.000,-54.000,-28.000,-28.000,-10.000,-10.000,-10.000,-10.000,0.0,0.0,0.0,0.0,0.0,0.0,0.0,0.0,0.0,0.0,0.0,0.0,0.0,0.0,0.0,0.0
1790303536.350413,2.259,-12.42218,-12.42218,-12.42218,-12.42218,-12.42218,-12.42218,-12.42218,0.04150,-12.42218,-12.42218,-12.42218,-12.42218,-12.42218,-12.42218,-12.42218,0.04150,-45.0000,-45.0000,-10.0000,-10.0000,-30.0000,-30.0000,-30.0000,-30.0000,-45.0000,-45.0000,-10.0000,-10.0000,-30.0000,-30.0000,-30.0000,-30.0000,-54.000,-54.000,-28.000,-28.000,-10.000,-10.000,-10.000,-10.000,-54.000,-54.000,-28.000,-28.000,-10.000,-10.000,-10.000,-10.000,0.0,0.0,0.0,0.0,0.0,0.0,0.0,0.0,0.0,0.0,0.0,0.0,0.0,0.0,0.0,0.0
1790303536.360682,2.270,-12.42218,-12.42218,-12.42218,-12.42218,-12.42218,-12.42218,-12.42218,0.04150,-12.42218,-12.42218,-12.42218,-12.42218,-12.42218,-12.42218,-12.42218,0.04150,-45.0000,-45.0000,-10.0000,-10.0000,-30.0000,-30.0000,-30.0000,-30.0000,-45.0000,-45.0000,-10.0000,-10.0000,-30.0000,-30.0000,-30.0000,-30.0000,-54.000,-54.000,-28.000,-28.000,-10.000,-10.000,-10.000,-10.000,-54.000,-54.000,-28.000,-28.000,-10.000,-10.000,-10.000,-10.000,0.0,0.0,0.0,0.0,0.0,0.0,0.0,0.0,0.0,0.0,0.0,0.0,0.0,0.0,0.0,0.0
1790303536.370443,2.279,-12.42218,-12.42218,-12.42218,-12.42218,-12.42218,-12.42218,-12.42218,0.04150,-12.42218,-12.42218,-12.42218,-12.42218,-12.42218,-12.42218,-12.42218,0.04150,-45.0000,-45.0000,-10.0000,-10.0000,-30.0000,-30.0000,-30.0000,-30.0000,-45.0000,-45.0000,-10.0000,-10.0000,-30.0000,-30.0000,-30.0000,-30.0000,-54.000,-54.000,-28.000,-28.000,-10.000,-10.000,-10.000,-10.000,-54.000,-54.000,-28.000,-28.000,-10.000,-10.000,-10.000,-10.000,0.0,0.0,0.0,0.0,0.0,0.0,0.0,0.0,0.0,0.0,0.0,0.0,0.0,0.0,0.0,0.0
1790303536.380610,2.289,-12.42218,-12.42218,-12.42218,-12.42218,-12.42218,-12.42218,-12.42218,0.04150,-12.42218,-12.42218,-12.42218,-12.42218,-12.42218,-12.42218,-12.42218,0.04150,-45.0000,-45.0000,-10.0000,-10.0000,-30.0000,-30.0000,-30.0000,-30.0000,-45.0000,-45.0000,-10.0000,-10.0000,-30.0000,-30.0000,-30.0000,-30.0000,-54.000,-54.000,-28.000,-28.000,-10.000,-10.000,-10.000,-10.000,-54.000,-54.000,-28.000,-28.000,-10.000,-10.000,-10.000,-10.000,0.0,0.0,0.0,0.0,0.0,0.0,0.0,0.0,0.0,0.0,0.0,0.0,0.0,0.0,0.0,0.0
1790303536.390932,2.300,-12.42218,-12.42218,-12.42218,-12.42218,-12.42218,-12.42218,-12.42218,0.04150,-12.42218,-12.42218,-12.42218,-12.42218,-12.42218,-12.42218,-12.42218,0.04150,-45.0000,-45.0000,-10.0000,-10.0000,-30.0000,-30.0000,-30.0000,-30.0000,-45.0000,-45.0000,-10.0000,-10.0000,-30.0000,-30.0000,-30.0000,-30.0000,-54.000,-54.000,-28.000,-28.000,-10.000,-10.000,-10.000,-10.000,-54.000,-54.000,-28.000,-28.000,-10.000,-10.000,-10.000,-10.000,0.0,0.0,0.0,0.0,0.0,0.0,0.0,0.0,0.0,0.0,0.0,0.0,0.0,0.0,0.0,0.0
1790303536.400606,2.309,-12.42218,-12.42218,-12.42218,-12.42218,-12.42218,-12.42218,-12.42218,0.04150,-12.42218,-12.42218,-12.42218,-12.42218,-12.42218,-12.42218,-12.42218,0.04150,-45.0000,-45.0000,-10.0000,-10.0000,-30.0000,-30.0000,-30.0000,-30.0000,-45.0000,-45.0000,-10.0000,-10.0000,-30.0000,-30.0000,-30.0000,-30.0000,-54.000,-54.000,-28.000,-28.000,-10.000,-10.000,-10.000,-10.000,-54.000,-54.000,-28.000,-28.000,-10.000,-10.000,-10.000,-10.000,0.0,0.0,0.0,0.0,0.0,0.0,0.0,0.0,0.0,0.0,0.0,0.0,0.0,0.0,0.0,0.0
1790303536.410863,2.320,-12.42218,-12.42218,-12.42218,-12.42218,-12.42218,-12.42218,-12.42218,0.04150,-12.42218,-12.42218,-12.42218,-12.42218,-12.42218,-12.42218,-12.42218,0.04150,-45.0000,-45.0000,-10.0000,-10.0000,-30.0000,-30.0000,-30.0000,-30.0000,-45.0000,-45.0000,-10.0000,-10.0000,-30.0000,-30.0000,-30.0000,-30.0000,-54.000,-54.000,-28.000,-28.000,-10.000,-10.000,-10.000,-10.000,-54.000,-54.000,-28.000,-28.000,-10.000,-10.000,-10.000,-10.000,0.0,0.0,0.0,0.0,0.0,0.0,0.0,0.0,0.0,0.0,0.0,0.0,0.0,0.0,0.0,0.0
1790303536.420691,2.330,-12.42218,-12.42218,-12.42218,-12.42218,-12.42218,-12.42218,-12.42218,0.04150,-12.42218,-12.42218,-12.42218,-12.42218,-12.42218,-12.42218,-12.42218,0.04150,-45.0000,-45.0000,-10.0000,-10.0000,-30.0000,-30.0000,-30.0000,-30.0000,-45.0000,-45.0000,-10.0000,-10.0000,-30.0000,-30.0000,-30.0000,-30.0000,-54.000,-54.000,-28.000,-28.000,-10.000,-10.000,-10.000,-10.000,-54.000,-54.000,-28.000,-28.000,-10.000,-10.000,-10.000,-10.000,0.0,0.0,0.0,0.0,0.0,0.0,0.0,0.0,0.0,0.0,0.0,0.0,0.0,0.0,0.0,0.0
1790303536.430821,2.340,-12.42218,-12.42218,-12.42218,-12.42218,-12.42218,-12.42218,-12.42218,0.04150,-12.42218,-12.42218,-12.42218,-12.42218,-12.42218,-12.42218,-12.42218,0.04150,-45.0000,-45.0000,-10.0000,-10.0000,-30.0000,-30.0000,-30.0000,-30.0000,-45.0000,-45.0000,-10.0000,-10.0000,-30.0000,-30.0000,-30.0000,-30.0000,-54.000,-54.000,-28.000,-28.000,-10.000,-10.000,-10.000,-10.000,-54.000,-54.000,-28.000,-28.000,-10.000,-10.000,-10.000,-10.000,0.0,0.0,0.0,0.0,0.0,0.0,0.0,0.0,0.0,0.0,0.0,0.0,0.0,0.0,0.0,0.0
1790303536.440655,2.350,-12.42218,-12.42218,-12.42218,-12.42218,-12.42218,-12.42218,-12.42218,0.04150,-12.42218,-12.42218,-12.42218,-12.42218,-12.42218,-12.42218,-12.42218,0.04150,-45.0000,-45.0000,-10.0000,-10.0000,-30.0000,-30.0000,-30.0000,-30.0000,-45.0000,-45.0000,-10.0000,-10.0000,-30.0000,-30.0000,-30.0000,-30.0000,-54.000,-54.000,-28.000,-28.000,-10.000,-10.000,-10.000,-10.000,-54.000,-54.000,-28.000,-28.000,-10.000,-10.000,-10.000,-10.000,0.0,0.0,0.0,0.0,0.0,0.0,0.0,0.0,0.0,0.0,0.0,0.0,0.0,0.0,0.0,0.0
1790303536.451558,2.360,-12.42218,-12.42218,-12.42218,-12.42218,-12.42218,-12.42218,-12.42218,0.04150,-12.42218,-12.42218,-12.42218,-12.42218,-12.42218,-12.42218,-12.42218,0.04150,-45.0000,-45.0000,-10.0000,-10.0000,-30.0000,-30.0000,-30.0000,-30.0000,-45.0000,-45.0000,-10.0000,-10.0000,-30.0000,-30.0000,-30.0000,-30.0000,-54.000,-54.000,-28.000,-28.000,-10.000,-10.000,-10.000,-10.000,-54.000,-54.000,-28.000,-28.000,-10.000,-10.000,-10.000,-10.000,0.0,0.0,0.0,0.0,0.0,0.0,0.0,0.0,0.0,0.0,0.0,0.0,0.0,0.0,0.0,0.0
1790303536.460683,2.370,-12.42218,-12.42218,-12.42218,-12.42218,-12.42218,-12.42218,-12.42218,0.04150,-12.42218,-12.42218,-12.42218,-12.42218,-12.42218,-12.42218,-12.42218,0.04150,-45.0000,-45.0000,-10.0000,-10.0000,-30.0000,-30.0000,-30.0000,-30.0000,-45.0000,-45.0000,-10.0000,-10.0000,-30.0000,-30.0000,-30.0000,-30.0000,-54.000,-54.000,-28.000,-28.000,-10.000,-10.000,-10.000,-10.000,-54.000,-54.000,-28.000,-28.000,-10.000,-10.000,-10.000,-10.000,0.0,0.0,0.0,0.0,0.0,0.0,0.0,0.0,0.0,0.0,0.0,0.0,0.0,0.0,0.0,0.0
1790303536.470876,2.380,-12.42218,-12.42218,-12.42218,-12.42218,-12.42218,-12.42218,-12.42218,0.04150,-12.42218,-12.42218,-12.42218,-12.42218,-12.42218,-12.42218,-12.42218,0.04150,-45.0000,-45.0000,-10.0000,-10.0000,-30.0000,-30.0000,-30.0000,-30.0000,-45.0000,-45.0000,-10.0000,-10.0000,-30.0000,-30.0000,-30.0000,-30.0000,-54.000,-54.000,-28.000,-28.000,-10.000,-10.000,-10.000,-10.000,-54.000,-54.000,-28.000,-28.000,-10.000,-10.000,-10.000,-10.000,0.0,0.0,0.0,0.0,0.0,0.0,0.0,0.0,0.0,0.0,0.0,0.0,0.0,0.0,0.0,0.0
1790303536.480708,2.390,-12.42218,-12.42218,-12.42218,-12.42218,-12.42218,-12.42218,-12.42218,0.04150,-12.42218,-12.42218,-12.42218,-12.42218,-12.42218,-12.42218,-12.42218,0.04150,-45.0000,-45.0000,-10.0000,-10.0000,-30.0000,-30.0000,-30.0000,-30.0000,-45.0000,-45.0000,-10.0000,-10.0000,-30.0000,-30.0000,-30.0000,-30.0000,-54.000,-54.000,-28.000,-28.000,-10.000,-10.000,-10.000,-10.000,-54.000,-54.000,-28.000,-28.000,-10.000,-10.000,-10.000,-10.000,0.0,0.0,0.0,0.0,0.0,0.0,0.0,0.0,0.0,0.0,0.0,0.0,0.0,0.0,0.0,0.0
1790303536.490870,2.400,-12.42218,-12.42218,-12.42218,-12.42218,-12.42218,-12.42218,-12.42218,0.04150,-12.42218,-12.42218,-12.42218,-12.42218,-12.42218,-12.42218,-12.42218,0.04150,-45.0000,-45.0000,-10.0000,-10.0000,-30.0000,-30.0000,-30.0000,-30.0000,-45.0000,-45.0000,-10.0000,-10.0000,-30.0000,-30.0000,-30.0000,-30.0000,-54.000,-54.000,-28.000,-28.000,-10.000,-10.000,-10.000,-10.000,-54.000,-54.000,-28.000,-28.000,-10.000,-10.000,-10.000,-10.000,0.0,0.0,0.0,0.0,0.0,0.0,0.0,0.0,0.0,0.0,0.0,0.0,0.0,0.0,0.0,0.0
1790303536.500691,2.410,-12.42218,-12.42218,-12.42218,-12.42218,-12.42218,-12.42218,-12.42218,0.04150,-12.42218,-12.42218,-12.42218,-12.42218,-12.42218,-12.42218,-12.42218,0.04150,-45.0000,-45.0000,-10.0000,-10.0000,-30.0000,-30.0000,-30.0000,-30.0000,-45.0000,-45.0000,-10.0000,-10.0000,-30.0000,-30.0000,-30.0000,-30.0000,-54.000,-54.000,-28.000,-28.000,-10.000,-10.000,-10.000,-10.000,-54.000,-54.000,-28.000,-28.000,-10.000,-10.000,-10.000,-10.000,0.0,0.0,0.0,0.0,0.0,0.0,0.0,0.0,0.0,0.0,0.0,0.0,0.0,0.0,0.0,0.0
1790303536.510900,2.420,-12.42218,-12.42218,-12.42218,-12.42218,-12.42218,-12.42218,-12.42218,0.04150,-12.42218,-12.42218,-12.42218,-12.42218,-12.42218,-12.42218,-12.42218,0.04150,-45.0000,-45.0000,-10.0000,-10.0000,-30.0000,-30.0000,-30.0000,-30.0000,-45.0000,-45.0000,-10.0000,-10.0000,-30.0000,-30.0000,-30.0000,-30.0000,-54.000,-54.000,-28.000,-28.000,-10.000,-10.000,-10.000,-10.000,-54.000,-54.000,-28.000,-28.000,-10.000,-10.000,-10.000,-10.000,0.0,0.0,0.0,0.0,0.0,0.0,0.0,0.0,0.0,0.0,0.0,0.0,0.0,0.0,0.0,0.0
1790303536.520625,2.430,-12.42218,-12.42218,-12.42218,-12.42218,-12.42218,-12.42218,-12.42218,0.04150,-12.42218,-12.42218,-12.42218,-12.42218,-12.42218,-12.42218,-12.42218,0.04150,-45.0000,-45.0000,-10.0000,-10.0000,-30.0000,-30.0000,-30.0000,-30.0000,-45.0000,-45.0000,-10.0000,-10.0000,-30.0000,-30.0000,-30.0000,-30.0000,-54.000,-54.000,-28.000,-28.000,-10.000,-10.000,-10.000,-10.000,-54.000,-54.000,-28.000,-28.000,-10.000,-10.000,-10.000,-10.000,0.0,0.0,0.0,0.0,0.0,0.0,0.0,0.0,0.0,0.0,0.0,0.0,0.0,0.0,0.0,0.0
1790303536.531163,2.440,-12.42218,-12.42218,-12.42218,-12.42218,-12.42218,-12.42218,-12.42218,0.04150,-12.42218,-12.42218,-12.42218,-12.42218,-12.42218,-12.42218,-12.42218,0.04150,-45.0000,-45.0000,-10.0000,-10.0000,-30.0000,-30.0000,-30.0000,-30.0000,-45.0000,-45.0000,-10.0000,-10.0000,-30.0000,-30.0000,-30.0000,-30.0000,-54.000,-54.000,-28.000,-28.000,-10.000,-10.000,-10.000,-10.000,-54.000,-54.000,-28.000,-28.000,-10.000,-10.000,-10.000,-10.000,0.0,0.0,0.0,0.0,0.0,0.0,0.0,0.0,0.0,0.0,0.0,0.0,0.0,0.0,0.0,0.0
1790303536.540636,2.450,-12.42218,-12.42218,-12.42218,-12.42218,-12.42218,-12.42218,-12.42218,0.04150,-12.42218,-12.42218,-12.42218,-12.42218,-12.42218,-12.42218,-12.42218,0.04150,-45.0000,-45.0000,-10.0000,-10.0000,-30.0000,-30.0000,-30.0000,-30.0000,-45.0000,-45.0000,-10.0000,-10.0000,-30.0000,-30.0000,-30.0000,-30.0000,-54.000,-54.000,-28.000,-28.000,-10.000,-10.000,-10.000,-10.000,-54.000,-54.000,-28.000,-28.000,-10.000,-10.000,-10.000,-10.000,0.0,0.0,0.0,0.0,0.0,0.0,0.0,0.0,0.0,0.0,0.0,0.0,0.0,0.0,0.0,0.0
1790303536.550182,2.459,-12.42218,-12.42218,-12.42218,-12.42218,-12.42218,-12.42218,-12.42218,0.04150,-12.42218,-12.42218,-12.42218,-12.42218,-12.42218,-12.42218,-12.42218,0.04150,-45.0000,-45.0000,-10.0000,-10.0000,-30.0000,-30.0000,-30.0000,-30.0000,-45.0000,-45.0000,-10.0000,-10.0000,-30.0000,-30.0000,-30.0000,-30.0000,-54.000,-54.000,-28.000,-28.000,-10.000,-10.000,-10.000,-10.000,-54.000,-54.000,-28.000,-28.000,-10.000,-10.000,-10.000,-10.000,0.0,0.0,0.0,0.0,0.0,0.0,0.0,0.0,0.0,0.0,0.0,0.0,0.0,0.0,0.0,0.0
1790303536.560629,2.470,-12.42218,-12.42218,-12.42218,-12.42218,-12.42218,-12.42218,-12.42218,0.04150,-12.42218,-12.42218,-12.42218,-12.42218,-12.42218,-12.42218,-12.42218,0.04150,-45.0000,-45.0000,-10.0000,-10.0000,-30.0000,-30.0000,-30.0000,-30.0000,-45.0000,-45.0000,-10.0000,-10.0000,-30.0000,-30.0000,-30.0000,-30.0000,-54.000,-54.000,-28.000,-28.000,-10.000,-10.000,-10.000,-10.000,-54.000,-54.000,-28.000,-28.000,-10.000,-10.000,-10.000,-10.000,0.0,0.0,0.0,0.0,0.0,0.0,0.0,0.0,0.0,0.0,0.0,0.0,0.0,0.0,0.0,0.0
1790303536.570420,2.479,-12.42218,-12.42218,-12.42218,-12.42218,-12.42218,-12.42218,-12.42218,0.04150,-12.42218,-12.42218,-12.42218,-12.42218,-12.42218,-12.42218,-12.42218,0.04150,-45.0000,-45.0000,-10.0000,-10.0000,-30.0000,-30.0000,-30.0000,-30.0000,-45.0000,-45.0000,-10.0000,-10.0000,-30.0000,-30.0000,-30.0000,-30.0000,-54.000,-54.000,-28.000,-28.000,-10.000,-10.000,-10.000,-10.000,-54.000,-54.000,-28.000,-28.000,-10.000,-10.000,-10.000,-10.000,0.0,0.0,0.0,0.0,0.0,0.0,0.0,0.0,0.0,0.0,0.0,0.0,0.0,0.0,0.0,0.0
1790303536.584813,2.494,-12.42218,-12.42218,-12.42218,-12.42218,-12.42218,-12.42218,-12.42218,0.04150,-12.42218,-12.42218,-12.42218,-12.42218,-12.42218,-12.42218,-12.42218,0.04150,-45.0000,-45.0000,-10.0000,-10.0000,-30.0000,-30.0000,-30.0000,-30.0000,-45.0000,-45.0000,-10.0000,-10.0000,-30.0000,-30.0000,-30.0000,-30.0000,-54.000,-54.000,-28.000,-28.000,-10.000,-10.000,-10.000,-10.000,-54.000,-54.000,-28.000,-28.000,-10.000,-10.000,-10.000,-10.000,0.0,0.0,0.0,0.0,0.0,0.0,0.0,0.0,0.0,0.0,0.0,0.0,0.0,0.0,0.0,0.0
1790303536.590673,2.500,-12.42218,-12.42218,-12.42218,-12.42218,-12.42218,-12.42218,-12.42218,0.04150,-12.42218,-12.42218,-12.42218,-12.42218,-12.42218,-12.42218,-12.42218,0.04150,-45.0000,-45.0000,-10.0000,-10.0000,-30.0000,-30.0000,-30.0000,-30.0000,-45.0000,-45.0000,-10.0000,-10.0000,-30.0000,-30.0000,-30.0000,-30.0000,-54.000,-54.000,-28.000,-28.000,-10.000,-10.000,-10.000,-10.000,-54.000,-54.000,-28.000,-28.000,-10.000,-10.000,-10.000,-10.000,0.0,0.0,0.0,0.0,0.0,0.0,0.0,0.0,0.0,0.0,0.0,0.0,0.0,0.0,0.0,0.0
1790303536.600709,2.510,-12.42218,-12.42218,-12.42218,-12.42218,-12.42218,-12.42218,-12.42218,0.04150,-12.42218,-12.42218,-12.42218,-12.42218,-12.42218,-12.42218,-12.42218,0.04150,-45.0000,-45.0000,-10.0000,-10.0000,-30.0000,-30.0000,-30.0000,-30.0000,-45.0000,-45.0000,-10.0000,-10.0000,-30.0000,-30.0000,-30.0000,-30.0000,-54.000,-54.000,-28.000,-28.000,-10.000,-10.000,-10.000,-10.000,-54.000,-54.000,-28.000,-28.000,-10.000,-10.000,-10.000,-10.000,0.0,0.0,0.0,0.0,0.0,0.0,0.0,0.0,0.0,0.0,0.0,0.0,0.0,0.0,0.0,0.0
1790303536.610937,2.520,-12.42218,-12.42218,-12.42218,-12.42218,-12.42218,-12.42218,-12.42218,0.04150,-12.42218,-12.42218,-12.42218,-12.42218,-12.42218,-12.42218,-12.42218,0.04150,-45.0000,-45.0000,-10.0000,-10.0000,-30.0000,-30.0000,-30.0000,-30.0000,-45.0000,-45.0000,-10.0000,-10.0000,-30.0000,-30.0000,-30.0000,-30.0000,-54.000,-54.000,-28.000,-28.000,-10.000,-10.000,-10.000,-10.000,-54.000,-54.000,-28.000,-28.000,-10.000,-10.000,-10.000,-10.000,0.0,0.0,0.0,0.0,0.0,0.0,0.0,0.0,0.0,0.0,0.0,0.0,0.0,0.0,0.0,0.0
1790303536.620686,2.530,-12.42218,-12.42218,-12.42218,-12.42218,-12.42218,-12.42218,-12.42218,0.04150,-12.42218,-12.42218,-12.42218,-12.42218,-12.42218,-12.42218,-12.42218,0.04150,-45.0000,-45.0000,-10.0000,-10.0000,-30.0000,-30.0000,-30.0000,-30.0000,-45.0000,-45.0000,-10.0000,-10.0000,-30.0000,-30.0000,-30.0000,-30.0000,-54.000,-54.000,-28.000,-28.000,-10.000,-10.000,-10.000,-10.000,-54.000,-54.000,-28.000,-28.000,-10.000,-10.000,-10.000,-10.000,0.0,0.0,0.0,0.0,0.0,0.0,0.0,0.0,0.0,0.0,0.0,0.0,0.0,0.0,0.0,0.0
1790303536.630773,2.540,-12.42218,-12.42218,-12.42218,-12.42218,-12.42218,-12.42218,-12.42218,0.04150,-12.42218,-12.42218,-12.42218,-12.42218,-12.42218,-12.42218,-12.42218,0.04150,-45.0000,-45.0000,-10.0000,-10.0000,-30.0000,-30.0000,-30.0000,-30.0000,-45.0000,-45.0000,-10.0000,-10.0000,-30.0000,-30.0000,-30.0000,-30.0000,-54.000,-54.000,-28.000,-28.000,-10.000,-10.000,-10.000,-10.000,-54.000,-54.000,-28.000,-28.000,-10.000,-10.000,-10.000,-10.000,0.0,0.0,0.0,0.0,0.0,0.0,0.0,0.0,0.0,0.0,0.0,0.0,0.0,0.0,0.0,0.0
1790303536.640252,2.549,-12.42218,-12.42218,-12.42218,-12.42218,-12.42218,-12.42218,-12.42218,0.04150,-12.42218,-12.42218,-12.42218,-12.42218,-12.42218,-12.42218,-12.42218,0.04150,-45.0000,-45.0000,-10.0000,-10.0000,-30.0000,-30.0000,-30.0000,-30.0000,-45.0000,-45.0000,-10.0000,-10.0000,-30.0000,-30.0000,-30.0000,-30.0000,-54.000,-54.000,-28.000,-28.000,-10.000,-10.000,-10.000,-10.000,-54.000,-54.000,-28.000,-28.000,-10.000,-10.000,-10.000,-10.000,0.0,0.0,0.0,0.0,0.0,0.0,0.0,0.0,0.0,0.0,0.0,0.0,0.0,0.0,0.0,0.0
1790303536.651269,2.560,-12.42218,-12.42218,-12.42218,-12.42218,-12.42218,-12.42218,-12.42218,0.04150,-12.42218,-12.42218,-12.42218,-12.42218,-12.42218,-12.42218,-12.42218,0.04150,-45.0000,-45.0000,-10.0000,-10.0000,-30.0000,-30.0000,-30.0000,-30.0000,-45.0000,-45.0000,-10.0000,-10.0000,-30.0000,-30.0000,-30.0000,-30.0000,-54.000,-54.000,-28.000,-28.000,-10.000,-10.000,-10.000,-10.000,-54.000,-54.000,-28.000,-28.000,-10.000,-10.000,-10.000,-10.000,0.0,0.0,0.0,0.0,0.0,0.0,0.0,0.0,0.0,0.0,0.0,0.0,0.0,0.0,0.0,0.0
1790303536.660800,2.570,-12.42218,-12.42218,-12.42218,-12.42218,-12.42218,-12.42218,-12.42218,0.04150,-12.42218,-12.42218,-12.42218,-12.42218,-12.42218,-12.42218,-12.42218,0.04150,-45.0000,-45.0000,-10.0000,-10.0000,-30.0000,-30.0000,-30.0000,-30.0000,-45.0000,-45.0000,-10.0000,-10.0000,-30.0000,-30.0000,-30.0000,-30.0000,-54.000,-54.000,-28.000,-28.000,-10.000,-10.000,-10.000,-10.000,-54.000,-54.000,-28.000,-28.000,-10.000,-10.000,-10.000,-10.000,0.0,0.0,0.0,0.0,0.0,0.0,0.0,0.0,0.0,0.0,0.0,0.0,0.0,0.0,0.0,0.0
1790303536.671120,2.580,-12.42218,-12.42218,-12.42218,-12.42218,-12.42218,-12.42218,-12.42218,0.04150,-12.42218,-12.42218,-12.42218,-12.42218,-12.42218,-12.42218,-12.42218,0.04150,-45.0000,-45.0000,-10.0000,-10.0000,-30.0000,-30.0000,-30.0000,-30.0000,-45.0000,-45.0000,-10.0000,-10.0000,-30.0000,-30.0000,-30.0000,-30.0000,-54.000,-54.000,-28.000,-28.000,-10.000,-10.000,-10.000,-10.000,-54.000,-54.000,-28.000,-28.000,-10.000,-10.000,-10.000,-10.000,0.0,0.0,0.0,0.0,0.0,0.0,0.0,0.0,0.0,0.0,0.0,0.0,0.0,0.0,0.0,0.0
1790303536.681110,2.590,-12.42218,-12.42218,-12.42218,-12.42218,-12.42218,-12.42218,-12.42218,0.04150,-12.42218,-12.42218,-12.42218,-12.42218,-12.42218,-12.42218,-12.42218,0.04150,-45.0000,-45.0000,-10.0000,-10.0000,-30.0000,-30.0000,-30.0000,-30.0000,-45.0000,-45.0000,-10.0000,-10.0000,-30.0000,-30.0000,-30.0000,-30.0000,-54.000,-54.000,-28.000,-28.000,-10.000,-10.000,-10.000,-10.000,-54.000,-54.000,-28.000,-28.000,-10.000,-10.000,-10.000,-10.000,0.0,0.0,0.0,0.0,0.0,0.0,0.0,0.0,0.0,0.0,0.0,0.0,0.0,0.0,0.0,0.0
1790303536.691230,2.600,-12.42218,-12.42218,-12.42218,-12.42218,-12.42218,-12.42218,-12.42218,0.04150,-12.42218,-12.42218,-12.42218,-12.42218,-12.42218,-12.42218,-12.42218,0.04150,-45.0000,-45.0000,-10.0000,-10.0000,-30.0000,-30.0000,-30.0000,-30.0000,-45.0000,-45.0000,-10.0000,-10.0000,-30.0000,-30.0000,-30.0000,-30.0000,-54.000,-54.000,-28.000,-28.000,-10.000,-10.000,-10.000,-10.000,-54.000,-54.000,-28.000,-28.000,-10.000,-10.000,-10.000,-10.000,0.0,0.0,0.0,0.0,0.0,0.0,0.0,0.0,0.0,0.0,0.0,0.0,0.0,0.0,0.0,0.0
1790303536.700228,2.609,-12.42218,-12.42218,-12.42218,-12.42218,-12.42218,-12.42218,-12.42218,0.04150,-12.42218,-12.42218,-12.42218,-12.42218,-12.42218,-12.42218,-12.42218,0.04150,-45.0000,-45.0000,-10.0000,-10.0000,-30.0000,-30.0000,-30.0000,-30.0000,-45.0000,-45.0000,-10.0000,-10.0000,-30.0000,-30.0000,-30.0000,-30.0000,-54.000,-54.000,-28.000,-28.000,-10.000,-10.000,-10.000,-10.000,-54.000,-54.000,-28.000,-28.000,-10.000,-10.000,-10.000,-10.000,0.0,0.0,0.0,0.0,0.0,0.0,0.0,0.0,0.0,0.0,0.0,0.0,0.0,0.0,0.0,0.0
1790303536.711074,2.620,-12.42218,-12.42218,-12.42218,-12.42218,-12.42218,-12.42218,-12.42218,0.04150,-12.42218,-12.42218,-12.42218,-12.42218,-12.42218,-12.42218,-12.42218,0.04150,-45.0000,-45.0000,-10.0000,-10.0000,-30.0000,-30.0000,-30.0000,-30.0000,-45.0000,-45.0000,-10.0000,-10.0000,-30.0000,-30.0000,-30.0000,-30.0000,-54.000,-54.000,-28.000,-28.000,-10.000,-10.000,-10.000,-10.000,-54.000,-54.000,-28.000,-28.000,-10.000,-10.000,-10.000,-10.000,0.0,0.0,0.0,0.0,0.0,0.0,0.0,0.0,0.0,0.0,0.0,0.0,0.0,0.0,0.0,0.0
1790303536.720741,2.630,-12.42218,-12.42218,-12.42218,-12.42218,-12.42218,-12.42218,-12.42218,0.04150,-12.42218,-12.42218,-12.42218,-12.42218,-12.42218,-12.42218,-12.42218,0.04150,-45.0000,-45.0000,-10.0000,-10.0000,-30.0000,-30.0000,-30.0000,-30.0000,-45.0000,-45.0000,-10.0000,-10.0000,-30.0000,-30.0000,-30.0000,-30.0000,-54.000,-54.000,-28.000,-28.000,-10.000,-10.000,-10.000,-10.000,-54.000,-54.000,-28.000,-28.000,-10.000,-10.000,-10.000,-10.000,0.0,0.0,0.0,0.0,0.0,0.0,0.0,0.0,0.0,0.0,0.0,0.0,0.0,0.0,0.0,0.0
1790303536.730958,2.640,-12.42218,-12.42218,-12.42218,-12.42218,-12.42218,-12.42218,-12.42218,0.04150,-12.42218,-12.42218,-12.42218,-12.42218,-12.42218,-12.42218,-12.42218,0.04150,-45.0000,-45.0000,-10.0000,-10.0000,-30.0000,-30.0000,-30.0000,-30.0000,-45.0000,-45.0000,-10.0000,-10.0000,-30.0000,-30.0000,-30.0000,-30.0000,-54.000,-54.000,-28.000,-28.000,-10.000,-10.000,-10.000,-10.000,-54.000,-54.000,-28.000,-28.000,-10.000,-10.000,-10.000,-10.000,0.0,0.0,0.0,0.0,0.0,0.0,0.0,0.0,0.0,0.0,0.0,0.0,0.0,0.0,0.0,0.0
1790303536.740741,2.650,-12.42218,-12.42218,-12.42218,-12.42218,-12.42218,-12.42218,-12.42218,0.04150,-12.42218,-12.42218,-12.42218,-12.42218,-12.42218,-12.42218,-12.42218,0.04150,-45.0000,-45.0000,-10.0000,-10.0000,-30.0000,-30.0000,-30.0000,-30.0000,-45.0000,-45.0000,-10.0000,-10.0000,-30.0000,-30.0000,-30.0000,-30.0000,-54.000,-54.000,-28.000,-28.000,-10.000,-10.000,-10.000,-10.000,-54.000,-54.000,-28.000,-28.000,-10.000,-10.000,-10.000,-10.000,0.0,0.0,0.0,0.0,0.0,0.0,0.0,0.0,0.0,0.0,0.0,0.0,0.0,0.0,0.0,0.0
1790303536.750686,2.660,-12.42218,-12.42218,-12.42218,-12.42218,-12.42218,-12.42218,-12.42218,0.04150,-12.42218,-12.42218,-12.42218,-12.42218,-12.42218,-12.42218,-12.42218,0.04150,-45.0000,-45.0000,-10.0000,-10.0000,-30.0000,-30.0000,-30.0000,-30.0000,-45.0000,-45.0000,-10.0000,-10.0000,-30.0000,-30.0000,-30.0000,-30.0000,-54.000,-54.000,-28.000,-28.000,-10.000,-10.000,-10.000,-10.000,-54.000,-54.000,-28.000,-28.000,-10.000,-10.000,-10.000,-10.000,0.0,0.0,0.0,0.0,0.0,0.0,0.0,0.0,0.0,0.0,0.0,0.0,0.0,0.0,0.0,0.0
1790303536.760709,2.670,-12.42218,-12.42218,-12.42218,-12.42218,-12.42218,-12.42218,-12.42218,0.04150,-12.42218,-12.42218,-12.42218,-12.42218,-12.42218,-12.42218,-12.42218,0.04150,-45.0000,-45.0000,-10.0000,-10.0000,-30.0000,-30.0000,-30.0000,-30.0000,-45.0000,-45.0000,-10.0000,-10.0000,-30.0000,-30.0000,-30.0000,-30.0000,-54.000,-54.000,-28.000,-28.000,-10.000,-10.000,-10.000,-10.000,-54.000,-54.000,-28.000,-28.000,-10.000,-10.000,-10.000,-10.000,0.0,0.0,0.0,0.0,0.0,0.0,0.0,0.0,0.0,0.0,0.0,0.0,0.0,0.0,0.0,0.0
1790303536.770465,2.679,-12.42218,-12.42218,-12.42218,-12.42218,-12.42218,-12.42218,-12.42218,0.04150,-12.42218,-12.42218,-12.42218,-12.42218,-12.42218,-12.42218,-12.42218,0.04150,-45.0000,-45.0000,-10.0000,-10.0000,-30.0000,-30.0000,-30.0000,-30.0000,-45.0000,-45.0000,-10.0000,-10.0000,-30.0000,-30.0000,-30.0000,-30.0000,-54.000,-54.000,-28.000,-28.000,-10.000,-10.000,-10.000,-10.000,-54.000,-54.000,-28.000,-28.000,-10.000,-10.000,-10.000,-10.000,0.0,0.0,0.0,0.0,0.0,0.0,0.0,0.0,0.0,0.0,0.0,0.0,0.0,0.0,0.0,0.0
1790303536.780702,2.690,-12.42218,-12.42218,-12.42218,-12.42218,-12.42218,-12.42218,-12.42218,0.04150,-12.42218,-12.42218,-12.42218,-12.42218,-12.42218,-12.42218,-12.42218,0.04150,-45.0000,-45.0000,-10.0000,-10.0000,-30.0000,-30.0000,-30.0000,-30.0000,-45.0000,-45.0000,-10.0000,-10.0000,-30.0000,-30.0000,-30.0000,-30.0000,-54.000,-54.000,-28.000,-28.000,-10.000,-10.000,-10.000,-10.000,-54.000,-54.000,-28.000,-28.000,-10.000,-10.000,-10.000,-10.000,0.0,0.0,0.0,0.0,0.0,0.0,0.0,0.0,0.0,0.0,0.0,0.0,0.0,0.0,0.0,0.0
1790303536.790454,2.699,-12.42218,-12.42218,-12.42218,-12.42218,-12.42218,-12.42218,-12.42218,0.04150,-12.42218,-12.42218,-12.42218,-12.42218,-12.42218,-12.42218,-12.42218,0.04150,-45.0000,-45.0000,-10.0000,-10.0000,-30.0000,-30.0000,-30.0000,-30.0000,-45.0000,-45.0000,-10.0000,-10.0000,-30.0000,-30.0000,-30.0000,-30.0000,-54.000,-54.000,-28.000,-28.000,-10.000,-10.000,-10.000,-10.000,-54.000,-54.000,-28.000,-28.000,-10.000,-10.000,-10.000,-10.000,0.0,0.0,0.0,0.0,0.0,0.0,0.0,0.0,0.0,0.0,0.0,0.0,0.0,0.0,0.0,0.0
1790303536.800793,2.710,-12.42218,-12.42218,-12.42218,-12.42218,-12.42218,-12.42218,-12.42218,0.04150,-12.42218,-12.42218,-12.42218,-12.42218,-12.42218,-12.42218,-12.42218,0.04150,-45.0000,-45.0000,-10.0000,-10.0000,-30.0000,-30.0000,-30.0000,-30.0000,-45.0000,-45.0000,-10.0000,-10.0000,-30.0000,-30.0000,-30.0000,-30.0000,-54.000,-54.000,-28.000,-28.000,-10.000,-10.000,-10.000,-10.000,-54.000,-54.000,-28.000,-28.000,-10.000,-10.000,-10.000,-10.000,0.0,0.0,0.0,0.0,0.0,0.0,0.0,0.0,0.0,0.0,0.0,0.0,0.0,0.0,0.0,0.0
1790303536.811412,2.720,-12.42218,-12.42218,-12.42218,-12.42218,-12.42218,-12.42218,-12.42218,0.04150,-12.42218,-12.42218,-12.42218,-12.42218,-12.42218,-12.42218,-12.42218,0.04150,-45.0000,-45.0000,-10.0000,-10.0000,-30.0000,-30.0000,-30.0000,-30.0000,-45.0000,-45.0000,-10.0000,-10.0000,-30.0000,-30.0000,-30.0000,-30.0000,-54.000,-54.000,-28.000,-28.000,-10.000,-10.000,-10.000,-10.000,-54.000,-54.000,-28.000,-28.000,-10.000,-10.000,-10.000,-10.000,0.0,0.0,0.0,0.0,0.0,0.0,0.0,0.0,0.0,0.0,0.0,0.0,0.0,0.0,0.0,0.0
1790303536.820688,2.730,-12.42218,-12.42218,-12.42218,-12.42218,-12.42218,-12.42218,-12.42218,0.04150,-12.42218,-12.42218,-12.42218,-12.42218,-12.42218,-12.42218,-12.42218,0.04150,-45.0000,-45.0000,-10.0000,-10.0000,-30.0000,-30.0000,-30.0000,-30.0000,-45.0000,-45.0000,-10.0000,-10.0000,-30.0000,-30.0000,-30.0000,-30.0000,-54.000,-54.000,-28.000,-28.000,-10.000,-10.000,-10.000,-10.000,-54.000,-54.000,-28.000,-28.000,-10.000,-10.000,-10.000,-10.000,0.0,0.0,0.0,0.0,0.0,0.0,0.0,0.0,0.0,0.0,0.0,0.0,0.0,0.0,0.0,0.0
1790303536.831052,2.740,-12.42218,-12.42218,-12.42218,-12.42218,-12.42218,-12.42218,-12.42218,0.04150,-12.42218,-12.42218,-12.42218,-12.42218,-12.42218,-12.42218,-12.42218,0.04150,-45.0000,-45.0000,-10.0000,-10.0000,-30.0000,-30.0000,-30.0000,-30.0000,-45.0000,-45.0000,-10.0000,-10.0000,-30.0000,-30.0000,-30.0000,-30.0000,-54.000,-54.000,-28.000,-28.000,-10.000,-10.000,-10.000,-10.000,-54.000,-54.000,-28.000,-28.000,-10.000,-10.000,-10.000,-10.000,0.0,0.0,0.0,0.0,0.0,0.0,0.0,0.0,0.0,0.0,0.0,0.0,0.0,0.0,0.0,0.0
1790303536.842124,2.751,-12.42218,-12.42218,-12.42218,-12.42218,-12.42218,-12.42218,-12.42218,0.04150,-12.42218,-12.42218,-12.42218,-12.42218,-12.42218,-12.42218,-12.42218,0.04150,-45.0000,-45.0000,-10.0000,-10.0000,-30.0000,-30.0000,-30.0000,-30.0000,-45.0000,-45.0000,-10.0000,-10.0000,-30.0000,-30.0000,-30.0000,-30.0000,-54.000,-54.000,-28.000,-28.000,-10.000,-10.000,-10.000,-10.000,-54.000,-54.000,-28.000,-28.000,-10.000,-10.000,-10.000,-10.000,0.0,0.0,0.0,0.0,0.0,0.0,0.0,0.0,0.0,0.0,0.0,0.0,0.0,0.0,0.0,0.0
1790303536.851360,2.760,-12.42218,-12.42218,-12.42218,-12.42218,-12.42218,-12.42218,-12.42218,0.04150,-12.42218,-12.42218,-12.42218,-12.42218,-12.42218,-12.42218,-12.42218,0.04150,-45.0000,-45.0000,-10.0000,-10.0000,-30.0000,-30.0000,-30.0000,-30.0000,-45.0000,-45.0000,-10.0000,-10.0000,-30.0000,-30.0000,-30.0000,-30.0000,-54.000,-54.000,-28.000,-28.000,-10.000,-10.000,-10.000,-10.000,-54.000,-54.000,-28.000,-28.000,-10.000,-10.000,-10.000,-10.000,0.0,0.0,0.0,0.0,0.0,0.0,0.0,0.0,0.0,0.0,0.0,0.0,0.0,0.0,0.0,0.0
1790303536.861460,2.770,-12.42218,-12.42218,-12.42218,-12.42218,-12.42218,-12.42218,-12.42218,0.04150,-12.42218,-12.42218,-12.42218,-12.42218,-12.42218,-12.42218,-12.42218,0.04150,-45.0000,-45.0000,-10.0000,-10.0000,-30.0000,-30.0000,-30.0000,-30.0000,-45.0000,-45.0000,-10.0000,-10.0000,-30.0000,-30.0000,-30.0000,-30.0000,-54.000,-54.000,-28.000,-28.000,-10.000,-10.000,-10.000,-10.000,-54.000,-54.000,-28.000,-28.000,-10.000,-10.000,-10.000,-10.000,0.0,0.0,0.0,0.0,0.0,0.0,0.0,0.0,0.0,0.0,0.0,0.0,0.0,0.0,0.0,0.0
1790303536.870721,2.780,-12.42218,-12.42218,-12.42218,-12.42218,-12.42218,-12.42218,-12.42218,0.04150,-12.42218,-12.42218,-12.42218,-12.42218,-12.42218,-12.42218,-12.42218,0.04150,-45.0000,-45.0000,-10.0000,-10.0000,-30.0000,-30.0000,-30.0000,-30.0000,-45.0000,-45.0000,-10.0000,-10.0000,-30.0000,-30.0000,-30.0000,-30.0000,-54.000,-54.000,-28.000,-28.000,-10.000,-10.000,-10.000,-10.000,-54.000,-54.000,-28.000,-28.000,-10.000,-10.000,-10.000,-10.000,0.0,0.0,0.0,0.0,0.0,0.0,0.0,0.0,0.0,0.0,0.0,0.0,0.0,0.0,0.0,0.0
1790303536.881989,2.791,-12.42218,-12.42218,-12.42218,-12.42218,-12.42218,-12.42218,-12.42218,0.04150,-12.42218,-12.42218,-12.42218,-12.42218,-12.42218,-12.42218,-12.42218,0.04150,-45.0000,-45.0000,-10.0000,-10.0000,-30.0000,-30.0000,-30.0000,-30.0000,-45.0000,-45.0000,-10.0000,-10.0000,-30.0000,-30.0000,-30.0000,-30.0000,-54.000,-54.000,-28.000,-28.000,-10.000,-10.000,-10.000,-10.000,-54.000,-54.000,-28.000,-28.000,-10.000,-10.000,-10.000,-10.000,0.0,0.0,0.0,0.0,0.0,0.0,0.0,0.0,0.0,0.0,0.0,0.0,0.0,0.0,0.0,0.0
1790303536.890954,2.800,-12.42218,-12.42218,-12.42218,-12.42218,-12.42218,-12.42218,-12.42218,0.04150,-12.42218,-12.42218,-12.42218,-12.42218,-12.42218,-12.42218,-12.42218,0.04150,-45.0000,-45.0000,-10.0000,-10.0000,-30.0000,-30.0000,-30.0000,-30.0000,-45.0000,-45.0000,-10.0000,-10.0000,-30.0000,-30.0000,-30.0000,-30.0000,-54.000,-54.000,-28.000,-28.000,-10.000,-10.000,-10.000,-10.000,-54.000,-54.000,-28.000,-28.000,-10.000,-10.000,-10.000,-10.000,0.0,0.0,0.0,0.0,0.0,0.0,0.0,0.0,0.0,0.0,0.0,0.0,0.0,0.0,0.0,0.0
1790303536.900772,2.810,-12.42218,-12.42218,-12.42218,-12.42218,-12.42218,-12.42218,-12.42218,0.04150,-12.42218,-12.42218,-12.42218,-12.42218,-12.42218,-12.42218,-12.42218,0.04150,-45.0000,-45.0000,-10.0000,-10.0000,-30.0000,-30.0000,-30.0000,-30.0000,-45.0000,-45.0000,-10.0000,-10.0000,-30.0000,-30.0000,-30.0000,-30.0000,-54.000,-54.000,-28.000,-28.000,-10.000,-10.000,-10.000,-10.000,-54.000,-54.000,-28.000,-28.000,-10.000,-10.000,-10.000,-10.000,0.0,0.0,0.0,0.0,0.0,0.0,0.0,0.0,0.0,0.0,0.0,0.0,0.0,0.0,0.0,0.0
1790303536.910674,2.820,-12.42218,-12.42218,-12.42218,-12.42218,-12.42218,-12.42218,-12.42218,0.04150,-12.42218,-12.42218,-12.42218,-12.42218,-12.42218,-12.42218,-12.42218,0.04150,-45.0000,-45.0000,-10.0000,-10.0000,-30.0000,-30.0000,-30.0000,-30.0000,-45.0000,-45.0000,-10.0000,-10.0000,-30.0000,-30.0000,-30.0000,-30.0000,-54.000,-54.000,-28.000,-28.000,-10.000,-10.000,-10.000,-10.000,-54.000,-54.000,-28.000,-28.000,-10.000,-10.000,-10.000,-10.000,0.0,0.0,0.0,0.0,0.0,0.0,0.0,0.0,0.0,0.0,0.0,0.0,0.0,0.0,0.0,0.0
1790303536.922613,2.831,-12.42218,-12.42218,-12.42218,-12.42218,-12.42218,-12.42218,-12.42218,0.04150,-12.42218,-12.42218,-12.42218,-12.42218,-12.42218,-12.42218,-12.42218,0.04150,-45.0000,-45.0000,-10.0000,-10.0000,-30.0000,-30.0000,-30.0000,-30.0000,-45.0000,-45.0000,-10.0000,-10.0000,-30.0000,-30.0000,-30.0000,-30.0000,-54.000,-54.000,-28.000,-28.000,-10.000,-10.000,-10.000,-10.000,-54.000,-54.000,-28.000,-28.000,-10.000,-10.000,-10.000,-10.000,0.0,0.0,0.0,0.0,0.0,0.0,0.0,0.0,0.0,0.0,0.0,0.0,0.0,0.0,0.0,0.0
1790303536.931131,2.840,-12.42218,-12.42218,-12.42218,-12.42218,-12.42218,-12.42218,-12.42218,0.04150,-12.42218,-12.42218,-12.42218,-12.42218,-12.42218,-12.42218,-12.42218,0.04150,-45.0000,-45.0000,-10.0000,-10.0000,-30.0000,-30.0000,-30.0000,-30.0000,-45.0000,-45.0000,-10.0000,-10.0000,-30.0000,-30.0000,-30.0000,-30.0000,-54.000,-54.000,-28.000,-28.000,-10.000,-10.000,-10.000,-10.000,-54.000,-54.000,-28.000,-28.000,-10.000,-10.000,-10.000,-10.000,0.0,0.0,0.0,0.0,0.0,0.0,0.0,0.0,0.0,0.0,0.0,0.0,0.0,0.0,0.0,0.0
1790303536.940686,2.850,-12.42218,-12.42218,-12.42218,-12.42218,-12.42218,-12.42218,-12.42218,0.04150,-12.42218,-12.42218,-12.42218,-12.42218,-12.42218,-12.42218,-12.42218,0.04150,-45.0000,-45.0000,-10.0000,-10.0000,-30.0000,-30.0000,-30.0000,-30.0000,-45.0000,-45.0000,-10.0000,-10.0000,-30.0000,-30.0000,-30.0000,-30.0000,-54.000,-54.000,-28.000,-28.000,-10.000,-10.000,-10.000,-10.000,-54.000,-54.000,-28.000,-28.000,-10.000,-10.000,-10.000,-10.000,0.0,0.0,0.0,0.0,0.0,0.0,0.0,0.0,0.0,0.0,0.0,0.0,0.0,0.0,0.0,0.0
1790303536.950378,2.859,-12.42218,-12.42218,-12.42218,-12.42218,-12.42218,-12.42218,-12.42218,0.04150,-12.42218,-12.42218,-12.42218,-12.42218,-12.42218,-12.42218,-12.42218,0.04150,-45.0000,-45.0000,-10.0000,-10.0000,-30.0000,-30.0000,-30.0000,-30.0000,-45.0000,-45.0000,-10.0000,-10.0000,-30.0000,-30.0000,-30.0000,-30.0000,-54.000,-54.000,-28.000,-28.000,-10.000,-10.000,-10.000,-10.000,-54.000,-54.000,-28.000,-28.000,-10.000,-10.000,-10.000,-10.000,0.0,0.0,0.0,0.0,0.0,0.0,0.0,0.0,0.0,0.0,0.0,0.0,0.0,0.0,0.0,0.0
1790303536.960569,2.869,-12.42218,-12.42218,-12.42218,-12.42218,-12.42218,-12.42218,-12.42218,0.04150,-12.42218,-12.42218,-12.42218,-12.42218,-12.42218,-12.42218,-12.42218,0.04150,-45.0000,-45.0000,-10.0000,-10.0000,-30.0000,-30.0000,-30.0000,-30.0000,-45.0000,-45.0000,-10.0000,-10.0000,-30.0000,-30.0000,-30.0000,-30.0000,-54.000,-54.000,-28.000,-28.000,-10.000,-10.000,-10.000,-10.000,-54.000,-54.000,-28.000,-28.000,-10.000,-10.000,-10.000,-10.000,0.0,0.0,0.0,0.0,0.0,0.0,0.0,0.0,0.0,0.0,0.0,0.0,0.0,0.0,0.0,0.0
1790303536.970803,2.880,-12.42218,-12.42218,-12.42218,-12.42218,-12.42218,-12.42218,-12.42218,0.04150,-12.42218,-12.42218,-12.42218,-12.42218,-12.42218,-12.42218,-12.42218,0.04150,-45.0000,-45.0000,-10.0000,-10.0000,-30.0000,-30.0000,-30.0000,-30.0000,-45.0000,-45.0000,-10.0000,-10.0000,-30.0000,-30.0000,-30.0000,-30.0000,-54.000,-54.000,-28.000,-28.000,-10.000,-10.000,-10.000,-10.000,-54.000,-54.000,-28.000,-28.000,-10.000,-10.000,-10.000,-10.000,0.0,0.0,0.0,0.0,0.0,0.0,0.0,0.0,0.0,0.0,0.0,0.0,0.0,0.0,0.0,0.0
1790303536.980651,2.890,-12.42218,-12.42218,-12.42218,-12.42218,-12.42218,-12.42218,-12.42218,0.04150,-12.42218,-12.42218,-12.42218,-12.42218,-12.42218,-12.42218,-12.42218,0.04150,-45.0000,-45.0000,-10.0000,-10.0000,-30.0000,-30.0000,-30.0000,-30.0000,-45.0000,-45.0000,-10.0000,-10.0000,-30.0000,-30.0000,-30.0000,-30.0000,-54.000,-54.000,-28.000,-28.000,-10.000,-10.000,-10.000,-10.000,-54.000,-54.000,-28.000,-28.000,-10.000,-10.000,-10.000,-10.000,0.0,0.0,0.0,0.0,0.0,0.0,0.0,0.0,0.0,0.0,0.0,0.0,0.0,0.0,0.0,0.0
1790303536.990832,2.900,-12.42218,-12.42218,-12.42218,-12.42218,-12.42218,-12.42218,-12.42218,0.04150,-12.42218,-12.42218,-12.42218,-12.42218,-12.42218,-12.42218,-12.42218,0.04150,-45.0000,-45.0000,-10.0000,-10.0000,-30.0000,-30.0000,-30.0000,-30.0000,-45.0000,-45.0000,-10.0000,-10.0000,-30.0000,-30.0000,-30.0000,-30.0000,-54.000,-54.000,-28.000,-28.000,-10.000,-10.000,-10.000,-10.000,-54.000,-54.000,-28.000,-28.000,-10.000,-10.000,-10.000,-10.000,0.0,0.0,0.0,0.0,0.0,0.0,0.0,0.0,0.0,0.0,0.0,0.0,0.0,0.0,0.0,0.0
1790303537.000556,2.909,-12.42218,-12.42218,-12.42218,-12.42218,-12.42218,-12.42218,-12.42218,0.04150,-12.42218,-12.42218,-12.42218,-12.42218,-12.42218,-12.42218,-12.42218,0.04150,-45.0000,-45.0000,-10.0000,-10.0000,-30.0000,-30.0000,-30.0000,-30.0000,-45.0000,-45.0000,-10.0000,-10.0000,-30.0000,-30.0000,-30.0000,-30.0000,-54.000,-54.000,-28.000,-28.000,-10.000,-10.000,-10.000,-10.000,-54.000,-54.000,-28.000,-28.000,-10.000,-10.000,-10.000,-10.000,0.0,0.0,0.0,0.0,0.0,0.0,0.0,0.0,0.0,0.0,0.0,0.0,0.0,0.0,0.0,0.0
1790303537.010813,2.920,-12.42218,-12.42218,-12.42218,-12.42218,-12.42218,-12.42218,-12.42218,0.04150,-12.42218,-12.42218,-12.42218,-12.42218,-12.42218,-12.42218,-12.42218,0.04150,-45.0000,-45.0000,-10.0000,-10.0000,-30.0000,-30.0000,-30.0000,-30.0000,-45.0000,-45.0000,-10.0000,-10.0000,-30.0000,-30.0000,-30.0000,-30.0000,-54.000,-54.000,-28.000,-28.000,-10.000,-10.000,-10.000,-10.000,-54.000,-54.000,-28.000,-28.000,-10.000,-10.000,-10.000,-10.000,0.0,0.0,0.0,0.0,0.0,0.0,0.0,0.0,0.0,0.0,0.0,0.0,0.0,0.0,0.0,0.0
1790303537.020640,2.930,-12.42218,-12.42218,-12.42218,-12.42218,-12.42218,-12.42218,-12.42218,0.04150,-12.42218,-12.42218,-12.42218,-12.42218,-12.42218,-12.42218,-12.42218,0.04150,-45.0000,-45.0000,-10.0000,-10.0000,-30.0000,-30.0000,-30.0000,-30.0000,-45.0000,-45.0000,-10.0000,-10.0000,-30.0000,-30.0000,-30.0000,-30.0000,-54.000,-54.000,-28.000,-28.000,-10.000,-10.000,-10.000,-10.000,-54.000,-54.000,-28.000,-28.000,-10.000,-10.000,-10.000,-10.000,0.0,0.0,0.0,0.0,0.0,0.0,0.0,0.0,0.0,0.0,0.0,0.0,0.0,0.0,0.0,0.0
1790303537.030807,2.940,-12.42218,-12.42218,-12.42218,-12.42218,-12.42218,-12.42218,-12.42218,0.04150,-12.42218,-12.42218,-12.42218,-12.42218,-12.42218,-12.42218,-12.42218,0.04150,-45.0000,-45.0000,-10.0000,-10.0000,-30.0000,-30.0000,-30.0000,-30.0000,-45.0000,-45.0000,-10.0000,-10.0000,-30.0000,-30.0000,-30.0000,-30.0000,-54.000,-54.000,-28.000,-28.000,-10.000,-10.000,-10.000,-10.000,-54.000,-54.000,-28.000,-28.000,-10.000,-10.000,-10.000,-10.000,0.0,0.0,0.0,0.0,0.0,0.0,0.0,0.0,0.0,0.0,0.0,0.0,0.0,0.0,0.0,0.0
1790303537.040652,2.950,-12.42218,-12.42218,-12.42218,-12.42218,-12.42218,-12.42218,-12.42218,0.04150,-12.42218,-12.42218,-12.42218,-12.42218,-12.42218,-12.42218,-12.42218,0.04150,-45.0000,-45.0000,-10.0000,-10.0000,-30.0000,-30.0000,-30.0000,-30.0000,-45.0000,-45.0000,-10.0000,-10.0000,-30.0000,-30.0000,-30.0000,-30.0000,-54.000,-54.000,-28.000,-28.000,-10.000,-10.000,-10.000,-10.000,-54.000,-54.000,-28.000,-28.000,-10.000,-10.000,-10.000,-10.000,0.0,0.0,0.0,0.0,0.0,0.0,0.0,0.0,0.0,0.0,0.0,0.0,0.0,0.0,0.0,0.0
1790303537.050813,2.960,-12.42218,-12.42218,-12.42218,-12.42218,-12.42218,-12.42218,-12.42218,0.04150,-12.42218,-12.42218,-12.42218,-12.42218,-12.42218,-12.42218,-12.42218,0.04150,-45.0000,-45.0000,-10.0000,-10.0000,-30.0000,-30.0000,-30.0000,-27.6557,-45.0000,-45.0000,-10.0000,-10.0000,-30.0000,-30.0000,-30.0000,-30.0000,-54.000,-54.000,-28.000,-28.000,-10.000,-10.000,-10.000,-4.999,-54.000,-54.000,-28.000,-28.000,-10.000,-10.000,-10.000,-10.000,0.0,0.0,0.0,0.0,0.0,0.0,0.0,0.0,0.0,0.0,0.0,0.0,0.0,0.0,0.0,0.0
1790303537.060590,2.969,-12.42218,-12.42218,-12.42218,-12.42218,-12.42218,-12.42218,-12.42218,0.04150,-12.42218,-12.42218,-12.42218,-12.42218,-12.42218,-12.42218,-12.42218,0.04150,-45.0000,-45.0000,-10.0000,-10.0000,-30.0000,-30.0000,-30.0000,-30.0000,-45.0000,-45.0000,-10.0000,-10.0000,-30.0000,-30.0000,-30.0000,-30.0000,-54.000,-54.000,-28.000,-28.000,-10.000,-10.000,-10.000,-10.000,-54.000,-54.000,-28.000,-28.000,-10.000,-10.000,-10.000,-10.000,0.0,0.0,0.0,0.0,0.0,0.0,0.0,0.0,0.0,0.0,0.0,0.0,0.0,0.0,0.0,0.0
1790303537.121229,3.030,-12.42218,-12.42218,-12.42218,-12.42218,-12.42218,-12.42218,-12.42218,0.04150,-12.42218,-12.42218,-12.42218,-12.42218,-12.42218,-12.42218,-12.42218,0.04150,-45.0000,-45.0000,-10.0000,-10.0000,-30.0000,-30.0000,-30.0000,-30.0000,-45.0000,-45.0000,-10.0000,-10.0000,-30.0000,-30.0000,-30.0000,-30.0000,-54.000,-54.000,-28.000,-28.000,-10.000,-10.000,-10.000,-10.000,-54.000,-54.000,-28.000,-28.000,-10.000,-10.000,-10.000,-10.000,0.0,0.0,0.0,0.0,0.0,0.0,0.0,0.0,0.0,0.0,0.0,0.0,0.0,0.0,0.0,0.0
1790303537.128895,3.038,-12.42218,-12.42218,-12.42218,-12.42218,-12.42218,-12.42218,-12.42218,0.04150,-12.42218,-12.42218,-12.42218,-12.42218,-12.42218,-12.42218,-12.42218,0.04150,-45.0000,-45.0000,-10.0000,-10.0000,-30.0000,-30.0000,-30.0000,-30.0000,-45.0000,-45.0000,-10.0000,-10.0000,-30.0000,-30.0000,-30.0000,-30.0000,-54.000,-54.000,-28.000,-28.000,-10.000,-10.000,-10.000,-10.000,-54.000,-54.000,-28.000,-28.000,-10.000,-10.000,-10.000,-10.000,0.0,0.0,0.0,0.0,0.0,0.0,0.0,0.0,0.0,0.0,0.0,0.0,0.0,0.0,0.0,0.0
1790303537.131326,3.040,-12.42218,-12.42218,-12.42218,-12.42218,-12.42218,-12.42218,-12.42218,0.04150,-12.42218,-12.42218,-12.42218,-12.42218,-12.42218,-12.42218,-12.42218,0.04150,-45.0000,-45.0000,-10.0000,-10.0000,-30.0000,-30.0000,-30.0000,-30.0000,-45.0000,-45.0000,-10.0000,-10.0000,-30.0000,-30.0000,-30.0000,-30.0000,-54.000,-54.000,-28.000,-28.000,-10.000,-10.000,-10.000,-10.000,-54.000,-54.000,-28.000,-28.000,-10.000,-10.000,-10.000,-10.000,0.0,0.0,0.0,0.0,0.0,0.0,0.0,0.0,0.0,0.0,0.0,0.0,0.0,0.0,0.0,0.0
1790303537.133276,3.042,-12.42218,-12.42218,-12.42218,-12.42218,-12.42218,-12.42218,-12.42218,0.04150,-12.42218,-12.42218,-12.42218,-12.42218,-12.42218,-12.42218,-12.42218,0.04150,-45.0000,-45.0000,-10.0000,-10.0000,-30.0000,-30.0000,-30.0000,-30.0000,-45.0000,-45.0000,-10.0000,-10.0000,-30.0000,-30.0000,-30.0000,-30.0000,-54.000,-54.000,-28.000,-28.000,-10.000,-10.000,-10.000,-10.000,-54.000,-54.000,-28.000,-28.000,-10.000,-10.000,-10.000,-10.000,0.0,0.0,0.0,0.0,0.0,0.0,0.0,0.0,0.0,0.0,0.0,0.0,0.0,0.0,0.0,0.0
1790303537.136546,3.045,-12.42218,-12.42218,-12.42218,-12.42218,-12.42218,-12.42218,-12.42218,0.04150,-12.42218,-12.42218,-12.42218,-12.42218,-12.42218,-12.42218,-12.42218,0.04150,-45.0000,-45.0000,-10.0000,-10.0000,-30.0000,-30.0000,-30.0000,-30.0000,-45.0000,-45.0000,-10.0000,-10.0000,-30.0000,-30.0000,-30.0000,-30.0000,-54.000,-54.000,-28.000,-28.000,-10.000,-10.000,-10.000,-10.000,-54.000,-54.000,-28.000,-28.000,-10.000,-10.000,-10.000,-10.000,0.0,0.0,0.0,0.0,0.0,0.0,0.0,0.0,0.0,0.0,0.0,0.0,0.0,0.0,0.0,0.0
1790303537.138009,3.047,-12.42218,-12.42218,-12.42218,-12.42218,-12.42218,-12.42218,-12.42218,0.04150,-12.42218,-12.42218,-12.42218,-12.42218,-12.42218,-12.42218,-12.42218,0.04150,-45.0000,-45.0000,-10.0000,-10.0000,-30.0000,-30.0000,-30.0000,-30.0000,-45.0000,-45.0000,-10.0000,-10.0000,-30.0000,-30.0000,-30.0000,-30.0000,-54.000,-54.000,-28.000,-28.000,-10.000,-10.000,-10.000,-10.000,-54.000,-54.000,-28.000,-28.000,-10.000,-10.000,-10.000,-10.000,0.0,0.0,0.0,0.0,0.0,0.0,0.0,0.0,0.0,0.0,0.0,0.0,0.0,0.0,0.0,0.0
1790303537.138525,3.047,-12.42218,-12.42218,-12.42218,-12.42218,-12.42218,-12.42218,-12.42218,0.04150,-12.42218,-12.42218,-12.42218,-12.42218,-12.42218,-12.42218,-12.42218,0.04150,-45.0000,-45.0000,-10.0000,-10.0000,-30.0000,-30.0000,-30.0000,-30.0000,-45.0000,-45.0000,-10.0000,-10.0000,-30.0000,-30.0000,-30.0000,-30.0000,-54.000,-54.000,-28.000,-28.000,-10.000,-10.000,-10.000,-10.000,-54.000,-54.000,-28.000,-28.000,-10.000,-10.000,-10.000,-10.000,0.0,0.0,0.0,0.0,0.0,0.0,0.0,0.0,0.0,0.0,0.0,0.0,0.0,0.0,0.0,0.0
1790303537.141724,3.051,-12.42218,-12.42218,-12.42218,-12.42218,-12.42218,-12.42218,-12.42218,0.04150,-12.42218,-12.42218,-12.42218,-12.42218,-12.42218,-12.42218,-12.42218,0.04150,-45.0000,-45.0000,-10.0000,-10.0000,-30.0000,-30.0000,-30.0000,-30.0000,-45.0000,-45.0000,-10.0000,-10.0000,-30.0000,-30.0000,-30.0000,-30.0000,-54.000,-54.000,-28.000,-28.000,-10.000,-10.000,-10.000,-10.000,-54.000,-54.000,-28.000,-28.000,-10.000,-10.000,-10.000,-10.000,0.0,0.0,0.0,0.0,0.0,0.0,0.0,0.0,0.0,0.0,0.0,0.0,0.0,0.0,0.0,0.0
1790303537.151950,3.061,-12.42218,-12.42218,-12.42218,-12.42218,-12.42218,-12.42218,-12.42218,0.04150,-12.42218,-12.42218,-12.42218,-12.42218,-12.42218,-12.42218,-12.42218,0.04150,-45.0000,-45.0000,-10.0000,-10.0000,-30.0000,-30.0000,-30.0000,-30.0000,-45.0000,-45.0000,-10.0000,-10.0000,-30.0000,-30.0000,-30.0000,-30.0000,-54.000,-54.000,-28.000,-28.000,-10.000,-10.000,-10.000,-10.000,-54.000,-54.000,-28.000,-28.000,-10.000,-10.000,-10.000,-10.000,0.0,0.0,0.0,0.0,0.0,0.0,0.0,0.0,0.0,0.0,0.0,0.0,0.0,0.0,0.0,0.0
1790303537.160308,3.069,-12.42218,-12.42218,-12.42218,-12.42218,-12.42218,-12.42218,-12.42218,0.04150,-12.42218,-12.42218,-12.42218,-12.42218,-12.42218,-12.42218,-12.42218,0.04150,-45.0000,-45.0000,-10.0000,-10.0000,-30.0000,-30.0000,-30.0000,-30.0000,-45.0000,-45.0000,-10.0000,-10.0000,-30.0000,-30.0000,-30.0000,-30.0000,-54.000,-54.000,-28.000,-28.000,-10.000,-10.000,-10.000,-10.000,-54.000,-54.000,-28.000,-28.000,-10.000,-10.000,-10.000,-10.000,0.0,0.0,0.0,0.0,0.0,0.0,0.0,0.0,0.0,0.0,0.0,0.0,0.0,0.0,0.0,0.0
1790303537.172180,3.081,-12.42218,-12.42218,-12.42218,-12.42218,-12.42218,-12.42218,-12.42218,0.04150,-12.42218,-12.42218,-12.42218,-12.42218,-12.42218,-12.42218,-12.42218,0.04150,-45.0000,-45.0000,-10.0000,-10.0000,-30.0000,-30.0000,-30.0000,-30.0000,-45.0000,-45.0000,-10.0000,-10.0000,-30.0000,-30.0000,-30.0000,-30.0000,-54.000,-54.000,-28.000,-28.000,-10.000,-10.000,-10.000,-10.000,-54.000,-54.000,-28.000,-28.000,-10.000,-10.000,-10.000,-10.000,0.0,0.0,0.0,0.0,0.0,0.0,0.0,0.0,0.0,0.0,0.0,0.0,0.0,0.0,0.0,0.0
1790303537.181210,3.090,-12.42218,-12.42218,-12.42218,-12.42218,-12.42218,-12.42218,-12.42218,0.04150,-12.42218,-12.42218,-12.42218,-12.42218,-12.42218,-12.42218,-12.42218,0.04150,-45.0000,-45.0000,-10.0000,-10.0000,-30.0000,-30.0000,-30.0000,-30.0000,-45.0000,-45.0000,-10.0000,-10.0000,-30.0000,-30.0000,-30.0000,-27.6557,-54.000,-54.000,-28.000,-28.000,-10.000,-10.000,-10.000,-10.000,-54.000,-54.000,-28.000,-28.000,-10.000,-10.000,-10.000,-4.999,0.0,0.0,0.0,0.0,0.0,0.0,0.0,0.0,0.0,0.0,0.0,0.0,0.0,0.0,0.0,0.0
1790303537.190502,3.099,-12.42218,-12.42218,-12.42218,-12.42218,-12.42218,-12.42218,-12.42218,0.04150,-12.42218,-12.42218,-12.42218,-12.42218,-12.42218,-12.42218,-12.42218,0.04150,-45.0000,-45.0000,-10.0000,-10.0000,-30.0000,-30.0000,-30.0000,-30.0000,-45.0000,-45.0000,-10.0000,-10.0000,-30.0000,-30.0000,-30.0000,-30.0000,-54.000,-54.000,-28.000,-28.000,-10.000,-10.000,-10.000,-10.000,-54.000,-54.000,-28.000,-28.000,-10.000,-10.000,-10.000,-10.000,0.0,0.0,0.0,0.0,0.0,0.0,0.0,0.0,0.0,0.0,0.0,0.0,0.0,0.0,0.0,0.0
1790303537.199939,3.109,-12.42218,-12.42218,-12.42218,-12.42218,-12.42218,-12.42218,-12.42218,0.04150,-12.42218,-12.42218,-12.42218,-12.42218,-12.42218,-12.42218,-12.42218,0.04150,-45.0000,-45.0000,-10.0000,-10.0000,-30.0000,-30.0000,-30.0000,-30.0000,-45.0000,-45.0000,-10.0000,-10.0000,-30.0000,-30.0000,-30.0000,-30.0000,-54.000,-54.000,-28.000,-28.000,-10.000,-10.000,-10.000,-10.000,-54.000,-54.000,-28.000,-28.000,-10.000,-10.000,-10.000,-10.000,0.0,0.0,0.0,0.0,0.0,0.0,0.0,0.0,0.0,0.0,0.0,0.0,0.0,0.0,0.0,0.0
1790303537.211110,3.120,-12.42218,-12.42218,-12.42218,-12.42218,-12.42218,-12.42218,-12.42218,0.04150,-12.42218,-12.42218,-12.42218,-12.42218,-12.42218,-12.42218,-12.42218,0.04150,-45.0000,-45.0000,-10.0000,-10.0000,-30.0000,-30.0000,-30.0000,-30.0000,-45.0000,-45.0000,-10.0000,-10.0000,-30.0000,-30.0000,-30.0000,-30.0000,-54.000,-54.000,-28.000,-28.000,-10.000,-10.000,-10.000,-10.000,-54.000,-54.000,-28.000,-28.000,-10.000,-10.000,-10.000,-10.000,0.0,0.0,0.0,0.0,0.0,0.0,0.0,0.0,0.0,0.0,0.0,0.0,0.0,0.0,0.0,0.0
1790303537.225250,3.134,-12.42218,-12.42218,-12.42218,-12.42218,-12.42218,-12.42218,-12.42218,0.04150,-12.42218,-12.42218,-12.42218,-12.42218,-12.42218,-12.42218,-12.42218,0.04150,-45.0000,-45.0000,-10.0000,-10.0000,-30.0000,-30.0000,-30.0000,-30.0000,-45.0000,-45.0000,-10.0000,-10.0000,-30.0000,-30.0000,-30.0000,-30.0000,-54.000,-54.000,-28.000,-28.000,-10.000,-10.000,-10.000,-10.000,-54.000,-54.000,-28.000,-28.000,-10.000,-10.000,-10.000,-10.000,0.0,0.0,0.0,0.0,0.0,0.0,0.0,0.0,0.0,0.0,0.0,0.0,0.0,0.0,0.0,0.0
1790303537.231085,3.140,-12.42218,-12.42218,-12.42218,-12.42218,-12.42218,-12.42218,-12.42218,0.04150,-12.42218,-12.42218,-12.42218,-12.42218,-12.42218,-12.42218,-12.42218,0.04150,-45.0000,-45.0000,-10.0000,-10.0000,-30.0000,-30.0000,-30.0000,-30.0000,-45.0000,-45.0000,-10.0000,-10.0000,-30.0000,-30.0000,-30.0000,-30.0000,-54.000,-54.000,-28.000,-28.000,-10.000,-10.000,-10.000,-10.000,-54.000,-54.000,-28.000,-28.000,-10.000,-10.000,-10.000,-10.000,0.0,0.0,0.0,0.0,0.0,0.0,0.0,0.0,0.0,0.0,0.0,0.0,0.0,0.0,0.0,0.0
1790303537.240799,3.150,-12.42218,-12.42218,-12.42218,-12.42218,-12.42218,-12.42218,-12.42218,0.04150,-12.42218,-12.42218,-12.42218,-12.42218,-12.42218,-12.42218,-12.42218,0.04150,-45.0000,-45.0000,-10.0000,-10.0000,-30.0000,-30.0000,-30.0000,-30.0000,-45.0000,-45.0000,-10.0000,-10.0000,-30.0000,-30.0000,-30.0000,-30.0000,-54.000,-54.000,-28.000,-28.000,-10.000,-10.000,-10.000,-10.000,-54.000,-54.000,-28.000,-28.000,-10.000,-10.000,-10.000,-10.000,0.0,0.0,0.0,0.0,0.0,0.0,0.0,0.0,0.0,0.0,0.0,0.0,0.0,0.0,0.0,0.0
1790303537.300803,3.210,-12.42218,-12.42218,-12.42218,-12.42218,-12.42218,-12.42218,-12.42218,0.04150,-12.42218,-12.42218,-12.42218,-12.42218,-12.42218,-12.42218,-12.42218,0.04150,-45.0000,-45.0000,-10.0000,-10.0000,-30.0000,-30.0000,-30.0000,-30.0000,-45.0000,-45.0000,-10.0000,-10.0000,-30.0000,-30.0000,-30.0000,-30.0000,-54.000,-54.000,-28.000,-28.000,-10.000,-10.000,-10.000,-10.000,-54.000,-54.000,-28.000,-28.000,-10.000,-10.000,-10.000,-10.000,0.0,0.0,0.0,0.0,0.0,0.0,0.0,0.0,0.0,0.0,0.0,0.0,0.0,0.0,0.0,0.0
1790303537.304156,3.213,-12.42218,-12.42218,-12.42218,-12.42218,-12.42218,-12.42218,-12.42218,0.04150,-12.42218,-12.42218,-12.42218,-12.42218,-12.42218,-12.42218,-12.42218,0.04150,-45.0000,-45.0000,-10.0000,-10.0000,-30.0000,-30.0000,-30.0000,-30.0000,-45.0000,-45.0000,-10.0000,-10.0000,-30.0000,-30.0000,-30.0000,-30.0000,-54.000,-54.000,-28.000,-28.000,-10.000,-10.000,-10.000,-10.000,-54.000,-54.000,-28.000,-28.000,-10.000,-10.000,-10.000,-10.000,0.0,0.0,0.0,0.0,0.0,0.0,0.0,0.0,0.0,0.0,0.0,0.0,0.0,0.0,0.0,0.0
1790303537.309358,3.218,-12.42218,-12.42218,-12.42218,-12.42218,-12.42218,-12.42218,-12.42218,0.04150,-12.42218,-12.42218,-12.42218,-12.42218,-12.42218,-12.42218,-12.42218,0.04150,-45.0000,-45.0000,-10.0000,-10.0000,-30.0000,-30.0000,-30.0000,-30.0000,-45.0000,-45.0000,-10.0000,-10.0000,-30.0000,-30.0000,-30.0000,-30.0000,-54.000,-54.000,-28.000,-28.000,-10.000,-10.000,-10.000,-10.000,-54.000,-54.000,-28.000,-28.000,-10.000,-10.000,-10.000,-10.000,0.0,0.0,0.0,0.0,0.0,0.0,0.0,0.0,0.0,0.0,0.0,0.0,0.0,0.0,0.0,0.0
1790303537.312956,3.222,-12.42218,-12.42218,-12.42218,-12.42218,-12.42218,-12.42218,-12.42218,0.04150,-12.42218,-12.42218,-12.42218,-12.42218,-12.42218,-12.42218,-12.42218,0.04150,-45.0000,-45.0000,-10.0000,-10.0000,-30.0000,-30.0000,-30.0000,-30.0000,-45.0000,-45.0000,-10.0000,-10.0000,-30.0000,-30.0000,-30.0000,-30.0000,-54.000,-54.000,-28.000,-28.000,-10.000,-10.000,-10.000,-10.000,-54.000,-54.000,-28.000,-28.000,-10.000,-10.000,-10.000,-10.000,0.0,0.0,0.0,0.0,0.0,0.0,0.0,0.0,0.0,0.0,0.0,0.0,0.0,0.0,0.0,0.0
1790303537.313599,3.222,-12.42218,-12.42218,-12.42218,-12.42218,-12.42218,-12.42218,-12.42218,0.04150,-12.42218,-12.42218,-12.42218,-12.42218,-12.42218,-12.42218,-12.42218,0.04150,-45.0000,-45.0000,-10.0000,-10.0000,-30.0000,-30.0000,-30.0000,-30.0000,-45.0000,-45.0000,-10.0000,-10.0000,-30.0000,-30.0000,-30.0000,-30.0000,-54.000,-54.000,-28.000,-28.000,-10.000,-10.000,-10.000,-10.000,-54.000,-54.000,-28.000,-28.000,-10.000,-10.000,-10.000,-10.000,0.0,0.0,0.0,0.0,0.0,0.0,0.0,0.0,0.0,0.0,0.0,0.0,0.0,0.0,0.0,0.0
1790303537.313989,3.223,-12.42218,-12.42218,-12.42218,-12.42218,-12.42218,-12.42218,-12.42218,0.04150,-12.42218,-12.42218,-12.42218,-12.42218,-12.42218,-12.42218,-12.42218,0.04150,-45.0000,-45.0000,-10.0000,-10.0000,-30.0000,-30.0000,-30.0000,-30.0000,-45.0000,-45.0000,-10.0000,-10.0000,-30.0000,-30.0000,-30.0000,-30.0000,-54.000,-54.000,-28.000,-28.000,-10.000,-10.000,-10.000,-10.000,-54.000,-54.000,-28.000,-28.000,-10.000,-10.000,-10.000,-10.000,0.0,0.0,0.0,0.0,0.0,0.0,0.0,0.0,0.0,0.0,0.0,0.0,0.0,0.0,0.0,0.0
1790303537.314510,3.223,-12.42218,-12.42218,-12.42218,-12.42218,-12.42218,-12.42218,-12.42218,0.04150,-12.42218,-12.42218,-12.42218,-12.42218,-12.42218,-12.42218,-12.42218,0.04150,-45.0000,-45.0000,-10.0000,-10.0000,-30.0000,-30.0000,-30.0000,-30.0000,-45.0000,-45.0000,-10.0000,-10.0000,-30.0000,-30.0000,-30.0000,-30.0000,-54.000,-54.000,-28.000,-28.000,-10.000,-10.000,-10.000,-10.000,-54.000,-54.000,-28.000,-28.000,-10.000,-10.000,-10.000,-10.000,0.0,0.0,0.0,0.0,0.0,0.0,0.0,0.0,0.0,0.0,0.0,0.0,0.0,0.0,0.0,0.0
1790303537.320992,3.230,-12.42218,-12.42218,-12.42218,-12.42218,-12.42218,-12.42218,-12.42218,0.04150,-12.42218,-12.42218,-12.42218,-12.42218,-12.42218,-12.42218,-12.42218,0.04150,-45.0000,-45.0000,-10.0000,-10.0000,-30.0000,-30.0000,-30.0000,-30.0000,-45.0000,-45.0000,-10.0000,-10.0000,-30.0000,-30.0000,-30.0000,-30.0000,-54.000,-54.000,-28.000,-28.000,-10.000,-10.000,-10.000,-10.000,-54.000,-54.000,-28.000,-28.000,-10.000,-10.000,-10.000,-10.000,0.0,0.0,0.0,0.0,0.0,0.0,0.0,0.0,0.0,0.0,0.0,0.0,0.0,0.0,0.0,0.0
1790303537.330822,3.240,-12.42218,-12.42218,-12.42218,-12.42218,-12.42218,-12.42218,-12.42218,0.04150,-12.42218,-12.42218,-12.42218,-12.42218,-12.42218,-12.42218,-12.42218,0.04150,-45.0000,-45.0000,-10.0000,-10.0000,-30.0000,-30.0000,-30.0000,-30.0000,-45.0000,-45.0000,-10.0000,-10.0000,-30.0000,-30.0000,-30.0000,-30.0000,-54.000,-54.000,-28.000,-28.000,-10.000,-10.000,-10.000,-10.000,-54.000,-54.000,-28.000,-28.000,-10.000,-10.000,-10.000,-10.000,0.0,0.0,0.0,0.0,0.0,0.0,0.0,0.0,0.0,0.0,0.0,0.0,0.0,0.0,0.0,0.0
1790303537.340822,3.250,-12.42218,-12.42218,-12.42218,-12.42218,-12.42218,-12.42218,-12.42218,0.04150,-12.42218,-12.42218,-12.42218,-12.42218,-12.42218,-12.42218,-12.42218,0.04150,-45.0000,-45.0000,-10.0000,-10.0000,-30.0000,-30.0000,-30.0000,-30.0000,-45.0000,-45.0000,-10.0000,-10.0000,-30.0000,-30.0000,-30.0000,-30.0000,-54.000,-54.000,-28.000,-28.000,-10.000,-10.000,-10.000,-10.000,-54.000,-54.000,-28.000,-28.000,-10.000,-10.000,-10.000,-10.000,0.0,0.0,0.0,0.0,0.0,0.0,0.0,0.0,0.0,0.0,0.0,0.0,0.0,0.0,0.0,0.0
1790303537.350855,3.260,-12.42218,-12.42218,-12.42218,-12.42218,-12.42218,-12.42218,-12.42218,0.04150,-12.42218,-12.42218,-12.42218,-12.42218,-12.42218,-12.42218,-12.42218,0.04150,-45.0000,-45.0000,-10.0000,-10.0000,-30.0000,-30.0000,-30.0000,-30.0000,-45.0000,-45.0000,-10.0000,-10.0000,-30.0000,-30.0000,-30.0000,-30.0000,-54.000,-54.000,-28.000,-28.000,-10.000,-10.000,-10.000,-10.000,-54.000,-54.000,-28.000,-28.000,-10.000,-10.000,-10.000,-10.000,0.0,0.0,0.0,0.0,0.0,0.0,0.0,0.0,0.0,0.0,0.0,0.0,0.0,0.0,0.0,0.0
1790303537.360674,3.270,-12.42218,-12.42218,-12.42218,-12.42218,-12.42218,-12.42218,-12.42218,0.04150,-12.42218,-12.42218,-12.42218,-12.42218,-12.42218,-12.42218,-12.42218,0.04150,-45.0000,-45.0000,-10.0000,-10.0000,-30.0000,-30.0000,-30.0000,-30.0000,-45.0000,-45.0000,-10.0000,-10.0000,-30.0000,-30.0000,-30.0000,-30.0000,-54.000,-54.000,-28.000,-28.000,-10.000,-10.000,-10.000,-10.000,-54.000,-54.000,-28.000,-28.000,-10.000,-10.000,-10.000,-10.000,0.0,0.0,0.0,0.0,0.0,0.0,0.0,0.0,0.0,0.0,0.0,0.0,0.0,0.0,0.0,0.0
1790303537.370849,3.280,-12.42218,-12.42218,-12.42218,-12.42218,-12.42218,-12.42218,-12.42218,0.04150,-12.42218,-12.42218,-12.42218,-12.42218,-12.42218,-12.42218,-12.42218,0.04150,-45.0000,-45.0000,-10.0000,-10.0000,-30.0000,-30.0000,-30.0000,-30.0000,-45.0000,-45.0000,-10.0000,-10.0000,-30.0000,-30.0000,-30.0000,-30.0000,-54.000,-54.000,-28.000,-28.000,-10.000,-10.000,-10.000,-10.000,-54.000,-54.000,-28.000,-28.000,-10.000,-10.000,-10.000,-10.000,0.0,0.0,0.0,0.0,0.0,0.0,0.0,0.0,0.0,0.0,0.0,0.0,0.0,0.0,0.0,0.0
1790303537.380672,3.290,-12.42218,-12.42218,-12.42218,-12.42218,-12.42218,-12.42218,-12.42218,0.04150,-12.42218,-12.42218,-12.42218,-12.42218,-12.42218,-12.42218,-12.42218,0.04150,-45.0000,-45.0000,-10.0000,-10.0000,-30.0000,-30.0000,-30.0000,-30.0000,-45.0000,-45.0000,-10.0000,-10.0000,-30.0000,-30.0000,-30.0000,-30.0000,-54.000,-54.000,-28.000,-28.000,-10.000,-10.000,-10.000,-10.000,-54.000,-54.000,-28.000,-28.000,-10.000,-10.000,-10.000,-10.000,0.0,0.0,0.0,0.0,0.0,0.0,0.0,0.0,0.0,0.0,0.0,0.0,0.0,0.0,0.0,0.0
1790303537.390633,3.300,-12.42218,-12.42218,-12.42218,-12.42218,-12.42218,-12.42218,-12.42218,0.04150,-12.42218,-12.42218,-12.42218,-12.42218,-12.42218,-12.42218,-12.42218,0.04150,-45.0000,-45.0000,-10.0000,-10.0000,-30.0000,-30.0000,-30.0000,-30.0000,-45.0000,-45.0000,-10.0000,-10.0000,-30.0000,-30.0000,-30.0000,-30.0000,-54.000,-54.000,-28.000,-28.000,-10.000,-10.000,-10.000,-10.000,-54.000,-54.000,-28.000,-28.000,-10.000,-10.000,-10.000,-10.000,0.0,0.0,0.0,0.0,0.0,0.0,0.0,0.0,0.0,0.0,0.0,0.0,0.0,0.0,0.0,0.0
1790303537.400661,3.310,-12.42218,-12.42218,-12.42218,-12.42218,-12.42218,-12.42218,-12.42218,0.04150,-12.42218,-12.42218,-12.42218,-12.42218,-12.42218,-12.42218,-12.42218,0.04150,-45.0000,-45.0000,-10.0000,-10.0000,-30.0000,-30.0000,-30.0000,-30.0000,-45.0000,-45.0000,-10.0000,-10.0000,-30.0000,-30.0000,-30.0000,-30.0000,-54.000,-54.000,-28.000,-28.000,-10.000,-10.000,-10.000,-10.000,-54.000,-54.000,-28.000,-28.000,-10.000,-10.000,-10.000,-10.000,0.0,0.0,0.0,0.0,0.0,0.0,0.0,0.0,0.0,0.0,0.0,0.0,0.0,0.0,0.0,0.0
1790303537.411098,3.320,-12.42218,-12.42218,-12.42218,-12.42218,-12.42218,-12.42218,-12.42218,0.04150,-12.42218,-12.42218,-12.42218,-12.42218,-12.42218,-12.42218,-12.42218,0.04150,-45.0000,-45.0000,-10.0000,-10.0000,-30.0000,-30.0000,-30.0000,-30.0000,-45.0000,-45.0000,-10.0000,-10.0000,-30.0000,-30.0000,-30.0000,-30.0000,-54.000,-54.000,-28.000,-28.000,-10.000,-10.000,-10.000,-10.000,-54.000,-54.000,-28.000,-28.000,-10.000,-10.000,-10.000,-10.000,0.0,0.0,0.0,0.0,0.0,0.0,0.0,0.0,0.0,0.0,0.0,0.0,0.0,0.0,0.0,0.0
1790303537.420650,3.330,-12.42218,-12.42218,-12.42218,-12.42218,-12.42218,-12.42218,-12.42218,0.04150,-12.42218,-12.42218,-12.42218,-12.42218,-12.42218,-12.42218,-12.42218,0.04150,-45.0000,-45.0000,-10.0000,-10.0000,-30.0000,-30.0000,-30.0000,-30.0000,-45.0000,-45.0000,-10.0000,-10.0000,-30.0000,-30.0000,-30.0000,-30.0000,-54.000,-54.000,-28.000,-28.000,-10.000,-10.000,-10.000,-10.000,-54.000,-54.000,-28.000,-28.000,-10.000,-10.000,-10.000,-10.000,0.0,0.0,0.0,0.0,0.0,0.0,0.0,0.0,0.0,0.0,0.0,0.0,0.0,0.0,0.0,0.0
1790303537.431006,3.340,-12.42218,-12.42218,-12.42218,-12.42218,-12.42218,-12.42218,-12.42218,0.04150,-12.42218,-12.42218,-12.42218,-12.42218,-12.42218,-12.42218,-12.42218,0.04150,-45.0000,-45.0000,-10.0000,-10.0000,-30.0000,-30.0000,-30.0000,-30.0000,-45.0000,-45.0000,-10.0000,-10.0000,-30.0000,-30.0000,-30.0000,-30.0000,-54.000,-54.000,-28.000,-28.000,-10.000,-10.000,-10.000,-10.000,-54.000,-54.000,-28.000,-28.000,-10.000,-10.000,-10.000,-10.000,0.0,0.0,0.0,0.0,0.0,0.0,0.0,0.0,0.0,0.0,0.0,0.0,0.0,0.0,0.0,0.0
1790303537.441525,3.350,-12.42218,-12.42218,-12.42218,-12.42218,-12.42218,-12.42218,-12.42218,0.04150,-12.42218,-12.42218,-12.42218,-12.42218,-12.42218,-12.42218,-12.42218,0.04150,-45.0000,-45.0000,-10.0000,-10.0000,-30.0000,-30.0000,-30.0000,-30.0000,-45.0000,-45.0000,-10.0000,-10.0000,-30.0000,-30.0000,-30.0000,-30.0000,-54.000,-54.000,-28.000,-28.000,-10.000,-10.000,-10.000,-10.000,-54.000,-54.000,-28.000,-28.000,-10.000,-10.000,-10.000,-10.000,0.0,0.0,0.0,0.0,0.0,0.0,0.0,0.0,0.0,0.0,0.0,0.0,0.0,0.0,0.0,0.0
1790303537.450946,3.360,-12.42218,-12.42218,-12.42218,-12.42218,-12.42218,-12.42218,-12.42218,0.04150,-12.42218,-12.42218,-12.42218,-12.42218,-12.42218,-12.42218,-12.42218,0.04150,-45.0000,-45.0000,-10.0000,-10.0000,-30.0000,-30.0000,-30.0000,-30.0000,-45.0000,-45.0000,-10.0000,-10.0000,-30.0000,-30.0000,-30.0000,-30.0000,-54.000,-54.000,-28.000,-28.000,-10.000,-10.000,-10.000,-10.000,-54.000,-54.000,-28.000,-28.000,-10.000,-10.000,-10.000,-10.000,0.0,0.0,0.0,0.0,0.0,0.0,0.0,0.0,0.0,0.0,0.0,0.0,0.0,0.0,0.0,0.0
1790303537.460630,3.370,-12.42218,-12.42218,-12.42218,-12.42218,-12.42218,-12.42218,-12.42218,0.04150,-12.42218,-12.42218,-12.42218,-12.42218,-12.42218,-12.42218,-12.42218,0.04150,-45.0000,-45.0000,-10.0000,-10.0000,-30.0000,-30.0000,-30.0000,-30.0000,-45.0000,-45.0000,-10.0000,-10.0000,-30.0000,-30.0000,-30.0000,-30.0000,-54.000,-54.000,-28.000,-28.000,-10.000,-10.000,-10.000,-10.000,-54.000,-54.000,-28.000,-28.000,-10.000,-10.000,-10.000,-10.000,0.0,0.0,0.0,0.0,0.0,0.0,0.0,0.0,0.0,0.0,0.0,0.0,0.0,0.0,0.0,0.0
1790303537.470880,3.380,-12.42218,-12.42218,-12.42218,-12.42218,-12.42218,-12.42218,-12.42218,0.04150,-12.42218,-12.42218,-12.42218,-12.42218,-12.42218,-12.42218,-12.42218,0.04150,-45.0000,-45.0000,-10.0000,-10.0000,-30.0000,-30.0000,-30.0000,-30.0000,-45.0000,-45.0000,-10.0000,-10.0000,-30.0000,-30.0000,-30.0000,-30.0000,-54.000,-54.000,-28.000,-28.000,-10.000,-10.000,-10.000,-10.000,-54.000,-54.000,-28.000,-28.000,-10.000,-10.000,-10.000,-10.000,0.0,0.0,0.0,0.0,0.0,0.0,0.0,0.0,0.0,0.0,0.0,0.0,0.0,0.0,0.0,0.0
1790303537.480673,3.390,-12.42218,-12.42218,-12.42218,-12.42218,-12.42218,-12.42218,-12.42218,0.04150,-12.42218,-12.42218,-12.42218,-12.42218,-12.42218,-12.42218,-12.42218,0.04150,-45.0000,-45.0000,-10.0000,-10.0000,-30.0000,-30.0000,-30.0000,-30.0000,-45.0000,-45.0000,-10.0000,-10.0000,-30.0000,-30.0000,-30.0000,-30.0000,-54.000,-54.000,-28.000,-28.000,-10.000,-10.000,-10.000,-10.000,-54.000,-54.000,-28.000,-28.000,-10.000,-10.000,-10.000,-10.000,0.0,0.0,0.0,0.0,0.0,0.0,0.0,0.0,0.0,0.0,0.0,0.0,0.0,0.0,0.0,0.0
1790303537.490872,3.400,-12.42218,-12.42218,-12.42218,-12.42218,-12.42218,-12.42218,-12.42218,0.04150,-12.42218,-12.42218,-12.42218,-12.42218,-12.42218,-12.42218,-12.42218,0.04150,-45.0000,-45.0000,-10.0000,-10.0000,-30.0000,-30.0000,-30.0000,-30.0000,-45.0000,-45.0000,-10.0000,-10.0000,-30.0000,-30.0000,-30.0000,-30.0000,-54.000,-54.000,-28.000,-28.000,-10.000,-10.000,-10.000,-10.000,-54.000,-54.000,-28.000,-28.000,-10.000,-10.000,-10.000,-10.000,0.0,0.0,0.0,0.0,0.0,0.0,0.0,0.0,0.0,0.0,0.0,0.0,0.0,0.0,0.0,0.0
1790303537.508910,3.418,-12.42218,-12.42218,-12.42218,-12.42218,-12.42218,-12.42218,-12.42218,0.04150,-12.42218,-12.42218,-12.42218,-12.42218,-12.42218,-12.42218,-12.42218,0.04150,-45.0000,-45.0000,-10.0000,-10.0000,-30.0000,-30.0000,-30.0000,-30.0000,-45.0000,-45.0000,-10.0000,-10.0000,-30.0000,-30.0000,-30.0000,-30.0000,-54.000,-54.000,-28.000,-28.000,-10.000,-10.000,-10.000,-10.000,-54.000,-54.000,-28.000,-28.000,-10.000,-10.000,-10.000,-10.000,0.0,0.0,0.0,0.0,0.0,0.0,0.0,0.0,0.0,0.0,0.0,0.0,0.0,0.0,0.0,0.0
1790303537.510108,3.419,-12.42218,-12.42218,-12.42218,-12.42218,-12.42218,-12.42218,-12.42218,0.04150,-12.42218,-12.42218,-12.42218,-12.42218,-12.42218,-12.42218,-12.42218,0.04150,-45.0000,-45.0000,-10.0000,-10.0000,-30.0000,-30.0000,-30.0000,-30.0000,-45.0000,-45.0000,-10.0000,-10.0000,-30.0000,-30.0000,-30.0000,-30.0000,-54.000,-54.000,-28.000,-28.000,-10.000,-10.000,-10.000,-10.000,-54.000,-54.000,-28.000,-28.000,-10.000,-10.000,-10.000,-10.000,0.0,0.0,0.0,0.0,0.0,0.0,0.0,0.0,0.0,0.0,0.0,0.0,0.0,0.0,0.0,0.0
1790303537.520696,3.430,-12.42218,-12.42218,-12.42218,-12.42218,-12.42218,-12.42218,-12.42218,0.04150,-12.42218,-12.42218,-12.42218,-12.42218,-12.42218,-12.42218,-12.42218,0.04150,-45.0000,-45.0000,-10.0000,-10.0000,-30.0000,-30.0000,-30.0000,-30.0000,-45.0000,-45.0000,-10.0000,-10.0000,-30.0000,-30.0000,-30.0000,-30.0000,-54.000,-54.000,-28.000,-28.000,-10.000,-10.000,-10.000,-10.000,-54.000,-54.000,-28.000,-28.000,-10.000,-10.000,-10.000,-10.000,0.0,0.0,0.0,0.0,0.0,0.0,0.0,0.0,0.0,0.0,0.0,0.0,0.0,0.0,0.0,0.0
1790303537.530890,3.440,-12.42218,-12.42218,-12.42218,-12.42218,-12.42218,-12.42218,-12.42218,0.04150,-12.42218,-12.42218,-12.42218,-12.42218,-12.42218,-12.42218,-12.42218,0.04150,-45.0000,-45.0000,-10.0000,-10.0000,-30.0000,-30.0000,-30.0000,-30.0000,-45.0000,-45.0000,-10.0000,-10.0000,-30.0000,-30.0000,-30.0000,-30.0000,-54.000,-54.000,-28.000,-28.000,-10.000,-10.000,-10.000,-10.000,-54.000,-54.000,-28.000,-28.000,-10.000,-10.000,-10.000,-10.000,0.0,0.0,0.0,0.0,0.0,0.0,0.0,0.0,0.0,0.0,0.0,0.0,0.0,0.0,0.0,0.0
1790303537.541674,3.451,-12.42218,-12.42218,-12.42218,-12.42218,-12.42218,-12.42218,-12.42218,0.04150,-12.42218,-12.42218,-12.42218,-12.42218,-12.42218,-12.42218,-12.42218,0.04150,-45.0000,-45.0000,-10.0000,-10.0000,-30.0000,-30.0000,-30.0000,-30.0000,-45.0000,-45.0000,-10.0000,-10.0000,-30.0000,-30.0000,-30.0000,-30.0000,-54.000,-54.000,-28.000,-28.000,-10.000,-10.000,-10.000,-10.000,-54.000,-54.000,-28.000,-28.000,-10.000,-10.000,-10.000,-10.000,0.0,0.0,0.0,0.0,0.0,0.0,0.0,0.0,0.0,0.0,0.0,0.0,0.0,0.0,0.0,0.0
1790303537.550493,3.459,-12.42218,-12.42218,-12.42218,-12.42218,-12.42218,-12.42218,-12.42218,0.04150,-12.42218,-12.42218,-12.42218,-12.42218,-12.42218,-12.42218,-12.42218,0.04150,-45.0000,-45.0000,-10.0000,-10.0000,-30.0000,-30.0000,-30.0000,-30.0000,-45.0000,-45.0000,-10.0000,-10.0000,-30.0000,-30.0000,-30.0000,-30.0000,-54.000,-54.000,-28.000,-28.000,-10.000,-10.000,-10.000,-10.000,-54.000,-54.000,-28.000,-28.000,-10.000,-10.000,-10.000,-10.000,0.0,0.0,0.0,0.0,0.0,0.0,0.0,0.0,0.0,0.0,0.0,0.0,0.0,0.0,0.0,0.0
1790303537.560678,3.470,-12.42218,-12.42218,-12.42218,-12.42218,-12.42218,-12.42218,-12.42218,0.04150,-12.42218,-12.42218,-12.42218,-12.42218,-12.42218,-12.42218,-12.42218,0.04150,-45.0000,-45.0000,-10.0000,-10.0000,-30.0000,-30.0000,-30.0000,-30.0000,-45.0000,-45.0000,-10.0000,-10.0000,-30.0000,-30.0000,-30.0000,-30.0000,-54.000,-54.000,-28.000,-28.000,-10.000,-10.000,-10.000,-10.000,-54.000,-54.000,-28.000,-28.000,-10.000,-10.000,-10.000,-10.000,0.0,0.0,0.0,0.0,0.0,0.0,0.0,0.0,0.0,0.0,0.0,0.0,0.0,0.0,0.0,0.0
1790303537.570902,3.480,-12.42218,-12.42218,-12.42218,-12.42218,-12.42218,-12.42218,-12.42218,0.04150,-12.42218,-12.42218,-12.42218,-12.42218,-12.42218,-12.42218,-12.42218,0.04150,-45.0000,-45.0000,-10.0000,-10.0000,-30.0000,-30.0000,-30.0000,-30.0000,-45.0000,-45.0000,-10.0000,-10.0000,-30.0000,-30.0000,-30.0000,-30.0000,-54.000,-54.000,-28.000,-28.000,-10.000,-10.000,-10.000,-10.000,-54.000,-54.000,-28.000,-28.000,-10.000,-10.000,-10.000,-10.000,0.0,0.0,0.0,0.0,0.0,0.0,0.0,0.0,0.0,0.0,0.0,0.0,0.0,0.0,0.0,0.0
1790303537.582561,3.491,-12.42218,-12.42218,-12.42218,-12.42218,-12.42218,-12.42218,-12.42218,0.04150,-12.42218,-12.42218,-12.42218,-12.42218,-12.42218,-12.42218,-12.42218,0.04150,-45.0000,-45.0000,-10.0000,-10.0000,-30.0000,-30.0000,-30.0000,-30.0000,-45.0000,-45.0000,-10.0000,-10.0000,-30.0000,-30.0000,-30.0000,-30.0000,-54.000,-54.000,-28.000,-28.000,-10.000,-10.000,-10.000,-10.000,-54.000,-54.000,-28.000,-28.000,-10.000,-10.000,-10.000,-10.000,0.0,0.0,0.0,0.0,0.0,0.0,0.0,0.0,0.0,0.0,0.0,0.0,0.0,0.0,0.0,0.0
1790303537.591543,3.500,-12.42218,-12.42218,-12.42218,-12.42218,-12.42218,-12.42218,-12.42218,0.04150,-12.42218,-12.42218,-12.42218,-12.42218,-12.42218,-12.42218,-12.42218,0.04150,-45.0000,-45.0000,-10.0000,-10.0000,-30.0000,-30.0000,-30.0000,-30.0000,-45.0000,-45.0000,-10.0000,-10.0000,-30.0000,-30.0000,-30.0000,-30.0000,-54.000,-54.000,-28.000,-28.000,-10.000,-10.000,-10.000,-10.000,-54.000,-54.000,-28.000,-28.000,-10.000,-10.000,-10.000,-10.000,0.0,0.0,0.0,0.0,0.0,0.0,0.0,0.0,0.0,0.0,0.0,0.0,0.0,0.0,0.0,0.0
1790303537.600644,3.510,-12.42218,-12.42218,-12.42218,-12.42218,-12.42218,-12.42218,-12.42218,0.04150,-12.42218,-12.42218,-12.42218,-12.42218,-12.42218,-12.42218,-12.42218,0.04150,-45.0000,-45.0000,-10.0000,-10.0000,-30.0000,-30.0000,-30.0000,-30.0000,-45.0000,-45.0000,-10.0000,-10.0000,-30.0000,-30.0000,-30.0000,-30.0000,-54.000,-54.000,-28.000,-28.000,-10.000,-10.000,-10.000,-10.000,-54.000,-54.000,-28.000,-28.000,-10.000,-10.000,-10.000,-10.000,0.0,0.0,0.0,0.0,0.0,0.0,0.0,0.0,0.0,0.0,0.0,0.0,0.0,0.0,0.0,0.0
1790303537.611060,3.520,-12.42218,-12.42218,-12.42218,-12.42218,-12.42218,-12.42218,-12.42218,0.04150,-12.42218,-12.42218,-12.42218,-12.42218,-12.42218,-12.42218,-12.42218,0.04150,-45.0000,-45.0000,-10.0000,-10.0000,-30.0000,-30.0000,-30.0000,-30.0000,-45.0000,-45.0000,-10.0000,-10.0000,-30.0000,-30.0000,-30.0000,-30.0000,-54.000,-54.000,-28.000,-28.000,-10.000,-10.000,-10.000,-10.000,-54.000,-54.000,-28.000,-28.000,-10.000,-10.000,-10.000,-10.000,0.0,0.0,0.0,0.0,0.0,0.0,0.0,0.0,0.0,0.0,0.0,0.0,0.0,0.0,0.0,0.0
1790303537.620672,3.530,-12.42218,-12.42218,-12.42218,-12.42218,-12.42218,-12.42218,-12.42218,0.04150,-12.42218,-12.42218,-12.42218,-12.42218,-12.42218,-12.42218,-12.42218,0.04150,-45.0000,-45.0000,-10.0000,-10.0000,-30.0000,-30.0000,-30.0000,-30.0000,-45.0000,-45.0000,-10.0000,-10.0000,-30.0000,-30.0000,-30.0000,-30.0000,-54.000,-54.000,-28.000,-28.000,-10.000,-10.000,-10.000,-10.000,-54.000,-54.000,-28.000,-28.000,-10.000,-10.000,-10.000,-10.000,0.0,0.0,0.0,0.0,0.0,0.0,0.0,0.0,0.0,0.0,0.0,0.0,0.0,0.0,0.0,0.0
1790303537.631321,3.540,-12.42218,-12.42218,-12.42218,-12.42218,-12.42218,-12.42218,-12.42218,0.04150,-12.42218,-12.42218,-12.42218,-12.42218,-12.42218,-12.42218,-12.42218,0.04150,-45.0000,-45.0000,-10.0000,-10.0000,-30.0000,-30.0000,-30.0000,-30.0000,-45.0000,-45.0000,-10.0000,-10.0000,-30.0000,-30.0000,-30.0000,-30.0000,-54.000,-54.000,-28.000,-28.000,-10.000,-10.000,-10.000,-10.000,-54.000,-54.000,-28.000,-28.000,-10.000,-10.000,-10.000,-10.000,0.0,0.0,0.0,0.0,0.0,0.0,0.0,0.0,0.0,0.0,0.0,0.0,0.0,0.0,0.0,0.0
1790303537.641704,3.551,-12.42218,-12.42218,-12.42218,-12.42218,-12.42218,-12.42218,-12.42218,0.04150,-12.42218,-12.42218,-12.42218,-12.42218,-12.42218,-12.42218,-12.42218,0.04150,-45.0000,-45.0000,-10.0000,-10.0000,-30.0000,-30.0000,-30.0000,-30.0000,-45.0000,-45.0000,-10.0000,-10.0000,-30.0000,-30.0000,-30.0000,-30.0000,-54.000,-54.000,-28.000,-28.000,-10.000,-10.000,-10.000,-10.000,-54.000,-54.000,-28.000,-28.000,-10.000,-10.000,-10.000,-10.000,0.0,0.0,0.0,0.0,0.0,0.0,0.0,0.0,0.0,0.0,0.0,0.0,0.0,0.0,0.0,0.0
1790303537.650497,3.559,-12.42218,-12.42218,-12.42218,-12.42218,-12.42218,-12.42218,-12.42218,0.04150,-12.42218,-12.42218,-12.42218,-12.42218,-12.42218,-12.42218,-12.42218,0.04150,-45.0000,-45.0000,-10.0000,-10.0000,-30.0000,-30.0000,-30.0000,-30.0000,-45.0000,-45.0000,-10.0000,-10.0000,-30.0000,-30.0000,-30.0000,-30.0000,-54.000,-54.000,-28.000,-28.000,-10.000,-10.000,-10.000,-10.000,-54.000,-54.000,-28.000,-28.000,-10.000,-10.000,-10.000,-10.000,0.0,0.0,0.0,0.0,0.0,0.0,0.0,0.0,0.0,0.0,0.0,0.0,0.0,0.0,0.0,0.0
1790303537.660219,3.569,-12.42218,-12.42218,-12.42218,-12.42218,-12.42218,-12.42218,-12.42218,0.04150,-12.42218,-12.42218,-12.42218,-12.42218,-12.42218,-12.42218,-12.42218,0.04150,-45.0000,-45.0000,-10.0000,-10.0000,-30.0000,-30.0000,-30.0000,-30.0000,-45.0000,-45.0000,-10.0000,-10.0000,-30.0000,-30.0000,-30.0000,-30.0000,-54.000,-54.000,-28.000,-28.000,-10.000,-10.000,-10.000,-10.000,-54.000,-54.000,-28.000,-28.000,-10.000,-10.000,-10.000,-10.000,0.0,0.0,0.0,0.0,0.0,0.0,0.0,0.0,0.0,0.0,0.0,0.0,0.0,0.0,0.0,0.0
1790303537.670431,3.579,-12.42218,-12.42218,-12.42218,-12.42218,-12.42218,-12.42218,-12.42218,0.04150,-12.42218,-12.42218,-12.42218,-12.42218,-12.42218,-12.42218,-12.42218,0.04150,-45.0000,-45.0000,-10.0000,-10.0000,-30.0000,-30.0000,-30.0000,-30.0000,-45.0000,-45.0000,-10.0000,-10.0000,-30.0000,-30.0000,-30.0000,-30.0000,-54.000,-54.000,-28.000,-28.000,-10.000,-10.000,-10.000,-10.000,-54.000,-54.000,-28.000,-28.000,-10.000,-10.000,-10.000,-10.000,0.0,0.0,0.0,0.0,0.0,0.0,0.0,0.0,0.0,0.0,0.0,0.0,0.0,0.0,0.0,0.0
1790303537.681558,3.590,-12.42218,-12.42218,-12.42218,-12.42218,-12.42218,-12.42218,-12.42218,0.04150,-12.42218,-12.42218,-12.42218,-12.42218,-12.42218,-12.42218,-12.42218,0.04150,-45.0000,-45.0000,-10.0000,-10.0000,-30.0000,-30.0000,-30.0000,-30.0000,-45.0000,-45.0000,-10.0000,-10.0000,-30.0000,-30.0000,-30.0000,-30.0000,-54.000,-54.000,-28.000,-28.000,-10.000,-10.000,-10.000,-10.000,-54.000,-54.000,-28.000,-28.000,-10.000,-10.000,-10.000,-10.000,0.0,0.0,0.0,0.0,0.0,0.0,0.0,0.0,0.0,0.0,0.0,0.0,0.0,0.0,0.0,0.0
1790303537.690651,3.600,-12.42218,-12.42218,-12.42218,-12.42218,-12.42218,-12.42218,-12.42218,0.04150,-12.42218,-12.42218,-12.42218,-12.42218,-12.42218,-12.42218,-12.42218,0.04150,-45.0000,-45.0000,-10.0000,-10.0000,-30.0000,-30.0000,-30.0000,-30.0000,-45.0000,-45.0000,-10.0000,-10.0000,-30.0000,-30.0000,-30.0000,-30.0000,-54.000,-54.000,-28.000,-28.000,-10.000,-10.000,-10.000,-10.000,-54.000,-54.000,-28.000,-28.000,-10.000,-10.000,-10.000,-10.000,0.0,0.0,0.0,0.0,0.0,0.0,0.0,0.0,0.0,0.0,0.0,0.0,0.0,0.0,0.0,0.0
1790303537.700689,3.610,-12.42218,-12.42218,-12.42218,-12.42218,-12.42218,-12.42218,-12.42218,0.04150,-12.42218,-12.42218,-12.42218,-12.42218,-12.42218,-12.42218,-12.42218,0.04150,-45.0000,-45.0000,-10.0000,-10.0000,-30.0000,-30.0000,-30.0000,-30.0000,-45.0000,-45.0000,-10.0000,-10.0000,-30.0000,-30.0000,-30.0000,-30.0000,-54.000,-54.000,-28.000,-28.000,-10.000,-10.000,-10.000,-10.000,-54.000,-54.000,-28.000,-28.000,-10.000,-10.000,-10.000,-10.000,0.0,0.0,0.0,0.0,0.0,0.0,0.0,0.0,0.0,0.0,0.0,0.0,0.0,0.0,0.0,0.0
1790303537.711561,3.620,-12.42218,-12.42218,-12.42218,-12.42218,-12.42218,-12.42218,-12.42218,0.04150,-12.42218,-12.42218,-12.42218,-12.42218,-12.42218,-12.42218,-12.42218,0.04150,-45.0000,-45.0000,-10.0000,-10.0000,-30.0000,-30.0000,-30.0000,-30.0000,-45.0000,-45.0000,-10.0000,-10.0000,-30.0000,-30.0000,-30.0000,-30.0000,-54.000,-54.000,-28.000,-28.000,-10.000,-10.000,-10.000,-10.000,-54.000,-54.000,-28.000,-28.000,-10.000,-10.000,-10.000,-10.000,0.0,0.0,0.0,0.0,0.0,0.0,0.0,0.0,0.0,0.0,0.0,0.0,0.0,0.0,0.0,0.0
1790303537.720636,3.630,-12.42218,-12.42218,-12.42218,-12.42218,-12.42218,-12.42218,-12.42218,0.04150,-12.42218,-12.42218,-12.42218,-12.42218,-12.42218,-12.42218,-12.42218,0.04150,-45.0000,-45.0000,-10.0000,-10.0000,-30.0000,-30.0000,-30.0000,-30.0000,-45.0000,-45.0000,-10.0000,-10.0000,-30.0000,-30.0000,-30.0000,-30.0000,-54.000,-54.000,-28.000,-28.000,-10.000,-10.000,-10.000,-10.000,-54.000,-54.000,-28.000,-28.000,-10.000,-10.000,-10.000,-10.000,0.0,0.0,0.0,0.0,0.0,0.0,0.0,0.0,0.0,0.0,0.0,0.0,0.0,0.0,0.0,0.0
1790303537.730475,3.639,-12.42218,-12.42218,-12.42218,-12.42218,-12.42218,-12.42218,-12.42218,0.04150,-12.42218,-12.42218,-12.42218,-12.42218,-12.42218,-12.42218,-12.42218,0.04150,-45.0000,-45.0000,-10.0000,-10.0000,-30.0000,-30.0000,-30.0000,-30.0000,-45.0000,-45.0000,-10.0000,-10.0000,-30.0000,-30.0000,-30.0000,-30.0000,-54.000,-54.000,-28.000,-28.000,-10.000,-10.000,-10.000,-10.000,-54.000,-54.000,-28.000,-28.000,-10.000,-10.000,-10.000,-10.000,0.0,0.0,0.0,0.0,0.0,0.0,0.0,0.0,0.0,0.0,0.0,0.0,0.0,0.0,0.0,0.0
1790303537.741387,3.650,-12.42218,-12.42218,-12.42218,-12.42218,-12.42218,-12.42218,-12.42218,0.04150,-12.42218,-12.42218,-12.42218,-12.42218,-12.42218,-12.42218,-12.42218,0.04150,-45.0000,-45.0000,-10.0000,-10.0000,-30.0000,-30.0000,-30.0000,-30.0000,-45.0000,-45.0000,-10.0000,-10.0000,-30.0000,-30.0000,-30.0000,-30.0000,-54.000,-54.000,-28.000,-28.000,-10.000,-10.000,-10.000,-10.000,-54.000,-54.000,-28.000,-28.000,-10.000,-10.000,-10.000,-10.000,0.0,0.0,0.0,0.0,0.0,0.0,0.0,0.0,0.0,0.0,0.0,0.0,0.0,0.0,0.0,0.0
1790303537.750859,3.660,-12.42218,-12.42218,-12.42218,-12.42218,-12.42218,-12.42218,-12.42218,0.04150,-12.42218,-12.42218,-12.42218,-12.42218,-12.42218,-12.42218,-12.42218,0.04150,-45.0000,-45.0000,-10.0000,-10.0000,-30.0000,-30.0000,-30.0000,-30.0000,-45.0000,-45.0000,-10.0000,-10.0000,-30.0000,-30.0000,-30.0000,-30.0000,-54.000,-54.000,-28.000,-28.000,-10.000,-10.000,-10.000,-10.000,-54.000,-54.000,-28.000,-28.000,-10.000,-10.000,-10.000,-10.000,0.0,0.0,0.0,0.0,0.0,0.0,0.0,0.0,0.0,0.0,0.0,0.0,0.0,0.0,0.0,0.0
1790303537.760598,3.669,-12.42218,-12.42218,-12.42218,-12.42218,-12.42218,-12.42218,-12.42218,0.04150,-12.42218,-12.42218,-12.42218,-12.42218,-12.42218,-12.42218,-12.42218,0.04150,-45.0000,-45.0000,-10.0000,-10.0000,-30.0000,-30.0000,-30.0000,-30.0000,-45.0000,-45.0000,-10.0000,-10.0000,-30.0000,-30.0000,-30.0000,-30.0000,-54.000,-54.000,-28.000,-28.000,-10.000,-10.000,-10.000,-10.000,-54.000,-54.000,-28.000,-28.000,-10.000,-10.000,-10.000,-10.000,0.0,0.0,0.0,0.0,0.0,0.0,0.0,0.0,0.0,0.0,0.0,0.0,0.0,0.0,0.0,0.0
1790303537.771808,3.681,-12.42218,-12.42218,-12.42218,-12.42218,-12.42218,-12.42218,-12.42218,0.04150,-12.42218,-12.42218,-12.42218,-12.42218,-12.42218,-12.42218,-12.42218,0.04150,-45.0000,-45.0000,-10.0000,-10.0000,-30.0000,-30.0000,-30.0000,-30.0000,-45.0000,-45.0000,-10.0000,-10.0000,-30.0000,-30.0000,-30.0000,-30.0000,-54.000,-54.000,-28.000,-28.000,-10.000,-10.000,-10.000,-10.000,-54.000,-54.000,-28.000,-28.000,-10.000,-10.000,-10.000,-10.000,0.0,0.0,0.0,0.0,0.0,0.0,0.0,0.0,0.0,0.0,0.0,0.0,0.0,0.0,0.0,0.0
1790303537.780570,3.689,-12.42218,-12.42218,-12.42218,-12.42218,-12.42218,-12.42218,-12.42218,0.04150,-12.42218,-12.42218,-12.42218,-12.42218,-12.42218,-12.42218,-12.42218,0.04150,-45.0000,-45.0000,-10.0000,-10.0000,-30.0000,-30.0000,-30.0000,-30.0000,-45.0000,-45.0000,-10.0000,-10.0000,-30.0000,-30.0000,-30.0000,-30.0000,-54.000,-54.000,-28.000,-28.000,-10.000,-10.000,-10.000,-10.000,-54.000,-54.000,-28.000,-28.000,-10.000,-10.000,-10.000,-10.000,0.0,0.0,0.0,0.0,0.0,0.0,0.0,0.0,0.0,0.0,0.0,0.0,0.0,0.0,0.0,0.0
1790303537.790948,3.700,-12.42218,-12.42218,-12.42218,-12.42218,-12.42218,-12.42218,-12.42218,0.04150,-12.42218,-12.42218,-12.42218,-12.42218,-12.42218,-12.42218,-12.42218,0.04150,-45.0000,-45.0000,-10.0000,-10.0000,-30.0000,-30.0000,-30.0000,-30.0000,-45.0000,-45.0000,-10.0000,-10.0000,-30.0000,-30.0000,-30.0000,-30.0000,-54.000,-54.000,-28.000,-28.000,-10.000,-10.000,-10.000,-10.000,-54.000,-54.000,-28.000,-28.000,-10.000,-10.000,-10.000,-10.000,0.0,0.0,0.0,0.0,0.0,0.0,0.0,0.0,0.0,0.0,0.0,0.0,0.0,0.0,0.0,0.0
1790303537.800725,3.710,-12.42218,-12.42218,-12.42218,-12.42218,-12.42218,-12.42218,-12.42218,0.04150,-12.42218,-12.42218,-12.42218,-12.42218,-12.42218,-12.42218,-12.42218,0.04150,-45.0000,-45.0000,-10.0000,-10.0000,-30.0000,-30.0000,-30.0000,-30.0000,-45.0000,-45.0000,-10.0000,-10.0000,-30.0000,-30.0000,-30.0000,-30.0000,-54.000,-54.000,-28.000,-28.000,-10.000,-10.000,-10.000,-10.000,-54.000,-54.000,-28.000,-28.000,-10.000,-10.000,-10.000,-10.000,0.0,0.0,0.0,0.0,0.0,0.0,0.0,0.0,0.0,0.0,0.0,0.0,0.0,0.0,0.0,0.0
1790303537.810922,3.720,-12.42218,-12.42218,-12.42218,-12.42218,-12.42218,-12.42218,-12.42218,0.04150,-12.42218,-12.42218,-12.42218,-12.42218,-12.42218,-12.42218,-12.42218,0.04150,-45.0000,-45.0000,-10.0000,-10.0000,-30.0000,-30.0000,-30.0000,-30.0000,-45.0000,-45.0000,-10.0000,-10.0000,-30.0000,-30.0000,-30.0000,-30.0000,-54.000,-54.000,-28.000,-28.000,-10.000,-10.000,-10.000,-10.000,-54.000,-54.000,-28.000,-28.000,-10.000,-10.000,-10.000,-10.000,0.0,0.0,0.0,0.0,0.0,0.0,0.0,0.0,0.0,0.0,0.0,0.0,0.0,0.0,0.0,0.0
1790303537.820704,3.730,-12.42218,-12.42218,-12.42218,-12.42218,-12.42218,-12.42218,-12.42218,0.04150,-12.42218,-12.42218,-12.42218,-12.42218,-12.42218,-12.42218,-12.42218,0.04150,-45.0000,-45.0000,-10.0000,-10.0000,-30.0000,-30.0000,-30.0000,-30.0000,-45.0000,-45.0000,-10.0000,-10.0000,-30.0000,-30.0000,-30.0000,-30.0000,-54.000,-54.000,-28.000,-28.000,-10.000,-10.000,-10.000,-10.000,-54.000,-54.000,-28.000,-28.000,-10.000,-10.000,-10.000,-10.000,0.0,0.0,0.0,0.0,0.0,0.0,0.0,0.0,0.0,0.0,0.0,0.0,0.0,0.0,0.0,0.0
1790303537.830818,3.740,-12.42218,-12.42218,-12.42218,-12.42218,-12.42218,-12.42218,-12.42218,0.04150,-12.42218,-12.42218,-12.42218,-12.42218,-12.42218,-12.42218,-12.42218,0.04150,-45.0000,-45.0000,-10.0000,-10.0000,-30.0000,-30.0000,-30.0000,-30.0000,-45.0000,-45.0000,-10.0000,-10.0000,-30.0000,-30.0000,-30.0000,-30.0000,-54.000,-54.000,-28.000,-28.000,-10.000,-10.000,-10.000,-10.000,-54.000,-54.000,-28.000,-28.000,-10.000,-10.000,-10.000,-10.000,0.0,0.0,0.0,0.0,0.0,0.0,0.0,0.0,0.0,0.0,0.0,0.0,0.0,0.0,0.0,0.0
1790303537.840746,3.750,-12.42218,-12.42218,-12.42218,-12.42218,-12.42218,-12.42218,-12.42218,0.04150,-12.42218,-12.42218,-12.42218,-12.42218,-12.42218,-12.42218,-12.42218,0.04150,-45.0000,-45.0000,-10.0000,-10.0000,-30.0000,-30.0000,-30.0000,-30.0000,-45.0000,-45.0000,-10.0000,-10.0000,-30.0000,-30.0000,-30.0000,-30.0000,-54.000,-54.000,-28.000,-28.000,-10.000,-10.000,-10.000,-10.000,-54.000,-54.000,-28.000,-28.000,-10.000,-10.000,-10.000,-10.000,0.0,0.0,0.0,0.0,0.0,0.0,0.0,0.0,0.0,0.0,0.0,0.0,0.0,0.0,0.0,0.0
1790303537.850859,3.760,-12.42218,-12.42218,-12.42218,-12.42218,-12.42218,-12.42218,-12.42218,0.04150,-12.42218,-12.42218,-12.42218,-12.42218,-12.42218,-12.42218,-12.42218,0.04150,-45.0000,-45.0000,-10.0000,-10.0000,-30.0000,-30.0000,-30.0000,-30.0000,-45.0000,-45.0000,-10.0000,-10.0000,-30.0000,-30.0000,-30.0000,-30.0000,-54.000,-54.000,-28.000,-28.000,-10.000,-10.000,-10.000,-10.000,-54.000,-54.000,-28.000,-28.000,-10.000,-10.000,-10.000,-10.000,0.0,0.0,0.0,0.0,0.0,0.0,0.0,0.0,0.0,0.0,0.0,0.0,0.0,0.0,0.0,0.0
1790303537.860958,3.770,-12.42218,-12.42218,-12.42218,-12.42218,-12.42218,-12.42218,-12.42218,0.04150,-12.42218,-12.42218,-12.42218,-12.42218,-12.42218,-12.42218,-12.42218,0.04150,-45.0000,-45.0000,-10.0000,-10.0000,-30.0000,-30.0000,-30.0000,-30.0000,-45.0000,-45.0000,-10.0000,-10.0000,-30.0000,-30.0000,-30.0000,-30.0000,-54.000,-54.000,-28.000,-28.000,-10.000,-10.000,-10.000,-10.000,-54.000,-54.000,-28.000,-28.000,-10.000,-10.000,-10.000,-10.000,0.0,0.0,0.0,0.0,0.0,0.0,0.0,0.0,0.0,0.0,0.0,0.0,0.0,0.0,0.0,0.0
1790303537.874122,3.783,-12.42218,-12.42218,-12.42218,-12.42218,-12.42218,-12.42218,-12.42218,0.04150,-12.42218,-12.42218,-12.42218,-12.42218,-12.42218,-12.42218,-12.42218,0.04150,-45.0000,-45.0000,-10.0000,-10.0000,-30.0000,-30.0000,-30.0000,-30.0000,-45.0000,-45.0000,-10.0000,-10.0000,-30.0000,-30.0000,-30.0000,-30.0000,-54.000,-54.000,-28.000,-28.000,-10.000,-10.000,-10.000,-10.000,-54.000,-54.000,-28.000,-28.000,-10.000,-10.000,-10.000,-10.000,0.0,0.0,0.0,0.0,0.0,0.0,0.0,0.0,0.0,0.0,0.0,0.0,0.0,0.0,0.0,0.0
1790303537.880275,3.789,-12.42218,-12.42218,-12.42218,-12.42218,-12.42218,-12.42218,-12.42218,0.04150,-12.42218,-12.42218,-12.42218,-12.42218,-12.42218,-12.42218,-12.42218,0.04150,-45.0000,-45.0000,-10.0000,-10.0000,-30.0000,-30.0000,-30.0000,-30.0000,-45.0000,-45.0000,-10.0000,-10.0000,-30.0000,-30.0000,-30.0000,-30.0000,-54.000,-54.000,-28.000,-28.000,-10.000,-10.000,-10.000,-10.000,-54.000,-54.000,-28.000,-28.000,-10.000,-10.000,-10.000,-10.000,0.0,0.0,0.0,0.0,0.0,0.0,0.0,0.0,0.0,0.0,0.0,0.0,0.0,0.0,0.0,0.0
1790303537.890851,3.800,-12.42218,-12.42218,-12.42218,-12.42218,-12.42218,-12.42218,-12.42218,0.04150,-12.42218,-12.42218,-12.42218,-12.42218,-12.42218,-12.42218,-12.42218,0.04150,-45.0000,-45.0000,-10.0000,-10.0000,-30.0000,-30.0000,-30.0000,-30.0000,-45.0000,-45.0000,-10.0000,-10.0000,-30.0000,-30.0000,-30.0000,-30.0000,-54.000,-54.000,-28.000,-28.000,-10.000,-10.000,-10.000,-10.000,-54.000,-54.000,-28.000,-28.000,-10.000,-10.000,-10.000,-10.000,0.0,0.0,0.0,0.0,0.0,0.0,0.0,0.0,0.0,0.0,0.0,0.0,0.0,0.0,0.0,0.0
1790303537.900650,3.810,-12.42218,-12.42218,-12.42218,-12.42218,-12.42218,-12.42218,-12.42218,0.04150,-12.42218,-12.42218,-12.42218,-12.42218,-12.42218,-12.42218,-12.42218,0.04150,-45.0000,-45.0000,-10.0000,-10.0000,-30.0000,-30.0000,-30.0000,-30.0000,-45.0000,-45.0000,-10.0000,-10.0000,-30.0000,-30.0000,-30.0000,-30.0000,-54.000,-54.000,-28.000,-28.000,-10.000,-10.000,-10.000,-10.000,-54.000,-54.000,-28.000,-28.000,-10.000,-10.000,-10.000,-10.000,0.0,0.0,0.0,0.0,0.0,0.0,0.0,0.0,0.0,0.0,0.0,0.0,0.0,0.0,0.0,0.0
1790303537.910878,3.820,-12.42218,-12.42218,-12.42218,-12.42218,-12.42218,-12.42218,-12.42218,0.04150,-12.42218,-12.42218,-12.42218,-12.42218,-12.42218,-12.42218,-12.42218,0.04150,-45.0000,-45.0000,-10.0000,-10.0000,-30.0000,-30.0000,-30.0000,-30.0000,-45.0000,-45.0000,-10.0000,-10.0000,-30.0000,-30.0000,-30.0000,-30.0000,-54.000,-54.000,-28.000,-28.000,-10.000,-10.000,-10.000,-10.000,-54.000,-54.000,-28.000,-28.000,-10.000,-10.000,-10.000,-10.000,0.0,0.0,0.0,0.0,0.0,0.0,0.0,0.0,0.0,0.0,0.0,0.0,0.0,0.0,0.0,0.0
1790303537.922831,3.832,-12.42218,-12.42218,-12.42218,-12.42218,-12.42218,-12.42218,-12.42218,0.04150,-12.42218,-12.42218,-12.42218,-12.42218,-12.42218,-12.42218,-12.42218,0.04150,-45.0000,-45.0000,-10.0000,-10.0000,-30.0000,-30.0000,-30.0000,-30.0000,-45.0000,-45.0000,-10.0000,-10.0000,-30.0000,-30.0000,-30.0000,-30.0000,-54.000,-54.000,-28.000,-28.000,-10.000,-10.000,-10.000,-10.000,-54.000,-54.000,-28.000,-28.000,-10.000,-10.000,-10.000,-10.000,0.0,0.0,0.0,0.0,0.0,0.0,0.0,0.0,0.0,0.0,0.0,0.0,0.0,0.0,0.0,0.0
1790303537.930453,3.839,-12.42218,-12.42218,-12.42218,-12.42218,-12.42218,-12.42218,-12.42218,0.04150,-12.42218,-12.42218,-12.42218,-12.42218,-12.42218,-12.42218,-12.42218,0.04150,-45.0000,-45.0000,-10.0000,-10.0000,-30.0000,-30.0000,-30.0000,-30.0000,-45.0000,-45.0000,-10.0000,-10.0000,-30.0000,-30.0000,-30.0000,-30.0000,-54.000,-54.000,-28.000,-28.000,-10.000,-10.000,-10.000,-10.000,-54.000,-54.000,-28.000,-28.000,-10.000,-10.000,-10.000,-10.000,0.0,0.0,0.0,0.0,0.0,0.0,0.0,0.0,0.0,0.0,0.0,0.0,0.0,0.0,0.0,0.0
1790303537.940681,3.850,-12.42218,-12.42218,-12.42218,-12.42218,-12.42218,-12.42218,-12.42218,0.04150,-12.42218,-12.42218,-12.42218,-12.42218,-12.42218,-12.42218,-12.42218,0.04150,-45.0000,-45.0000,-10.0000,-10.0000,-30.0000,-30.0000,-30.0000,-30.0000,-45.0000,-45.0000,-10.0000,-10.0000,-30.0000,-30.0000,-30.0000,-30.0000,-54.000,-54.000,-28.000,-28.000,-10.000,-10.000,-10.000,-10.000,-54.000,-54.000,-28.000,-28.000,-10.000,-10.000,-10.000,-10.000,0.0,0.0,0.0,0.0,0.0,0.0,0.0,0.0,0.0,0.0,0.0,0.0,0.0,0.0,0.0,0.0
1790303537.951964,3.861,-12.42218,-12.42218,-12.42218,-12.42218,-12.42218,-12.42218,-12.42218,0.04150,-12.42218,-12.42218,-12.42218,-12.42218,-12.42218,-12.42218,-12.42218,0.04150,-45.0000,-45.0000,-10.0000,-10.0000,-30.0000,-30.0000,-30.0000,-30.0000,-45.0000,-45.0000,-10.0000,-10.0000,-30.0000,-30.0000,-30.0000,-30.0000,-54.000,-54.000,-28.000,-28.000,-10.000,-10.000,-10.000,-10.000,-54.000,-54.000,-28.000,-28.000,-10.000,-10.000,-10.000,-10.000,0.0,0.0,0.0,0.0,0.0,0.0,0.0,0.0,0.0,0.0,0.0,0.0,0.0,0.0,0.0,0.0
1790303537.960906,3.870,-12.42218,-12.42218,-12.42218,-12.42218,-12.42218,-12.42218,-12.42218,0.04150,-12.42218,-12.42218,-12.42218,-12.42218,-12.42218,-12.42218,-12.42218,0.04150,-45.0000,-45.0000,-10.0000,-10.0000,-30.0000,-30.0000,-30.0000,-30.0000,-45.0000,-45.0000,-10.0000,-10.0000,-30.0000,-30.0000,-30.0000,-30.0000,-54.000,-54.000,-28.000,-28.000,-10.000,-10.000,-10.000,-10.000,-54.000,-54.000,-28.000,-28.000,-10.000,-10.000,-10.000,-10.000,0.0,0.0,0.0,0.0,0.0,0.0,0.0,0.0,0.0,0.0,0.0,0.0,0.0,0.0,0.0,0.0
1790303537.970881,3.880,-12.42218,-12.42218,-12.42218,-12.42218,-12.42218,-12.42218,-12.42218,0.04150,-12.42218,-12.42218,-12.42218,-12.42218,-12.42218,-12.42218,-12.42218,0.04150,-45.0000,-45.0000,-10.0000,-10.0000,-30.0000,-30.0000,-30.0000,-30.0000,-45.0000,-45.0000,-10.0000,-10.0000,-30.0000,-30.0000,-30.0000,-30.0000,-54.000,-54.000,-28.000,-28.000,-10.000,-10.000,-10.000,-10.000,-54.000,-54.000,-28.000,-28.000,-10.000,-10.000,-10.000,-10.000,0.0,0.0,0.0,0.0,0.0,0.0,0.0,0.0,0.0,0.0,0.0,0.0,0.0,0.0,0.0,0.0
1790303537.980649,3.890,-12.42218,-12.42218,-12.42218,-12.42218,-12.42218,-12.42218,-12.42218,0.04150,-12.42218,-12.42218,-12.42218,-12.42218,-12.42218,-12.42218,-12.42218,0.04150,-45.0000,-45.0000,-10.0000,-10.0000,-30.0000,-30.0000,-30.0000,-30.0000,-45.0000,-45.0000,-10.0000,-10.0000,-30.0000,-30.0000,-30.0000,-30.0000,-54.000,-54.000,-28.000,-28.000,-10.000,-10.000,-10.000,-10.000,-54.000,-54.000,-28.000,-28.000,-10.000,-10.000,-10.000,-10.000,0.0,0.0,0.0,0.0,0.0,0.0,0.0,0.0,0.0,0.0,0.0,0.0,0.0,0.0,0.0,0.0
1790303537.990865,3.900,-12.42218,-12.42218,-12.42218,-12.42218,-12.42218,-12.42218,-12.42218,0.04150,-12.42218,-12.42218,-12.42218,-12.42218,-12.42218,-12.42218,-12.42218,0.04150,-45.0000,-45.0000,-10.0000,-10.0000,-30.0000,-30.0000,-30.0000,-30.0000,-45.0000,-45.0000,-10.0000,-10.0000,-30.0000,-30.0000,-30.0000,-30.0000,-54.000,-54.000,-28.000,-28.000,-10.000,-10.000,-10.000,-10.000,-54.000,-54.000,-28.000,-28.000,-10.000,-10.000,-10.000,-10.000,0.0,0.0,0.0,0.0,0.0,0.0,0.0,0.0,0.0,0.0,0.0,0.0,0.0,0.0,0.0,0.0
1790303538.000775,3.910,-12.42218,-12.42218,-12.42218,-12.42218,-12.42218,-12.42218,-12.42218,0.04150,-12.42218,-12.42218,-12.42218,-12.42218,-12.42218,-12.42218,-12.42218,0.04150,-45.0000,-45.0000,-10.0000,-10.0000,-30.0000,-30.0000,-30.0000,-30.0000,-45.0000,-45.0000,-10.0000,-10.0000,-30.0000,-30.0000,-30.0000,-30.0000,-54.000,-54.000,-28.000,-28.000,-10.000,-10.000,-10.000,-10.000,-54.000,-54.000,-28.000,-28.000,-10.000,-10.000,-10.000,-10.000,0.0,0.0,0.0,0.0,0.0,0.0,0.0,0.0,0.0,0.0,0.0,0.0,0.0,0.0,0.0,0.0
1790303538.014635,3.924,-12.42218,-12.42218,-12.42218,-12.42218,-12.42218,-12.42218,-12.42218,0.04150,-12.42218,-12.42218,-12.42218,-12.42218,-12.42218,-12.42218,-12.42218,0.04150,-45.0000,-45.0000,-10.0000,-10.0000,-30.0000,-30.0000,-30.0000,-30.0000,-45.0000,-45.0000,-10.0000,-10.0000,-30.0000,-30.0000,-30.0000,-30.0000,-54.000,-54.000,-28.000,-28.000,-10.000,-10.000,-10.000,-10.000,-54.000,-54.000,-28.000,-28.000,-10.000,-10.000,-10.000,-10.000,0.0,0.0,0.0,0.0,0.0,0.0,0.0,0.0,0.0,0.0,0.0,0.0,0.0,0.0,0.0,0.0
1790303538.020241,3.929,-12.42218,-12.42218,-12.42218,-12.42218,-12.42218,-12.42218,-12.42218,0.04150,-12.42218,-12.42218,-12.42218,-12.42218,-12.42218,-12.42218,-12.42218,0.04150,-45.0000,-45.0000,-10.0000,-10.0000,-30.0000,-30.0000,-30.0000,-30.0000,-45.0000,-45.0000,-10.0000,-10.0000,-30.0000,-30.0000,-30.0000,-30.0000,-54.000,-54.000,-28.000,-28.000,-10.000,-10.000,-10.000,-10.000,-54.000,-54.000,-28.000,-28.000,-10.000,-10.000,-10.000,-10.000,0.0,0.0,0.0,0.0,0.0,0.0,0.0,0.0,0.0,0.0,0.0,0.0,0.0,0.0,0.0,0.0
1790303538.030911,3.940,-12.42218,-12.42218,-12.42218,-12.42218,-12.42218,-12.42218,-12.42218,0.04150,-12.42218,-12.42218,-12.42218,-12.42218,-12.42218,-12.42218,-12.42218,0.04150,-45.0000,-45.0000,-10.0000,-10.0000,-30.0000,-30.0000,-30.0000,-30.0000,-45.0000,-45.0000,-10.0000,-10.0000,-30.0000,-30.0000,-30.0000,-30.0000,-54.000,-54.000,-28.000,-28.000,-10.000,-10.000,-10.000,-10.000,-54.000,-54.000,-28.000,-28.000,-10.000,-10.000,-10.000,-10.000,0.0,0.0,0.0,0.0,0.0,0.0,0.0,0.0,0.0,0.0,0.0,0.0,0.0,0.0,0.0,0.0
1790303538.041024,3.950,-12.42218,-12.42218,-12.42218,-12.42218,-12.42218,-12.42218,-12.42218,0.04150,-12.42218,-12.42218,-12.42218,-12.42218,-12.42218,-12.42218,-12.42218,0.04150,-45.0000,-45.0000,-10.0000,-10.0000,-30.0000,-30.0000,-30.0000,-30.0000,-45.0000,-45.0000,-10.0000,-10.0000,-30.0000,-30.0000,-30.0000,-30.0000,-54.000,-54.000,-28.000,-28.000,-10.000,-10.000,-10.000,-10.000,-54.000,-54.000,-28.000,-28.000,-10.000,-10.000,-10.000,-10.000,0.0,0.0,0.0,0.0,0.0,0.0,0.0,0.0,0.0,0.0,0.0,0.0,0.0,0.0,0.0,0.0
1790303538.050412,3.959,-12.42218,-12.42218,-12.42218,-12.42218,-12.42218,-12.42218,-12.42218,0.04150,-12.42218,-12.42218,-12.42218,-12.42218,-12.42218,-12.42218,-12.42218,0.04150,-45.0000,-45.0000,-10.0000,-10.0000,-30.0000,-30.0000,-30.0000,-27.6557,-45.0000,-45.0000,-10.0000,-10.0000,-30.0000,-30.0000,-30.0000,-30.0000,-54.000,-54.000,-28.000,-28.000,-10.000,-10.000,-10.000,-4.999,-54.000,-54.000,-28.000,-28.000,-10.000,-10.000,-10.000,-10.000,0.0,0.0,0.0,0.0,0.0,0.0,0.0,0.0,0.0,0.0,0.0,0.0,0.0,0.0,0.0,0.0
1790303538.060676,3.970,-12.42218,-12.42218,-12.42218,-12.42218,-12.42218,-12.42218,-12.42218,0.04150,-12.42218,-12.42218,-12.42218,-12.42218,-12.42218,-12.42218,-12.42218,0.04150,-45.0000,-45.0000,-10.0000,-10.0000,-30.0000,-30.0000,-30.0000,-27.6557,-45.0000,-45.0000,-10.0000,-10.0000,-30.0000,-30.0000,-30.0000,-30.0000,-54.000,-54.000,-28.000,-28.000,-10.000,-10.000,-10.000,-4.999,-54.000,-54.000,-28.000,-28.000,-10.000,-10.000,-10.000,-10.000,0.0,0.0,0.0,0.0,0.0,0.0,0.0,0.0,0.0,0.0,0.0,0.0,0.0,0.0,0.0,0.0
1790303538.070848,3.980,-12.42218,-12.42218,-12.42218,-12.42218,-12.42218,-12.42218,-12.42218,0.04150,-12.42218,-12.42218,-12.42218,-12.42218,-12.42218,-12.42218,-12.42218,0.04150,-45.0000,-45.0000,-10.0000,-10.0000,-30.0000,-30.0000,-30.0000,-27.6557,-45.0000,-45.0000,-10.0000,-10.0000,-30.0000,-30.0000,-30.0000,-30.0000,-54.000,-54.000,-28.000,-28.000,-10.000,-10.000,-10.000,-4.999,-54.000,-54.000,-28.000,-28.000,-10.000,-10.000,-10.000,-10.000,0.0,0.0,0.0,0.0,0.0,0.0,0.0,0.0,0.0,0.0,0.0,0.0,0.0,0.0,0.0,0.0
1790303538.080760,3.990,-12.42218,-12.42218,-12.42218,-12.42218,-12.42218,-12.42218,-12.42218,0.04150,-12.42218,-12.42218,-12.42218,-12.42218,-12.42218,-12.42218,-12.42218,0.04150,-45.0000,-45.0000,-10.0000,-10.0000,-30.0000,-30.0000,-30.0000,-27.6557,-45.0000,-45.0000,-10.0000,-10.0000,-30.0000,-30.0000,-30.0000,-30.0000,-54.000,-54.000,-28.000,-28.000,-10.000,-10.000,-10.000,-4.999,-54.000,-54.000,-28.000,-28.000,-10.000,-10.000,-10.000,-10.000,0.0,0.0,0.0,0.0,0.0,0.0,0.0,0.0,0.0,0.0,0.0,0.0,0.0,0.0,0.0,0.0
1790303538.091468,4.000,-12.42218,-12.42218,-12.42218,-12.42218,-12.42218,-12.42218,-12.42218,0.04150,-12.42218,-12.42218,-12.42218,-12.42218,-12.42218,-12.42218,-12.42218,0.04150,-45.0000,-45.0000,-10.0000,-10.0000,-30.0000,-30.0000,-30.0000,-30.0000,-45.0000,-45.0000,-10.0000,-10.0000,-30.0000,-30.0000,-30.0000,-30.0000,-54.000,-54.000,-28.000,-28.000,-10.000,-10.000,-10.000,-10.000,-54.000,-54.000,-28.000,-28.000,-10.000,-10.000,-10.000,-10.000,0.0,0.0,0.0,0.0,0.0,0.0,0.0,0.0,0.0,0.0,0.0,0.0,0.0,0.0,0.0,0.0
1790303538.157754,4.067,-12.42218,-12.42218,-12.42218,-12.42218,-12.42218,-12.42218,-12.42218,0.04150,-12.42218,-12.42218,-12.42218,-12.42218,-12.42218,-12.42218,-12.42218,0.04150,-45.0000,-45.0000,-10.0000,-10.0000,-30.0000,-30.0000,-30.0000,-30.0000,-45.0000,-45.0000,-10.0000,-10.0000,-30.0000,-30.0000,-30.0000,-30.0000,-54.000,-54.000,-28.000,-28.000,-10.000,-10.000,-10.000,-10.000,-54.000,-54.000,-28.000,-28.000,-10.000,-10.000,-10.000,-10.000,0.0,0.0,0.0,0.0,0.0,0.0,0.0,0.0,0.0,0.0,0.0,0.0,0.0,0.0,0.0,0.0
1790303538.167046,4.076,-12.42218,-12.42218,-12.42218,-12.42218,-12.42218,-12.42218,-12.42218,0.04150,-12.42218,-12.42218,-12.42218,-12.42218,-12.42218,-12.42218,-12.42218,0.04150,-45.0000,-45.0000,-10.0000,-10.0000,-30.0000,-30.0000,-30.0000,-30.0000,-45.0000,-45.0000,-10.0000,-10.0000,-30.0000,-30.0000,-30.0000,-30.0000,-54.000,-54.000,-28.000,-28.000,-10.000,-10.000,-10.000,-10.000,-54.000,-54.000,-28.000,-28.000,-10.000,-10.000,-10.000,-10.000,0.0,0.0,0.0,0.0,0.0,0.0,0.0,0.0,0.0,0.0,0.0,0.0,0.0,0.0,0.0,0.0
1790303538.175822,4.085,-12.42218,-12.42218,-12.42218,-12.42218,-12.42218,-12.42218,-12.42218,0.04150,-12.42218,-12.42218,-12.42218,-12.42218,-12.42218,-12.42218,-12.42218,0.04150,-45.0000,-45.0000,-10.0000,-10.0000,-30.0000,-30.0000,-30.0000,-30.0000,-45.0000,-45.0000,-10.0000,-10.0000,-30.0000,-30.0000,-30.0000,-30.0000,-54.000,-54.000,-28.000,-28.000,-10.000,-10.000,-10.000,-10.000,-54.000,-54.000,-28.000,-28.000,-10.000,-10.000,-10.000,-10.000,0.0,0.0,0.0,0.0,0.0,0.0,0.0,0.0,0.0,0.0,0.0,0.0,0.0,0.0,0.0,0.0
1790303538.180862,4.090,-12.42218,-12.42218,-12.42218,-12.42218,-12.42218,-12.42218,-12.42218,0.04150,-12.42218,-12.42218,-12.42218,-12.42218,-12.42218,-12.42218,-12.42218,0.04150,-45.0000,-45.0000,-10.0000,-10.0000,-30.0000,-30.0000,-30.0000,-30.0000,-45.0000,-45.0000,-10.0000,-10.0000,-30.0000,-30.0000,-30.0000,-30.0000,-54.000,-54.000,-28.000,-28.000,-10.000,-10.000,-10.000,-10.000,-54.000,-54.000,-28.000,-28.000,-10.000,-10.000,-10.000,-10.000,0.0,0.0,0.0,0.0,0.0,0.0,0.0,0.0,0.0,0.0,0.0,0.0,0.0,0.0,0.0,0.0
1790303538.183692,4.093,-12.42218,-12.42218,-12.42218,-12.42218,-12.42218,-12.42218,-12.42218,0.04150,-12.42218,-12.42218,-12.42218,-12.42218,-12.42218,-12.42218,-12.42218,0.04150,-45.0000,-45.0000,-10.0000,-10.0000,-30.0000,-30.0000,-30.0000,-30.0000,-45.0000,-45.0000,-10.0000,-10.0000,-30.0000,-30.0000,-30.0000,-27.6557,-54.000,-54.000,-28.000,-28.000,-10.000,-10.000,-10.000,-10.000,-54.000,-54.000,-28.000,-28.000,-10.000,-10.000,-10.000,-4.999,0.0,0.0,0.0,0.0,0.0,0.0,0.0,0.0,0.0,0.0,0.0,0.0,0.0,0.0,0.0,0.0
1790303538.185485,4.094,-12.42218,-12.42218,-12.42218,-12.42218,-12.42218,-12.42218,-12.42218,0.04150,-12.42218,-12.42218,-12.42218,-12.42218,-12.42218,-12.42218,-12.42218,0.04150,-45.0000,-45.0000,-10.0000,-10.0000,-30.0000,-30.0000,-30.0000,-30.0000,-45.0000,-45.0000,-10.0000,-10.0000,-30.0000,-30.0000,-30.0000,-27.6557,-54.000,-54.000,-28.000,-28.000,-10.000,-10.000,-10.000,-10.000,-54.000,-54.000,-28.000,-28.000,-10.000,-10.000,-10.000,-4.999,0.0,0.0,0.0,0.0,0.0,0.0,0.0,0.0,0.0,0.0,0.0,0.0,0.0,0.0,0.0,0.0
1790303538.190114,4.099,-12.42218,-12.42218,-12.42218,-12.42218,-12.42218,-12.42218,-12.42218,0.04150,-12.42218,-12.42218,-12.42218,-12.42218,-12.42218,-12.42218,-12.42218,0.04150,-45.0000,-45.0000,-10.0000,-10.0000,-30.0000,-30.0000,-30.0000,-30.0000,-45.0000,-45.0000,-10.0000,-10.0000,-30.0000,-30.0000,-30.0000,-27.6557,-54.000,-54.000,-28.000,-28.000,-10.000,-10.000,-10.000,-10.000,-54.000,-54.000,-28.000,-28.000,-10.000,-10.000,-10.000,-4.999,0.0,0.0,0.0,0.0,0.0,0.0,0.0,0.0,0.0,0.0,0.0,0.0,0.0,0.0,0.0,0.0
1790303538.190909,4.100,-12.42218,-12.42218,-12.42218,-12.42218,-12.42218,-12.42218,-12.42218,0.04150,-12.42218,-12.42218,-12.42218,-12.42218,-12.42218,-12.42218,-12.42218,0.04150,-45.0000,-45.0000,-10.0000,-10.0000,-30.0000,-30.0000,-30.0000,-30.0000,-45.0000,-45.0000,-10.0000,-10.0000,-30.0000,-30.0000,-30.0000,-27.6557,-54.000,-54.000,-28.000,-28.000,-10.000,-10.000,-10.000,-10.000,-54.000,-54.000,-28.000,-28.000,-10.000,-10.000,-10.000,-4.999,0.0,0.0,0.0,0.0,0.0,0.0,0.0,0.0,0.0,0.0,0.0,0.0,0.0,0.0,0.0,0.0
1790303538.196286,4.105,-12.42218,-12.42218,-12.42218,-12.42218,-12.42218,-12.42218,-12.42218,0.04150,-12.42218,-12.42218,-12.42218,-12.42218,-12.42218,-12.42218,-12.42218,0.04150,-45.0000,-45.0000,-10.0000,-10.0000,-30.0000,-30.0000,-30.0000,-30.0000,-45.0000,-45.0000,-10.0000,-10.0000,-30.0000,-30.0000,-30.0000,-27.6557,-54.000,-54.000,-28.000,-28.000,-10.000,-10.000,-10.000,-10.000,-54.000,-54.000,-28.000,-28.000,-10.000,-10.000,-10.000,-4.999,0.0,0.0,0.0,0.0,0.0,0.0,0.0,0.0,0.0,0.0,0.0,0.0,0.0,0.0,0.0,0.0
1790303538.199327,4.108,-12.42218,-12.42218,-12.42218,-12.42218,-12.42218,-12.42218,-12.42218,0.04150,-12.42218,-12.42218,-12.42218,-12.42218,-12.42218,-12.42218,-12.42218,0.04150,-45.0000,-45.0000,-10.0000,-10.0000,-30.0000,-30.0000,-30.0000,-30.0000,-45.0000,-45.0000,-10.0000,-10.0000,-30.0000,-30.0000,-30.0000,-27.6557,-54.000,-54.000,-28.000,-28.000,-10.000,-10.000,-10.000,-10.000,-54.000,-54.000,-28.000,-28.000,-10.000,-10.000,-10.000,-4.999,0.0,0.0,0.0,0.0,0.0,0.0,0.0,0.0,0.0,0.0,0.0,0.0,0.0,0.0,0.0,0.0
1790303538.200188,4.109,-12.42218,-12.42218,-12.42218,-12.42218,-12.42218,-12.42218,-12.42218,0.04150,-12.42218,-12.42218,-12.42218,-12.42218,-12.42218,-12.42218,-12.42218,0.04150,-45.0000,-45.0000,-10.0000,-10.0000,-30.0000,-30.0000,-30.0000,-30.0000,-45.0000,-45.0000,-10.0000,-10.0000,-30.0000,-30.0000,-30.0000,-27.6557,-54.000,-54.000,-28.000,-28.000,-10.000,-10.000,-10.000,-10.000,-54.000,-54.000,-28.000,-28.000,-10.000,-10.000,-10.000,-4.999,0.0,0.0,0.0,0.0,0.0,0.0,0.0,0.0,0.0,0.0,0.0,0.0,0.0,0.0,0.0,0.0
1790303538.212149,4.121,-12.42218,-12.42218,-12.42218,-12.42218,-12.42218,-12.42218,-12.42218,0.04150,-12.42218,-12.42218,-12.42218,-12.42218,-12.42218,-12.42218,-12.42218,0.04150,-45.0000,-45.0000,-10.0000,-10.0000,-30.0000,-30.0000,-30.0000,-30.0000,-45.0000,-45.0000,-10.0000,-10.0000,-30.0000,-30.0000,-30.0000,-30.0000,-54.000,-54.000,-28.000,-28.000,-10.000,-10.000,-10.000,-10.000,-54.000,-54.000,-28.000,-28.000,-10.000,-10.000,-10.000,-10.000,0.0,0.0,0.0,0.0,0.0,0.0,0.0,0.0,0.0,0.0,0.0,0.0,0.0,0.0,0.0,0.0
1790303538.220624,4.130,-12.42218,-12.42218,-12.42218,-12.42218,-12.42218,-12.42218,-12.42218,0.04150,-12.42218,-12.42218,-12.42218,-12.42218,-12.42218,-12.42218,-12.42218,0.04150,-45.0000,-45.0000,-10.0000,-10.0000,-30.0000,-30.0000,-30.0000,-30.0000,-45.0000,-45.0000,-10.0000,-10.0000,-30.0000,-30.0000,-30.0000,-30.0000,-54.000,-54.000,-28.000,-28.000,-10.000,-10.000,-10.000,-10.000,-54.000,-54.000,-28.000,-28.000,-10.000,-10.000,-10.000,-10.000,0.0,0.0,0.0,0.0,0.0,0.0,0.0,0.0,0.0,0.0,0.0,0.0,0.0,0.0,0.0,0.0
1790303538.230411,4.139,-12.42218,-12.42218,-12.42218,-12.42218,-12.42218,-12.42218,-12.42218,0.04150,-12.42218,-12.42218,-12.42218,-12.42218,-12.42218,-12.42218,-12.42218,0.04150,-45.0000,-45.0000,-10.0000,-10.0000,-30.0000,-30.0000,-30.0000,-30.0000,-45.0000,-45.0000,-10.0000,-10.0000,-30.0000,-30.0000,-30.0000,-30.0000,-54.000,-54.000,-28.000,-28.000,-10.000,-10.000,-10.000,-10.000,-54.000,-54.000,-28.000,-28.000,-10.000,-10.000,-10.000,-10.000,0.0,0.0,0.0,0.0,0.0,0.0,0.0,0.0,0.0,0.0,0.0,0.0,0.0,0.0,0.0,0.0
1790303538.240665,4.150,-12.42218,-12.42218,-12.42218,-12.42218,-12.42218,-12.42218,-12.42218,0.04150,-12.42218,-12.42218,-12.42218,-12.42218,-12.42218,-12.42218,-12.42218,0.04150,-45.0000,-45.0000,-10.0000,-10.0000,-30.0000,-30.0000,-30.0000,-30.0000,-45.0000,-45.0000,-10.0000,-10.0000,-30.0000,-30.0000,-30.0000,-30.0000,-54.000,-54.000,-28.000,-28.000,-10.000,-10.000,-10.000,-10.000,-54.000,-54.000,-28.000,-28.000,-10.000,-10.000,-10.000,-10.000,0.0,0.0,0.0,0.0,0.0,0.0,0.0,0.0,0.0,0.0,0.0,0.0,0.0,0.0,0.0,0.0
1790303538.250811,4.160,-12.42218,-12.42218,-12.42218,-12.42218,-12.42218,-12.42218,-12.42218,0.04150,-12.42218,-12.42218,-12.42218,-12.42218,-12.42218,-12.42218,-12.42218,0.04150,-45.0000,-45.0000,-10.0000,-10.0000,-30.0000,-30.0000,-30.0000,-30.0000,-45.0000,-45.0000,-10.0000,-10.0000,-30.0000,-30.0000,-30.0000,-30.0000,-54.000,-54.000,-28.000,-28.000,-10.000,-10.000,-10.000,-10.000,-54.000,-54.000,-28.000,-28.000,-10.000,-10.000,-10.000,-10.000,0.0,0.0,0.0,0.0,0.0,0.0,0.0,0.0,0.0,0.0,0.0,0.0,0.0,0.0,0.0,0.0
1790303538.260617,4.169,-12.42218,-12.42218,-12.42218,-12.42218,-12.42218,-12.42218,-12.42218,0.04150,-12.42218,-12.42218,-12.42218,-12.42218,-12.42218,-12.42218,-12.42218,0.04150,-45.0000,-45.0000,-10.0000,-10.0000,-30.0000,-30.0000,-30.0000,-30.0000,-45.0000,-45.0000,-10.0000,-10.0000,-30.0000,-30.0000,-30.0000,-30.0000,-54.000,-54.000,-28.000,-28.000,-10.000,-10.000,-10.000,-10.000,-54.000,-54.000,-28.000,-28.000,-10.000,-10.000,-10.000,-10.000,0.0,0.0,0.0,0.0,0.0,0.0,0.0,0.0,0.0,0.0,0.0,0.0,0.0,0.0,0.0,0.0
1790303538.270785,4.180,-12.42218,-12.42218,-12.42218,-12.42218,-12.42218,-12.42218,-12.42218,0.04150,-12.42218,-12.42218,-12.42218,-12.42218,-12.42218,-12.42218,-12.42218,0.04150,-45.0000,-45.0000,-10.0000,-10.0000,-30.0000,-30.0000,-30.0000,-30.0000,-45.0000,-45.0000,-10.0000,-10.0000,-30.0000,-30.0000,-30.0000,-30.0000,-54.000,-54.000,-28.000,-28.000,-10.000,-10.000,-10.000,-10.000,-54.000,-54.000,-28.000,-28.000,-10.000,-10.000,-10.000,-10.000,0.0,0.0,0.0,0.0,0.0,0.0,0.0,0.0,0.0,0.0,0.0,0.0,0.0,0.0,0.0,0.0
1790303538.327387,4.236,-12.42218,-12.42218,-12.42218,-12.42218,-12.42218,-12.42218,-12.42218,0.04150,-12.42218,-12.42218,-12.42218,-12.42218,-12.42218,-12.42218,-12.42218,0.04150,-45.0000,-45.0000,-10.0000,-10.0000,-30.0000,-30.0000,-30.0000,-30.0000,-45.0000,-45.0000,-10.0000,-10.0000,-30.0000,-30.0000,-30.0000,-30.0000,-54.000,-54.000,-28.000,-28.000,-10.000,-10.000,-10.000,-10.000,-54.000,-54.000,-28.000,-28.000,-10.000,-10.000,-10.000,-10.000,0.0,0.0,0.0,0.0,0.0,0.0,0.0,0.0,0.0,0.0,0.0,0.0,0.0,0.0,0.0,0.0
1790303538.328859,4.238,-12.42218,-12.42218,-12.42218,-12.42218,-12.42218,-12.42218,-12.42218,0.04150,-12.42218,-12.42218,-12.42218,-12.42218,-12.42218,-12.42218,-12.42218,0.04150,-45.0000,-45.0000,-10.0000,-10.0000,-30.0000,-30.0000,-30.0000,-30.0000,-45.0000,-45.0000,-10.0000,-10.0000,-30.0000,-30.0000,-30.0000,-30.0000,-54.000,-54.000,-28.000,-28.000,-10.000,-10.000,-10.000,-10.000,-54.000,-54.000,-28.000,-28.000,-10.000,-10.000,-10.000,-10.000,0.0,0.0,0.0,0.0,0.0,0.0,0.0,0.0,0.0,0.0,0.0,0.0,0.0,0.0,0.0,0.0
1790303538.329476,4.238,-12.42218,-12.42218,-12.42218,-12.42218,-12.42218,-12.42218,-12.42218,0.04150,-12.42218,-12.42218,-12.42218,-12.42218,-12.42218,-12.42218,-12.42218,0.04150,-45.0000,-45.0000,-10.0000,-10.0000,-30.0000,-30.0000,-30.0000,-30.0000,-45.0000,-45.0000,-10.0000,-10.0000,-30.0000,-30.0000,-30.0000,-30.0000,-54.000,-54.000,-28.000,-28.000,-10.000,-10.000,-10.000,-10.000,-54.000,-54.000,-28.000,-28.000,-10.000,-10.000,-10.000,-10.000,0.0,0.0,0.0,0.0,0.0,0.0,0.0,0.0,0.0,0.0,0.0,0.0,0.0,0.0,0.0,0.0
1790303538.330080,4.239,-12.42218,-12.42218,-12.42218,-12.42218,-12.42218,-12.42218,-12.42218,0.04150,-12.42218,-12.42218,-12.42218,-12.42218,-12.42218,-12.42218,-12.42218,0.04150,-45.0000,-45.0000,-10.0000,-10.0000,-30.0000,-30.0000,-30.0000,-30.0000,-45.0000,-45.0000,-10.0000,-10.0000,-30.0000,-30.0000,-30.0000,-30.0000,-54.000,-54.000,-28.000,-28.000,-10.000,-10.000,-10.000,-10.000,-54.000,-54.000,-28.000,-28.000,-10.000,-10.000,-10.000,-10.000,0.0,0.0,0.0,0.0,0.0,0.0,0.0,0.0,0.0,0.0,0.0,0.0,0.0,0.0,0.0,0.0
1790303538.331808,4.241,-12.42218,-12.42218,-12.42218,-12.42218,-12.42218,-12.42218,-12.42218,0.04150,-12.42218,-12.42218,-12.42218,-12.42218,-12.42218,-12.42218,-12.42218,0.04150,-45.0000,-45.0000,-10.0000,-10.0000,-30.0000,-30.0000,-30.0000,-30.0000,-45.0000,-45.0000,-10.0000,-10.0000,-30.0000,-30.0000,-30.0000,-30.0000,-54.000,-54.000,-28.000,-28.000,-10.000,-10.000,-10.000,-10.000,-54.000,-54.000,-28.000,-28.000,-10.000,-10.000,-10.000,-10.000,0.0,0.0,0.0,0.0,0.0,0.0,0.0,0.0,0.0,0.0,0.0,0.0,0.0,0.0,0.0,0.0
1790303538.333853,4.243,-12.42218,-12.42218,-12.42218,-12.42218,-12.42218,-12.42218,-12.42218,0.04150,-12.42218,-12.42218,-12.42218,-12.42218,-12.42218,-12.42218,-12.42218,0.04150,-45.0000,-45.0000,-10.0000,-10.0000,-30.0000,-30.0000,-30.0000,-30.0000,-45.0000,-45.0000,-10.0000,-10.0000,-30.0000,-30.0000,-30.0000,-30.0000,-54.000,-54.000,-28.000,-28.000,-10.000,-10.000,-10.000,-10.000,-54.000,-54.000,-28.000,-28.000,-10.000,-10.000,-10.000,-10.000,0.0,0.0,0.0,0.0,0.0,0.0,0.0,0.0,0.0,0.0,0.0,0.0,0.0,0.0,0.0,0.0
1790303538.340661,4.250,-12.42218,-12.42218,-12.42218,-12.42218,-12.42218,-12.42218,-12.42218,0.04150,-12.42218,-12.42218,-12.42218,-12.42218,-12.42218,-12.42218,-12.42218,0.04150,-45.0000,-45.0000,-10.0000,-10.0000,-30.0000,-30.0000,-30.0000,-30.0000,-45.0000,-45.0000,-10.0000,-10.0000,-30.0000,-30.0000,-30.0000,-30.0000,-54.000,-54.000,-28.000,-28.000,-10.000,-10.000,-10.000,-10.000,-54.000,-54.000,-28.000,-28.000,-10.000,-10.000,-10.000,-10.000,0.0,0.0,0.0,0.0,0.0,0.0,0.0,0.0,0.0,0.0,0.0,0.0,0.0,0.0,0.0,0.0
1790303538.350809,4.260,-12.42218,-12.42218,-12.42218,-12.42218,-12.42218,-12.42218,-12.42218,0.04150,-12.42218,-12.42218,-12.42218,-12.42218,-12.42218,-12.42218,-12.42218,0.04150,-45.0000,-45.0000,-10.0000,-10.0000,-30.0000,-30.0000,-30.0000,-30.0000,-45.0000,-45.0000,-10.0000,-10.0000,-30.0000,-30.0000,-30.0000,-30.0000,-54.000,-54.000,-28.000,-28.000,-10.000,-10.000,-10.000,-10.000,-54.000,-54.000,-28.000,-28.000,-10.000,-10.000,-10.000,-10.000,0.0,0.0,0.0,0.0,0.0,0.0,0.0,0.0,0.0,0.0,0.0,0.0,0.0,0.0,0.0,0.0
1790303538.360571,4.269,-12.42218,-12.42218,-12.42218,-12.42218,-12.42218,-12.42218,-12.42218,0.04150,-12.42218,-12.42218,-12.42218,-12.42218,-12.42218,-12.42218,-12.42218,0.04150,-45.0000,-45.0000,-10.0000,-10.0000,-30.0000,-30.0000,-30.0000,-30.0000,-45.0000,-45.0000,-10.0000,-10.0000,-30.0000,-30.0000,-30.0000,-30.0000,-54.000,-54.000,-28.000,-28.000,-10.000,-10.000,-10.000,-10.000,-54.000,-54.000,-28.000,-28.000,-10.000,-10.000,-10.000,-10.000,0.0,0.0,0.0,0.0,0.0,0.0,0.0,0.0,0.0,0.0,0.0,0.0,0.0,0.0,0.0,0.0
1790303538.370850,4.280,-12.42218,-12.42218,-12.42218,-12.42218,-12.42218,-12.42218,-12.42218,0.04150,-12.42218,-12.42218,-12.42218,-12.42218,-12.42218,-12.42218,-12.42218,0.04150,-45.0000,-45.0000,-10.0000,-10.0000,-30.0000,-30.0000,-30.0000,-30.0000,-45.0000,-45.0000,-10.0000,-10.0000,-30.0000,-30.0000,-30.0000,-30.0000,-54.000,-54.000,-28.000,-28.000,-10.000,-10.000,-10.000,-10.000,-54.000,-54.000,-28.000,-28.000,-10.000,-10.000,-10.000,-10.000,0.0,0.0,0.0,0.0,0.0,0.0,0.0,0.0,0.0,0.0,0.0,0.0,0.0,0.0,0.0,0.0
1790303538.380726,4.290,-12.42218,-12.42218,-12.42218,-12.42218,-12.42218,-12.42218,-12.42218,0.04150,-12.42218,-12.42218,-12.42218,-12.42218,-12.42218,-12.42218,-12.42218,0.04150,-45.0000,-45.0000,-10.0000,-10.0000,-30.0000,-30.0000,-30.0000,-30.0000,-45.0000,-45.0000,-10.0000,-10.0000,-30.0000,-30.0000,-30.0000,-30.0000,-54.000,-54.000,-28.000,-28.000,-10.000,-10.000,-10.000,-10.000,-54.000,-54.000,-28.000,-28.000,-10.000,-10.000,-10.000,-10.000,0.0,0.0,0.0,0.0,0.0,0.0,0.0,0.0,0.0,0.0,0.0,0.0,0.0,0.0,0.0,0.0
1790303538.390801,4.300,-12.42218,-12.42218,-12.42218,-12.42218,-12.42218,-12.42218,-12.42218,0.04150,-12.42218,-12.42218,-12.42218,-12.42218,-12.42218,-12.42218,-12.42218,0.04150,-45.0000,-45.0000,-10.0000,-10.0000,-30.0000,-30.0000,-30.0000,-30.0000,-45.0000,-45.0000,-10.0000,-10.0000,-30.0000,-30.0000,-30.0000,-30.0000,-54.000,-54.000,-28.000,-28.000,-10.000,-10.000,-10.000,-10.000,-54.000,-54.000,-28.000,-28.000,-10.000,-10.000,-10.000,-10.000,0.0,0.0,0.0,0.0,0.0,0.0,0.0,0.0,0.0,0.0,0.0,0.0,0.0,0.0,0.0,0.0
1790303538.400213,4.309,-12.42218,-12.42218,-12.42218,-12.42218,-12.42218,-12.42218,-12.42218,0.04150,-12.42218,-12.42218,-12.42218,-12.42218,-12.42218,-12.42218,-12.42218,0.04150,-45.0000,-45.0000,-10.0000,-10.0000,-30.0000,-30.0000,-30.0000,-30.0000,-45.0000,-45.0000,-10.0000,-10.0000,-30.0000,-30.0000,-30.0000,-30.0000,-54.000,-54.000,-28.000,-28.000,-10.000,-10.000,-10.000,-10.000,-54.000,-54.000,-28.000,-28.000,-10.000,-10.000,-10.000,-10.000,0.0,0.0,0.0,0.0,0.0,0.0,0.0,0.0,0.0,0.0,0.0,0.0,0.0,0.0,0.0,0.0
1790303538.410823,4.320,-12.42218,-12.42218,-12.42218,-12.42218,-12.42218,-12.42218,-12.42218,0.04150,-12.42218,-12.42218,-12.42218,-12.42218,-12.42218,-12.42218,-12.42218,0.04150,-45.0000,-45.0000,-10.0000,-10.0000,-30.0000,-30.0000,-30.0000,-30.0000,-45.0000,-45.0000,-10.0000,-10.0000,-30.0000,-30.0000,-30.0000,-30.0000,-54.000,-54.000,-28.000,-28.000,-10.000,-10.000,-10.000,-10.000,-54.000,-54.000,-28.000,-28.000,-10.000,-10.000,-10.000,-10.000,0.0,0.0,0.0,0.0,0.0,0.0,0.0,0.0,0.0,0.0,0.0,0.0,0.0,0.0,0.0,0.0
1790303538.420635,4.330,-12.42218,-12.42218,-12.42218,-12.42218,-12.42218,-12.42218,-12.42218,0.04150,-12.42218,-12.42218,-12.42218,-12.42218,-12.42218,-12.42218,-12.42218,0.04150,-45.0000,-45.0000,-10.0000,-10.0000,-30.0000,-30.0000,-30.0000,-30.0000,-45.0000,-45.0000,-10.0000,-10.0000,-30.0000,-30.0000,-30.0000,-30.0000,-54.000,-54.000,-28.000,-28.000,-10.000,-10.000,-10.000,-10.000,-54.000,-54.000,-28.000,-28.000,-10.000,-10.000,-10.000,-10.000,0.0,0.0,0.0,0.0,0.0,0.0,0.0,0.0,0.0,0.0,0.0,0.0,0.0,0.0,0.0,0.0
1790303538.430467,4.339,-12.42218,-12.42218,-12.42218,-12.42218,-12.42218,-12.42218,-12.42218,0.04150,-12.42218,-12.42218,-12.42218,-12.42218,-12.42218,-12.42218,-12.42218,0.04150,-45.0000,-45.0000,-10.0000,-10.0000,-30.0000,-30.0000,-30.0000,-30.0000,-45.0000,-45.0000,-10.0000,-10.0000,-30.0000,-30.0000,-30.0000,-30.0000,-54.000,-54.000,-28.000,-28.000,-10.000,-10.000,-10.000,-10.000,-54.000,-54.000,-28.000,-28.000,-10.000,-10.000,-10.000,-10.000,0.0,0.0,0.0,0.0,0.0,0.0,0.0,0.0,0.0,0.0,0.0,0.0,0.0,0.0,0.0,0.0
1790303538.440679,4.350,-12.42218,-12.42218,-12.42218,-12.42218,-12.42218,-12.42218,-12.42218,0.04150,-12.42218,-12.42218,-12.42218,-12.42218,-12.42218,-12.42218,-12.42218,0.04150,-45.0000,-45.0000,-10.0000,-10.0000,-30.0000,-30.0000,-30.0000,-30.0000,-45.0000,-45.0000,-10.0000,-10.0000,-30.0000,-30.0000,-30.0000,-30.0000,-54.000,-54.000,-28.000,-28.000,-10.000,-10.000,-10.000,-10.000,-54.000,-54.000,-28.000,-28.000,-10.000,-10.000,-10.000,-10.000,0.0,0.0,0.0,0.0,0.0,0.0,0.0,0.0,0.0,0.0,0.0,0.0,0.0,0.0,0.0,0.0
1790303538.451939,4.361,-12.42218,-12.42218,-12.42218,-12.42218,-12.42218,-12.42218,-12.42218,0.04150,-12.42218,-12.42218,-12.42218,-12.42218,-12.42218,-12.42218,-12.42218,0.04150,-45.0000,-45.0000,-10.0000,-10.0000,-30.0000,-30.0000,-30.0000,-30.0000,-45.0000,-45.0000,-10.0000,-10.0000,-30.0000,-30.0000,-30.0000,-30.0000,-54.000,-54.000,-28.000,-28.000,-10.000,-10.000,-10.000,-10.000,-54.000,-54.000,-28.000,-28.000,-10.000,-10.000,-10.000,-10.000,0.0,0.0,0.0,0.0,0.0,0.0,0.0,0.0,0.0,0.0,0.0,0.0,0.0,0.0,0.0,0.0
1790303538.460291,4.369,-12.42218,-12.42218,-12.42218,-12.42218,-12.42218,-12.42218,-12.42218,0.04150,-12.42218,-12.42218,-12.42218,-12.42218,-12.42218,-12.42218,-12.42218,0.04150,-45.0000,-45.0000,-10.0000,-10.0000,-30.0000,-30.0000,-30.0000,-30.0000,-45.0000,-45.0000,-10.0000,-10.0000,-30.0000,-30.0000,-30.0000,-30.0000,-54.000,-54.000,-28.000,-28.000,-10.000,-10.000,-10.000,-10.000,-54.000,-54.000,-28.000,-28.000,-10.000,-10.000,-10.000,-10.000,0.0,0.0,0.0,0.0,0.0,0.0,0.0,0.0,0.0,0.0,0.0,0.0,0.0,0.0,0.0,0.0
1790303538.470889,4.380,-12.42218,-12.42218,-12.42218,-12.42218,-12.42218,-12.42218,-12.42218,0.04150,-12.42218,-12.42218,-12.42218,-12.42218,-12.42218,-12.42218,-12.42218,0.04150,-45.0000,-45.0000,-10.0000,-10.0000,-30.0000,-30.0000,-30.0000,-30.0000,-45.0000,-45.0000,-10.0000,-10.0000,-30.0000,-30.0000,-30.0000,-30.0000,-54.000,-54.000,-28.000,-28.000,-10.000,-10.000,-10.000,-10.000,-54.000,-54.000,-28.000,-28.000,-10.000,-10.000,-10.000,-10.000,0.0,0.0,0.0,0.0,0.0,0.0,0.0,0.0,0.0,0.0,0.0,0.0,0.0,0.0,0.0,0.0
1790303538.483062,4.392,-12.42218,-12.42218,-12.42218,-12.42218,-12.42218,-12.42218,-12.42218,0.04150,-12.42218,-12.42218,-12.42218,-12.42218,-12.42218,-12.42218,-12.42218,0.04150,-45.0000,-45.0000,-10.0000,-10.0000,-30.0000,-30.0000,-30.0000,-30.0000,-45.0000,-45.0000,-10.0000,-10.0000,-30.0000,-30.0000,-30.0000,-30.0000,-54.000,-54.000,-28.000,-28.000,-10.000,-10.000,-10.000,-10.000,-54.000,-54.000,-28.000,-28.000,-10.000,-10.000,-10.000,-10.000,0.0,0.0,0.0,0.0,0.0,0.0,0.0,0.0,0.0,0.0,0.0,0.0,0.0,0.0,0.0,0.0
1790303538.490478,4.399,-12.42218,-12.42218,-12.42218,-12.42218,-12.42218,-12.42218,-12.42218,0.04150,-12.42218,-12.42218,-12.42218,-12.42218,-12.42218,-12.42218,-12.42218,0.04150,-45.0000,-45.0000,-10.0000,-10.0000,-30.0000,-30.0000,-30.0000,-30.0000,-45.0000,-45.0000,-10.0000,-10.0000,-30.0000,-30.0000,-30.0000,-30.0000,-54.000,-54.000,-28.000,-28.000,-10.000,-10.000,-10.000,-10.000,-54.000,-54.000,-28.000,-28.000,-10.000,-10.000,-10.000,-10.000,0.0,0.0,0.0,0.0,0.0,0.0,0.0,0.0,0.0,0.0,0.0,0.0,0.0,0.0,0.0,0.0
1790303538.500704,4.410,-12.42218,-12.42218,-12.42218,-12.42218,-12.42218,-12.42218,-12.42218,0.04150,-12.42218,-12.42218,-12.42218,-12.42218,-12.42218,-12.42218,-12.42218,0.04150,-45.0000,-45.0000,-10.0000,-10.0000,-30.0000,-30.0000,-30.0000,-30.0000,-45.0000,-45.0000,-10.0000,-10.0000,-30.0000,-30.0000,-30.0000,-30.0000,-54.000,-54.000,-28.000,-28.000,-10.000,-10.000,-10.000,-10.000,-54.000,-54.000,-28.000,-28.000,-10.000,-10.000,-10.000,-10.000,0.0,0.0,0.0,0.0,0.0,0.0,0.0,0.0,0.0,0.0,0.0,0.0,0.0,0.0,0.0,0.0
1790303538.512767,4.422,-12.42218,-12.42218,-12.42218,-12.42218,-12.42218,-12.42218,-12.42218,0.04150,-12.42218,-12.42218,-12.42218,-12.42218,-12.42218,-12.42218,-12.42218,0.04150,-45.0000,-45.0000,-10.0000,-10.0000,-30.0000,-30.0000,-30.0000,-30.0000,-45.0000,-45.0000,-10.0000,-10.0000,-30.0000,-30.0000,-30.0000,-30.0000,-54.000,-54.000,-28.000,-28.000,-10.000,-10.000,-10.000,-10.000,-54.000,-54.000,-28.000,-28.000,-10.000,-10.000,-10.000,-10.000,0.0,0.0,0.0,0.0,0.0,0.0,0.0,0.0,0.0,0.0,0.0,0.0,0.0,0.0,0.0,0.0
1790303538.520702,4.430,-12.42218,-12.42218,-12.42218,-12.42218,-12.42218,-12.42218,-12.42218,0.04150,-12.42218,-12.42218,-12.42218,-12.42218,-12.42218,-12.42218,-12.42218,0.04150,-45.0000,-45.0000,-10.0000,-10.0000,-30.0000,-30.0000,-30.0000,-30.0000,-45.0000,-45.0000,-10.0000,-10.0000,-30.0000,-30.0000,-30.0000,-30.0000,-54.000,-54.000,-28.000,-28.000,-10.000,-10.000,-10.000,-10.000,-54.000,-54.000,-28.000,-28.000,-10.000,-10.000,-10.000,-10.000,0.0,0.0,0.0,0.0,0.0,0.0,0.0,0.0,0.0,0.0,0.0,0.0,0.0,0.0,0.0,0.0
1790303538.530904,4.440,-12.42218,-12.42218,-12.42218,-12.42218,-12.42218,-12.42218,-12.42218,0.04150,-12.42218,-12.42218,-12.42218,-12.42218,-12.42218,-12.42218,-12.42218,0.04150,-45.0000,-45.0000,-10.0000,-10.0000,-30.0000,-30.0000,-30.0000,-30.0000,-45.0000,-45.0000,-10.0000,-10.0000,-30.0000,-30.0000,-30.0000,-30.0000,-54.000,-54.000,-28.000,-28.000,-10.000,-10.000,-10.000,-10.000,-54.000,-54.000,-28.000,-28.000,-10.000,-10.000,-10.000,-10.000,0.0,0.0,0.0,0.0,0.0,0.0,0.0,0.0,0.0,0.0,0.0,0.0,0.0,0.0,0.0,0.0
1790303538.541921,4.451,-12.42218,-12.42218,-12.42218,-12.42218,-12.42218,-12.42218,-12.42218,0.04150,-12.42218,-12.42218,-12.42218,-12.42218,-12.42218,-12.42218,-12.42218,0.04150,-45.0000,-45.0000,-10.0000,-10.0000,-30.0000,-30.0000,-30.0000,-30.0000,-45.0000,-45.0000,-10.0000,-10.0000,-30.0000,-30.0000,-30.0000,-30.0000,-54.000,-54.000,-28.000,-28.000,-10.000,-10.000,-10.000,-10.000,-54.000,-54.000,-28.000,-28.000,-10.000,-10.000,-10.000,-10.000,0.0,0.0,0.0,0.0,0.0,0.0,0.0,0.0,0.0,0.0,0.0,0.0,0.0,0.0,0.0,0.0
1790303538.552683,4.462,-12.42218,-12.42218,-12.42218,-12.42218,-12.42218,-12.42218,-12.42218,0.04150,-12.42218,-12.42218,-12.42218,-12.42218,-12.42218,-12.42218,-12.42218,0.04150,-45.0000,-45.0000,-10.0000,-10.0000,-30.0000,-30.0000,-30.0000,-30.0000,-45.0000,-45.0000,-10.0000,-10.0000,-30.0000,-30.0000,-30.0000,-30.0000,-54.000,-54.000,-28.000,-28.000,-10.000,-10.000,-10.000,-10.000,-54.000,-54.000,-28.000,-28.000,-10.000,-10.000,-10.000,-10.000,0.0,0.0,0.0,0.0,0.0,0.0,0.0,0.0,0.0,0.0,0.0,0.0,0.0,0.0,0.0,0.0
1790303538.560294,4.469,-12.42218,-12.42218,-12.42218,-12.42218,-12.42218,-12.42218,-12.42218,0.04150,-12.42218,-12.42218,-12.42218,-12.42218,-12.42218,-12.42218,-12.42218,0.04150,-45.0000,-45.0000,-10.0000,-10.0000,-30.0000,-30.0000,-30.0000,-30.0000,-45.0000,-45.0000,-10.0000,-10.0000,-30.0000,-30.0000,-30.0000,-30.0000,-54.000,-54.000,-28.000,-28.000,-10.000,-10.000,-10.000,-10.000,-54.000,-54.000,-28.000,-28.000,-10.000,-10.000,-10.000,-10.000,0.0,0.0,0.0,0.0,0.0,0.0,0.0,0.0,0.0,0.0,0.0,0.0,0.0,0.0,0.0,0.0
1790303538.571127,4.480,-12.42218,-12.42218,-12.42218,-12.42218,-12.42218,-12.42218,-12.42218,0.04150,-12.42218,-12.42218,-12.42218,-12.42218,-12.42218,-12.42218,-12.42218,0.04150,-45.0000,-45.0000,-10.0000,-10.0000,-30.0000,-30.0000,-30.0000,-30.0000,-45.0000,-45.0000,-10.0000,-10.0000,-30.0000,-30.0000,-30.0000,-30.0000,-54.000,-54.000,-28.000,-28.000,-10.000,-10.000,-10.000,-10.000,-54.000,-54.000,-28.000,-28.000,-10.000,-10.000,-10.000,-10.000,0.0,0.0,0.0,0.0,0.0,0.0,0.0,0.0,0.0,0.0,0.0,0.0,0.0,0.0,0.0,0.0
1790303538.580831,4.490,-12.42218,-12.42218,-12.42218,-12.42218,-12.42218,-12.42218,-12.42218,0.04150,-12.42218,-12.42218,-12.42218,-12.42218,-12.42218,-12.42218,-12.42218,0.04150,-45.0000,-45.0000,-10.0000,-10.0000,-30.0000,-30.0000,-30.0000,-30.0000,-45.0000,-45.0000,-10.0000,-10.0000,-30.0000,-30.0000,-30.0000,-30.0000,-54.000,-54.000,-28.000,-28.000,-10.000,-10.000,-10.000,-10.000,-54.000,-54.000,-28.000,-28.000,-10.000,-10.000,-10.000,-10.000,0.0,0.0,0.0,0.0,0.0,0.0,0.0,0.0,0.0,0.0,0.0,0.0,0.0,0.0,0.0,0.0
1790303538.592335,4.501,-12.42218,-12.42218,-12.42218,-12.42218,-12.42218,-12.42218,-12.42218,0.04150,-12.42218,-12.42218,-12.42218,-12.42218,-12.42218,-12.42218,-12.42218,0.04150,-45.0000,-45.0000,-10.0000,-10.0000,-30.0000,-30.0000,-30.0000,-30.0000,-45.0000,-45.0000,-10.0000,-10.0000,-30.0000,-30.0000,-30.0000,-30.0000,-54.000,-54.000,-28.000,-28.000,-10.000,-10.000,-10.000,-10.000,-54.000,-54.000,-28.000,-28.000,-10.000,-10.000,-10.000,-10.000,0.0,0.0,0.0,0.0,0.0,0.0,0.0,0.0,0.0,0.0,0.0,0.0,0.0,0.0,0.0,0.0
1790303538.600785,4.510,-12.42218,-12.42218,-12.42218,-12.42218,-12.42218,-12.42218,-12.42218,0.04150,-12.42218,-12.42218,-12.42218,-12.42218,-12.42218,-12.42218,-12.42218,0.04150,-45.0000,-45.0000,-10.0000,-10.0000,-30.0000,-30.0000,-30.0000,-30.0000,-45.0000,-45.0000,-10.0000,-10.0000,-30.0000,-30.0000,-30.0000,-30.0000,-54.000,-54.000,-28.000,-28.000,-10.000,-10.000,-10.000,-10.000,-54.000,-54.000,-28.000,-28.000,-10.000,-10.000,-10.000,-10.000,0.0,0.0,0.0,0.0,0.0,0.0,0.0,0.0,0.0,0.0,0.0,0.0,0.0,0.0,0.0,0.0
1790303538.611387,4.520,-12.42218,-12.42218,-12.42218,-12.42218,-12.42218,-12.42218,-12.42218,0.04150,-12.42218,-12.42218,-12.42218,-12.42218,-12.42218,-12.42218,-12.42218,0.04150,-45.0000,-45.0000,-10.0000,-10.0000,-30.0000,-30.0000,-30.0000,-30.0000,-45.0000,-45.0000,-10.0000,-10.0000,-30.0000,-30.0000,-30.0000,-30.0000,-54.000,-54.000,-28.000,-28.000,-10.000,-10.000,-10.000,-10.000,-54.000,-54.000,-28.000,-28.000,-10.000,-10.000,-10.000,-10.000,0.0,0.0,0.0,0.0,0.0,0.0,0.0,0.0,0.0,0.0,0.0,0.0,0.0,0.0,0.0,0.0
1790303538.620743,4.530,-12.42218,-12.42218,-12.42218,-12.42218,-12.42218,-12.42218,-12.42218,0.04150,-12.42218,-12.42218,-12.42218,-12.42218,-12.42218,-12.42218,-12.42218,0.04150,-45.0000,-45.0000,-10.0000,-10.0000,-30.0000,-30.0000,-30.0000,-30.0000,-45.0000,-45.0000,-10.0000,-10.0000,-30.0000,-30.0000,-30.0000,-30.0000,-54.000,-54.000,-28.000,-28.000,-10.000,-10.000,-10.000,-10.000,-54.000,-54.000,-28.000,-28.000,-10.000,-10.000,-10.000,-10.000,0.0,0.0,0.0,0.0,0.0,0.0,0.0,0.0,0.0,0.0,0.0,0.0,0.0,0.0,0.0,0.0
1790303538.631899,4.541,-12.42218,-12.42218,-12.42218,-12.42218,-12.42218,-12.42218,-12.42218,0.04150,-12.42218,-12.42218,-12.42218,-12.42218,-12.42218,-12.42218,-12.42218,0.04150,-45.0000,-45.0000,-10.0000,-10.0000,-30.0000,-30.0000,-30.0000,-30.0000,-45.0000,-45.0000,-10.0000,-10.0000,-30.0000,-30.0000,-30.0000,-30.0000,-54.000,-54.000,-28.000,-28.000,-10.000,-10.000,-10.000,-10.000,-54.000,-54.000,-28.000,-28.000,-10.000,-10.000,-10.000,-10.000,0.0,0.0,0.0,0.0,0.0,0.0,0.0,0.0,0.0,0.0,0.0,0.0,0.0,0.0,0.0,0.0
1790303538.640769,4.550,-12.42218,-12.42218,-12.42218,-12.42218,-12.42218,-12.42218,-12.42218,0.04150,-12.42218,-12.42218,-12.42218,-12.42218,-12.42218,-12.42218,-12.42218,0.04150,-45.0000,-45.0000,-10.0000,-10.0000,-30.0000,-30.0000,-30.0000,-30.0000,-45.0000,-45.0000,-10.0000,-10.0000,-30.0000,-30.0000,-30.0000,-30.0000,-54.000,-54.000,-28.000,-28.000,-10.000,-10.000,-10.000,-10.000,-54.000,-54.000,-28.000,-28.000,-10.000,-10.000,-10.000,-10.000,0.0,0.0,0.0,0.0,0.0,0.0,0.0,0.0,0.0,0.0,0.0,0.0,0.0,0.0,0.0,0.0
1790303538.650486,4.559,-12.42218,-12.42218,-12.42218,-12.42218,-12.42218,-12.42218,-12.42218,0.04150,-12.42218,-12.42218,-12.42218,-12.42218,-12.42218,-12.42218,-12.42218,0.04150,-45.0000,-45.0000,-10.0000,-10.0000,-30.0000,-30.0000,-30.0000,-30.0000,-45.0000,-45.0000,-10.0000,-10.0000,-30.0000,-30.0000,-30.0000,-30.0000,-54.000,-54.000,-28.000,-28.000,-10.000,-10.000,-10.000,-10.000,-54.000,-54.000,-28.000,-28.000,-10.000,-10.000,-10.000,-10.000,0.0,0.0,0.0,0.0,0.0,0.0,0.0,0.0,0.0,0.0,0.0,0.0,0.0,0.0,0.0,0.0
1790303538.660325,4.569,-12.42218,-12.42218,-12.42218,-12.42218,-12.42218,-12.42218,-12.42218,0.04150,-12.42218,-12.42218,-12.42218,-12.42218,-12.42218,-12.42218,-12.42218,0.04150,-45.0000,-45.0000,-10.0000,-10.0000,-30.0000,-30.0000,-30.0000,-30.0000,-45.0000,-45.0000,-10.0000,-10.0000,-30.0000,-30.0000,-30.0000,-30.0000,-54.000,-54.000,-28.000,-28.000,-10.000,-10.000,-10.000,-10.000,-54.000,-54.000,-28.000,-28.000,-10.000,-10.000,-10.000,-10.000,0.0,0.0,0.0,0.0,0.0,0.0,0.0,0.0,0.0,0.0,0.0,0.0,0.0,0.0,0.0,0.0
1790303538.670738,4.580,-12.42218,-12.42218,-12.42218,-12.42218,-12.42218,-12.42218,-12.42218,0.04150,-12.42218,-12.42218,-12.42218,-12.42218,-12.42218,-12.42218,-12.42218,0.04150,-45.0000,-45.0000,-10.0000,-10.0000,-30.0000,-30.0000,-30.0000,-30.0000,-45.0000,-45.0000,-10.0000,-10.0000,-30.0000,-30.0000,-30.0000,-30.0000,-54.000,-54.000,-28.000,-28.000,-10.000,-10.000,-10.000,-10.000,-54.000,-54.000,-28.000,-28.000,-10.000,-10.000,-10.000,-10.000,0.0,0.0,0.0,0.0,0.0,0.0,0.0,0.0,0.0,0.0,0.0,0.0,0.0,0.0,0.0,0.0
1790303538.680753,4.590,-12.42218,-12.42218,-12.42218,-12.42218,-12.42218,-12.42218,-12.42218,0.04150,-12.42218,-12.42218,-12.42218,-12.42218,-12.42218,-12.42218,-12.42218,0.04150,-45.0000,-45.0000,-10.0000,-10.0000,-30.0000,-30.0000,-30.0000,-30.0000,-45.0000,-45.0000,-10.0000,-10.0000,-30.0000,-30.0000,-30.0000,-30.0000,-54.000,-54.000,-28.000,-28.000,-10.000,-10.000,-10.000,-10.000,-54.000,-54.000,-28.000,-28.000,-10.000,-10.000,-10.000,-10.000,0.0,0.0,0.0,0.0,0.0,0.0,0.0,0.0,0.0,0.0,0.0,0.0,0.0,0.0,0.0,0.0
1790303538.690413,4.599,-12.42218,-12.42218,-12.42218,-12.42218,-12.42218,-12.42218,-12.42218,0.04150,-12.42218,-12.42218,-12.42218,-12.42218,-12.42218,-12.42218,-12.42218,0.04150,-45.0000,-45.0000,-10.0000,-10.0000,-30.0000,-30.0000,-30.0000,-30.0000,-45.0000,-45.0000,-10.0000,-10.0000,-30.0000,-30.0000,-30.0000,-30.0000,-54.000,-54.000,-28.000,-28.000,-10.000,-10.000,-10.000,-10.000,-54.000,-54.000,-28.000,-28.000,-10.000,-10.000,-10.000,-10.000,0.0,0.0,0.0,0.0,0.0,0.0,0.0,0.0,0.0,0.0,0.0,0.0,0.0,0.0,0.0,0.0
1790303538.700501,4.609,-12.42218,-12.42218,-12.42218,-12.42218,-12.42218,-12.42218,-12.42218,0.04150,-12.42218,-12.42218,-12.42218,-12.42218,-12.42218,-12.42218,-12.42218,0.04150,-45.0000,-45.0000,-10.0000,-10.0000,-30.0000,-30.0000,-30.0000,-30.0000,-45.0000,-45.0000,-10.0000,-10.0000,-30.0000,-30.0000,-30.0000,-30.0000,-54.000,-54.000,-28.000,-28.000,-10.000,-10.000,-10.000,-10.000,-54.000,-54.000,-28.000,-28.000,-10.000,-10.000,-10.000,-10.000,0.0,0.0,0.0,0.0,0.0,0.0,0.0,0.0,0.0,0.0,0.0,0.0,0.0,0.0,0.0,0.0
1790303538.710500,4.619,-12.42218,-12.42218,-12.42218,-12.42218,-12.42218,-12.42218,-12.42218,0.04150,-12.42218,-12.42218,-12.42218,-12.42218,-12.42218,-12.42218,-12.42218,0.04150,-45.0000,-45.0000,-10.0000,-10.0000,-30.0000,-30.0000,-30.0000,-30.0000,-45.0000,-45.0000,-10.0000,-10.0000,-30.0000,-30.0000,-30.0000,-30.0000,-54.000,-54.000,-28.000,-28.000,-10.000,-10.000,-10.000,-10.000,-54.000,-54.000,-28.000,-28.000,-10.000,-10.000,-10.000,-10.000,0.0,0.0,0.0,0.0,0.0,0.0,0.0,0.0,0.0,0.0,0.0,0.0,0.0,0.0,0.0,0.0
1790303538.720645,4.630,-12.42218,-12.42218,-12.42218,-12.42218,-12.42218,-12.42218,-12.42218,0.04150,-12.42218,-12.42218,-12.42218,-12.42218,-12.42218,-12.42218,-12.42218,0.04150,-45.0000,-45.0000,-10.0000,-10.0000,-30.0000,-30.0000,-30.0000,-30.0000,-45.0000,-45.0000,-10.0000,-10.0000,-30.0000,-30.0000,-30.0000,-30.0000,-54.000,-54.000,-28.000,-28.000,-10.000,-10.000,-10.000,-10.000,-54.000,-54.000,-28.000,-28.000,-10.000,-10.000,-10.000,-10.000,0.0,0.0,0.0,0.0,0.0,0.0,0.0,0.0,0.0,0.0,0.0,0.0,0.0,0.0,0.0,0.0
1790303538.730942,4.640,-12.42218,-12.42218,-12.42218,-12.42218,-12.42218,-12.42218,-12.42218,0.04150,-12.42218,-12.42218,-12.42218,-12.42218,-12.42218,-12.42218,-12.42218,0.04150,-45.0000,-45.0000,-10.0000,-10.0000,-30.0000,-30.0000,-30.0000,-30.0000,-45.0000,-45.0000,-10.0000,-10.0000,-30.0000,-30.0000,-30.0000,-30.0000,-54.000,-54.000,-28.000,-28.000,-10.000,-10.000,-10.000,-10.000,-54.000,-54.000,-28.000,-28.000,-10.000,-10.000,-10.000,-10.000,0.0,0.0,0.0,0.0,0.0,0.0,0.0,0.0,0.0,0.0,0.0,0.0,0.0,0.0,0.0,0.0
1790303538.740719,4.650,-12.42218,-12.42218,-12.42218,-12.42218,-12.42218,-12.42218,-12.42218,0.04150,-12.42218,-12.42218,-12.42218,-12.42218,-12.42218,-12.42218,-12.42218,0.04150,-45.0000,-45.0000,-10.0000,-10.0000,-30.0000,-30.0000,-30.0000,-30.0000,-45.0000,-45.0000,-10.0000,-10.0000,-30.0000,-30.0000,-30.0000,-30.0000,-54.000,-54.000,-28.000,-28.000,-10.000,-10.000,-10.000,-10.000,-54.000,-54.000,-28.000,-28.000,-10.000,-10.000,-10.000,-10.000,0.0,0.0,0.0,0.0,0.0,0.0,0.0,0.0,0.0,0.0,0.0,0.0,0.0,0.0,0.0,0.0
1790303538.750922,4.660,-12.42218,-12.42218,-12.42218,-12.42218,-12.42218,-12.42218,-12.42218,0.04150,-12.42218,-12.42218,-12.42218,-12.42218,-12.42218,-12.42218,-12.42218,0.04150,-45.0000,-45.0000,-10.0000,-10.0000,-30.0000,-30.0000,-30.0000,-30.0000,-45.0000,-45.0000,-10.0000,-10.0000,-30.0000,-30.0000,-30.0000,-30.0000,-54.000,-54.000,-28.000,-28.000,-10.000,-10.000,-10.000,-10.000,-54.000,-54.000,-28.000,-28.000,-10.000,-10.000,-10.000,-10.000,0.0,0.0,0.0,0.0,0.0,0.0,0.0,0.0,0.0,0.0,0.0,0.0,0.0,0.0,0.0,0.0
1790303538.760309,4.669,-12.42218,-12.42218,-12.42218,-12.42218,-12.42218,-12.42218,-12.42218,0.04150,-12.42218,-12.42218,-12.42218,-12.42218,-12.42218,-12.42218,-12.42218,0.04150,-45.0000,-45.0000,-10.0000,-10.0000,-30.0000,-30.0000,-30.0000,-30.0000,-45.0000,-45.0000,-10.0000,-10.0000,-30.0000,-30.0000,-30.0000,-30.0000,-54.000,-54.000,-28.000,-28.000,-10.000,-10.000,-10.000,-10.000,-54.000,-54.000,-28.000,-28.000,-10.000,-10.000,-10.000,-10.000,0.0,0.0,0.0,0.0,0.0,0.0,0.0,0.0,0.0,0.0,0.0,0.0,0.0,0.0,0.0,0.0
1790303538.771333,4.680,-12.42218,-12.42218,-12.42218,-12.42218,-12.42218,-12.42218,-12.42218,0.04150,-12.42218,-12.42218,-12.42218,-12.42218,-12.42218,-12.42218,-12.42218,0.04150,-45.0000,-45.0000,-10.0000,-10.0000,-30.0000,-30.0000,-30.0000,-30.0000,-45.0000,-45.0000,-10.0000,-10.0000,-30.0000,-30.0000,-30.0000,-30.0000,-54.000,-54.000,-28.000,-28.000,-10.000,-10.000,-10.000,-10.000,-54.000,-54.000,-28.000,-28.000,-10.000,-10.000,-10.000,-10.000,0.0,0.0,0.0,0.0,0.0,0.0,0.0,0.0,0.0,0.0,0.0,0.0,0.0,0.0,0.0,0.0
1790303538.780697,4.690,-12.42218,-12.42218,-12.42218,-12.42218,-12.42218,-12.42218,-12.42218,0.04150,-12.42218,-12.42218,-12.42218,-12.42218,-12.42218,-12.42218,-12.42218,0.04150,-45.0000,-45.0000,-10.0000,-10.0000,-30.0000,-30.0000,-30.0000,-30.0000,-45.0000,-45.0000,-10.0000,-10.0000,-30.0000,-30.0000,-30.0000,-30.0000,-54.000,-54.000,-28.000,-28.000,-10.000,-10.000,-10.000,-10.000,-54.000,-54.000,-28.000,-28.000,-10.000,-10.000,-10.000,-10.000,0.0,0.0,0.0,0.0,0.0,0.0,0.0,0.0,0.0,0.0,0.0,0.0,0.0,0.0,0.0,0.0
1790303538.793556,4.702,-12.42218,-12.42218,-12.42218,-12.42218,-12.42218,-12.42218,-12.42218,0.04150,-12.42218,-12.42218,-12.42218,-12.42218,-12.42218,-12.42218,-12.42218,0.04150,-45.0000,-45.0000,-10.0000,-10.0000,-30.0000,-30.0000,-30.0000,-30.0000,-45.0000,-45.0000,-10.0000,-10.0000,-30.0000,-30.0000,-30.0000,-30.0000,-54.000,-54.000,-28.000,-28.000,-10.000,-10.000,-10.000,-10.000,-54.000,-54.000,-28.000,-28.000,-10.000,-10.000,-10.000,-10.000,0.0,0.0,0.0,0.0,0.0,0.0,0.0,0.0,0.0,0.0,0.0,0.0,0.0,0.0,0.0,0.0
1790303538.800822,4.710,-12.42218,-12.42218,-12.42218,-12.42218,-12.42218,-12.42218,-12.42218,0.04150,-12.42218,-12.42218,-12.42218,-12.42218,-12.42218,-12.42218,-12.42218,0.04150,-45.0000,-45.0000,-10.0000,-10.0000,-30.0000,-30.0000,-30.0000,-30.0000,-45.0000,-45.0000,-10.0000,-10.0000,-30.0000,-30.0000,-30.0000,-30.0000,-54.000,-54.000,-28.000,-28.000,-10.000,-10.000,-10.000,-10.000,-54.000,-54.000,-28.000,-28.000,-10.000,-10.000,-10.000,-10.000,0.0,0.0,0.0,0.0,0.0,0.0,0.0,0.0,0.0,0.0,0.0,0.0,0.0,0.0,0.0,0.0
1790303538.810701,4.720,-12.42218,-12.42218,-12.42218,-12.42218,-12.42218,-12.42218,-12.42218,0.04150,-12.42218,-12.42218,-12.42218,-12.42218,-12.42218,-12.42218,-12.42218,0.04150,-45.0000,-45.0000,-10.0000,-10.0000,-30.0000,-30.0000,-30.0000,-30.0000,-45.0000,-45.0000,-10.0000,-10.0000,-30.0000,-30.0000,-30.0000,-30.0000,-54.000,-54.000,-28.000,-28.000,-10.000,-10.000,-10.000,-10.000,-54.000,-54.000,-28.000,-28.000,-10.000,-10.000,-10.000,-10.000,0.0,0.0,0.0,0.0,0.0,0.0,0.0,0.0,0.0,0.0,0.0,0.0,0.0,0.0,0.0,0.0
1790303538.820770,4.730,-12.42218,-12.42218,-12.42218,-12.42218,-12.42218,-12.42218,-12.42218,0.04150,-12.42218,-12.42218,-12.42218,-12.42218,-12.42218,-12.42218,-12.42218,0.04150,-45.0000,-45.0000,-10.0000,-10.0000,-30.0000,-30.0000,-30.0000,-30.0000,-45.0000,-45.0000,-10.0000,-10.0000,-30.0000,-30.0000,-30.0000,-30.0000,-54.000,-54.000,-28.000,-28.000,-10.000,-10.000,-10.000,-10.000,-54.000,-54.000,-28.000,-28.000,-10.000,-10.000,-10.000,-10.000,0.0,0.0,0.0,0.0,0.0,0.0,0.0,0.0,0.0,0.0,0.0,0.0,0.0,0.0,0.0,0.0
1790303538.832084,4.741,-12.42218,-12.42218,-12.42218,-12.42218,-12.42218,-12.42218,-12.42218,0.04150,-12.42218,-12.42218,-12.42218,-12.42218,-12.42218,-12.42218,-12.42218,0.04150,-45.0000,-45.0000,-10.0000,-10.0000,-30.0000,-30.0000,-30.0000,-30.0000,-45.0000,-45.0000,-10.0000,-10.0000,-30.0000,-30.0000,-30.0000,-30.0000,-54.000,-54.000,-28.000,-28.000,-10.000,-10.000,-10.000,-10.000,-54.000,-54.000,-28.000,-28.000,-10.000,-10.000,-10.000,-10.000,0.0,0.0,0.0,0.0,0.0,0.0,0.0,0.0,0.0,0.0,0.0,0.0,0.0,0.0,0.0,0.0
1790303538.840636,4.750,-12.42218,-12.42218,-12.42218,-12.42218,-12.42218,-12.42218,-12.42218,0.04150,-12.42218,-12.42218,-12.42218,-12.42218,-12.42218,-12.42218,-12.42218,0.04150,-45.0000,-45.0000,-10.0000,-10.0000,-30.0000,-30.0000,-30.0000,-30.0000,-45.0000,-45.0000,-10.0000,-10.0000,-30.0000,-30.0000,-30.0000,-30.0000,-54.000,-54.000,-28.000,-28.000,-10.000,-10.000,-10.000,-10.000,-54.000,-54.000,-28.000,-28.000,-10.000,-10.000,-10.000,-10.000,0.0,0.0,0.0,0.0,0.0,0.0,0.0,0.0,0.0,0.0,0.0,0.0,0.0,0.0,0.0,0.0
1790303538.851914,4.761,-12.42218,-12.42218,-12.42218,-12.42218,-12.42218,-12.42218,-12.42218,0.04150,-12.42218,-12.42218,-12.42218,-12.42218,-12.42218,-12.42218,-12.42218,0.04150,-45.0000,-45.0000,-10.0000,-10.0000,-30.0000,-30.0000,-30.0000,-30.0000,-45.0000,-45.0000,-10.0000,-10.0000,-30.0000,-30.0000,-30.0000,-30.0000,-54.000,-54.000,-28.000,-28.000,-10.000,-10.000,-10.000,-10.000,-54.000,-54.000,-28.000,-28.000,-10.000,-10.000,-10.000,-10.000,0.0,0.0,0.0,0.0,0.0,0.0,0.0,0.0,0.0,0.0,0.0,0.0,0.0,0.0,0.0,0.0
1790303538.860761,4.770,-12.42218,-12.42218,-12.42218,-12.42218,-12.42218,-12.42218,-12.42218,0.04150,-12.42218,-12.42218,-12.42218,-12.42218,-12.42218,-12.42218,-12.42218,0.04150,-45.0000,-45.0000,-10.0000,-10.0000,-30.0000,-30.0000,-30.0000,-30.0000,-45.0000,-45.0000,-10.0000,-10.0000,-30.0000,-30.0000,-30.0000,-30.0000,-54.000,-54.000,-28.000,-28.000,-10.000,-10.000,-10.000,-10.000,-54.000,-54.000,-28.000,-28.000,-10.000,-10.000,-10.000,-10.000,0.0,0.0,0.0,0.0,0.0,0.0,0.0,0.0,0.0,0.0,0.0,0.0,0.0,0.0,0.0,0.0
1790303538.873286,4.782,-12.42218,-12.42218,-12.42218,-12.42218,-12.42218,-12.42218,-12.42218,0.04150,-12.42218,-12.42218,-12.42218,-12.42218,-12.42218,-12.42218,-12.42218,0.04150,-45.0000,-45.0000,-10.0000,-10.0000,-30.0000,-30.0000,-30.0000,-30.0000,-45.0000,-45.0000,-10.0000,-10.0000,-30.0000,-30.0000,-30.0000,-30.0000,-54.000,-54.000,-28.000,-28.000,-10.000,-10.000,-10.000,-10.000,-54.000,-54.000,-28.000,-28.000,-10.000,-10.000,-10.000,-10.000,0.0,0.0,0.0,0.0,0.0,0.0,0.0,0.0,0.0,0.0,0.0,0.0,0.0,0.0,0.0,0.0
1790303538.880268,4.789,-12.42218,-12.42218,-12.42218,-12.42218,-12.42218,-12.42218,-12.42218,0.04150,-12.42218,-12.42218,-12.42218,-12.42218,-12.42218,-12.42218,-12.42218,0.04150,-45.0000,-45.0000,-10.0000,-10.0000,-30.0000,-30.0000,-30.0000,-30.0000,-45.0000,-45.0000,-10.0000,-10.0000,-30.0000,-30.0000,-30.0000,-30.0000,-54.000,-54.000,-28.000,-28.000,-10.000,-10.000,-10.000,-10.000,-54.000,-54.000,-28.000,-28.000,-10.000,-10.000,-10.000,-10.000,0.0,0.0,0.0,0.0,0.0,0.0,0.0,0.0,0.0,0.0,0.0,0.0,0.0,0.0,0.0,0.0
1790303538.890747,4.800,-12.42218,-12.42218,-12.42218,-12.42218,-12.42218,-12.42218,-12.42218,0.04150,-12.42218,-12.42218,-12.42218,-12.42218,-12.42218,-12.42218,-12.42218,0.04150,-45.0000,-45.0000,-10.0000,-10.0000,-30.0000,-30.0000,-30.0000,-30.0000,-45.0000,-45.0000,-10.0000,-10.0000,-30.0000,-30.0000,-30.0000,-30.0000,-54.000,-54.000,-28.000,-28.000,-10.000,-10.000,-10.000,-10.000,-54.000,-54.000,-28.000,-28.000,-10.000,-10.000,-10.000,-10.000,0.0,0.0,0.0,0.0,0.0,0.0,0.0,0.0,0.0,0.0,0.0,0.0,0.0,0.0,0.0,0.0
1790303538.900755,4.810,-12.42218,-12.42218,-12.42218,-12.42218,-12.42218,-12.42218,-12.42218,0.04150,-12.42218,-12.42218,-12.42218,-12.42218,-12.42218,-12.42218,-12.42218,0.04150,-45.0000,-45.0000,-10.0000,-10.0000,-30.0000,-30.0000,-30.0000,-30.0000,-45.0000,-45.0000,-10.0000,-10.0000,-30.0000,-30.0000,-30.0000,-30.0000,-54.000,-54.000,-28.000,-28.000,-10.000,-10.000,-10.000,-10.000,-54.000,-54.000,-28.000,-28.000,-10.000,-10.000,-10.000,-10.000,0.0,0.0,0.0,0.0,0.0,0.0,0.0,0.0,0.0,0.0,0.0,0.0,0.0,0.0,0.0,0.0
1790303538.910492,4.819,-12.42218,-12.42218,-12.42218,-12.42218,-12.42218,-12.42218,-12.42218,0.04150,-12.42218,-12.42218,-12.42218,-12.42218,-12.42218,-12.42218,-12.42218,0.04150,-45.0000,-45.0000,-10.0000,-10.0000,-30.0000,-30.0000,-30.0000,-30.0000,-45.0000,-45.0000,-10.0000,-10.0000,-30.0000,-30.0000,-30.0000,-30.0000,-54.000,-54.000,-28.000,-28.000,-10.000,-10.000,-10.000,-10.000,-54.000,-54.000,-28.000,-28.000,-10.000,-10.000,-10.000,-10.000,0.0,0.0,0.0,0.0,0.0,0.0,0.0,0.0,0.0,0.0,0.0,0.0,0.0,0.0,0.0,0.0
1790303538.920351,4.829,-12.42218,-12.42218,-12.42218,-12.42218,-12.42218,-12.42218,-12.42218,0.04150,-12.42218,-12.42218,-12.42218,-12.42218,-12.42218,-12.42218,-12.42218,0.04150,-45.0000,-45.0000,-10.0000,-10.0000,-30.0000,-30.0000,-30.0000,-30.0000,-45.0000,-45.0000,-10.0000,-10.0000,-30.0000,-30.0000,-30.0000,-30.0000,-54.000,-54.000,-28.000,-28.000,-10.000,-10.000,-10.000,-10.000,-54.000,-54.000,-28.000,-28.000,-10.000,-10.000,-10.000,-10.000,0.0,0.0,0.0,0.0,0.0,0.0,0.0,0.0,0.0,0.0,0.0,0.0,0.0,0.0,0.0,0.0
1790303538.931166,4.840,-12.42218,-12.42218,-12.42218,-12.42218,-12.42218,-12.42218,-12.42218,0.04150,-12.42218,-12.42218,-12.42218,-12.42218,-12.42218,-12.42218,-12.42218,0.04150,-45.0000,-45.0000,-10.0000,-10.0000,-30.0000,-30.0000,-30.0000,-30.0000,-45.0000,-45.0000,-10.0000,-10.0000,-30.0000,-30.0000,-30.0000,-30.0000,-54.000,-54.000,-28.000,-28.000,-10.000,-10.000,-10.000,-10.000,-54.000,-54.000,-28.000,-28.000,-10.000,-10.000,-10.000,-10.000,0.0,0.0,0.0,0.0,0.0,0.0,0.0,0.0,0.0,0.0,0.0,0.0,0.0,0.0,0.0,0.0
1790303538.940354,4.849,-12.42218,-12.42218,-12.42218,-12.42218,-12.42218,-12.42218,-12.42218,0.04150,-12.42218,-12.42218,-12.42218,-12.42218,-12.42218,-12.42218,-12.42218,0.04150,-45.0000,-45.0000,-10.0000,-10.0000,-30.0000,-30.0000,-30.0000,-30.0000,-45.0000,-45.0000,-10.0000,-10.0000,-30.0000,-30.0000,-30.0000,-30.0000,-54.000,-54.000,-28.000,-28.000,-10.000,-10.000,-10.000,-10.000,-54.000,-54.000,-28.000,-28.000,-10.000,-10.000,-10.000,-10.000,0.0,0.0,0.0,0.0,0.0,0.0,0.0,0.0,0.0,0.0,0.0,0.0,0.0,0.0,0.0,0.0
1790303538.950814,4.860,-12.42218,-12.42218,-12.42218,-12.42218,-12.42218,-12.42218,-12.42218,0.04150,-12.42218,-12.42218,-12.42218,-12.42218,-12.42218,-12.42218,-12.42218,0.04150,-45.0000,-45.0000,-10.0000,-10.0000,-30.0000,-30.0000,-30.0000,-30.0000,-45.0000,-45.0000,-10.0000,-10.0000,-30.0000,-30.0000,-30.0000,-30.0000,-54.000,-54.000,-28.000,-28.000,-10.000,-10.000,-10.000,-10.000,-54.000,-54.000,-28.000,-28.000,-10.000,-10.000,-10.000,-10.000,0.0,0.0,0.0,0.0,0.0,0.0,0.0,0.0,0.0,0.0,0.0,0.0,0.0,0.0,0.0,0.0
1790303538.960478,4.869,-12.42218,-12.42218,-12.42218,-12.42218,-12.42218,-12.42218,-12.42218,0.04150,-12.42218,-12.42218,-12.42218,-12.42218,-12.42218,-12.42218,-12.42218,0.04150,-45.0000,-45.0000,-10.0000,-10.0000,-30.0000,-30.0000,-30.0000,-30.0000,-45.0000,-45.0000,-10.0000,-10.0000,-30.0000,-30.0000,-30.0000,-30.0000,-54.000,-54.000,-28.000,-28.000,-10.000,-10.000,-10.000,-10.000,-54.000,-54.000,-28.000,-28.000,-10.000,-10.000,-10.000,-10.000,0.0,0.0,0.0,0.0,0.0,0.0,0.0,0.0,0.0,0.0,0.0,0.0,0.0,0.0,0.0,0.0
1790303538.970388,4.879,-12.42218,-12.42218,-12.42218,-12.42218,-12.42218,-12.42218,-12.42218,0.04150,-12.42218,-12.42218,-12.42218,-12.42218,-12.42218,-12.42218,-12.42218,0.04150,-45.0000,-45.0000,-10.0000,-10.0000,-30.0000,-30.0000,-30.0000,-30.0000,-45.0000,-45.0000,-10.0000,-10.0000,-30.0000,-30.0000,-30.0000,-30.0000,-54.000,-54.000,-28.000,-28.000,-10.000,-10.000,-10.000,-10.000,-54.000,-54.000,-28.000,-28.000,-10.000,-10.000,-10.000,-10.000,0.0,0.0,0.0,0.0,0.0,0.0,0.0,0.0,0.0,0.0,0.0,0.0,0.0,0.0,0.0,0.0
1790303538.980742,4.890,-12.42218,-12.42218,-12.42218,-12.42218,-12.42218,-12.42218,-12.42218,0.04150,-12.42218,-12.42218,-12.42218,-12.42218,-12.42218,-12.42218,-12.42218,0.04150,-45.0000,-45.0000,-10.0000,-10.0000,-30.0000,-30.0000,-30.0000,-30.0000,-45.0000,-45.0000,-10.0000,-10.0000,-30.0000,-30.0000,-30.0000,-30.0000,-54.000,-54.000,-28.000,-28.000,-10.000,-10.000,-10.000,-10.000,-54.000,-54.000,-28.000,-28.000,-10.000,-10.000,-10.000,-10.000,0.0,0.0,0.0,0.0,0.0,0.0,0.0,0.0,0.0,0.0,0.0,0.0,0.0,0.0,0.0,0.0
1790303538.990478,4.899,-12.42218,-12.42218,-12.42218,-12.42218,-12.42218,-12.42218,-12.42218,0.04150,-12.42218,-12.42218,-12.42218,-12.42218,-12.42218,-12.42218,-12.42218,0.04150,-45.0000,-45.0000,-10.0000,-10.0000,-30.0000,-30.0000,-30.0000,-30.0000,-45.0000,-45.0000,-10.0000,-10.0000,-30.0000,-30.0000,-30.0000,-30.0000,-54.000,-54.000,-28.000,-28.000,-10.000,-10.000,-10.000,-10.000,-54.000,-54.000,-28.000,-28.000,-10.000,-10.000,-10.000,-10.000,0.0,0.0,0.0,0.0,0.0,0.0,0.0,0.0,0.0,0.0,0.0,0.0,0.0,0.0,0.0,0.0
1790303539.002362,4.911,-12.42218,-12.42218,-12.42218,-12.42218,-12.42218,-12.42218,-12.42218,0.04150,-12.42218,-12.42218,-12.42218,-12.42218,-12.42218,-12.42218,-12.42218,0.04150,-45.0000,-45.0000,-10.0000,-10.0000,-30.0000,-30.0000,-30.0000,-30.0000,-45.0000,-45.0000,-10.0000,-10.0000,-30.0000,-30.0000,-30.0000,-30.0000,-54.000,-54.000,-28.000,-28.000,-10.000,-10.000,-10.000,-10.000,-54.000,-54.000,-28.000,-28.000,-10.000,-10.000,-10.000,-10.000,0.0,0.0,0.0,0.0,0.0,0.0,0.0,0.0,0.0,0.0,0.0,0.0,0.0,0.0,0.0,0.0
1790303539.010671,4.920,-12.42218,-12.42218,-12.42218,-12.42218,-12.42218,-12.42218,-12.42218,0.04150,-12.42218,-12.42218,-12.42218,-12.42218,-12.42218,-12.42218,-12.42218,0.04150,-45.0000,-45.0000,-10.0000,-10.0000,-30.0000,-30.0000,-30.0000,-30.0000,-45.0000,-45.0000,-10.0000,-10.0000,-30.0000,-30.0000,-30.0000,-30.0000,-54.000,-54.000,-28.000,-28.000,-10.000,-10.000,-10.000,-10.000,-54.000,-54.000,-28.000,-28.000,-10.000,-10.000,-10.000,-10.000,0.0,0.0,0.0,0.0,0.0,0.0,0.0,0.0,0.0,0.0,0.0,0.0,0.0,0.0,0.0,0.0
1790303539.020305,4.929,-12.42218,-12.42218,-12.42218,-12.42218,-12.42218,-12.42218,-12.42218,0.04150,-12.42218,-12.42218,-12.42218,-12.42218,-12.42218,-12.42218,-12.42218,0.04150,-45.0000,-45.0000,-10.0000,-10.0000,-30.0000,-30.0000,-30.0000,-30.0000,-45.0000,-45.0000,-10.0000,-10.0000,-30.0000,-30.0000,-30.0000,-30.0000,-54.000,-54.000,-28.000,-28.000,-10.000,-10.000,-10.000,-10.000,-54.000,-54.000,-28.000,-28.000,-10.000,-10.000,-10.000,-10.000,0.0,0.0,0.0,0.0,0.0,0.0,0.0,0.0,0.0,0.0,0.0,0.0,0.0,0.0,0.0,0.0
1790303539.030738,4.940,-12.42218,-12.42218,-12.42218,-12.42218,-12.42218,-12.42218,-12.42218,0.04150,-12.42218,-12.42218,-12.42218,-12.42218,-12.42218,-12.42218,-12.42218,0.04150,-45.0000,-45.0000,-10.0000,-10.0000,-30.0000,-30.0000,-30.0000,-30.0000,-45.0000,-45.0000,-10.0000,-10.0000,-30.0000,-30.0000,-30.0000,-30.0000,-54.000,-54.000,-28.000,-28.000,-10.000,-10.000,-10.000,-10.000,-54.000,-54.000,-28.000,-28.000,-10.000,-10.000,-10.000,-10.000,0.0,0.0,0.0,0.0,0.0,0.0,0.0,0.0,0.0,0.0,0.0,0.0,0.0,0.0,0.0,0.0
1790303539.040684,4.950,-12.42218,-12.42218,-12.42218,-12.42218,-12.42218,-12.42218,-12.42218,0.04150,-12.42218,-12.42218,-12.42218,-12.42218,-12.42218,-12.42218,-12.42218,0.04150,-45.0000,-45.0000,-10.0000,-10.0000,-30.0000,-30.0000,-30.0000,-30.0000,-45.0000,-45.0000,-10.0000,-10.0000,-30.0000,-30.0000,-30.0000,-30.0000,-54.000,-54.000,-28.000,-28.000,-10.000,-10.000,-10.000,-10.000,-54.000,-54.000,-28.000,-28.000,-10.000,-10.000,-10.000,-10.000,0.0,0.0,0.0,0.0,0.0,0.0,0.0,0.0,0.0,0.0,0.0,0.0,0.0,0.0,0.0,0.0
1790303539.050683,4.960,-12.42218,-12.42218,-12.42218,-12.42218,-12.42218,-12.42218,-12.42218,0.04150,-12.42218,-12.42218,-12.42218,-12.42218,-12.42218,-12.42218,-12.42218,0.04150,-45.0000,-45.0000,-10.0000,-10.0000,-30.0000,-30.0000,-30.0000,-30.0000,-45.0000,-45.0000,-10.0000,-10.0000,-30.0000,-30.0000,-30.0000,-30.0000,-54.000,-54.000,-28.000,-28.000,-10.000,-10.000,-10.000,-10.000,-54.000,-54.000,-28.000,-28.000,-10.000,-10.000,-10.000,-10.000,0.0,0.0,0.0,0.0,0.0,0.0,0.0,0.0,0.0,0.0,0.0,0.0,0.0,0.0,0.0,0.0
1790303539.060686,4.970,-12.42218,-12.42218,-12.42218,-12.42218,-12.42218,-12.42218,-12.42218,0.04150,-12.42218,-12.42218,-12.42218,-12.42218,-12.42218,-12.42218,-12.42218,0.04150,-45.0000,-45.0000,-10.0000,-10.0000,-30.0000,-30.0000,-30.0000,-27.6557,-45.0000,-45.0000,-10.0000,-10.0000,-30.0000,-30.0000,-30.0000,-30.0000,-54.000,-54.000,-28.000,-28.000,-10.000,-10.000,-10.000,-4.999,-54.000,-54.000,-28.000,-28.000,-10.000,-10.000,-10.000,-10.000,0.0,0.0,0.0,0.0,0.0,0.0,0.0,0.0,0.0,0.0,0.0,0.0,0.0,0.0,0.0,0.0
1790303539.070558,4.979,-12.42218,-12.42218,-12.42218,-12.42218,-12.42218,-12.42218,-12.42218,0.04150,-12.42218,-12.42218,-12.42218,-12.42218,-12.42218,-12.42218,-12.42218,0.04150,-45.0000,-45.0000,-10.0000,-10.0000,-30.0000,-30.0000,-30.0000,-30.0000,-45.0000,-45.0000,-10.0000,-10.0000,-30.0000,-30.0000,-30.0000,-30.0000,-54.000,-54.000,-28.000,-28.000,-10.000,-10.000,-10.000,-10.000,-54.000,-54.000,-28.000,-28.000,-10.000,-10.000,-10.000,-10.000,0.0,0.0,0.0,0.0,0.0,0.0,0.0,0.0,0.0,0.0,0.0,0.0,0.0,0.0,0.0,0.0
1790303539.080219,4.989,-12.42218,-12.42218,-12.42218,-12.42218,-12.42218,-12.42218,-12.42218,0.04150,-12.42218,-12.42218,-12.42218,-12.42218,-12.42218,-12.42218,-12.42218,0.04150,-45.0000,-45.0000,-10.0000,-10.0000,-30.0000,-30.0000,-30.0000,-30.0000,-45.0000,-45.0000,-10.0000,-10.0000,-30.0000,-30.0000,-30.0000,-30.0000,-54.000,-54.000,-28.000,-28.000,-10.000,-10.000,-10.000,-10.000,-54.000,-54.000,-28.000,-28.000,-10.000,-10.000,-10.000,-10.000,0.0,0.0,0.0,0.0,0.0,0.0,0.0,0.0,0.0,0.0,0.0,0.0,0.0,0.0,0.0,0.0
1790303539.090371,4.999,-12.42218,-12.42218,-12.42218,-12.42218,-12.42218,-12.42218,-12.42218,0.04150,-12.42218,-12.42218,-12.42218,-12.42218,-12.42218,-12.42218,-12.42218,0.04150,-45.0000,-45.0000,-10.0000,-10.0000,-30.0000,-30.0000,-30.0000,-30.0000,-45.0000,-45.0000,-10.0000,-10.0000,-30.0000,-30.0000,-30.0000,-30.0000,-54.000,-54.000,-28.000,-28.000,-10.000,-10.000,-10.000,-10.000,-54.000,-54.000,-28.000,-28.000,-10.000,-10.000,-10.000,-10.000,0.0,0.0,0.0,0.0,0.0,0.0,0.0,0.0,0.0,0.0,0.0,0.0,0.0,0.0,0.0,0.0
1790303539.100600,5.009,-12.42218,-12.42218,-12.42218,-12.42218,-12.42218,-12.42218,-12.42218,0.04150,-12.42218,-12.42218,-12.42218,-12.42218,-12.42218,-12.42218,-12.42218,0.04150,-45.0000,-45.0000,-10.0000,-10.0000,-30.0000,-30.0000,-30.0000,-30.0000,-45.0000,-45.0000,-10.0000,-10.0000,-30.0000,-30.0000,-30.0000,-30.0000,-54.000,-54.000,-28.000,-28.000,-10.000,-10.000,-10.000,-10.000,-54.000,-54.000,-28.000,-28.000,-10.000,-10.000,-10.000,-10.000,0.0,0.0,0.0,0.0,0.0,0.0,0.0,0.0,0.0,0.0,0.0,0.0,0.0,0.0,0.0,0.0
1790303539.110402,5.019,-12.42218,-12.42218,-12.42218,-12.42218,-12.42218,-12.42218,-12.42218,0.04150,-12.42218,-12.42218,-12.42218,-12.42218,-12.42218,-12.42218,-12.42218,0.04150,-45.0000,-45.0000,-10.0000,-10.0000,-30.0000,-30.0000,-30.0000,-30.0000,-45.0000,-45.0000,-10.0000,-10.0000,-30.0000,-30.0000,-30.0000,-30.0000,-54.000,-54.000,-28.000,-28.000,-10.000,-10.000,-10.000,-10.000,-54.000,-54.000,-28.000,-28.000,-10.000,-10.000,-10.000,-10.000,0.0,0.0,0.0,0.0,0.0,0.0,0.0,0.0,0.0,0.0,0.0,0.0,0.0,0.0,0.0,0.0
1790303539.168831,5.078,-12.42218,-12.42218,-12.42218,-12.42218,-12.42218,-12.42218,-12.42218,0.04150,-12.42218,-12.42218,-12.42218,-12.42218,-12.42218,-12.42218,-12.42218,0.04150,-45.0000,-45.0000,-10.0000,-10.0000,-30.0000,-30.0000,-30.0000,-30.0000,-45.0000,-45.0000,-10.0000,-10.0000,-30.0000,-30.0000,-30.0000,-30.0000,-54.000,-54.000,-28.000,-28.000,-10.000,-10.000,-10.000,-10.000,-54.000,-54.000,-28.000,-28.000,-10.000,-10.000,-10.000,-10.000,0.0,0.0,0.0,0.0,0.0,0.0,0.0,0.0,0.0,0.0,0.0,0.0,0.0,0.0,0.0,0.0
1790303539.172673,5.082,-12.42218,-12.42218,-12.42218,-12.42218,-12.42218,-12.42218,-12.42218,0.04150,-12.42218,-12.42218,-12.42218,-12.42218,-12.42218,-12.42218,-12.42218,0.04150,-45.0000,-45.0000,-10.0000,-10.0000,-30.0000,-30.0000,-30.0000,-30.0000,-45.0000,-45.0000,-10.0000,-10.0000,-30.0000,-30.0000,-30.0000,-30.0000,-54.000,-54.000,-28.000,-28.000,-10.000,-10.000,-10.000,-10.000,-54.000,-54.000,-28.000,-28.000,-10.000,-10.000,-10.000,-10.000,0.0,0.0,0.0,0.0,0.0,0.0,0.0,0.0,0.0,0.0,0.0,0.0,0.0,0.0,0.0,0.0
1790303539.173812,5.083,-12.42218,-12.42218,-12.42218,-12.42218,-12.42218,-12.42218,-12.42218,0.04150,-12.42218,-12.42218,-12.42218,-12.42218,-12.42218,-12.42218,-12.42218,0.04150,-45.0000,-45.0000,-10.0000,-10.0000,-30.0000,-30.0000,-30.0000,-30.0000,-45.0000,-45.0000,-10.0000,-10.0000,-30.0000,-30.0000,-30.0000,-30.0000,-54.000,-54.000,-28.000,-28.000,-10.000,-10.000,-10.000,-10.000,-54.000,-54.000,-28.000,-28.000,-10.000,-10.000,-10.000,-10.000,0.0,0.0,0.0,0.0,0.0,0.0,0.0,0.0,0.0,0.0,0.0,0.0,0.0,0.0,0.0,0.0
1790303539.175689,5.085,-12.42218,-12.42218,-12.42218,-12.42218,-12.42218,-12.42218,-12.42218,0.04150,-12.42218,-12.42218,-12.42218,-12.42218,-12.42218,-12.42218,-12.42218,0.04150,-45.0000,-45.0000,-10.0000,-10.0000,-30.0000,-30.0000,-30.0000,-30.0000,-45.0000,-45.0000,-10.0000,-10.0000,-30.0000,-30.0000,-30.0000,-27.6557,-54.000,-54.000,-28.000,-28.000,-10.000,-10.000,-10.000,-10.000,-54.000,-54.000,-28.000,-28.000,-10.000,-10.000,-10.000,-4.999,0.0,0.0,0.0,0.0,0.0,0.0,0.0,0.0,0.0,0.0,0.0,0.0,0.0,0.0,0.0,0.0
1790303539.176363,5.085,-12.42218,-12.42218,-12.42218,-12.42218,-12.42218,-12.42218,-12.42218,0.04150,-12.42218,-12.42218,-12.42218,-12.42218,-12.42218,-12.42218,-12.42218,0.04150,-45.0000,-45.0000,-10.0000,-10.0000,-30.0000,-30.0000,-30.0000,-30.0000,-45.0000,-45.0000,-10.0000,-10.0000,-30.0000,-30.0000,-30.0000,-27.6557,-54.000,-54.000,-28.000,-28.000,-10.000,-10.000,-10.000,-10.000,-54.000,-54.000,-28.000,-28.000,-10.000,-10.000,-10.000,-4.999,0.0,0.0,0.0,0.0,0.0,0.0,0.0,0.0,0.0,0.0,0.0,0.0,0.0,0.0,0.0,0.0
1790303539.177224,5.086,-12.42218,-12.42218,-12.42218,-12.42218,-12.42218,-12.42218,-12.42218,0.04150,-12.42218,-12.42218,-12.42218,-12.42218,-12.42218,-12.42218,-12.42218,0.04150,-45.0000,-45.0000,-10.0000,-10.0000,-30.0000,-30.0000,-30.0000,-30.0000,-45.0000,-45.0000,-10.0000,-10.0000,-30.0000,-30.0000,-30.0000,-30.0000,-54.000,-54.000,-28.000,-28.000,-10.000,-10.000,-10.000,-10.000,-54.000,-54.000,-28.000,-28.000,-10.000,-10.000,-10.000,-10.000,0.0,0.0,0.0,0.0,0.0,0.0,0.0,0.0,0.0,0.0,0.0,0.0,0.0,0.0,0.0,0.0
1790303539.180231,5.089,-12.42218,-12.42218,-12.42218,-12.42218,-12.42218,-12.42218,-12.42218,0.04150,-12.42218,-12.42218,-12.42218,-12.42218,-12.42218,-12.42218,-12.42218,0.04150,-45.0000,-45.0000,-10.0000,-10.0000,-30.0000,-30.0000,-30.0000,-30.0000,-45.0000,-45.0000,-10.0000,-10.0000,-30.0000,-30.0000,-30.0000,-30.0000,-54.000,-54.000,-28.000,-28.000,-10.000,-10.000,-10.000,-10.000,-54.000,-54.000,-28.000,-28.000,-10.000,-10.000,-10.000,-10.000,0.0,0.0,0.0,0.0,0.0,0.0,0.0,0.0,0.0,0.0,0.0,0.0,0.0,0.0,0.0,0.0
1790303539.190849,5.100,-12.42218,-12.42218,-12.42218,-12.42218,-12.42218,-12.42218,-12.42218,0.04150,-12.42218,-12.42218,-12.42218,-12.42218,-12.42218,-12.42218,-12.42218,0.04150,-45.0000,-45.0000,-10.0000,-10.0000,-30.0000,-30.0000,-30.0000,-30.0000,-45.0000,-45.0000,-10.0000,-10.0000,-30.0000,-30.0000,-30.0000,-30.0000,-54.000,-54.000,-28.000,-28.000,-10.000,-10.000,-10.000,-10.000,-54.000,-54.000,-28.000,-28.000,-10.000,-10.000,-10.000,-10.000,0.0,0.0,0.0,0.0,0.0,0.0,0.0,0.0,0.0,0.0,0.0,0.0,0.0,0.0,0.0,0.0
1790303539.201296,5.110,-12.42218,-12.42218,-12.42218,-12.42218,-12.42218,-12.42218,-12.42218,0.04150,-12.42218,-12.42218,-12.42218,-12.42218,-12.42218,-12.42218,-12.42218,0.04150,-45.0000,-45.0000,-10.0000,-10.0000,-30.0000,-30.0000,-30.0000,-30.0000,-45.0000,-45.0000,-10.0000,-10.0000,-30.0000,-30.0000,-30.0000,-30.0000,-54.000,-54.000,-28.000,-28.000,-10.000,-10.000,-10.000,-10.000,-54.000,-54.000,-28.000,-28.000,-10.000,-10.000,-10.000,-10.000,0.0,0.0,0.0,0.0,0.0,0.0,0.0,0.0,0.0,0.0,0.0,0.0,0.0,0.0,0.0,0.0
1790303539.210215,5.119,-12.42218,-12.42218,-12.42218,-12.42218,-12.42218,-12.42218,-12.42218,0.04150,-12.42218,-12.42218,-12.42218,-12.42218,-12.42218,-12.42218,-12.42218,0.04150,-45.0000,-45.0000,-10.0000,-10.0000,-30.0000,-30.0000,-30.0000,-30.0000,-45.0000,-45.0000,-10.0000,-10.0000,-30.0000,-30.0000,-30.0000,-30.0000,-54.000,-54.000,-28.000,-28.000,-10.000,-10.000,-10.000,-10.000,-54.000,-54.000,-28.000,-28.000,-10.000,-10.000,-10.000,-10.000,0.0,0.0,0.0,0.0,0.0,0.0,0.0,0.0,0.0,0.0,0.0,0.0,0.0,0.0,0.0,0.0
1790303539.220619,5.130,-12.42218,-12.42218,-12.42218,-12.42218,-12.42218,-12.42218,-12.42218,0.04150,-12.42218,-12.42218,-12.42218,-12.42218,-12.42218,-12.42218,-12.42218,0.04150,-45.0000,-45.0000,-10.0000,-10.0000,-30.0000,-30.0000,-30.0000,-30.0000,-45.0000,-45.0000,-10.0000,-10.0000,-30.0000,-30.0000,-30.0000,-30.0000,-54.000,-54.000,-28.000,-28.000,-10.000,-10.000,-10.000,-10.000,-54.000,-54.000,-28.000,-28.000,-10.000,-10.000,-10.000,-10.000,0.0,0.0,0.0,0.0,0.0,0.0,0.0,0.0,0.0,0.0,0.0,0.0,0.0,0.0,0.0,0.0
1790303539.230627,5.140,-12.42218,-12.42218,-12.42218,-12.42218,-12.42218,-12.42218,-12.42218,0.04150,-12.42218,-12.42218,-12.42218,-12.42218,-12.42218,-12.42218,-12.42218,0.04150,-45.0000,-45.0000,-10.0000,-10.0000,-30.0000,-30.0000,-30.0000,-30.0000,-45.0000,-45.0000,-10.0000,-10.0000,-30.0000,-30.0000,-30.0000,-30.0000,-54.000,-54.000,-28.000,-28.000,-10.000,-10.000,-10.000,-10.000,-54.000,-54.000,-28.000,-28.000,-10.000,-10.000,-10.000,-10.000,0.0,0.0,0.0,0.0,0.0,0.0,0.0,0.0,0.0,0.0,0.0,0.0,0.0,0.0,0.0,0.0
1790303539.242696,5.152,-12.42218,-12.42218,-12.42218,-12.42218,-12.42218,-12.42218,-12.42218,0.04150,-12.42218,-12.42218,-12.42218,-12.42218,-12.42218,-12.42218,-12.42218,0.04150,-45.0000,-45.0000,-10.0000,-10.0000,-30.0000,-30.0000,-30.0000,-30.0000,-45.0000,-45.0000,-10.0000,-10.0000,-30.0000,-30.0000,-30.0000,-30.0000,-54.000,-54.000,-28.000,-28.000,-10.000,-10.000,-10.000,-10.000,-54.000,-54.000,-28.000,-28.000,-10.000,-10.000,-10.000,-10.000,0.0,0.0,0.0,0.0,0.0,0.0,0.0,0.0,0.0,0.0,0.0,0.0,0.0,0.0,0.0,0.0
1790303539.250150,5.159,-12.42218,-12.42218,-12.42218,-12.42218,-12.42218,-12.42218,-12.42218,0.04150,-12.42218,-12.42218,-12.42218,-12.42218,-12.42218,-12.42218,-12.42218,0.04150,-45.0000,-45.0000,-10.0000,-10.0000,-30.0000,-30.0000,-30.0000,-30.0000,-45.0000,-45.0000,-10.0000,-10.0000,-30.0000,-30.0000,-30.0000,-30.0000,-54.000,-54.000,-28.000,-28.000,-10.000,-10.000,-10.000,-10.000,-54.000,-54.000,-28.000,-28.000,-10.000,-10.000,-10.000,-10.000,0.0,0.0,0.0,0.0,0.0,0.0,0.0,0.0,0.0,0.0,0.0,0.0,0.0,0.0,0.0,0.0
1790303539.260661,5.170,-12.42218,-12.42218,-12.42218,-12.42218,-12.42218,-12.42218,-12.42218,0.04150,-12.42218,-12.42218,-12.42218,-12.42218,-12.42218,-12.42218,-12.42218,0.04150,-45.0000,-45.0000,-10.0000,-10.0000,-30.0000,-30.0000,-30.0000,-30.0000,-45.0000,-45.0000,-10.0000,-10.0000,-30.0000,-30.0000,-30.0000,-30.0000,-54.000,-54.000,-28.000,-28.000,-10.000,-10.000,-10.000,-10.000,-54.000,-54.000,-28.000,-28.000,-10.000,-10.000,-10.000,-10.000,0.0,0.0,0.0,0.0,0.0,0.0,0.0,0.0,0.0,0.0,0.0,0.0,0.0,0.0,0.0,0.0
1790303539.270693,5.180,-12.42218,-12.42218,-12.42218,-12.42218,-12.42218,-12.42218,-12.42218,0.04150,-12.42218,-12.42218,-12.42218,-12.42218,-12.42218,-12.42218,-12.42218,0.04150,-45.0000,-45.0000,-10.0000,-10.0000,-30.0000,-30.0000,-30.0000,-30.0000,-45.0000,-45.0000,-10.0000,-10.0000,-30.0000,-30.0000,-30.0000,-30.0000,-54.000,-54.000,-28.000,-28.000,-10.000,-10.000,-10.000,-10.000,-54.000,-54.000,-28.000,-28.000,-10.000,-10.000,-10.000,-10.000,0.0,0.0,0.0,0.0,0.0,0.0,0.0,0.0,0.0,0.0,0.0,0.0,0.0,0.0,0.0,0.0
1790303539.280420,5.189,-12.42218,-12.42218,-12.42218,-12.42218,-12.42218,-12.42218,-12.42218,0.04150,-12.42218,-12.42218,-12.42218,-12.42218,-12.42218,-12.42218,-12.42218,0.04150,-45.0000,-45.0000,-10.0000,-10.0000,-30.0000,-30.0000,-30.0000,-30.0000,-45.0000,-45.0000,-10.0000,-10.0000,-30.0000,-30.0000,-30.0000,-30.0000,-54.000,-54.000,-28.000,-28.000,-10.000,-10.000,-10.000,-10.000,-54.000,-54.000,-28.000,-28.000,-10.000,-10.000,-10.000,-10.000,0.0,0.0,0.0,0.0,0.0,0.0,0.0,0.0,0.0,0.0,0.0,0.0,0.0,0.0,0.0,0.0
1790303539.291800,5.201,-12.42218,-12.42218,-12.42218,-12.42218,-12.42218,-12.42218,-12.42218,0.04150,-12.42218,-12.42218,-12.42218,-12.42218,-12.42218,-12.42218,-12.42218,0.04150,-45.0000,-45.0000,-10.0000,-10.0000,-30.0000,-30.0000,-30.0000,-30.0000,-45.0000,-45.0000,-10.0000,-10.0000,-30.0000,-30.0000,-30.0000,-30.0000,-54.000,-54.000,-28.000,-28.000,-10.000,-10.000,-10.000,-10.000,-54.000,-54.000,-28.000,-28.000,-10.000,-10.000,-10.000,-10.000,0.0,0.0,0.0,0.0,0.0,0.0,0.0,0.0,0.0,0.0,0.0,0.0,0.0,0.0,0.0,0.0
1790303539.306100,5.215,-12.42218,-12.42218,-12.42218,-12.42218,-12.42218,-12.42218,-12.42218,0.04150,-12.42218,-12.42218,-12.42218,-12.42218,-12.42218,-12.42218,-12.42218,0.04150,-45.0000,-45.0000,-10.0000,-10.0000,-30.0000,-30.0000,-30.0000,-30.0000,-45.0000,-45.0000,-10.0000,-10.0000,-30.0000,-30.0000,-30.0000,-30.0000,-54.000,-54.000,-28.000,-28.000,-10.000,-10.000,-10.000,-10.000,-54.000,-54.000,-28.000,-28.000,-10.000,-10.000,-10.000,-10.000,0.0,0.0,0.0,0.0,0.0,0.0,0.0,0.0,0.0,0.0,0.0,0.0,0.0,0.0,0.0,0.0
1790303539.312900,5.222,-12.42218,-12.42218,-12.42218,-12.42218,-12.42218,-12.42218,-12.42218,0.04150,-12.42218,-12.42218,-12.42218,-12.42218,-12.42218,-12.42218,-12.42218,0.04150,-45.0000,-45.0000,-10.0000,-10.0000,-30.0000,-30.0000,-30.0000,-30.0000,-45.0000,-45.0000,-10.0000,-10.0000,-30.0000,-30.0000,-30.0000,-30.0000,-54.000,-54.000,-28.000,-28.000,-10.000,-10.000,-10.000,-10.000,-54.000,-54.000,-28.000,-28.000,-10.000,-10.000,-10.000,-10.000,0.0,0.0,0.0,0.0,0.0,0.0,0.0,0.0,0.0,0.0,0.0,0.0,0.0,0.0,0.0,0.0
1790303539.320280,5.229,-12.42218,-12.42218,-12.42218,-12.42218,-12.42218,-12.42218,-12.42218,0.04150,-12.42218,-12.42218,-12.42218,-12.42218,-12.42218,-12.42218,-12.42218,0.04150,-45.0000,-45.0000,-10.0000,-10.0000,-30.0000,-30.0000,-30.0000,-30.0000,-45.0000,-45.0000,-10.0000,-10.0000,-30.0000,-30.0000,-30.0000,-30.0000,-54.000,-54.000,-28.000,-28.000,-10.000,-10.000,-10.000,-10.000,-54.000,-54.000,-28.000,-28.000,-10.000,-10.000,-10.000,-10.000,0.0,0.0,0.0,0.0,0.0,0.0,0.0,0.0,0.0,0.0,0.0,0.0,0.0,0.0,0.0,0.0
1790303539.386084,5.295,-12.42218,-12.42218,-12.42218,-12.42218,-12.42218,-12.42218,-12.42218,0.04150,-12.42218,-12.42218,-12.42218,-12.42218,-12.42218,-12.42218,-12.42218,0.04150,-45.0000,-45.0000,-10.0000,-10.0000,-30.0000,-30.0000,-30.0000,-30.0000,-45.0000,-45.0000,-10.0000,-10.0000,-30.0000,-30.0000,-30.0000,-30.0000,-54.000,-54.000,-28.000,-28.000,-10.000,-10.000,-10.000,-10.000,-54.000,-54.000,-28.000,-28.000,-10.000,-10.000,-10.000,-10.000,0.0,0.0,0.0,0.0,0.0,0.0,0.0,0.0,0.0,0.0,0.0,0.0,0.0,0.0,0.0,0.0
1790303539.391923,5.301,-12.42218,-12.42218,-12.42218,-12.42218,-12.42218,-12.42218,-12.42218,0.04150,-12.42218,-12.42218,-12.42218,-12.42218,-12.42218,-12.42218,-12.42218,0.04150,-45.0000,-45.0000,-10.0000,-10.0000,-30.0000,-30.0000,-30.0000,-30.0000,-45.0000,-45.0000,-10.0000,-10.0000,-30.0000,-30.0000,-30.0000,-30.0000,-54.000,-54.000,-28.000,-28.000,-10.000,-10.000,-10.000,-10.000,-54.000,-54.000,-28.000,-28.000,-10.000,-10.000,-10.000,-10.000,0.0,0.0,0.0,0.0,0.0,0.0,0.0,0.0,0.0,0.0,0.0,0.0,0.0,0.0,0.0,0.0
1790303539.397534,5.306,-12.42218,-12.42218,-12.42218,-12.42218,-12.42218,-12.42218,-12.42218,0.04150,-12.42218,-12.42218,-12.42218,-12.42218,-12.42218,-12.42218,-12.42218,0.04150,-45.0000,-45.0000,-10.0000,-10.0000,-30.0000,-30.0000,-30.0000,-30.0000,-45.0000,-45.0000,-10.0000,-10.0000,-30.0000,-30.0000,-30.0000,-30.0000,-54.000,-54.000,-28.000,-28.000,-10.000,-10.000,-10.000,-10.000,-54.000,-54.000,-28.000,-28.000,-10.000,-10.000,-10.000,-10.000,0.0,0.0,0.0,0.0,0.0,0.0,0.0,0.0,0.0,0.0,0.0,0.0,0.0,0.0,0.0,0.0
1790303539.399401,5.308,-12.42218,-12.42218,-12.42218,-12.42218,-12.42218,-12.42218,-12.42218,0.04150,-12.42218,-12.42218,-12.42218,-12.42218,-12.42218,-12.42218,-12.42218,0.04150,-45.0000,-45.0000,-10.0000,-10.0000,-30.0000,-30.0000,-30.0000,-30.0000,-45.0000,-45.0000,-10.0000,-10.0000,-30.0000,-30.0000,-30.0000,-30.0000,-54.000,-54.000,-28.000,-28.000,-10.000,-10.000,-10.000,-10.000,-54.000,-54.000,-28.000,-28.000,-10.000,-10.000,-10.000,-10.000,0.0,0.0,0.0,0.0,0.0,0.0,0.0,0.0,0.0,0.0,0.0,0.0,0.0,0.0,0.0,0.0
1790303539.402381,5.311,-12.42218,-12.42218,-12.42218,-12.42218,-12.42218,-12.42218,-12.42218,0.04150,-12.42218,-12.42218,-12.42218,-12.42218,-12.42218,-12.42218,-12.42218,0.04150,-45.0000,-45.0000,-10.0000,-10.0000,-30.0000,-30.0000,-30.0000,-30.0000,-45.0000,-45.0000,-10.0000,-10.0000,-30.0000,-30.0000,-30.0000,-30.0000,-54.000,-54.000,-28.000,-28.000,-10.000,-10.000,-10.000,-10.000,-54.000,-54.000,-28.000,-28.000,-10.000,-10.000,-10.000,-10.000,0.0,0.0,0.0,0.0,0.0,0.0,0.0,0.0,0.0,0.0,0.0,0.0,0.0,0.0,0.0,0.0
1790303539.405316,5.314,-12.42218,-12.42218,-12.42218,-12.42218,-12.42218,-12.42218,-12.42218,0.04150,-12.42218,-12.42218,-12.42218,-12.42218,-12.42218,-12.42218,-12.42218,0.04150,-45.0000,-45.0000,-10.0000,-10.0000,-30.0000,-30.0000,-30.0000,-30.0000,-45.0000,-45.0000,-10.0000,-10.0000,-30.0000,-30.0000,-30.0000,-30.0000,-54.000,-54.000,-28.000,-28.000,-10.000,-10.000,-10.000,-10.000,-54.000,-54.000,-28.000,-28.000,-10.000,-10.000,-10.000,-10.000,0.0,0.0,0.0,0.0,0.0,0.0,0.0,0.0,0.0,0.0,0.0,0.0,0.0,0.0,0.0,0.0
1790303539.405848,5.315,-12.42218,-12.42218,-12.42218,-12.42218,-12.42218,-12.42218,-12.42218,0.04150,-12.42218,-12.42218,-12.42218,-12.42218,-12.42218,-12.42218,-12.42218,0.04150,-45.0000,-45.0000,-10.0000,-10.0000,-30.0000,-30.0000,-30.0000,-30.0000,-45.0000,-45.0000,-10.0000,-10.0000,-30.0000,-30.0000,-30.0000,-30.0000,-54.000,-54.000,-28.000,-28.000,-10.000,-10.000,-10.000,-10.000,-54.000,-54.000,-28.000,-28.000,-10.000,-10.000,-10.000,-10.000,0.0,0.0,0.0,0.0,0.0,0.0,0.0,0.0,0.0,0.0,0.0,0.0,0.0,0.0,0.0,0.0
1790303539.406248,5.315,-12.42218,-12.42218,-12.42218,-12.42218,-12.42218,-12.42218,-12.42218,0.04150,-12.42218,-12.42218,-12.42218,-12.42218,-12.42218,-12.42218,-12.42218,0.04150,-45.0000,-45.0000,-10.0000,-10.0000,-30.0000,-30.0000,-30.0000,-30.0000,-45.0000,-45.0000,-10.0000,-10.0000,-30.0000,-30.0000,-30.0000,-30.0000,-54.000,-54.000,-28.000,-28.000,-10.000,-10.000,-10.000,-10.000,-54.000,-54.000,-28.000,-28.000,-10.000,-10.000,-10.000,-10.000,0.0,0.0,0.0,0.0,0.0,0.0,0.0,0.0,0.0,0.0,0.0,0.0,0.0,0.0,0.0,0.0
1790303539.410426,5.319,-12.42218,-12.42218,-12.42218,-12.42218,-12.42218,-12.42218,-12.42218,0.04150,-12.42218,-12.42218,-12.42218,-12.42218,-12.42218,-12.42218,-12.42218,0.04150,-45.0000,-45.0000,-10.0000,-10.0000,-30.0000,-30.0000,-30.0000,-30.0000,-45.0000,-45.0000,-10.0000,-10.0000,-30.0000,-30.0000,-30.0000,-30.0000,-54.000,-54.000,-28.000,-28.000,-10.000,-10.000,-10.000,-10.000,-54.000,-54.000,-28.000,-28.000,-10.000,-10.000,-10.000,-10.000,0.0,0.0,0.0,0.0,0.0,0.0,0.0,0.0,0.0,0.0,0.0,0.0,0.0,0.0,0.0,0.0
1790303539.420335,5.329,-12.42218,-12.42218,-12.42218,-12.42218,-12.42218,-12.42218,-12.42218,0.04150,-12.42218,-12.42218,-12.42218,-12.42218,-12.42218,-12.42218,-12.42218,0.04150,-45.0000,-45.0000,-10.0000,-10.0000,-30.0000,-30.0000,-30.0000,-30.0000,-45.0000,-45.0000,-10.0000,-10.0000,-30.0000,-30.0000,-30.0000,-30.0000,-54.000,-54.000,-28.000,-28.000,-10.000,-10.000,-10.000,-10.000,-54.000,-54.000,-28.000,-28.000,-10.000,-10.000,-10.000,-10.000,0.0,0.0,0.0,0.0,0.0,0.0,0.0,0.0,0.0,0.0,0.0,0.0,0.0,0.0,0.0,0.0
1790303539.431399,5.340,-12.42218,-12.42218,-12.42218,-12.42218,-12.42218,-12.42218,-12.42218,0.04150,-12.42218,-12.42218,-12.42218,-12.42218,-12.42218,-12.42218,-12.42218,0.04150,-45.0000,-45.0000,-10.0000,-10.0000,-30.0000,-30.0000,-30.0000,-30.0000,-45.0000,-45.0000,-10.0000,-10.0000,-30.0000,-30.0000,-30.0000,-30.0000,-54.000,-54.000,-28.000,-28.000,-10.000,-10.000,-10.000,-10.000,-54.000,-54.000,-28.000,-28.000,-10.000,-10.000,-10.000,-10.000,0.0,0.0,0.0,0.0,0.0,0.0,0.0,0.0,0.0,0.0,0.0,0.0,0.0,0.0,0.0,0.0
1790303539.447669,5.357,-12.42218,-12.42218,-12.42218,-12.42218,-12.42218,-12.42218,-12.42218,0.04150,-12.42218,-12.42218,-12.42218,-12.42218,-12.42218,-12.42218,-12.42218,0.04150,-45.0000,-45.0000,-10.0000,-10.0000,-30.0000,-30.0000,-30.0000,-30.0000,-45.0000,-45.0000,-10.0000,-10.0000,-30.0000,-30.0000,-30.0000,-30.0000,-54.000,-54.000,-28.000,-28.000,-10.000,-10.000,-10.000,-10.000,-54.000,-54.000,-28.000,-28.000,-10.000,-10.000,-10.000,-10.000,0.0,0.0,0.0,0.0,0.0,0.0,0.0,0.0,0.0,0.0,0.0,0.0,0.0,0.0,0.0,0.0
1790303539.451210,5.360,-12.42218,-12.42218,-12.42218,-12.42218,-12.42218,-12.42218,-12.42218,0.04150,-12.42218,-12.42218,-12.42218,-12.42218,-12.42218,-12.42218,-12.42218,0.04150,-45.0000,-45.0000,-10.0000,-10.0000,-30.0000,-30.0000,-30.0000,-30.0000,-45.0000,-45.0000,-10.0000,-10.0000,-30.0000,-30.0000,-30.0000,-30.0000,-54.000,-54.000,-28.000,-28.000,-10.000,-10.000,-10.000,-10.000,-54.000,-54.000,-28.000,-28.000,-10.000,-10.000,-10.000,-10.000,0.0,0.0,0.0,0.0,0.0,0.0,0.0,0.0,0.0,0.0,0.0,0.0,0.0,0.0,0.0,0.0
1790303539.460887,5.370,-12.42218,-12.42218,-12.42218,-12.42218,-12.42218,-12.42218,-12.42218,0.04150,-12.42218,-12.42218,-12.42218,-12.42218,-12.42218,-12.42218,-12.42218,0.04150,-45.0000,-45.0000,-10.0000,-10.0000,-30.0000,-30.0000,-30.0000,-30.0000,-45.0000,-45.0000,-10.0000,-10.0000,-30.0000,-30.0000,-30.0000,-30.0000,-54.000,-54.000,-28.000,-28.000,-10.000,-10.000,-10.000,-10.000,-54.000,-54.000,-28.000,-28.000,-10.000,-10.000,-10.000,-10.000,0.0,0.0,0.0,0.0,0.0,0.0,0.0,0.0,0.0,0.0,0.0,0.0,0.0,0.0,0.0,0.0
1790303539.471210,5.380,-12.42218,-12.42218,-12.42218,-12.42218,-12.42218,-12.42218,-12.42218,0.04150,-12.42218,-12.42218,-12.42218,-12.42218,-12.42218,-12.42218,-12.42218,0.04150,-45.0000,-45.0000,-10.0000,-10.0000,-30.0000,-30.0000,-30.0000,-30.0000,-45.0000,-45.0000,-10.0000,-10.0000,-30.0000,-30.0000,-30.0000,-30.0000,-54.000,-54.000,-28.000,-28.000,-10.000,-10.000,-10.000,-10.000,-54.000,-54.000,-28.000,-28.000,-10.000,-10.000,-10.000,-10.000,0.0,0.0,0.0,0.0,0.0,0.0,0.0,0.0,0.0,0.0,0.0,0.0,0.0,0.0,0.0,0.0
1790303539.480716,5.390,-12.42218,-12.42218,-12.42218,-12.42218,-12.42218,-12.42218,-12.42218,0.04150,-12.42218,-12.42218,-12.42218,-12.42218,-12.42218,-12.42218,-12.42218,0.04150,-45.0000,-45.0000,-10.0000,-10.0000,-30.0000,-30.0000,-30.0000,-30.0000,-45.0000,-45.0000,-10.0000,-10.0000,-30.0000,-30.0000,-30.0000,-30.0000,-54.000,-54.000,-28.000,-28.000,-10.000,-10.000,-10.000,-10.000,-54.000,-54.000,-28.000,-28.000,-10.000,-10.000,-10.000,-10.000,0.0,0.0,0.0,0.0,0.0,0.0,0.0,0.0,0.0,0.0,0.0,0.0,0.0,0.0,0.0,0.0
1790303539.490705,5.400,-12.42218,-12.42218,-12.42218,-12.42218,-12.42218,-12.42218,-12.42218,0.04150,-12.42218,-12.42218,-12.42218,-12.42218,-12.42218,-12.42218,-12.42218,0.04150,-45.0000,-45.0000,-10.0000,-10.0000,-30.0000,-30.0000,-30.0000,-30.0000,-45.0000,-45.0000,-10.0000,-10.0000,-30.0000,-30.0000,-30.0000,-30.0000,-54.000,-54.000,-28.000,-28.000,-10.000,-10.000,-10.000,-10.000,-54.000,-54.000,-28.000,-28.000,-10.000,-10.000,-10.000,-10.000,0.0,0.0,0.0,0.0,0.0,0.0,0.0,0.0,0.0,0.0,0.0,0.0,0.0,0.0,0.0,0.0
1790303539.501867,5.411,-12.42218,-12.42218,-12.42218,-12.42218,-12.42218,-12.42218,-12.42218,0.04150,-12.42218,-12.42218,-12.42218,-12.42218,-12.42218,-12.42218,-12.42218,0.04150,-45.0000,-45.0000,-10.0000,-10.0000,-30.0000,-30.0000,-30.0000,-30.0000,-45.0000,-45.0000,-10.0000,-10.0000,-30.0000,-30.0000,-30.0000,-30.0000,-54.000,-54.000,-28.000,-28.000,-10.000,-10.000,-10.000,-10.000,-54.000,-54.000,-28.000,-28.000,-10.000,-10.000,-10.000,-10.000,0.0,0.0,0.0,0.0,0.0,0.0,0.0,0.0,0.0,0.0,0.0,0.0,0.0,0.0,0.0,0.0
1790303539.510668,5.420,-12.42218,-12.42218,-12.42218,-12.42218,-12.42218,-12.42218,-12.42218,0.04150,-12.42218,-12.42218,-12.42218,-12.42218,-12.42218,-12.42218,-12.42218,0.04150,-45.0000,-45.0000,-10.0000,-10.0000,-30.0000,-30.0000,-30.0000,-30.0000,-45.0000,-45.0000,-10.0000,-10.0000,-30.0000,-30.0000,-30.0000,-30.0000,-54.000,-54.000,-28.000,-28.000,-10.000,-10.000,-10.000,-10.000,-54.000,-54.000,-28.000,-28.000,-10.000,-10.000,-10.000,-10.000,0.0,0.0,0.0,0.0,0.0,0.0,0.0,0.0,0.0,0.0,0.0,0.0,0.0,0.0,0.0,0.0
1790303539.520645,5.430,-12.42218,-12.42218,-12.42218,-12.42218,-12.42218,-12.42218,-12.42218,0.04150,-12.42218,-12.42218,-12.42218,-12.42218,-12.42218,-12.42218,-12.42218,0.04150,-45.0000,-45.0000,-10.0000,-10.0000,-30.0000,-30.0000,-30.0000,-30.0000,-45.0000,-45.0000,-10.0000,-10.0000,-30.0000,-30.0000,-30.0000,-30.0000,-54.000,-54.000,-28.000,-28.000,-10.000,-10.000,-10.000,-10.000,-54.000,-54.000,-28.000,-28.000,-10.000,-10.000,-10.000,-10.000,0.0,0.0,0.0,0.0,0.0,0.0,0.0,0.0,0.0,0.0,0.0,0.0,0.0,0.0,0.0,0.0
1790303539.530886,5.440,-12.42218,-12.42218,-12.42218,-12.42218,-12.42218,-12.42218,-12.42218,0.04150,-12.42218,-12.42218,-12.42218,-12.42218,-12.42218,-12.42218,-12.42218,0.04150,-45.0000,-45.0000,-10.0000,-10.0000,-30.0000,-30.0000,-30.0000,-30.0000,-45.0000,-45.0000,-10.0000,-10.0000,-30.0000,-30.0000,-30.0000,-30.0000,-54.000,-54.000,-28.000,-28.000,-10.000,-10.000,-10.000,-10.000,-54.000,-54.000,-28.000,-28.000,-10.000,-10.000,-10.000,-10.000,0.0,0.0,0.0,0.0,0.0,0.0,0.0,0.0,0.0,0.0,0.0,0.0,0.0,0.0,0.0,0.0
1790303539.540868,5.450,-12.42218,-12.42218,-12.42218,-12.42218,-12.42218,-12.42218,-12.42218,0.04150,-12.42218,-12.42218,-12.42218,-12.42218,-12.42218,-12.42218,-12.42218,0.04150,-45.0000,-45.0000,-10.0000,-10.0000,-30.0000,-30.0000,-30.0000,-30.0000,-45.0000,-45.0000,-10.0000,-10.0000,-30.0000,-30.0000,-30.0000,-30.0000,-54.000,-54.000,-28.000,-28.000,-10.000,-10.000,-10.000,-10.000,-54.000,-54.000,-28.000,-28.000,-10.000,-10.000,-10.000,-10.000,0.0,0.0,0.0,0.0,0.0,0.0,0.0,0.0,0.0,0.0,0.0,0.0,0.0,0.0,0.0,0.0
1790303539.550896,5.460,-12.42218,-12.42218,-12.42218,-12.42218,-12.42218,-12.42218,-12.42218,0.04150,-12.42218,-12.42218,-12.42218,-12.42218,-12.42218,-12.42218,-12.42218,0.04150,-45.0000,-45.0000,-10.0000,-10.0000,-30.0000,-30.0000,-30.0000,-30.0000,-45.0000,-45.0000,-10.0000,-10.0000,-30.0000,-30.0000,-30.0000,-30.0000,-54.000,-54.000,-28.000,-28.000,-10.000,-10.000,-10.000,-10.000,-54.000,-54.000,-28.000,-28.000,-10.000,-10.000,-10.000,-10.000,0.0,0.0,0.0,0.0,0.0,0.0,0.0,0.0,0.0,0.0,0.0,0.0,0.0,0.0,0.0,0.0
1790303539.560700,5.470,-12.42218,-12.42218,-12.42218,-12.42218,-12.42218,-12.42218,-12.42218,0.04150,-12.42218,-12.42218,-12.42218,-12.42218,-12.42218,-12.42218,-12.42218,0.04150,-45.0000,-45.0000,-10.0000,-10.0000,-30.0000,-30.0000,-30.0000,-30.0000,-45.0000,-45.0000,-10.0000,-10.0000,-30.0000,-30.0000,-30.0000,-30.0000,-54.000,-54.000,-28.000,-28.000,-10.000,-10.000,-10.000,-10.000,-54.000,-54.000,-28.000,-28.000,-10.000,-10.000,-10.000,-10.000,0.0,0.0,0.0,0.0,0.0,0.0,0.0,0.0,0.0,0.0,0.0,0.0,0.0,0.0,0.0,0.0
1790303539.571059,5.480,-12.42218,-12.42218,-12.42218,-12.42218,-12.42218,-12.42218,-12.42218,0.04150,-12.42218,-12.42218,-12.42218,-12.42218,-12.42218,-12.42218,-12.42218,0.04150,-45.0000,-45.0000,-10.0000,-10.0000,-30.0000,-30.0000,-30.0000,-30.0000,-45.0000,-45.0000,-10.0000,-10.0000,-30.0000,-30.0000,-30.0000,-30.0000,-54.000,-54.000,-28.000,-28.000,-10.000,-10.000,-10.000,-10.000,-54.000,-54.000,-28.000,-28.000,-10.000,-10.000,-10.000,-10.000,0.0,0.0,0.0,0.0,0.0,0.0,0.0,0.0,0.0,0.0,0.0,0.0,0.0,0.0,0.0,0.0
1790303539.580766,5.490,-12.42218,-12.42218,-12.42218,-12.42218,-12.42218,-12.42218,-12.42218,0.04150,-12.42218,-12.42218,-12.42218,-12.42218,-12.42218,-12.42218,-12.42218,0.04150,-45.0000,-45.0000,-10.0000,-10.0000,-30.0000,-30.0000,-30.0000,-30.0000,-45.0000,-45.0000,-10.0000,-10.0000,-30.0000,-30.0000,-30.0000,-30.0000,-54.000,-54.000,-28.000,-28.000,-10.000,-10.000,-10.000,-10.000,-54.000,-54.000,-28.000,-28.000,-10.000,-10.000,-10.000,-10.000,0.0,0.0,0.0,0.0,0.0,0.0,0.0,0.0,0.0,0.0,0.0,0.0,0.0,0.0,0.0,0.0
1790303539.590973,5.500,-12.42218,-12.42218,-12.42218,-12.42218,-12.42218,-12.42218,-12.42218,0.04150,-12.42218,-12.42218,-12.42218,-12.42218,-12.42218,-12.42218,-12.42218,0.04150,-45.0000,-45.0000,-10.0000,-10.0000,-30.0000,-30.0000,-30.0000,-30.0000,-45.0000,-45.0000,-10.0000,-10.0000,-30.0000,-30.0000,-30.0000,-30.0000,-54.000,-54.000,-28.000,-28.000,-10.000,-10.000,-10.000,-10.000,-54.000,-54.000,-28.000,-28.000,-10.000,-10.000,-10.000,-10.000,0.0,0.0,0.0,0.0,0.0,0.0,0.0,0.0,0.0,0.0,0.0,0.0,0.0,0.0,0.0,0.0
1790303539.600443,5.509,-12.42218,-12.42218,-12.42218,-12.42218,-12.42218,-12.42218,-12.42218,0.04150,-12.42218,-12.42218,-12.42218,-12.42218,-12.42218,-12.42218,-12.42218,0.04150,-45.0000,-45.0000,-10.0000,-10.0000,-30.0000,-30.0000,-30.0000,-30.0000,-45.0000,-45.0000,-10.0000,-10.0000,-30.0000,-30.0000,-30.0000,-30.0000,-54.000,-54.000,-28.000,-28.000,-10.000,-10.000,-10.000,-10.000,-54.000,-54.000,-28.000,-28.000,-10.000,-10.000,-10.000,-10.000,0.0,0.0,0.0,0.0,0.0,0.0,0.0,0.0,0.0,0.0,0.0,0.0,0.0,0.0,0.0,0.0
1790303539.610848,5.520,-12.42218,-12.42218,-12.42218,-12.42218,-12.42218,-12.42218,-12.42218,0.04150,-12.42218,-12.42218,-12.42218,-12.42218,-12.42218,-12.42218,-12.42218,0.04150,-45.0000,-45.0000,-10.0000,-10.0000,-30.0000,-30.0000,-30.0000,-30.0000,-45.0000,-45.0000,-10.0000,-10.0000,-30.0000,-30.0000,-30.0000,-30.0000,-54.000,-54.000,-28.000,-28.000,-10.000,-10.000,-10.000,-10.000,-54.000,-54.000,-28.000,-28.000,-10.000,-10.000,-10.000,-10.000,0.0,0.0,0.0,0.0,0.0,0.0,0.0,0.0,0.0,0.0,0.0,0.0,0.0,0.0,0.0,0.0
1790303539.620675,5.530,-12.42218,-12.42218,-12.42218,-12.42218,-12.42218,-12.42218,-12.42218,0.04150,-12.42218,-12.42218,-12.42218,-12.42218,-12.42218,-12.42218,-12.42218,0.04150,-45.0000,-45.0000,-10.0000,-10.0000,-30.0000,-30.0000,-30.0000,-30.0000,-45.0000,-45.0000,-10.0000,-10.0000,-30.0000,-30.0000,-30.0000,-30.0000,-54.000,-54.000,-28.000,-28.000,-10.000,-10.000,-10.000,-10.000,-54.000,-54.000,-28.000,-28.000,-10.000,-10.000,-10.000,-10.000,0.0,0.0,0.0,0.0,0.0,0.0,0.0,0.0,0.0,0.0,0.0,0.0,0.0,0.0,0.0,0.0
1790303539.630844,5.540,-12.42218,-12.42218,-12.42218,-12.42218,-12.42218,-12.42218,-12.42218,0.04150,-12.42218,-12.42218,-12.42218,-12.42218,-12.42218,-12.42218,-12.42218,0.04150,-45.0000,-45.0000,-10.0000,-10.0000,-30.0000,-30.0000,-30.0000,-30.0000,-45.0000,-45.0000,-10.0000,-10.0000,-30.0000,-30.0000,-30.0000,-30.0000,-54.000,-54.000,-28.000,-28.000,-10.000,-10.000,-10.000,-10.000,-54.000,-54.000,-28.000,-28.000,-10.000,-10.000,-10.000,-10.000,0.0,0.0,0.0,0.0,0.0,0.0,0.0,0.0,0.0,0.0,0.0,0.0,0.0,0.0,0.0,0.0
1790303539.640597,5.549,-12.42218,-12.42218,-12.42218,-12.42218,-12.42218,-12.42218,-12.42218,0.04150,-12.42218,-12.42218,-12.42218,-12.42218,-12.42218,-12.42218,-12.42218,0.04150,-45.0000,-45.0000,-10.0000,-10.0000,-30.0000,-30.0000,-30.0000,-30.0000,-45.0000,-45.0000,-10.0000,-10.0000,-30.0000,-30.0000,-30.0000,-30.0000,-54.000,-54.000,-28.000,-28.000,-10.000,-10.000,-10.000,-10.000,-54.000,-54.000,-28.000,-28.000,-10.000,-10.000,-10.000,-10.000,0.0,0.0,0.0,0.0,0.0,0.0,0.0,0.0,0.0,0.0,0.0,0.0,0.0,0.0,0.0,0.0
1790303539.650917,5.560,-12.42218,-12.42218,-12.42218,-12.42218,-12.42218,-12.42218,-12.42218,0.04150,-12.42218,-12.42218,-12.42218,-12.42218,-12.42218,-12.42218,-12.42218,0.04150,-45.0000,-45.0000,-10.0000,-10.0000,-30.0000,-30.0000,-30.0000,-30.0000,-45.0000,-45.0000,-10.0000,-10.0000,-30.0000,-30.0000,-30.0000,-30.0000,-54.000,-54.000,-28.000,-28.000,-10.000,-10.000,-10.000,-10.000,-54.000,-54.000,-28.000,-28.000,-10.000,-10.000,-10.000,-10.000,0.0,0.0,0.0,0.0,0.0,0.0,0.0,0.0,0.0,0.0,0.0,0.0,0.0,0.0,0.0,0.0
1790303539.660779,5.570,-12.42218,-12.42218,-12.42218,-12.42218,-12.42218,-12.42218,-12.42218,0.04150,-12.42218,-12.42218,-12.42218,-12.42218,-12.42218,-12.42218,-12.42218,0.04150,-45.0000,-45.0000,-10.0000,-10.0000,-30.0000,-30.0000,-30.0000,-30.0000,-45.0000,-45.0000,-10.0000,-10.0000,-30.0000,-30.0000,-30.0000,-30.0000,-54.000,-54.000,-28.000,-28.000,-10.000,-10.000,-10.000,-10.000,-54.000,-54.000,-28.000,-28.000,-10.000,-10.000,-10.000,-10.000,0.0,0.0,0.0,0.0,0.0,0.0,0.0,0.0,0.0,0.0,0.0,0.0,0.0,0.0,0.0,0.0
1790303539.670918,5.580,-12.42218,-12.42218,-12.42218,-12.42218,-12.42218,-12.42218,-12.42218,0.04150,-12.42218,-12.42218,-12.42218,-12.42218,-12.42218,-12.42218,-12.42218,0.04150,-45.0000,-45.0000,-10.0000,-10.0000,-30.0000,-30.0000,-30.0000,-30.0000,-45.0000,-45.0000,-10.0000,-10.0000,-30.0000,-30.0000,-30.0000,-30.0000,-54.000,-54.000,-28.000,-28.000,-10.000,-10.000,-10.000,-10.000,-54.000,-54.000,-28.000,-28.000,-10.000,-10.000,-10.000,-10.000,0.0,0.0,0.0,0.0,0.0,0.0,0.0,0.0,0.0,0.0,0.0,0.0,0.0,0.0,0.0,0.0
1790303539.680660,5.590,-12.42218,-12.42218,-12.42218,-12.42218,-12.42218,-12.42218,-12.42218,0.04150,-12.42218,-12.42218,-12.42218,-12.42218,-12.42218,-12.42218,-12.42218,0.04150,-45.0000,-45.0000,-10.0000,-10.0000,-30.0000,-30.0000,-30.0000,-30.0000,-45.0000,-45.0000,-10.0000,-10.0000,-30.0000,-30.0000,-30.0000,-30.0000,-54.000,-54.000,-28.000,-28.000,-10.000,-10.000,-10.000,-10.000,-54.000,-54.000,-28.000,-28.000,-10.000,-10.000,-10.000,-10.000,0.0,0.0,0.0,0.0,0.0,0.0,0.0,0.0,0.0,0.0,0.0,0.0,0.0,0.0,0.0,0.0
1790303539.690572,5.599,-12.42218,-12.42218,-12.42218,-12.42218,-12.42218,-12.42218,-12.42218,0.04150,-12.42218,-12.42218,-12.42218,-12.42218,-12.42218,-12.42218,-12.42218,0.04150,-45.0000,-45.0000,-10.0000,-10.0000,-30.0000,-30.0000,-30.0000,-30.0000,-45.0000,-45.0000,-10.0000,-10.0000,-30.0000,-30.0000,-30.0000,-30.0000,-54.000,-54.000,-28.000,-28.000,-10.000,-10.000,-10.000,-10.000,-54.000,-54.000,-28.000,-28.000,-10.000,-10.000,-10.000,-10.000,0.0,0.0,0.0,0.0,0.0,0.0,0.0,0.0,0.0,0.0,0.0,0.0,0.0,0.0,0.0,0.0
1790303539.700782,5.610,-12.42218,-12.42218,-12.42218,-12.42218,-12.42218,-12.42218,-12.42218,0.04150,-12.42218,-12.42218,-12.42218,-12.42218,-12.42218,-12.42218,-12.42218,0.04150,-45.0000,-45.0000,-10.0000,-10.0000,-30.0000,-30.0000,-30.0000,-30.0000,-45.0000,-45.0000,-10.0000,-10.0000,-30.0000,-30.0000,-30.0000,-30.0000,-54.000,-54.000,-28.000,-28.000,-10.000,-10.000,-10.000,-10.000,-54.000,-54.000,-28.000,-28.000,-10.000,-10.000,-10.000,-10.000,0.0,0.0,0.0,0.0,0.0,0.0,0.0,0.0,0.0,0.0,0.0,0.0,0.0,0.0,0.0,0.0
1790303539.710862,5.620,-12.42218,-12.42218,-12.42218,-12.42218,-12.42218,-12.42218,-12.42218,0.04150,-12.42218,-12.42218,-12.42218,-12.42218,-12.42218,-12.42218,-12.42218,0.04150,-45.0000,-45.0000,-10.0000,-10.0000,-30.0000,-30.0000,-30.0000,-30.0000,-45.0000,-45.0000,-10.0000,-10.0000,-30.0000,-30.0000,-30.0000,-30.0000,-54.000,-54.000,-28.000,-28.000,-10.000,-10.000,-10.000,-10.000,-54.000,-54.000,-28.000,-28.000,-10.000,-10.000,-10.000,-10.000,0.0,0.0,0.0,0.0,0.0,0.0,0.0,0.0,0.0,0.0,0.0,0.0,0.0,0.0,0.0,0.0
1790303539.720985,5.630,-12.42218,-12.42218,-12.42218,-12.42218,-12.42218,-12.42218,-12.42218,0.04150,-12.42218,-12.42218,-12.42218,-12.42218,-12.42218,-12.42218,-12.42218,0.04150,-45.0000,-45.0000,-10.0000,-10.0000,-30.0000,-30.0000,-30.0000,-30.0000,-45.0000,-45.0000,-10.0000,-10.0000,-30.0000,-30.0000,-30.0000,-30.0000,-54.000,-54.000,-28.000,-28.000,-10.000,-10.000,-10.000,-10.000,-54.000,-54.000,-28.000,-28.000,-10.000,-10.000,-10.000,-10.000,0.0,0.0,0.0,0.0,0.0,0.0,0.0,0.0,0.0,0.0,0.0,0.0,0.0,0.0,0.0,0.0
1790303539.730385,5.639,-12.42218,-12.42218,-12.42218,-12.42218,-12.42218,-12.42218,-12.42218,0.04150,-12.42218,-12.42218,-12.42218,-12.42218,-12.42218,-12.42218,-12.42218,0.04150,-45.0000,-45.0000,-10.0000,-10.0000,-30.0000,-30.0000,-30.0000,-30.0000,-45.0000,-45.0000,-10.0000,-10.0000,-30.0000,-30.0000,-30.0000,-30.0000,-54.000,-54.000,-28.000,-28.000,-10.000,-10.000,-10.000,-10.000,-54.000,-54.000,-28.000,-28.000,-10.000,-10.000,-10.000,-10.000,0.0,0.0,0.0,0.0,0.0,0.0,0.0,0.0,0.0,0.0,0.0,0.0,0.0,0.0,0.0,0.0
1790303539.740714,5.650,-12.42218,-12.42218,-12.42218,-12.42218,-12.42218,-12.42218,-12.42218,0.04150,-12.42218,-12.42218,-12.42218,-12.42218,-12.42218,-12.42218,-12.42218,0.04150,-45.0000,-45.0000,-10.0000,-10.0000,-30.0000,-30.0000,-30.0000,-30.0000,-45.0000,-45.0000,-10.0000,-10.0000,-30.0000,-30.0000,-30.0000,-30.0000,-54.000,-54.000,-28.000,-28.000,-10.000,-10.000,-10.000,-10.000,-54.000,-54.000,-28.000,-28.000,-10.000,-10.000,-10.000,-10.000,0.0,0.0,0.0,0.0,0.0,0.0,0.0,0.0,0.0,0.0,0.0,0.0,0.0,0.0,0.0,0.0
1790303539.750708,5.660,-12.42218,-12.42218,-12.42218,-12.42218,-12.42218,-12.42218,-12.42218,0.04150,-12.42218,-12.42218,-12.42218,-12.42218,-12.42218,-12.42218,-12.42218,0.04150,-45.0000,-45.0000,-10.0000,-10.0000,-30.0000,-30.0000,-30.0000,-30.0000,-45.0000,-45.0000,-10.0000,-10.0000,-30.0000,-30.0000,-30.0000,-30.0000,-54.000,-54.000,-28.000,-28.000,-10.000,-10.000,-10.000,-10.000,-54.000,-54.000,-28.000,-28.000,-10.000,-10.000,-10.000,-10.000,0.0,0.0,0.0,0.0,0.0,0.0,0.0,0.0,0.0,0.0,0.0,0.0,0.0,0.0,0.0,0.0
1790303539.760737,5.670,-12.42218,-12.42218,-12.42218,-12.42218,-12.42218,-12.42218,-12.42218,0.04150,-12.42218,-12.42218,-12.42218,-12.42218,-12.42218,-12.42218,-12.42218,0.04150,-45.0000,-45.0000,-10.0000,-10.0000,-30.0000,-30.0000,-30.0000,-30.0000,-45.0000,-45.0000,-10.0000,-10.0000,-30.0000,-30.0000,-30.0000,-30.0000,-54.000,-54.000,-28.000,-28.000,-10.000,-10.000,-10.000,-10.000,-54.000,-54.000,-28.000,-28.000,-10.000,-10.000,-10.000,-10.000,0.0,0.0,0.0,0.0,0.0,0.0,0.0,0.0,0.0,0.0,0.0,0.0,0.0,0.0,0.0,0.0
1790303539.770879,5.680,-12.42218,-12.42218,-12.42218,-12.42218,-12.42218,-12.42218,-12.42218,0.04150,-12.42218,-12.42218,-12.42218,-12.42218,-12.42218,-12.42218,-12.42218,0.04150,-45.0000,-45.0000,-10.0000,-10.0000,-30.0000,-30.0000,-30.0000,-30.0000,-45.0000,-45.0000,-10.0000,-10.0000,-30.0000,-30.0000,-30.0000,-30.0000,-54.000,-54.000,-28.000,-28.000,-10.000,-10.000,-10.000,-10.000,-54.000,-54.000,-28.000,-28.000,-10.000,-10.000,-10.000,-10.000,0.0,0.0,0.0,0.0,0.0,0.0,0.0,0.0,0.0,0.0,0.0,0.0,0.0,0.0,0.0,0.0
1790303539.780813,5.690,-12.42218,-12.42218,-12.42218,-12.42218,-12.42218,-12.42218,-12.42218,0.04150,-12.42218,-12.42218,-12.42218,-12.42218,-12.42218,-12.42218,-12.42218,0.04150,-45.0000,-45.0000,-10.0000,-10.0000,-30.0000,-30.0000,-30.0000,-30.0000,-45.0000,-45.0000,-10.0000,-10.0000,-30.0000,-30.0000,-30.0000,-30.0000,-54.000,-54.000,-28.000,-28.000,-10.000,-10.000,-10.000,-10.000,-54.000,-54.000,-28.000,-28.000,-10.000,-10.000,-10.000,-10.000,0.0,0.0,0.0,0.0,0.0,0.0,0.0,0.0,0.0,0.0,0.0,0.0,0.0,0.0,0.0,0.0
1790303539.792311,5.701,-12.42218,-12.42218,-12.42218,-12.42218,-12.42218,-12.42218,-12.42218,0.04150,-12.42218,-12.42218,-12.42218,-12.42218,-12.42218,-12.42218,-12.42218,0.04150,-45.0000,-45.0000,-10.0000,-10.0000,-30.0000,-30.0000,-30.0000,-30.0000,-45.0000,-45.0000,-10.0000,-10.0000,-30.0000,-30.0000,-30.0000,-30.0000,-54.000,-54.000,-28.000,-28.000,-10.000,-10.000,-10.000,-10.000,-54.000,-54.000,-28.000,-28.000,-10.000,-10.000,-10.000,-10.000,0.0,0.0,0.0,0.0,0.0,0.0,0.0,0.0,0.0,0.0,0.0,0.0,0.0,0.0,0.0,0.0
1790303539.801814,5.711,-12.42218,-12.42218,-12.42218,-12.42218,-12.42218,-12.42218,-12.42218,0.04150,-12.42218,-12.42218,-12.42218,-12.42218,-12.42218,-12.42218,-12.42218,0.04150,-45.0000,-45.0000,-10.0000,-10.0000,-30.0000,-30.0000,-30.0000,-30.0000,-45.0000,-45.0000,-10.0000,-10.0000,-30.0000,-30.0000,-30.0000,-30.0000,-54.000,-54.000,-28.000,-28.000,-10.000,-10.000,-10.000,-10.000,-54.000,-54.000,-28.000,-28.000,-10.000,-10.000,-10.000,-10.000,0.0,0.0,0.0,0.0,0.0,0.0,0.0,0.0,0.0,0.0,0.0,0.0,0.0,0.0,0.0,0.0
1790303539.813331,5.722,-12.42218,-12.42218,-12.42218,-12.42218,-12.42218,-12.42218,-12.42218,0.04150,-12.42218,-12.42218,-12.42218,-12.42218,-12.42218,-12.42218,-12.42218,0.04150,-45.0000,-45.0000,-10.0000,-10.0000,-30.0000,-30.0000,-30.0000,-30.0000,-45.0000,-45.0000,-10.0000,-10.0000,-30.0000,-30.0000,-30.0000,-30.0000,-54.000,-54.000,-28.000,-28.000,-10.000,-10.000,-10.000,-10.000,-54.000,-54.000,-28.000,-28.000,-10.000,-10.000,-10.000,-10.000,0.0,0.0,0.0,0.0,0.0,0.0,0.0,0.0,0.0,0.0,0.0,0.0,0.0,0.0,0.0,0.0
1790303539.820283,5.729,-12.42218,-12.42218,-12.42218,-12.42218,-12.42218,-12.42218,-12.42218,0.04150,-12.42218,-12.42218,-12.42218,-12.42218,-12.42218,-12.42218,-12.42218,0.04150,-45.0000,-45.0000,-10.0000,-10.0000,-30.0000,-30.0000,-30.0000,-30.0000,-45.0000,-45.0000,-10.0000,-10.0000,-30.0000,-30.0000,-30.0000,-30.0000,-54.000,-54.000,-28.000,-28.000,-10.000,-10.000,-10.000,-10.000,-54.000,-54.000,-28.000,-28.000,-10.000,-10.000,-10.000,-10.000,0.0,0.0,0.0,0.0,0.0,0.0,0.0,0.0,0.0,0.0,0.0,0.0,0.0,0.0,0.0,0.0
1790303539.831183,5.740,-12.42218,-12.42218,-12.42218,-12.42218,-12.42218,-12.42218,-12.42218,0.04150,-12.42218,-12.42218,-12.42218,-12.42218,-12.42218,-12.42218,-12.42218,0.04150,-45.0000,-45.0000,-10.0000,-10.0000,-30.0000,-30.0000,-30.0000,-30.0000,-45.0000,-45.0000,-10.0000,-10.0000,-30.0000,-30.0000,-30.0000,-30.0000,-54.000,-54.000,-28.000,-28.000,-10.000,-10.000,-10.000,-10.000,-54.000,-54.000,-28.000,-28.000,-10.000,-10.000,-10.000,-10.000,0.0,0.0,0.0,0.0,0.0,0.0,0.0,0.0,0.0,0.0,0.0,0.0,0.0,0.0,0.0,0.0
1790303539.840672,5.750,-12.42218,-12.42218,-12.42218,-12.42218,-12.42218,-12.42218,-12.42218,0.04150,-12.42218,-12.42218,-12.42218,-12.42218,-12.42218,-12.42218,-12.42218,0.04150,-45.0000,-45.0000,-10.0000,-10.0000,-30.0000,-30.0000,-30.0000,-30.0000,-45.0000,-45.0000,-10.0000,-10.0000,-30.0000,-30.0000,-30.0000,-30.0000,-54.000,-54.000,-28.000,-28.000,-10.000,-10.000,-10.000,-10.000,-54.000,-54.000,-28.000,-28.000,-10.000,-10.000,-10.000,-10.000,0.0,0.0,0.0,0.0,0.0,0.0,0.0,0.0,0.0,0.0,0.0,0.0,0.0,0.0,0.0,0.0
1790303539.850859,5.760,-12.42218,-12.42218,-12.42218,-12.42218,-12.42218,-12.42218,-12.42218,0.04150,-12.42218,-12.42218,-12.42218,-12.42218,-12.42218,-12.42218,-12.42218,0.04150,-45.0000,-45.0000,-10.0000,-10.0000,-30.0000,-30.0000,-30.0000,-30.0000,-45.0000,-45.0000,-10.0000,-10.0000,-30.0000,-30.0000,-30.0000,-30.0000,-54.000,-54.000,-28.000,-28.000,-10.000,-10.000,-10.000,-10.000,-54.000,-54.000,-28.000,-28.000,-10.000,-10.000,-10.000,-10.000,0.0,0.0,0.0,0.0,0.0,0.0,0.0,0.0,0.0,0.0,0.0,0.0,0.0,0.0,0.0,0.0
1790303539.860163,5.769,-12.42218,-12.42218,-12.42218,-12.42218,-12.42218,-12.42218,-12.42218,0.04150,-12.42218,-12.42218,-12.42218,-12.42218,-12.42218,-12.42218,-12.42218,0.04150,-45.0000,-45.0000,-10.0000,-10.0000,-30.0000,-30.0000,-30.0000,-30.0000,-45.0000,-45.0000,-10.0000,-10.0000,-30.0000,-30.0000,-30.0000,-30.0000,-54.000,-54.000,-28.000,-28.000,-10.000,-10.000,-10.000,-10.000,-54.000,-54.000,-28.000,-28.000,-10.000,-10.000,-10.000,-10.000,0.0,0.0,0.0,0.0,0.0,0.0,0.0,0.0,0.0,0.0,0.0,0.0,0.0,0.0,0.0,0.0
1790303539.870410,5.779,-12.42218,-12.42218,-12.42218,-12.42218,-12.42218,-12.42218,-12.42218,0.04150,-12.42218,-12.42218,-12.42218,-12.42218,-12.42218,-12.42218,-12.42218,0.04150,-45.0000,-45.0000,-10.0000,-10.0000,-30.0000,-30.0000,-30.0000,-30.0000,-45.0000,-45.0000,-10.0000,-10.0000,-30.0000,-30.0000,-30.0000,-30.0000,-54.000,-54.000,-28.000,-28.000,-10.000,-10.000,-10.000,-10.000,-54.000,-54.000,-28.000,-28.000,-10.000,-10.000,-10.000,-10.000,0.0,0.0,0.0,0.0,0.0,0.0,0.0,0.0,0.0,0.0,0.0,0.0,0.0,0.0,0.0,0.0
1790303539.880538,5.789,-12.42218,-12.42218,-12.42218,-12.42218,-12.42218,-12.42218,-12.42218,0.04150,-12.42218,-12.42218,-12.42218,-12.42218,-12.42218,-12.42218,-12.42218,0.04150,-45.0000,-45.0000,-10.0000,-10.0000,-30.0000,-30.0000,-30.0000,-30.0000,-45.0000,-45.0000,-10.0000,-10.0000,-30.0000,-30.0000,-30.0000,-30.0000,-54.000,-54.000,-28.000,-28.000,-10.000,-10.000,-10.000,-10.000,-54.000,-54.000,-28.000,-28.000,-10.000,-10.000,-10.000,-10.000,0.0,0.0,0.0,0.0,0.0,0.0,0.0,0.0,0.0,0.0,0.0,0.0,0.0,0.0,0.0,0.0
1790303539.890344,5.799,-12.42218,-12.42218,-12.42218,-12.42218,-12.42218,-12.42218,-12.42218,0.04150,-12.42218,-12.42218,-12.42218,-12.42218,-12.42218,-12.42218,-12.42218,0.04150,-45.0000,-45.0000,-10.0000,-10.0000,-30.0000,-30.0000,-30.0000,-30.0000,-45.0000,-45.0000,-10.0000,-10.0000,-30.0000,-30.0000,-30.0000,-30.0000,-54.000,-54.000,-28.000,-28.000,-10.000,-10.000,-10.000,-10.000,-54.000,-54.000,-28.000,-28.000,-10.000,-10.000,-10.000,-10.000,0.0,0.0,0.0,0.0,0.0,0.0,0.0,0.0,0.0,0.0,0.0,0.0,0.0,0.0,0.0,0.0
1790303539.900282,5.809,-12.42218,-12.42218,-12.42218,-12.42218,-12.42218,-12.42218,-12.42218,0.04150,-12.42218,-12.42218,-12.42218,-12.42218,-12.42218,-12.42218,-12.42218,0.04150,-45.0000,-45.0000,-10.0000,-10.0000,-30.0000,-30.0000,-30.0000,-30.0000,-45.0000,-45.0000,-10.0000,-10.0000,-30.0000,-30.0000,-30.0000,-30.0000,-54.000,-54.000,-28.000,-28.000,-10.000,-10.000,-10.000,-10.000,-54.000,-54.000,-28.000,-28.000,-10.000,-10.000,-10.000,-10.000,0.0,0.0,0.0,0.0,0.0,0.0,0.0,0.0,0.0,0.0,0.0,0.0,0.0,0.0,0.0,0.0
1790303539.910419,5.819,-12.42218,-12.42218,-12.42218,-12.42218,-12.42218,-12.42218,-12.42218,0.04150,-12.42218,-12.42218,-12.42218,-12.42218,-12.42218,-12.42218,-12.42218,0.04150,-45.0000,-45.0000,-10.0000,-10.0000,-30.0000,-30.0000,-30.0000,-30.0000,-45.0000,-45.0000,-10.0000,-10.0000,-30.0000,-30.0000,-30.0000,-30.0000,-54.000,-54.000,-28.000,-28.000,-10.000,-10.000,-10.000,-10.000,-54.000,-54.000,-28.000,-28.000,-10.000,-10.000,-10.000,-10.000,0.0,0.0,0.0,0.0,0.0,0.0,0.0,0.0,0.0,0.0,0.0,0.0,0.0,0.0,0.0,0.0
1790303539.920151,5.829,-12.42218,-12.42218,-12.42218,-12.42218,-12.42218,-12.42218,-12.42218,0.04150,-12.42218,-12.42218,-12.42218,-12.42218,-12.42218,-12.42218,-12.42218,0.04150,-45.0000,-45.0000,-10.0000,-10.0000,-30.0000,-30.0000,-30.0000,-30.0000,-45.0000,-45.0000,-10.0000,-10.0000,-30.0000,-30.0000,-30.0000,-30.0000,-54.000,-54.000,-28.000,-28.000,-10.000,-10.000,-10.000,-10.000,-54.000,-54.000,-28.000,-28.000,-10.000,-10.000,-10.000,-10.000,0.0,0.0,0.0,0.0,0.0,0.0,0.0,0.0,0.0,0.0,0.0,0.0,0.0,0.0,0.0,0.0
1790303539.930385,5.839,-12.42218,-12.42218,-12.42218,-12.42218,-12.42218,-12.42218,-12.42218,0.04150,-12.42218,-12.42218,-12.42218,-12.42218,-12.42218,-12.42218,-12.42218,0.04150,-45.0000,-45.0000,-10.0000,-10.0000,-30.0000,-30.0000,-30.0000,-30.0000,-45.0000,-45.0000,-10.0000,-10.0000,-30.0000,-30.0000,-30.0000,-30.0000,-54.000,-54.000,-28.000,-28.000,-10.000,-10.000,-10.000,-10.000,-54.000,-54.000,-28.000,-28.000,-10.000,-10.000,-10.000,-10.000,0.0,0.0,0.0,0.0,0.0,0.0,0.0,0.0,0.0,0.0,0.0,0.0,0.0,0.0,0.0,0.0
1790303539.940169,5.849,-12.42218,-12.42218,-12.42218,-12.42218,-12.42218,-12.42218,-12.42218,0.04150,-12.42218,-12.42218,-12.42218,-12.42218,-12.42218,-12.42218,-12.42218,0.04150,-45.0000,-45.0000,-10.0000,-10.0000,-30.0000,-30.0000,-30.0000,-30.0000,-45.0000,-45.0000,-10.0000,-10.0000,-30.0000,-30.0000,-30.0000,-30.0000,-54.000,-54.000,-28.000,-28.000,-10.000,-10.000,-10.000,-10.000,-54.000,-54.000,-28.000,-28.000,-10.000,-10.000,-10.000,-10.000,0.0,0.0,0.0,0.0,0.0,0.0,0.0,0.0,0.0,0.0,0.0,0.0,0.0,0.0,0.0,0.0
1790303539.950382,5.859,-12.42218,-12.42218,-12.42218,-12.42218,-12.42218,-12.42218,-12.42218,0.04150,-12.42218,-12.42218,-12.42218,-12.42218,-12.42218,-12.42218,-12.42218,0.04150,-45.0000,-45.0000,-10.0000,-10.0000,-30.0000,-30.0000,-30.0000,-30.0000,-45.0000,-45.0000,-10.0000,-10.0000,-30.0000,-30.0000,-30.0000,-30.0000,-54.000,-54.000,-28.000,-28.000,-10.000,-10.000,-10.000,-10.000,-54.000,-54.000,-28.000,-28.000,-10.000,-10.000,-10.000,-10.000,0.0,0.0,0.0,0.0,0.0,0.0,0.0,0.0,0.0,0.0,0.0,0.0,0.0,0.0,0.0,0.0
1790303539.960153,5.869,-12.42218,-12.42218,-12.42218,-12.42218,-12.42218,-12.42218,-12.42218,0.04150,-12.42218,-12.42218,-12.42218,-12.42218,-12.42218,-12.42218,-12.42218,0.04150,-45.0000,-45.0000,-10.0000,-10.0000,-30.0000,-30.0000,-30.0000,-30.0000,-45.0000,-45.0000,-10.0000,-10.0000,-30.0000,-30.0000,-30.0000,-30.0000,-54.000,-54.000,-28.000,-28.000,-10.000,-10.000,-10.000,-10.000,-54.000,-54.000,-28.000,-28.000,-10.000,-10.000,-10.000,-10.000,0.0,0.0,0.0,0.0,0.0,0.0,0.0,0.0,0.0,0.0,0.0,0.0,0.0,0.0,0.0,0.0
1790303539.970357,5.879,-12.42218,-12.42218,-12.42218,-12.42218,-12.42218,-12.42218,-12.42218,0.04150,-12.42218,-12.42218,-12.42218,-12.42218,-12.42218,-12.42218,-12.42218,0.04150,-45.0000,-45.0000,-10.0000,-10.0000,-30.0000,-30.0000,-30.0000,-30.0000,-45.0000,-45.0000,-10.0000,-10.0000,-30.0000,-30.0000,-30.0000,-30.0000,-54.000,-54.000,-28.000,-28.000,-10.000,-10.000,-10.000,-10.000,-54.000,-54.000,-28.000,-28.000,-10.000,-10.000,-10.000,-10.000,0.0,0.0,0.0,0.0,0.0,0.0,0.0,0.0,0.0,0.0,0.0,0.0,0.0,0.0,0.0,0.0
1790303539.980229,5.889,-12.42218,-12.42218,-12.42218,-12.42218,-12.42218,-12.42218,-12.42218,0.04150,-12.42218,-12.42218,-12.42218,-12.42218,-12.42218,-12.42218,-12.42218,0.04150,-45.0000,-45.0000,-10.0000,-10.0000,-30.0000,-30.0000,-30.0000,-30.0000,-45.0000,-45.0000,-10.0000,-10.0000,-30.0000,-30.0000,-30.0000,-30.0000,-54.000,-54.000,-28.000,-28.000,-10.000,-10.000,-10.000,-10.000,-54.000,-54.000,-28.000,-28.000,-10.000,-10.000,-10.000,-10.000,0.0,0.0,0.0,0.0,0.0,0.0,0.0,0.0,0.0,0.0,0.0,0.0,0.0,0.0,0.0,0.0
1790303539.990388,5.899,-12.42218,-12.42218,-12.42218,-12.42218,-12.42218,-12.42218,-12.42218,0.04150,-12.42218,-12.42218,-12.42218,-12.42218,-12.42218,-12.42218,-12.42218,0.04150,-45.0000,-45.0000,-10.0000,-10.0000,-30.0000,-30.0000,-30.0000,-30.0000,-45.0000,-45.0000,-10.0000,-10.0000,-30.0000,-30.0000,-30.0000,-30.0000,-54.000,-54.000,-28.000,-28.000,-10.000,-10.000,-10.000,-10.000,-54.000,-54.000,-28.000,-28.000,-10.000,-10.000,-10.000,-10.000,0.0,0.0,0.0,0.0,0.0,0.0,0.0,0.0,0.0,0.0,0.0,0.0,0.0,0.0,0.0,0.0
1790303540.000184,5.909,-12.42218,-12.42218,-12.42218,-12.42218,-12.42218,-12.42218,-12.42218,0.04150,-12.42218,-12.42218,-12.42218,-12.42218,-12.42218,-12.42218,-12.42218,0.04150,-45.0000,-45.0000,-10.0000,-10.0000,-30.0000,-30.0000,-30.0000,-30.0000,-45.0000,-45.0000,-10.0000,-10.0000,-30.0000,-30.0000,-30.0000,-30.0000,-54.000,-54.000,-28.000,-28.000,-10.000,-10.000,-10.000,-10.000,-54.000,-54.000,-28.000,-28.000,-10.000,-10.000,-10.000,-10.000,0.0,0.0,0.0,0.0,0.0,0.0,0.0,0.0,0.0,0.0,0.0,0.0,0.0,0.0,0.0,0.0
1790303540.010391,5.919,-12.42218,-12.42218,-12.42218,-12.42218,-12.42218,-12.42218,-12.42218,0.04150,-12.42218,-12.42218,-12.42218,-12.42218,-12.42218,-12.42218,-12.42218,0.04150,-45.0000,-45.0000,-10.0000,-10.0000,-30.0000,-30.0000,-30.0000,-30.0000,-45.0000,-45.0000,-10.0000,-10.0000,-30.0000,-30.0000,-30.0000,-30.0000,-54.000,-54.000,-28.000,-28.000,-10.000,-10.000,-10.000,-10.000,-54.000,-54.000,-28.000,-28.000,-10.000,-10.000,-10.000,-10.000,0.0,0.0,0.0,0.0,0.0,0.0,0.0,0.0,0.0,0.0,0.0,0.0,0.0,0.0,0.0,0.0
1790303540.020340,5.929,-12.42218,-12.42218,-12.42218,-12.42218,-12.42218,-12.42218,-12.42218,0.04150,-12.42218,-12.42218,-12.42218,-12.42218,-12.42218,-12.42218,-12.42218,0.04150,-45.0000,-45.0000,-10.0000,-10.0000,-30.0000,-30.0000,-30.0000,-30.0000,-45.0000,-45.0000,-10.0000,-10.0000,-30.0000,-30.0000,-30.0000,-30.0000,-54.000,-54.000,-28.000,-28.000,-10.000,-10.000,-10.000,-10.000,-54.000,-54.000,-28.000,-28.000,-10.000,-10.000,-10.000,-10.000,0.0,0.0,0.0,0.0,0.0,0.0,0.0,0.0,0.0,0.0,0.0,0.0,0.0,0.0,0.0,0.0
1790303540.030375,5.939,-12.42218,-12.42218,-12.42218,-12.42218,-12.42218,-12.42218,-12.42218,0.04150,-12.42218,-12.42218,-12.42218,-12.42218,-12.42218,-12.42218,-12.42218,0.04150,-45.0000,-45.0000,-10.0000,-10.0000,-30.0000,-30.0000,-30.0000,-30.0000,-45.0000,-45.0000,-10.0000,-10.0000,-30.0000,-30.0000,-30.0000,-30.0000,-54.000,-54.000,-28.000,-28.000,-10.000,-10.000,-10.000,-10.000,-54.000,-54.000,-28.000,-28.000,-10.000,-10.000,-10.000,-10.000,0.0,0.0,0.0,0.0,0.0,0.0,0.0,0.0,0.0,0.0,0.0,0.0,0.0,0.0,0.0,0.0
1790303540.040690,5.950,-12.42218,-12.42218,-12.42218,-12.42218,-12.42218,-12.42218,-12.42218,0.04150,-12.42218,-12.42218,-12.42218,-12.42218,-12.42218,-12.42218,-12.42218,0.04150,-45.0000,-45.0000,-10.0000,-10.0000,-30.0000,-30.0000,-30.0000,-30.0000,-45.0000,-45.0000,-10.0000,-10.0000,-30.0000,-30.0000,-30.0000,-30.0000,-54.000,-54.000,-28.000,-28.000,-10.000,-10.000,-10.000,-10.000,-54.000,-54.000,-28.000,-28.000,-10.000,-10.000,-10.000,-10.000,0.0,0.0,0.0,0.0,0.0,0.0,0.0,0.0,0.0,0.0,0.0,0.0,0.0,0.0,0.0,0.0
1790303540.050352,5.959,-12.42218,-12.42218,-12.42218,-12.42218,-12.42218,-12.42218,-12.42218,0.04150,-12.42218,-12.42218,-12.42218,-12.42218,-12.42218,-12.42218,-12.42218,0.04150,-45.0000,-45.0000,-10.0000,-10.0000,-30.0000,-30.0000,-30.0000,-30.0000,-45.0000,-45.0000,-10.0000,-10.0000,-30.0000,-30.0000,-30.0000,-30.0000,-54.000,-54.000,-28.000,-28.000,-10.000,-10.000,-10.000,-10.000,-54.000,-54.000,-28.000,-28.000,-10.000,-10.000,-10.000,-10.000,0.0,0.0,0.0,0.0,0.0,0.0,0.0,0.0,0.0,0.0,0.0,0.0,0.0,0.0,0.0,0.0
1790303540.060212,5.969,-12.42218,-12.42218,-12.42218,-12.42218,-12.42218,-12.42218,-12.42218,0.04150,-12.42218,-12.42218,-12.42218,-12.42218,-12.42218,-12.42218,-12.42218,0.04150,-45.0000,-45.0000,-10.0000,-10.0000,-30.0000,-30.0000,-30.0000,-30.0000,-45.0000,-45.0000,-10.0000,-10.0000,-30.0000,-30.0000,-30.0000,-30.0000,-54.000,-54.000,-28.000,-28.000,-10.000,-10.000,-10.000,-10.000,-54.000,-54.000,-28.000,-28.000,-10.000,-10.000,-10.000,-10.000,0.0,0.0,0.0,0.0,0.0,0.0,0.0,0.0,0.0,0.0,0.0,0.0,0.0,0.0,0.0,0.0
1790303540.070441,5.979,-12.42218,-12.42218,-12.42218,-12.42218,-12.42218,-12.42218,-12.42218,0.04150,-12.42218,-12.42218,-12.42218,-12.42218,-12.42218,-12.42218,-12.42218,0.04150,-45.0000,-45.0000,-10.0000,-10.0000,-30.0000,-30.0000,-30.0000,-27.6557,-45.0000,-45.0000,-10.0000,-10.0000,-30.0000,-30.0000,-30.0000,-30.0000,-54.000,-54.000,-28.000,-28.000,-10.000,-10.000,-10.000,-4.999,-54.000,-54.000,-28.000,-28.000,-10.000,-10.000,-10.000,-10.000,0.0,0.0,0.0,0.0,0.0,0.0,0.0,0.0,0.0,0.0,0.0,0.0,0.0,0.0,0.0,0.0
1790303540.080214,5.989,-12.42218,-12.42218,-12.42218,-12.42218,-12.42218,-12.42218,-12.42218,0.04150,-12.42218,-12.42218,-12.42218,-12.42218,-12.42218,-12.42218,-12.42218,0.04150,-45.0000,-45.0000,-10.0000,-10.0000,-30.0000,-30.0000,-30.0000,-27.6557,-45.0000,-45.0000,-10.0000,-10.0000,-30.0000,-30.0000,-30.0000,-30.0000,-54.000,-54.000,-28.000,-28.000,-10.000,-10.000,-10.000,-4.999,-54.000,-54.000,-28.000,-28.000,-10.000,-10.000,-10.000,-10.000,0.0,0.0,0.0,0.0,0.0,0.0,0.0,0.0,0.0,0.0,0.0,0.0,0.0,0.0,0.0,0.0
1790303540.090417,5.999,-12.42218,-12.42218,-12.42218,-12.42218,-12.42218,-12.42218,-12.42218,0.04150,-12.42218,-12.42218,-12.42218,-12.42218,-12.42218,-12.42218,-12.42218,0.04150,-45.0000,-45.0000,-10.0000,-10.0000,-30.0000,-30.0000,-30.0000,-30.0000,-45.0000,-45.0000,-10.0000,-10.0000,-30.0000,-30.0000,-30.0000,-30.0000,-54.000,-54.000,-28.000,-28.000,-10.000,-10.000,-10.000,-10.000,-54.000,-54.000,-28.000,-28.000,-10.000,-10.000,-10.000,-10.000,0.0,0.0,0.0,0.0,0.0,0.0,0.0,0.0,0.0,0.0,0.0,0.0,0.0,0.0,0.0,0.0
1790303540.100232,6.009,-12.42218,-12.42218,-12.42218,-12.42218,-12.42218,-12.42218,-12.42218,0.04150,-12.42218,-12.42218,-12.42218,-12.42218,-12.42218,-12.42218,-12.42218,0.04150,-45.0000,-45.0000,-10.0000,-10.0000,-30.0000,-30.0000,-30.0000,-30.0000,-45.0000,-45.0000,-10.0000,-10.0000,-30.0000,-30.0000,-30.0000,-30.0000,-54.000,-54.000,-28.000,-28.000,-10.000,-10.000,-10.000,-10.000,-54.000,-54.000,-28.000,-28.000,-10.000,-10.000,-10.000,-10.000,0.0,0.0,0.0,0.0,0.0,0.0,0.0,0.0,0.0,0.0,0.0,0.0,0.0,0.0,0.0,0.0
1790303540.111309,6.020,-12.42218,-12.42218,-12.42218,-12.42218,-12.42218,-12.42218,-12.42218,0.04150,-12.42218,-12.42218,-12.42218,-12.42218,-12.42218,-12.42218,-12.42218,0.04150,-45.0000,-45.0000,-10.0000,-10.0000,-30.0000,-30.0000,-30.0000,-30.0000,-45.0000,-45.0000,-10.0000,-10.0000,-30.0000,-30.0000,-30.0000,-30.0000,-54.000,-54.000,-28.000,-28.000,-10.000,-10.000,-10.000,-10.000,-54.000,-54.000,-28.000,-28.000,-10.000,-10.000,-10.000,-10.000,0.0,0.0,0.0,0.0,0.0,0.0,0.0,0.0,0.0,0.0,0.0,0.0,0.0,0.0,0.0,0.0
1790303540.120150,6.029,-12.42218,-12.42218,-12.42218,-12.42218,-12.42218,-12.42218,-12.42218,0.04150,-12.42218,-12.42218,-12.42218,-12.42218,-12.42218,-12.42218,-12.42218,0.04150,-45.0000,-45.0000,-10.0000,-10.0000,-30.0000,-30.0000,-30.0000,-30.0000,-45.0000,-45.0000,-10.0000,-10.0000,-30.0000,-30.0000,-30.0000,-30.0000,-54.000,-54.000,-28.000,-28.000,-10.000,-10.000,-10.000,-10.000,-54.000,-54.000,-28.000,-28.000,-10.000,-10.000,-10.000,-10.000,0.0,0.0,0.0,0.0,0.0,0.0,0.0,0.0,0.0,0.0,0.0,0.0,0.0,0.0,0.0,0.0
1790303540.130369,6.039,-12.42218,-12.42218,-12.42218,-12.42218,-12.42218,-12.42218,-12.42218,0.04150,-12.42218,-12.42218,-12.42218,-12.42218,-12.42218,-12.42218,-12.42218,0.04150,-45.0000,-45.0000,-10.0000,-10.0000,-30.0000,-30.0000,-30.0000,-30.0000,-45.0000,-45.0000,-10.0000,-10.0000,-30.0000,-30.0000,-30.0000,-27.6557,-54.000,-54.000,-28.000,-28.000,-10.000,-10.000,-10.000,-10.000,-54.000,-54.000,-28.000,-28.000,-10.000,-10.000,-10.000,-4.999,0.0,0.0,0.0,0.0,0.0,0.0,0.0,0.0,0.0,0.0,0.0,0.0,0.0,0.0,0.0,0.0
1790303540.177845,6.087,-12.42218,-12.42218,-12.42218,-12.42218,-12.42218,-12.42218,-12.42218,0.04150,-12.42218,-12.42218,-12.42218,-12.42218,-12.42218,-12.42218,-12.42218,0.04150,-45.0000,-45.0000,-10.0000,-10.0000,-30.0000,-30.0000,-30.0000,-30.0000,-45.0000,-45.0000,-10.0000,-10.0000,-30.0000,-30.0000,-30.0000,-27.6557,-54.000,-54.000,-28.000,-28.000,-10.000,-10.000,-10.000,-10.000,-54.000,-54.000,-28.000,-28.000,-10.000,-10.000,-10.000,-4.999,0.0,0.0,0.0,0.0,0.0,0.0,0.0,0.0,0.0,0.0,0.0,0.0,0.0,0.0,0.0,0.0
1790303540.179619,6.089,-12.42218,-12.42218,-12.42218,-12.42218,-12.42218,-12.42218,-12.42218,0.04150,-12.42218,-12.42218,-12.42218,-12.42218,-12.42218,-12.42218,-12.42218,0.04150,-45.0000,-45.0000,-10.0000,-10.0000,-30.0000,-30.0000,-30.0000,-30.0000,-45.0000,-45.0000,-10.0000,-10.0000,-30.0000,-30.0000,-30.0000,-30.0000,-54.000,-54.000,-28.000,-28.000,-10.000,-10.000,-10.000,-10.000,-54.000,-54.000,-28.000,-28.000,-10.000,-10.000,-10.000,-10.000,0.0,0.0,0.0,0.0,0.0,0.0,0.0,0.0,0.0,0.0,0.0,0.0,0.0,0.0,0.0,0.0
1790303540.182696,6.092,-12.42218,-12.42218,-12.42218,-12.42218,-12.42218,-12.42218,-12.42218,0.04150,-12.42218,-12.42218,-12.42218,-12.42218,-12.42218,-12.42218,-12.42218,0.04150,-45.0000,-45.0000,-10.0000,-10.0000,-30.0000,-30.0000,-30.0000,-30.0000,-45.0000,-45.0000,-10.0000,-10.0000,-30.0000,-30.0000,-30.0000,-30.0000,-54.000,-54.000,-28.000,-28.000,-10.000,-10.000,-10.000,-10.000,-54.000,-54.000,-28.000,-28.000,-10.000,-10.000,-10.000,-10.000,0.0,0.0,0.0,0.0,0.0,0.0,0.0,0.0,0.0,0.0,0.0,0.0,0.0,0.0,0.0,0.0
1790303540.183785,6.093,-12.42218,-12.42218,-12.42218,-12.42218,-12.42218,-12.42218,-12.42218,0.04150,-12.42218,-12.42218,-12.42218,-12.42218,-12.42218,-12.42218,-12.42218,0.04150,-45.0000,-45.0000,-10.0000,-10.0000,-30.0000,-30.0000,-30.0000,-30.0000,-45.0000,-45.0000,-10.0000,-10.0000,-30.0000,-30.0000,-30.0000,-30.0000,-54.000,-54.000,-28.000,-28.000,-10.000,-10.000,-10.000,-10.000,-54.000,-54.000,-28.000,-28.000,-10.000,-10.000,-10.000,-10.000,0.0,0.0,0.0,0.0,0.0,0.0,0.0,0.0,0.0,0.0,0.0,0.0,0.0,0.0,0.0,0.0
1790303540.184413,6.093,-12.42218,-12.42218,-12.42218,-12.42218,-12.42218,-12.42218,-12.42218,0.04150,-12.42218,-12.42218,-12.42218,-12.42218,-12.42218,-12.42218,-12.42218,0.04150,-45.0000,-45.0000,-10.0000,-10.0000,-30.0000,-30.0000,-30.0000,-30.0000,-45.0000,-45.0000,-10.0000,-10.0000,-30.0000,-30.0000,-30.0000,-30.0000,-54.000,-54.000,-28.000,-28.000,-10.000,-10.000,-10.000,-10.000,-54.000,-54.000,-28.000,-28.000,-10.000,-10.000,-10.000,-10.000,0.0,0.0,0.0,0.0,0.0,0.0,0.0,0.0,0.0,0.0,0.0,0.0,0.0,0.0,0.0,0.0
1790303540.190412,6.099,-12.42218,-12.42218,-12.42218,-12.42218,-12.42218,-12.42218,-12.42218,0.04150,-12.42218,-12.42218,-12.42218,-12.42218,-12.42218,-12.42218,-12.42218,0.04150,-45.0000,-45.0000,-10.0000,-10.0000,-30.0000,-30.0000,-30.0000,-30.0000,-45.0000,-45.0000,-10.0000,-10.0000,-30.0000,-30.0000,-30.0000,-30.0000,-54.000,-54.000,-28.000,-28.000,-10.000,-10.000,-10.000,-10.000,-54.000,-54.000,-28.000,-28.000,-10.000,-10.000,-10.000,-10.000,0.0,0.0,0.0,0.0,0.0,0.0,0.0,0.0,0.0,0.0,0.0,0.0,0.0,0.0,0.0,0.0
1790303540.200604,6.109,-12.42218,-12.42218,-12.42218,-12.42218,-12.42218,-12.42218,-12.42218,0.04150,-12.42218,-12.42218,-12.42218,-12.42218,-12.42218,-12.42218,-12.42218,0.04150,-45.0000,-45.0000,-10.0000,-10.0000,-30.0000,-30.0000,-30.0000,-30.0000,-45.0000,-45.0000,-10.0000,-10.0000,-30.0000,-30.0000,-30.0000,-30.0000,-54.000,-54.000,-28.000,-28.000,-10.000,-10.000,-10.000,-10.000,-54.000,-54.000,-28.000,-28.000,-10.000,-10.000,-10.000,-10.000,0.0,0.0,0.0,0.0,0.0,0.0,0.0,0.0,0.0,0.0,0.0,0.0,0.0,0.0,0.0,0.0
1790303540.210842,6.120,-12.42218,-12.42218,-12.42218,-12.42218,-12.42218,-12.42218,-12.42218,0.04150,-12.42218,-12.42218,-12.42218,-12.42218,-12.42218,-12.42218,-12.42218,0.04150,-45.0000,-45.0000,-10.0000,-10.0000,-30.0000,-30.0000,-30.0000,-30.0000,-45.0000,-45.0000,-10.0000,-10.0000,-30.0000,-30.0000,-30.0000,-30.0000,-54.000,-54.000,-28.000,-28.000,-10.000,-10.000,-10.000,-10.000,-54.000,-54.000,-28.000,-28.000,-10.000,-10.000,-10.000,-10.000,0.0,0.0,0.0,0.0,0.0,0.0,0.0,0.0,0.0,0.0,0.0,0.0,0.0,0.0,0.0,0.0
1790303540.220228,6.129,-12.42218,-12.42218,-12.42218,-12.42218,-12.42218,-12.42218,-12.42218,0.04150,-12.42218,-12.42218,-12.42218,-12.42218,-12.42218,-12.42218,-12.42218,0.04150,-45.0000,-45.0000,-10.0000,-10.0000,-30.0000,-30.0000,-30.0000,-30.0000,-45.0000,-45.0000,-10.0000,-10.0000,-30.0000,-30.0000,-30.0000,-30.0000,-54.000,-54.000,-28.000,-28.000,-10.000,-10.000,-10.000,-10.000,-54.000,-54.000,-28.000,-28.000,-10.000,-10.000,-10.000,-10.000,0.0,0.0,0.0,0.0,0.0,0.0,0.0,0.0,0.0,0.0,0.0,0.0,0.0,0.0,0.0,0.0
1790303540.230444,6.139,-12.42218,-12.42218,-12.42218,-12.42218,-12.42218,-12.42218,-12.42218,0.04150,-12.42218,-12.42218,-12.42218,-12.42218,-12.42218,-12.42218,-12.42218,0.04150,-45.0000,-45.0000,-10.0000,-10.0000,-30.0000,-30.0000,-30.0000,-30.0000,-45.0000,-45.0000,-10.0000,-10.0000,-30.0000,-30.0000,-30.0000,-30.0000,-54.000,-54.000,-28.000,-28.000,-10.000,-10.000,-10.000,-10.000,-54.000,-54.000,-28.000,-28.000,-10.000,-10.000,-10.000,-10.000,0.0,0.0,0.0,0.0,0.0,0.0,0.0,0.0,0.0,0.0,0.0,0.0,0.0,0.0,0.0,0.0
1790303540.240234,6.149,-12.42218,-12.42218,-12.42218,-12.42218,-12.42218,-12.42218,-12.42218,0.04150,-12.42218,-12.42218,-12.42218,-12.42218,-12.42218,-12.42218,-12.42218,0.04150,-45.0000,-45.0000,-10.0000,-10.0000,-30.0000,-30.0000,-30.0000,-30.0000,-45.0000,-45.0000,-10.0000,-10.0000,-30.0000,-30.0000,-30.0000,-30.0000,-54.000,-54.000,-28.000,-28.000,-10.000,-10.000,-10.000,-10.000,-54.000,-54.000,-28.000,-28.000,-10.000,-10.000,-10.000,-10.000,0.0,0.0,0.0,0.0,0.0,0.0,0.0,0.0,0.0,0.0,0.0,0.0,0.0,0.0,0.0,0.0
1790303540.250864,6.160,-12.42218,-12.42218,-12.42218,-12.42218,-12.42218,-12.42218,-12.42218,0.04150,-12.42218,-12.42218,-12.42218,-12.42218,-12.42218,-12.42218,-12.42218,0.04150,-45.0000,-45.0000,-10.0000,-10.0000,-30.0000,-30.0000,-30.0000,-30.0000,-45.0000,-45.0000,-10.0000,-10.0000,-30.0000,-30.0000,-30.0000,-30.0000,-54.000,-54.000,-28.000,-28.000,-10.000,-10.000,-10.000,-10.000,-54.000,-54.000,-28.000,-28.000,-10.000,-10.000,-10.000,-10.000,0.0,0.0,0.0,0.0,0.0,0.0,0.0,0.0,0.0,0.0,0.0,0.0,0.0,0.0,0.0,0.0
1790303540.260316,6.169,-12.42218,-12.42218,-12.42218,-12.42218,-12.42218,-12.42218,-12.42218,0.04150,-12.42218,-12.42218,-12.42218,-12.42218,-12.42218,-12.42218,-12.42218,0.04150,-45.0000,-45.0000,-10.0000,-10.0000,-30.0000,-30.0000,-30.0000,-30.0000,-45.0000,-45.0000,-10.0000,-10.0000,-30.0000,-30.0000,-30.0000,-30.0000,-54.000,-54.000,-28.000,-28.000,-10.000,-10.000,-10.000,-10.000,-54.000,-54.000,-28.000,-28.000,-10.000,-10.000,-10.000,-10.000,0.0,0.0,0.0,0.0,0.0,0.0,0.0,0.0,0.0,0.0,0.0,0.0,0.0,0.0,0.0,0.0
1790303540.270588,6.179,-12.42218,-12.42218,-12.42218,-12.42218,-12.42218,-12.42218,-12.42218,0.04150,-12.42218,-12.42218,-12.42218,-12.42218,-12.42218,-12.42218,-12.42218,0.04150,-45.0000,-45.0000,-10.0000,-10.0000,-30.0000,-30.0000,-30.0000,-30.0000,-45.0000,-45.0000,-10.0000,-10.0000,-30.0000,-30.0000,-30.0000,-30.0000,-54.000,-54.000,-28.000,-28.000,-10.000,-10.000,-10.000,-10.000,-54.000,-54.000,-28.000,-28.000,-10.000,-10.000,-10.000,-10.000,0.0,0.0,0.0,0.0,0.0,0.0,0.0,0.0,0.0,0.0,0.0,0.0,0.0,0.0,0.0,0.0
1790303540.282422,6.191,-12.42218,-12.42218,-12.42218,-12.42218,-12.42218,-12.42218,-12.42218,0.04150,-12.42218,-12.42218,-12.42218,-12.42218,-12.42218,-12.42218,-12.42218,0.04150,-45.0000,-45.0000,-10.0000,-10.0000,-30.0000,-30.0000,-30.0000,-30.0000,-45.0000,-45.0000,-10.0000,-10.0000,-30.0000,-30.0000,-30.0000,-30.0000,-54.000,-54.000,-28.000,-28.000,-10.000,-10.000,-10.000,-10.000,-54.000,-54.000,-28.000,-28.000,-10.000,-10.000,-10.000,-10.000,0.0,0.0,0.0,0.0,0.0,0.0,0.0,0.0,0.0,0.0,0.0,0.0,0.0,0.0,0.0,0.0
1790303540.290666,6.200,-12.42218,-12.42218,-12.42218,-12.42218,-12.42218,-12.42218,-12.42218,0.04150,-12.42218,-12.42218,-12.42218,-12.42218,-12.42218,-12.42218,-12.42218,0.04150,-45.0000,-45.0000,-10.0000,-10.0000,-30.0000,-30.0000,-30.0000,-30.0000,-45.0000,-45.0000,-10.0000,-10.0000,-30.0000,-30.0000,-30.0000,-30.0000,-54.000,-54.000,-28.000,-28.000,-10.000,-10.000,-10.000,-10.000,-54.000,-54.000,-28.000,-28.000,-10.000,-10.000,-10.000,-10.000,0.0,0.0,0.0,0.0,0.0,0.0,0.0,0.0,0.0,0.0,0.0,0.0,0.0,0.0,0.0,0.0
1790303540.303344,6.212,-12.42218,-12.42218,-12.42218,-12.42218,-12.42218,-12.42218,-12.42218,0.04150,-12.42218,-12.42218,-12.42218,-12.42218,-12.42218,-12.42218,-12.42218,0.04150,-45.0000,-45.0000,-10.0000,-10.0000,-30.0000,-30.0000,-30.0000,-30.0000,-45.0000,-45.0000,-10.0000,-10.0000,-30.0000,-30.0000,-30.0000,-30.0000,-54.000,-54.000,-28.000,-28.000,-10.000,-10.000,-10.000,-10.000,-54.000,-54.000,-28.000,-28.000,-10.000,-10.000,-10.000,-10.000,0.0,0.0,0.0,0.0,0.0,0.0,0.0,0.0,0.0,0.0,0.0,0.0,0.0,0.0,0.0,0.0
1790303540.313301,6.222,-12.42218,-12.42218,-12.42218,-12.42218,-12.42218,-12.42218,-12.42218,0.04150,-12.42218,-12.42218,-12.42218,-12.42218,-12.42218,-12.42218,-12.42218,0.04150,-45.0000,-45.0000,-10.0000,-10.0000,-30.0000,-30.0000,-30.0000,-30.0000,-45.0000,-45.0000,-10.0000,-10.0000,-30.0000,-30.0000,-30.0000,-30.0000,-54.000,-54.000,-28.000,-28.000,-10.000,-10.000,-10.000,-10.000,-54.000,-54.000,-28.000,-28.000,-10.000,-10.000,-10.000,-10.000,0.0,0.0,0.0,0.0,0.0,0.0,0.0,0.0,0.0,0.0,0.0,0.0,0.0,0.0,0.0,0.0
1790303540.320479,6.229,-12.42218,-12.42218,-12.42218,-12.42218,-12.42218,-12.42218,-12.42218,0.04150,-12.42218,-12.42218,-12.42218,-12.42218,-12.42218,-12.42218,-12.42218,0.04150,-45.0000,-45.0000,-10.0000,-10.0000,-30.0000,-30.0000,-30.0000,-30.0000,-45.0000,-45.0000,-10.0000,-10.0000,-30.0000,-30.0000,-30.0000,-30.0000,-54.000,-54.000,-28.000,-28.000,-10.000,-10.000,-10.000,-10.000,-54.000,-54.000,-28.000,-28.000,-10.000,-10.000,-10.000,-10.000,0.0,0.0,0.0,0.0,0.0,0.0,0.0,0.0,0.0,0.0,0.0,0.0,0.0,0.0,0.0,0.0
1790303540.381888,6.291,-12.42218,-12.42218,-12.42218,-12.42218,-12.42218,-12.42218,-12.42218,0.04150,-12.42218,-12.42218,-12.42218,-12.42218,-12.42218,-12.42218,-12.42218,0.04150,-45.0000,-45.0000,-10.0000,-10.0000,-30.0000,-30.0000,-30.0000,-30.0000,-45.0000,-45.0000,-10.0000,-10.0000,-30.0000,-30.0000,-30.0000,-30.0000,-54.000,-54.000,-28.000,-28.000,-10.000,-10.000,-10.000,-10.000,-54.000,-54.000,-28.000,-28.000,-10.000,-10.000,-10.000,-10.000,0.0,0.0,0.0,0.0,0.0,0.0,0.0,0.0,0.0,0.0,0.0,0.0,0.0,0.0,0.0,0.0
1790303540.387087,6.296,-12.42218,-12.42218,-12.42218,-12.42218,-12.42218,-12.42218,-12.42218,0.04150,-12.42218,-12.42218,-12.42218,-12.42218,-12.42218,-12.42218,-12.42218,0.04150,-45.0000,-45.0000,-10.0000,-10.0000,-30.0000,-30.0000,-30.0000,-30.0000,-45.0000,-45.0000,-10.0000,-10.0000,-30.0000,-30.0000,-30.0000,-30.0000,-54.000,-54.000,-28.000,-28.000,-10.000,-10.000,-10.000,-10.000,-54.000,-54.000,-28.000,-28.000,-10.000,-10.000,-10.000,-10.000,0.0,0.0,0.0,0.0,0.0,0.0,0.0,0.0,0.0,0.0,0.0,0.0,0.0,0.0,0.0,0.0
1790303540.392273,6.301,-12.42218,-12.42218,-12.42218,-12.42218,-12.42218,-12.42218,-12.42218,0.04150,-12.42218,-12.42218,-12.42218,-12.42218,-12.42218,-12.42218,-12.42218,0.04150,-45.0000,-45.0000,-10.0000,-10.0000,-30.0000,-30.0000,-30.0000,-30.0000,-45.0000,-45.0000,-10.0000,-10.0000,-30.0000,-30.0000,-30.0000,-30.0000,-54.000,-54.000,-28.000,-28.000,-10.000,-10.000,-10.000,-10.000,-54.000,-54.000,-28.000,-28.000,-10.000,-10.000,-10.000,-10.000,0.0,0.0,0.0,0.0,0.0,0.0,0.0,0.0,0.0,0.0,0.0,0.0,0.0,0.0,0.0,0.0
1790303540.395438,6.304,-12.42218,-12.42218,-12.42218,-12.42218,-12.42218,-12.42218,-12.42218,0.04150,-12.42218,-12.42218,-12.42218,-12.42218,-12.42218,-12.42218,-12.42218,0.04150,-45.0000,-45.0000,-10.0000,-10.0000,-30.0000,-30.0000,-30.0000,-30.0000,-45.0000,-45.0000,-10.0000,-10.0000,-30.0000,-30.0000,-30.0000,-30.0000,-54.000,-54.000,-28.000,-28.000,-10.000,-10.000,-10.000,-10.000,-54.000,-54.000,-28.000,-28.000,-10.000,-10.000,-10.000,-10.000,0.0,0.0,0.0,0.0,0.0,0.0,0.0,0.0,0.0,0.0,0.0,0.0,0.0,0.0,0.0,0.0
1790303540.398618,6.307,-12.42218,-12.42218,-12.42218,-12.42218,-12.42218,-12.42218,-12.42218,0.04150,-12.42218,-12.42218,-12.42218,-12.42218,-12.42218,-12.42218,-12.42218,0.04150,-45.0000,-45.0000,-10.0000,-10.0000,-30.0000,-30.0000,-30.0000,-30.0000,-45.0000,-45.0000,-10.0000,-10.0000,-30.0000,-30.0000,-30.0000,-30.0000,-54.000,-54.000,-28.000,-28.000,-10.000,-10.000,-10.000,-10.000,-54.000,-54.000,-28.000,-28.000,-10.000,-10.000,-10.000,-10.000,0.0,0.0,0.0,0.0,0.0,0.0,0.0,0.0,0.0,0.0,0.0,0.0,0.0,0.0,0.0,0.0
1790303540.401140,6.310,-12.42218,-12.42218,-12.42218,-12.42218,-12.42218,-12.42218,-12.42218,0.04150,-12.42218,-12.42218,-12.42218,-12.42218,-12.42218,-12.42218,-12.42218,0.04150,-45.0000,-45.0000,-10.0000,-10.0000,-30.0000,-30.0000,-30.0000,-30.0000,-45.0000,-45.0000,-10.0000,-10.0000,-30.0000,-30.0000,-30.0000,-30.0000,-54.000,-54.000,-28.000,-28.000,-10.000,-10.000,-10.000,-10.000,-54.000,-54.000,-28.000,-28.000,-10.000,-10.000,-10.000,-10.000,0.0,0.0,0.0,0.0,0.0,0.0,0.0,0.0,0.0,0.0,0.0,0.0,0.0,0.0,0.0,0.0
1790303540.404027,6.313,-12.42218,-12.42218,-12.42218,-12.42218,-12.42218,-12.42218,-12.42218,0.04150,-12.42218,-12.42218,-12.42218,-12.42218,-12.42218,-12.42218,-12.42218,0.04150,-45.0000,-45.0000,-10.0000,-10.0000,-30.0000,-30.0000,-30.0000,-30.0000,-45.0000,-45.0000,-10.0000,-10.0000,-30.0000,-30.0000,-30.0000,-30.0000,-54.000,-54.000,-28.000,-28.000,-10.000,-10.000,-10.000,-10.000,-54.000,-54.000,-28.000,-28.000,-10.000,-10.000,-10.000,-10.000,0.0,0.0,0.0,0.0,0.0,0.0,0.0,0.0,0.0,0.0,0.0,0.0,0.0,0.0,0.0,0.0
1790303540.405280,6.314,-12.42218,-12.42218,-12.42218,-12.42218,-12.42218,-12.42218,-12.42218,0.04150,-12.42218,-12.42218,-12.42218,-12.42218,-12.42218,-12.42218,-12.42218,0.04150,-45.0000,-45.0000,-10.0000,-10.0000,-30.0000,-30.0000,-30.0000,-30.0000,-45.0000,-45.0000,-10.0000,-10.0000,-30.0000,-30.0000,-30.0000,-30.0000,-54.000,-54.000,-28.000,-28.000,-10.000,-10.000,-10.000,-10.000,-54.000,-54.000,-28.000,-28.000,-10.000,-10.000,-10.000,-10.000,0.0,0.0,0.0,0.0,0.0,0.0,0.0,0.0,0.0,0.0,0.0,0.0,0.0,0.0,0.0,0.0
1790303540.415890,6.325,-12.42218,-12.42218,-12.42218,-12.42218,-12.42218,-12.42218,-12.42218,0.04150,-12.42218,-12.42218,-12.42218,-12.42218,-12.42218,-12.42218,-12.42218,0.04150,-45.0000,-45.0000,-10.0000,-10.0000,-30.0000,-30.0000,-30.0000,-30.0000,-45.0000,-45.0000,-10.0000,-10.0000,-30.0000,-30.0000,-30.0000,-30.0000,-54.000,-54.000,-28.000,-28.000,-10.000,-10.000,-10.000,-10.000,-54.000,-54.000,-28.000,-28.000,-10.000,-10.000,-10.000,-10.000,0.0,0.0,0.0,0.0,0.0,0.0,0.0,0.0,0.0,0.0,0.0,0.0,0.0,0.0,0.0,0.0
1790303540.423785,6.333,-12.42218,-12.42218,-12.42218,-12.42218,-12.42218,-12.42218,-12.42218,0.04150,-12.42218,-12.42218,-12.42218,-12.42218,-12.42218,-12.42218,-12.42218,0.04150,-45.0000,-45.0000,-10.0000,-10.0000,-30.0000,-30.0000,-30.0000,-30.0000,-45.0000,-45.0000,-10.0000,-10.0000,-30.0000,-30.0000,-30.0000,-30.0000,-54.000,-54.000,-28.000,-28.000,-10.000,-10.000,-10.000,-10.000,-54.000,-54.000,-28.000,-28.000,-10.000,-10.000,-10.000,-10.000,0.0,0.0,0.0,0.0,0.0,0.0,0.0,0.0,0.0,0.0,0.0,0.0,0.0,0.0,0.0,0.0
1790303540.431351,6.340,-12.42218,-12.42218,-12.42218,-12.42218,-12.42218,-12.42218,-12.42218,0.04150,-12.42218,-12.42218,-12.42218,-12.42218,-12.42218,-12.42218,-12.42218,0.04150,-45.0000,-45.0000,-10.0000,-10.0000,-30.0000,-30.0000,-30.0000,-30.0000,-45.0000,-45.0000,-10.0000,-10.0000,-30.0000,-30.0000,-30.0000,-30.0000,-54.000,-54.000,-28.000,-28.000,-10.000,-10.000,-10.000,-10.000,-54.000,-54.000,-28.000,-28.000,-10.000,-10.000,-10.000,-10.000,0.0,0.0,0.0,0.0,0.0,0.0,0.0,0.0,0.0,0.0,0.0,0.0,0.0,0.0,0.0,0.0
1790303540.441742,6.351,-12.42218,-12.42218,-12.42218,-12.42218,-12.42218,-12.42218,-12.42218,0.04150,-12.42218,-12.42218,-12.42218,-12.42218,-12.42218,-12.42218,-12.42218,0.04150,-45.0000,-45.0000,-10.0000,-10.0000,-30.0000,-30.0000,-30.0000,-30.0000,-45.0000,-45.0000,-10.0000,-10.0000,-30.0000,-30.0000,-30.0000,-30.0000,-54.000,-54.000,-28.000,-28.000,-10.000,-10.000,-10.000,-10.000,-54.000,-54.000,-28.000,-28.000,-10.000,-10.000,-10.000,-10.000,0.0,0.0,0.0,0.0,0.0,0.0,0.0,0.0,0.0,0.0,0.0,0.0,0.0,0.0,0.0,0.0
1790303540.450547,6.359,-12.42218,-12.42218,-12.42218,-12.42218,-12.42218,-12.42218,-12.42218,0.04150,-12.42218,-12.42218,-12.42218,-12.42218,-12.42218,-12.42218,-12.42218,0.04150,-45.0000,-45.0000,-10.0000,-10.0000,-30.0000,-30.0000,-30.0000,-30.0000,-45.0000,-45.0000,-10.0000,-10.0000,-30.0000,-30.0000,-30.0000,-30.0000,-54.000,-54.000,-28.000,-28.000,-10.000,-10.000,-10.000,-10.000,-54.000,-54.000,-28.000,-28.000,-10.000,-10.000,-10.000,-10.000,0.0,0.0,0.0,0.0,0.0,0.0,0.0,0.0,0.0,0.0,0.0,0.0,0.0,0.0,0.0,0.0
1790303540.460668,6.370,-12.42218,-12.42218,-12.42218,-12.42218,-12.42218,-12.42218,-12.42218,0.04150,-12.42218,-12.42218,-12.42218,-12.42218,-12.42218,-12.42218,-12.42218,0.04150,-45.0000,-45.0000,-10.0000,-10.0000,-30.0000,-30.0000,-30.0000,-30.0000,-45.0000,-45.0000,-10.0000,-10.0000,-30.0000,-30.0000,-30.0000,-30.0000,-54.000,-54.000,-28.000,-28.000,-10.000,-10.000,-10.000,-10.000,-54.000,-54.000,-28.000,-28.000,-10.000,-10.000,-10.000,-10.000,0.0,0.0,0.0,0.0,0.0,0.0,0.0,0.0,0.0,0.0,0.0,0.0,0.0,0.0,0.0,0.0
1790303540.470881,6.380,-12.42218,-12.42218,-12.42218,-12.42218,-12.42218,-12.42218,-12.42218,0.04150,-12.42218,-12.42218,-12.42218,-12.42218,-12.42218,-12.42218,-12.42218,0.04150,-45.0000,-45.0000,-10.0000,-10.0000,-30.0000,-30.0000,-30.0000,-30.0000,-45.0000,-45.0000,-10.0000,-10.0000,-30.0000,-30.0000,-30.0000,-30.0000,-54.000,-54.000,-28.000,-28.000,-10.000,-10.000,-10.000,-10.000,-54.000,-54.000,-28.000,-28.000,-10.000,-10.000,-10.000,-10.000,0.0,0.0,0.0,0.0,0.0,0.0,0.0,0.0,0.0,0.0,0.0,0.0,0.0,0.0,0.0,0.0
1790303540.481158,6.390,-12.42218,-12.42218,-12.42218,-12.42218,-12.42218,-12.42218,-12.42218,0.04150,-12.42218,-12.42218,-12.42218,-12.42218,-12.42218,-12.42218,-12.42218,0.04150,-45.0000,-45.0000,-10.0000,-10.0000,-30.0000,-30.0000,-30.0000,-30.0000,-45.0000,-45.0000,-10.0000,-10.0000,-30.0000,-30.0000,-30.0000,-30.0000,-54.000,-54.000,-28.000,-28.000,-10.000,-10.000,-10.000,-10.000,-54.000,-54.000,-28.000,-28.000,-10.000,-10.000,-10.000,-10.000,0.0,0.0,0.0,0.0,0.0,0.0,0.0,0.0,0.0,0.0,0.0,0.0,0.0,0.0,0.0,0.0
1790303540.490753,6.400,-12.42218,-12.42218,-12.42218,-12.42218,-12.42218,-12.42218,-12.42218,0.04150,-12.42218,-12.42218,-12.42218,-12.42218,-12.42218,-12.42218,-12.42218,0.04150,-45.0000,-45.0000,-10.0000,-10.0000,-30.0000,-30.0000,-30.0000,-30.0000,-45.0000,-45.0000,-10.0000,-10.0000,-30.0000,-30.0000,-30.0000,-30.0000,-54.000,-54.000,-28.000,-28.000,-10.000,-10.000,-10.000,-10.000,-54.000,-54.000,-28.000,-28.000,-10.000,-10.000,-10.000,-10.000,0.0,0.0,0.0,0.0,0.0,0.0,0.0,0.0,0.0,0.0,0.0,0.0,0.0,0.0,0.0,0.0
1790303540.500760,6.410,-12.42218,-12.42218,-12.42218,-12.42218,-12.42218,-12.42218,-12.42218,0.04150,-12.42218,-12.42218,-12.42218,-12.42218,-12.42218,-12.42218,-12.42218,0.04150,-45.0000,-45.0000,-10.0000,-10.0000,-30.0000,-30.0000,-30.0000,-30.0000,-45.0000,-45.0000,-10.0000,-10.0000,-30.0000,-30.0000,-30.0000,-30.0000,-54.000,-54.000,-28.000,-28.000,-10.000,-10.000,-10.000,-10.000,-54.000,-54.000,-28.000,-28.000,-10.000,-10.000,-10.000,-10.000,0.0,0.0,0.0,0.0,0.0,0.0,0.0,0.0,0.0,0.0,0.0,0.0,0.0,0.0,0.0,0.0
1790303540.510934,6.420,-12.42218,-12.42218,-12.42218,-12.42218,-12.42218,-12.42218,-12.42218,0.04150,-12.42218,-12.42218,-12.42218,-12.42218,-12.42218,-12.42218,-12.42218,0.04150,-45.0000,-45.0000,-10.0000,-10.0000,-30.0000,-30.0000,-30.0000,-30.0000,-45.0000,-45.0000,-10.0000,-10.0000,-30.0000,-30.0000,-30.0000,-30.0000,-54.000,-54.000,-28.000,-28.000,-10.000,-10.000,-10.000,-10.000,-54.000,-54.000,-28.000,-28.000,-10.000,-10.000,-10.000,-10.000,0.0,0.0,0.0,0.0,0.0,0.0,0.0,0.0,0.0,0.0,0.0,0.0,0.0,0.0,0.0,0.0
1790303540.520494,6.429,-12.42218,-12.42218,-12.42218,-12.42218,-12.42218,-12.42218,-12.42218,0.04150,-12.42218,-12.42218,-12.42218,-12.42218,-12.42218,-12.42218,-12.42218,0.04150,-45.0000,-45.0000,-10.0000,-10.0000,-30.0000,-30.0000,-30.0000,-30.0000,-45.0000,-45.0000,-10.0000,-10.0000,-30.0000,-30.0000,-30.0000,-30.0000,-54.000,-54.000,-28.000,-28.000,-10.000,-10.000,-10.000,-10.000,-54.000,-54.000,-28.000,-28.000,-10.000,-10.000,-10.000,-10.000,0.0,0.0,0.0,0.0,0.0,0.0,0.0,0.0,0.0,0.0,0.0,0.0,0.0,0.0,0.0,0.0
1790303540.530707,6.440,-12.42218,-12.42218,-12.42218,-12.42218,-12.42218,-12.42218,-12.42218,0.04150,-12.42218,-12.42218,-12.42218,-12.42218,-12.42218,-12.42218,-12.42218,0.04150,-45.0000,-45.0000,-10.0000,-10.0000,-30.0000,-30.0000,-30.0000,-30.0000,-45.0000,-45.0000,-10.0000,-10.0000,-30.0000,-30.0000,-30.0000,-30.0000,-54.000,-54.000,-28.000,-28.000,-10.000,-10.000,-10.000,-10.000,-54.000,-54.000,-28.000,-28.000,-10.000,-10.000,-10.000,-10.000,0.0,0.0,0.0,0.0,0.0,0.0,0.0,0.0,0.0,0.0,0.0,0.0,0.0,0.0,0.0,0.0
1790303540.540596,6.449,-12.42218,-12.42218,-12.42218,-12.42218,-12.42218,-12.42218,-12.42218,0.04150,-12.42218,-12.42218,-12.42218,-12.42218,-12.42218,-12.42218,-12.42218,0.04150,-45.0000,-45.0000,-10.0000,-10.0000,-30.0000,-30.0000,-30.0000,-30.0000,-45.0000,-45.0000,-10.0000,-10.0000,-30.0000,-30.0000,-30.0000,-30.0000,-54.000,-54.000,-28.000,-28.000,-10.000,-10.000,-10.000,-10.000,-54.000,-54.000,-28.000,-28.000,-10.000,-10.000,-10.000,-10.000,0.0,0.0,0.0,0.0,0.0,0.0,0.0,0.0,0.0,0.0,0.0,0.0,0.0,0.0,0.0,0.0
1790303540.551087,6.460,-12.42218,-12.42218,-12.42218,-12.42218,-12.42218,-12.42218,-12.42218,0.04150,-12.42218,-12.42218,-12.42218,-12.42218,-12.42218,-12.42218,-12.42218,0.04150,-45.0000,-45.0000,-10.0000,-10.0000,-30.0000,-30.0000,-30.0000,-30.0000,-45.0000,-45.0000,-10.0000,-10.0000,-30.0000,-30.0000,-30.0000,-30.0000,-54.000,-54.000,-28.000,-28.000,-10.000,-10.000,-10.000,-10.000,-54.000,-54.000,-28.000,-28.000,-10.000,-10.000,-10.000,-10.000,0.0,0.0,0.0,0.0,0.0,0.0,0.0,0.0,0.0,0.0,0.0,0.0,0.0,0.0,0.0,0.0
1790303540.560665,6.470,-12.42218,-12.42218,-12.42218,-12.42218,-12.42218,-12.42218,-12.42218,0.04150,-12.42218,-12.42218,-12.42218,-12.42218,-12.42218,-12.42218,-12.42218,0.04150,-45.0000,-45.0000,-10.0000,-10.0000,-30.0000,-30.0000,-30.0000,-30.0000,-45.0000,-45.0000,-10.0000,-10.0000,-30.0000,-30.0000,-30.0000,-30.0000,-54.000,-54.000,-28.000,-28.000,-10.000,-10.000,-10.000,-10.000,-54.000,-54.000,-28.000,-28.000,-10.000,-10.000,-10.000,-10.000,0.0,0.0,0.0,0.0,0.0,0.0,0.0,0.0,0.0,0.0,0.0,0.0,0.0,0.0,0.0,0.0
1790303540.570682,6.480,-12.42218,-12.42218,-12.42218,-12.42218,-12.42218,-12.42218,-12.42218,0.04150,-12.42218,-12.42218,-12.42218,-12.42218,-12.42218,-12.42218,-12.42218,0.04150,-45.0000,-45.0000,-10.0000,-10.0000,-30.0000,-30.0000,-30.0000,-30.0000,-45.0000,-45.0000,-10.0000,-10.0000,-30.0000,-30.0000,-30.0000,-30.0000,-54.000,-54.000,-28.000,-28.000,-10.000,-10.000,-10.000,-10.000,-54.000,-54.000,-28.000,-28.000,-10.000,-10.000,-10.000,-10.000,0.0,0.0,0.0,0.0,0.0,0.0,0.0,0.0,0.0,0.0,0.0,0.0,0.0,0.0,0.0,0.0
1790303540.580283,6.489,-12.42218,-12.42218,-12.42218,-12.42218,-12.42218,-12.42218,-12.42218,0.04150,-12.42218,-12.42218,-12.42218,-12.42218,-12.42218,-12.42218,-12.42218,0.04150,-45.0000,-45.0000,-10.0000,-10.0000,-30.0000,-30.0000,-30.0000,-30.0000,-45.0000,-45.0000,-10.0000,-10.0000,-30.0000,-30.0000,-30.0000,-30.0000,-54.000,-54.000,-28.000,-28.000,-10.000,-10.000,-10.000,-10.000,-54.000,-54.000,-28.000,-28.000,-10.000,-10.000,-10.000,-10.000,0.0,0.0,0.0,0.0,0.0,0.0,0.0,0.0,0.0,0.0,0.0,0.0,0.0,0.0,0.0,0.0
1790303540.590670,6.500,-12.42218,-12.42218,-12.42218,-12.42218,-12.42218,-12.42218,-12.42218,0.04150,-12.42218,-12.42218,-12.42218,-12.42218,-12.42218,-12.42218,-12.42218,0.04150,-45.0000,-45.0000,-10.0000,-10.0000,-30.0000,-30.0000,-30.0000,-30.0000,-45.0000,-45.0000,-10.0000,-10.0000,-30.0000,-30.0000,-30.0000,-30.0000,-54.000,-54.000,-28.000,-28.000,-10.000,-10.000,-10.000,-10.000,-54.000,-54.000,-28.000,-28.000,-10.000,-10.000,-10.000,-10.000,0.0,0.0,0.0,0.0,0.0,0.0,0.0,0.0,0.0,0.0,0.0,0.0,0.0,0.0,0.0,0.0
1790303540.600724,6.510,-12.42218,-12.42218,-12.42218,-12.42218,-12.42218,-12.42218,-12.42218,0.04150,-12.42218,-12.42218,-12.42218,-12.42218,-12.42218,-12.42218,-12.42218,0.04150,-45.0000,-45.0000,-10.0000,-10.0000,-30.0000,-30.0000,-30.0000,-30.0000,-45.0000,-45.0000,-10.0000,-10.0000,-30.0000,-30.0000,-30.0000,-30.0000,-54.000,-54.000,-28.000,-28.000,-10.000,-10.000,-10.000,-10.000,-54.000,-54.000,-28.000,-28.000,-10.000,-10.000,-10.000,-10.000,0.0,0.0,0.0,0.0,0.0,0.0,0.0,0.0,0.0,0.0,0.0,0.0,0.0,0.0,0.0,0.0
1790303540.610446,6.519,-12.42218,-12.42218,-12.42218,-12.42218,-12.42218,-12.42218,-12.42218,0.04150,-12.42218,-12.42218,-12.42218,-12.42218,-12.42218,-12.42218,-12.42218,0.04150,-45.0000,-45.0000,-10.0000,-10.0000,-30.0000,-30.0000,-30.0000,-30.0000,-45.0000,-45.0000,-10.0000,-10.0000,-30.0000,-30.0000,-30.0000,-30.0000,-54.000,-54.000,-28.000,-28.000,-10.000,-10.000,-10.000,-10.000,-54.000,-54.000,-28.000,-28.000,-10.000,-10.000,-10.000,-10.000,0.0,0.0,0.0,0.0,0.0,0.0,0.0,0.0,0.0,0.0,0.0,0.0,0.0,0.0,0.0,0.0
1790303540.624952,6.534,-12.42218,-12.42218,-12.42218,-12.42218,-12.42218,-12.42218,-12.42218,0.04150,-12.42218,-12.42218,-12.42218,-12.42218,-12.42218,-12.42218,-12.42218,0.04150,-45.0000,-45.0000,-10.0000,-10.0000,-30.0000,-30.0000,-30.0000,-30.0000,-45.0000,-45.0000,-10.0000,-10.0000,-30.0000,-30.0000,-30.0000,-30.0000,-54.000,-54.000,-28.000,-28.000,-10.000,-10.000,-10.000,-10.000,-54.000,-54.000,-28.000,-28.000,-10.000,-10.000,-10.000,-10.000,0.0,0.0,0.0,0.0,0.0,0.0,0.0,0.0,0.0,0.0,0.0,0.0,0.0,0.0,0.0,0.0
1790303540.633007,6.542,-12.42218,-12.42218,-12.42218,-12.42218,-12.42218,-12.42218,-12.42218,0.04150,-12.42218,-12.42218,-12.42218,-12.42218,-12.42218,-12.42218,-12.42218,0.04150,-45.0000,-45.0000,-10.0000,-10.0000,-30.0000,-30.0000,-30.0000,-30.0000,-45.0000,-45.0000,-10.0000,-10.0000,-30.0000,-30.0000,-30.0000,-30.0000,-54.000,-54.000,-28.000,-28.000,-10.000,-10.000,-10.000,-10.000,-54.000,-54.000,-28.000,-28.000,-10.000,-10.000,-10.000,-10.000,0.0,0.0,0.0,0.0,0.0,0.0,0.0,0.0,0.0,0.0,0.0,0.0,0.0,0.0,0.0,0.0
1790303540.640490,6.549,-12.42218,-12.42218,-12.42218,-12.42218,-12.42218,-12.42218,-12.42218,0.04150,-12.42218,-12.42218,-12.42218,-12.42218,-12.42218,-12.42218,-12.42218,0.04150,-45.0000,-45.0000,-10.0000,-10.0000,-30.0000,-30.0000,-30.0000,-30.0000,-45.0000,-45.0000,-10.0000,-10.0000,-30.0000,-30.0000,-30.0000,-30.0000,-54.000,-54.000,-28.000,-28.000,-10.000,-10.000,-10.000,-10.000,-54.000,-54.000,-28.000,-28.000,-10.000,-10.000,-10.000,-10.000,0.0,0.0,0.0,0.0,0.0,0.0,0.0,0.0,0.0,0.0,0.0,0.0,0.0,0.0,0.0,0.0
1790303540.650811,6.560,-12.42218,-12.42218,-12.42218,-12.42218,-12.42218,-12.42218,-12.42218,0.04150,-12.42218,-12.42218,-12.42218,-12.42218,-12.42218,-12.42218,-12.42218,0.04150,-45.0000,-45.0000,-10.0000,-10.0000,-30.0000,-30.0000,-30.0000,-30.0000,-45.0000,-45.0000,-10.0000,-10.0000,-30.0000,-30.0000,-30.0000,-30.0000,-54.000,-54.000,-28.000,-28.000,-10.000,-10.000,-10.000,-10.000,-54.000,-54.000,-28.000,-28.000,-10.000,-10.000,-10.000,-10.000,0.0,0.0,0.0,0.0,0.0,0.0,0.0,0.0,0.0,0.0,0.0,0.0,0.0,0.0,0.0,0.0
1790303540.661248,6.570,-12.42218,-12.42218,-12.42218,-12.42218,-12.42218,-12.42218,-12.42218,0.04150,-12.42218,-12.42218,-12.42218,-12.42218,-12.42218,-12.42218,-12.42218,0.04150,-45.0000,-45.0000,-10.0000,-10.0000,-30.0000,-30.0000,-30.0000,-30.0000,-45.0000,-45.0000,-10.0000,-10.0000,-30.0000,-30.0000,-30.0000,-30.0000,-54.000,-54.000,-28.000,-28.000,-10.000,-10.000,-10.000,-10.000,-54.000,-54.000,-28.000,-28.000,-10.000,-10.000,-10.000,-10.000,0.0,0.0,0.0,0.0,0.0,0.0,0.0,0.0,0.0,0.0,0.0,0.0,0.0,0.0,0.0,0.0
1790303540.674147,6.583,-12.42218,-12.42218,-12.42218,-12.42218,-12.42218,-12.42218,-12.42218,0.04150,-12.42218,-12.42218,-12.42218,-12.42218,-12.42218,-12.42218,-12.42218,0.04150,-45.0000,-45.0000,-10.0000,-10.0000,-30.0000,-30.0000,-30.0000,-30.0000,-45.0000,-45.0000,-10.0000,-10.0000,-30.0000,-30.0000,-30.0000,-30.0000,-54.000,-54.000,-28.000,-28.000,-10.000,-10.000,-10.000,-10.000,-54.000,-54.000,-28.000,-28.000,-10.000,-10.000,-10.000,-10.000,0.0,0.0,0.0,0.0,0.0,0.0,0.0,0.0,0.0,0.0,0.0,0.0,0.0,0.0,0.0,0.0
1790303540.680226,6.589,-12.42218,-12.42218,-12.42218,-12.42218,-12.42218,-12.42218,-12.42218,0.04150,-12.42218,-12.42218,-12.42218,-12.42218,-12.42218,-12.42218,-12.42218,0.04150,-45.0000,-45.0000,-10.0000,-10.0000,-30.0000,-30.0000,-30.0000,-30.0000,-45.0000,-45.0000,-10.0000,-10.0000,-30.0000,-30.0000,-30.0000,-30.0000,-54.000,-54.000,-28.000,-28.000,-10.000,-10.000,-10.000,-10.000,-54.000,-54.000,-28.000,-28.000,-10.000,-10.000,-10.000,-10.000,0.0,0.0,0.0,0.0,0.0,0.0,0.0,0.0,0.0,0.0,0.0,0.0,0.0,0.0,0.0,0.0
1790303540.690350,6.599,-12.42218,-12.42218,-12.42218,-12.42218,-12.42218,-12.42218,-12.42218,0.04150,-12.42218,-12.42218,-12.42218,-12.42218,-12.42218,-12.42218,-12.42218,0.04150,-45.0000,-45.0000,-10.0000,-10.0000,-30.0000,-30.0000,-30.0000,-30.0000,-45.0000,-45.0000,-10.0000,-10.0000,-30.0000,-30.0000,-30.0000,-30.0000,-54.000,-54.000,-28.000,-28.000,-10.000,-10.000,-10.000,-10.000,-54.000,-54.000,-28.000,-28.000,-10.000,-10.000,-10.000,-10.000,0.0,0.0,0.0,0.0,0.0,0.0,0.0,0.0,0.0,0.0,0.0,0.0,0.0,0.0,0.0,0.0
1790303540.700060,6.609,-12.42218,-12.42218,-12.42218,-12.42218,-12.42218,-12.42218,-12.42218,0.04150,-12.42218,-12.42218,-12.42218,-12.42218,-12.42218,-12.42218,-12.42218,0.04150,-45.0000,-45.0000,-10.0000,-10.0000,-30.0000,-30.0000,-30.0000,-30.0000,-45.0000,-45.0000,-10.0000,-10.0000,-30.0000,-30.0000,-30.0000,-30.0000,-54.000,-54.000,-28.000,-28.000,-10.000,-10.000,-10.000,-10.000,-54.000,-54.000,-28.000,-28.000,-10.000,-10.000,-10.000,-10.000,0.0,0.0,0.0,0.0,0.0,0.0,0.0,0.0,0.0,0.0,0.0,0.0,0.0,0.0,0.0,0.0
1790303540.710443,6.619,-12.42218,-12.42218,-12.42218,-12.42218,-12.42218,-12.42218,-12.42218,0.04150,-12.42218,-12.42218,-12.42218,-12.42218,-12.42218,-12.42218,-12.42218,0.04150,-45.0000,-45.0000,-10.0000,-10.0000,-30.0000,-30.0000,-30.0000,-30.0000,-45.0000,-45.0000,-10.0000,-10.0000,-30.0000,-30.0000,-30.0000,-30.0000,-54.000,-54.000,-28.000,-28.000,-10.000,-10.000,-10.000,-10.000,-54.000,-54.000,-28.000,-28.000,-10.000,-10.000,-10.000,-10.000,0.0,0.0,0.0,0.0,0.0,0.0,0.0,0.0,0.0,0.0,0.0,0.0,0.0,0.0,0.0,0.0
1790303540.720222,6.629,-12.42218,-12.42218,-12.42218,-12.42218,-12.42218,-12.42218,-12.42218,0.04150,-12.42218,-12.42218,-12.42218,-12.42218,-12.42218,-12.42218,-12.42218,0.04150,-45.0000,-45.0000,-10.0000,-10.0000,-30.0000,-30.0000,-30.0000,-30.0000,-45.0000,-45.0000,-10.0000,-10.0000,-30.0000,-30.0000,-30.0000,-30.0000,-54.000,-54.000,-28.000,-28.000,-10.000,-10.000,-10.000,-10.000,-54.000,-54.000,-28.000,-28.000,-10.000,-10.000,-10.000,-10.000,0.0,0.0,0.0,0.0,0.0,0.0,0.0,0.0,0.0,0.0,0.0,0.0,0.0,0.0,0.0,0.0
1790303540.730243,6.639,-12.42218,-12.42218,-12.42218,-12.42218,-12.42218,-12.42218,-12.42218,0.04150,-12.42218,-12.42218,-12.42218,-12.42218,-12.42218,-12.42218,-12.42218,0.04150,-45.0000,-45.0000,-10.0000,-10.0000,-30.0000,-30.0000,-30.0000,-30.0000,-45.0000,-45.0000,-10.0000,-10.0000,-30.0000,-30.0000,-30.0000,-30.0000,-54.000,-54.000,-28.000,-28.000,-10.000,-10.000,-10.000,-10.000,-54.000,-54.000,-28.000,-28.000,-10.000,-10.000,-10.000,-10.000,0.0,0.0,0.0,0.0,0.0,0.0,0.0,0.0,0.0,0.0,0.0,0.0,0.0,0.0,0.0,0.0
1790303540.740594,6.649,-12.42218,-12.42218,-12.42218,-12.42218,-12.42218,-12.42218,-12.42218,0.04150,-12.42218,-12.42218,-12.42218,-12.42218,-12.42218,-12.42218,-12.42218,0.04150,-45.0000,-45.0000,-10.0000,-10.0000,-30.0000,-30.0000,-30.0000,-30.0000,-45.0000,-45.0000,-10.0000,-10.0000,-30.0000,-30.0000,-30.0000,-30.0000,-54.000,-54.000,-28.000,-28.000,-10.000,-10.000,-10.000,-10.000,-54.000,-54.000,-28.000,-28.000,-10.000,-10.000,-10.000,-10.000,0.0,0.0,0.0,0.0,0.0,0.0,0.0,0.0,0.0,0.0,0.0,0.0,0.0,0.0,0.0,0.0
1790303540.750818,6.660,-12.42218,-12.42218,-12.42218,-12.42218,-12.42218,-12.42218,-12.42218,0.04150,-12.42218,-12.42218,-12.42218,-12.42218,-12.42218,-12.42218,-12.42218,0.04150,-45.0000,-45.0000,-10.0000,-10.0000,-30.0000,-30.0000,-30.0000,-30.0000,-45.0000,-45.0000,-10.0000,-10.0000,-30.0000,-30.0000,-30.0000,-30.0000,-54.000,-54.000,-28.000,-28.000,-10.000,-10.000,-10.000,-10.000,-54.000,-54.000,-28.000,-28.000,-10.000,-10.000,-10.000,-10.000,0.0,0.0,0.0,0.0,0.0,0.0,0.0,0.0,0.0,0.0,0.0,0.0,0.0,0.0,0.0,0.0
1790303540.760222,6.669,-12.42218,-12.42218,-12.42218,-12.42218,-12.42218,-12.42218,-12.42218,0.04150,-12.42218,-12.42218,-12.42218,-12.42218,-12.42218,-12.42218,-12.42218,0.04150,-45.0000,-45.0000,-10.0000,-10.0000,-30.0000,-30.0000,-30.0000,-30.0000,-45.0000,-45.0000,-10.0000,-10.0000,-30.0000,-30.0000,-30.0000,-30.0000,-54.000,-54.000,-28.000,-28.000,-10.000,-10.000,-10.000,-10.000,-54.000,-54.000,-28.000,-28.000,-10.000,-10.000,-10.000,-10.000,0.0,0.0,0.0,0.0,0.0,0.0,0.0,0.0,0.0,0.0,0.0,0.0,0.0,0.0,0.0,0.0
1790303540.770852,6.680,-12.42218,-12.42218,-12.42218,-12.42218,-12.42218,-12.42218,-12.42218,0.04150,-12.42218,-12.42218,-12.42218,-12.42218,-12.42218,-12.42218,-12.42218,0.04150,-45.0000,-45.0000,-10.0000,-10.0000,-30.0000,-30.0000,-30.0000,-30.0000,-45.0000,-45.0000,-10.0000,-10.0000,-30.0000,-30.0000,-30.0000,-30.0000,-54.000,-54.000,-28.000,-28.000,-10.000,-10.000,-10.000,-10.000,-54.000,-54.000,-28.000,-28.000,-10.000,-10.000,-10.000,-10.000,0.0,0.0,0.0,0.0,0.0,0.0,0.0,0.0,0.0,0.0,0.0,0.0,0.0,0.0,0.0,0.0
1790303540.780612,6.689,-12.42218,-12.42218,-12.42218,-12.42218,-12.42218,-12.42218,-12.42218,0.04150,-12.42218,-12.42218,-12.42218,-12.42218,-12.42218,-12.42218,-12.42218,0.04150,-45.0000,-45.0000,-10.0000,-10.0000,-30.0000,-30.0000,-30.0000,-30.0000,-45.0000,-45.0000,-10.0000,-10.0000,-30.0000,-30.0000,-30.0000,-30.0000,-54.000,-54.000,-28.000,-28.000,-10.000,-10.000,-10.000,-10.000,-54.000,-54.000,-28.000,-28.000,-10.000,-10.000,-10.000,-10.000,0.0,0.0,0.0,0.0,0.0,0.0,0.0,0.0,0.0,0.0,0.0,0.0,0.0,0.0,0.0,0.0
1790303540.790577,6.699,-12.42218,-12.42218,-12.42218,-12.42218,-12.42218,-12.42218,-12.42218,0.04150,-12.42218,-12.42218,-12.42218,-12.42218,-12.42218,-12.42218,-12.42218,0.04150,-45.0000,-45.0000,-10.0000,-10.0000,-30.0000,-30.0000,-30.0000,-30.0000,-45.0000,-45.0000,-10.0000,-10.0000,-30.0000,-30.0000,-30.0000,-30.0000,-54.000,-54.000,-28.000,-28.000,-10.000,-10.000,-10.000,-10.000,-54.000,-54.000,-28.000,-28.000,-10.000,-10.000,-10.000,-10.000,0.0,0.0,0.0,0.0,0.0,0.0,0.0,0.0,0.0,0.0,0.0,0.0,0.0,0.0,0.0,0.0
1790303540.800647,6.710,-12.42218,-12.42218,-12.42218,-12.42218,-12.42218,-12.42218,-12.42218,0.04150,-12.42218,-12.42218,-12.42218,-12.42218,-12.42218,-12.42218,-12.42218,0.04150,-45.0000,-45.0000,-10.0000,-10.0000,-30.0000,-30.0000,-30.0000,-30.0000,-45.0000,-45.0000,-10.0000,-10.0000,-30.0000,-30.0000,-30.0000,-30.0000,-54.000,-54.000,-28.000,-28.000,-10.000,-10.000,-10.000,-10.000,-54.000,-54.000,-28.000,-28.000,-10.000,-10.000,-10.000,-10.000,0.0,0.0,0.0,0.0,0.0,0.0,0.0,0.0,0.0,0.0,0.0,0.0,0.0,0.0,0.0,0.0
1790303540.810702,6.720,-12.42218,-12.42218,-12.42218,-12.42218,-12.42218,-12.42218,-12.42218,0.04150,-12.42218,-12.42218,-12.42218,-12.42218,-12.42218,-12.42218,-12.42218,0.04150,-45.0000,-45.0000,-10.0000,-10.0000,-30.0000,-30.0000,-30.0000,-30.0000,-45.0000,-45.0000,-10.0000,-10.0000,-30.0000,-30.0000,-30.0000,-30.0000,-54.000,-54.000,-28.000,-28.000,-10.000,-10.000,-10.000,-10.000,-54.000,-54.000,-28.000,-28.000,-10.000,-10.000,-10.000,-10.000,0.0,0.0,0.0,0.0,0.0,0.0,0.0,0.0,0.0,0.0,0.0,0.0,0.0,0.0,0.0,0.0
1790303540.820662,6.730,-12.42218,-12.42218,-12.42218,-12.42218,-12.42218,-12.42218,-12.42218,0.04150,-12.42218,-12.42218,-12.42218,-12.42218,-12.42218,-12.42218,-12.42218,0.04150,-45.0000,-45.0000,-10.0000,-10.0000,-30.0000,-30.0000,-30.0000,-30.0000,-45.0000,-45.0000,-10.0000,-10.0000,-30.0000,-30.0000,-30.0000,-30.0000,-54.000,-54.000,-28.000,-28.000,-10.000,-10.000,-10.000,-10.000,-54.000,-54.000,-28.000,-28.000,-10.000,-10.000,-10.000,-10.000,0.0,0.0,0.0,0.0,0.0,0.0,0.0,0.0,0.0,0.0,0.0,0.0,0.0,0.0,0.0,0.0
1790303540.831119,6.740,-12.42218,-12.42218,-12.42218,-12.42218,-12.42218,-12.42218,-12.42218,0.04150,-12.42218,-12.42218,-12.42218,-12.42218,-12.42218,-12.42218,-12.42218,0.04150,-45.0000,-45.0000,-10.0000,-10.0000,-30.0000,-30.0000,-30.0000,-30.0000,-45.0000,-45.0000,-10.0000,-10.0000,-30.0000,-30.0000,-30.0000,-30.0000,-54.000,-54.000,-28.000,-28.000,-10.000,-10.000,-10.000,-10.000,-54.000,-54.000,-28.000,-28.000,-10.000,-10.000,-10.000,-10.000,0.0,0.0,0.0,0.0,0.0,0.0,0.0,0.0,0.0,0.0,0.0,0.0,0.0,0.0,0.0,0.0
1790303540.840600,6.749,-12.42218,-12.42218,-12.42218,-12.42218,-12.42218,-12.42218,-12.42218,0.04150,-12.42218,-12.42218,-12.42218,-12.42218,-12.42218,-12.42218,-12.42218,0.04150,-45.0000,-45.0000,-10.0000,-10.0000,-30.0000,-30.0000,-30.0000,-30.0000,-45.0000,-45.0000,-10.0000,-10.0000,-30.0000,-30.0000,-30.0000,-30.0000,-54.000,-54.000,-28.000,-28.000,-10.000,-10.000,-10.000,-10.000,-54.000,-54.000,-28.000,-28.000,-10.000,-10.000,-10.000,-10.000,0.0,0.0,0.0,0.0,0.0,0.0,0.0,0.0,0.0,0.0,0.0,0.0,0.0,0.0,0.0,0.0
1790303540.850869,6.760,-12.42218,-12.42218,-12.42218,-12.42218,-12.42218,-12.42218,-12.42218,0.04150,-12.42218,-12.42218,-12.42218,-12.42218,-12.42218,-12.42218,-12.42218,0.04150,-45.0000,-45.0000,-10.0000,-10.0000,-30.0000,-30.0000,-30.0000,-30.0000,-45.0000,-45.0000,-10.0000,-10.0000,-30.0000,-30.0000,-30.0000,-30.0000,-54.000,-54.000,-28.000,-28.000,-10.000,-10.000,-10.000,-10.000,-54.000,-54.000,-28.000,-28.000,-10.000,-10.000,-10.000,-10.000,0.0,0.0,0.0,0.0,0.0,0.0,0.0,0.0,0.0,0.0,0.0,0.0,0.0,0.0,0.0,0.0
1790303540.860306,6.769,-12.42218,-12.42218,-12.42218,-12.42218,-12.42218,-12.42218,-12.42218,0.04150,-12.42218,-12.42218,-12.42218,-12.42218,-12.42218,-12.42218,-12.42218,0.04150,-45.0000,-45.0000,-10.0000,-10.0000,-30.0000,-30.0000,-30.0000,-30.0000,-45.0000,-45.0000,-10.0000,-10.0000,-30.0000,-30.0000,-30.0000,-30.0000,-54.000,-54.000,-28.000,-28.000,-10.000,-10.000,-10.000,-10.000,-54.000,-54.000,-28.000,-28.000,-10.000,-10.000,-10.000,-10.000,0.0,0.0,0.0,0.0,0.0,0.0,0.0,0.0,0.0,0.0,0.0,0.0,0.0,0.0,0.0,0.0
1790303540.870862,6.780,-12.42218,-12.42218,-12.42218,-12.42218,-12.42218,-12.42218,-12.42218,0.04150,-12.42218,-12.42218,-12.42218,-12.42218,-12.42218,-12.42218,-12.42218,0.04150,-45.0000,-45.0000,-10.0000,-10.0000,-30.0000,-30.0000,-30.0000,-30.0000,-45.0000,-45.0000,-10.0000,-10.0000,-30.0000,-30.0000,-30.0000,-30.0000,-54.000,-54.000,-28.000,-28.000,-10.000,-10.000,-10.000,-10.000,-54.000,-54.000,-28.000,-28.000,-10.000,-10.000,-10.000,-10.000,0.0,0.0,0.0,0.0,0.0,0.0,0.0,0.0,0.0,0.0,0.0,0.0,0.0,0.0,0.0,0.0
1790303540.880692,6.790,-12.42218,-12.42218,-12.42218,-12.42218,-12.42218,-12.42218,-12.42218,0.04150,-12.42218,-12.42218,-12.42218,-12.42218,-12.42218,-12.42218,-12.42218,0.04150,-45.0000,-45.0000,-10.0000,-10.0000,-30.0000,-30.0000,-30.0000,-30.0000,-45.0000,-45.0000,-10.0000,-10.0000,-30.0000,-30.0000,-30.0000,-30.0000,-54.000,-54.000,-28.000,-28.000,-10.000,-10.000,-10.000,-10.000,-54.000,-54.000,-28.000,-28.000,-10.000,-10.000,-10.000,-10.000,0.0,0.0,0.0,0.0,0.0,0.0,0.0,0.0,0.0,0.0,0.0,0.0,0.0,0.0,0.0,0.0
1790303540.890914,6.800,-12.42218,-12.42218,-12.42218,-12.42218,-12.42218,-12.42218,-12.42218,0.04150,-12.42218,-12.42218,-12.42218,-12.42218,-12.42218,-12.42218,-12.42218,0.04150,-45.0000,-45.0000,-10.0000,-10.0000,-30.0000,-30.0000,-30.0000,-30.0000,-45.0000,-45.0000,-10.0000,-10.0000,-30.0000,-30.0000,-30.0000,-30.0000,-54.000,-54.000,-28.000,-28.000,-10.000,-10.000,-10.000,-10.000,-54.000,-54.000,-28.000,-28.000,-10.000,-10.000,-10.000,-10.000,0.0,0.0,0.0,0.0,0.0,0.0,0.0,0.0,0.0,0.0,0.0,0.0,0.0,0.0,0.0,0.0
1790303540.901463,6.810,-12.42218,-12.42218,-12.42218,-12.42218,-12.42218,-12.42218,-12.42218,0.04150,-12.42218,-12.42218,-12.42218,-12.42218,-12.42218,-12.42218,-12.42218,0.04150,-45.0000,-45.0000,-10.0000,-10.0000,-30.0000,-30.0000,-30.0000,-30.0000,-45.0000,-45.0000,-10.0000,-10.0000,-30.0000,-30.0000,-30.0000,-30.0000,-54.000,-54.000,-28.000,-28.000,-10.000,-10.000,-10.000,-10.000,-54.000,-54.000,-28.000,-28.000,-10.000,-10.000,-10.000,-10.000,0.0,0.0,0.0,0.0,0.0,0.0,0.0,0.0,0.0,0.0,0.0,0.0,0.0,0.0,0.0,0.0
1790303540.910894,6.820,-12.42218,-12.42218,-12.42218,-12.42218,-12.42218,-12.42218,-12.42218,0.04150,-12.42218,-12.42218,-12.42218,-12.42218,-12.42218,-12.42218,-12.42218,0.04150,-45.0000,-45.0000,-10.0000,-10.0000,-30.0000,-30.0000,-30.0000,-30.0000,-45.0000,-45.0000,-10.0000,-10.0000,-30.0000,-30.0000,-30.0000,-30.0000,-54.000,-54.000,-28.000,-28.000,-10.000,-10.000,-10.000,-10.000,-54.000,-54.000,-28.000,-28.000,-10.000,-10.000,-10.000,-10.000,0.0,0.0,0.0,0.0,0.0,0.0,0.0,0.0,0.0,0.0,0.0,0.0,0.0,0.0,0.0,0.0
1790303540.920636,6.830,-12.42218,-12.42218,-12.42218,-12.42218,-12.42218,-12.42218,-12.42218,0.04150,-12.42218,-12.42218,-12.42218,-12.42218,-12.42218,-12.42218,-12.42218,0.04150,-45.0000,-45.0000,-10.0000,-10.0000,-30.0000,-30.0000,-30.0000,-30.0000,-45.0000,-45.0000,-10.0000,-10.0000,-30.0000,-30.0000,-30.0000,-30.0000,-54.000,-54.000,-28.000,-28.000,-10.000,-10.000,-10.000,-10.000,-54.000,-54.000,-28.000,-28.000,-10.000,-10.000,-10.000,-10.000,0.0,0.0,0.0,0.0,0.0,0.0,0.0,0.0,0.0,0.0,0.0,0.0,0.0,0.0,0.0,0.0
1790303540.931716,6.841,-12.42218,-12.42218,-12.42218,-12.42218,-12.42218,-12.42218,-12.42218,0.04150,-12.42218,-12.42218,-12.42218,-12.42218,-12.42218,-12.42218,-12.42218,0.04150,-45.0000,-45.0000,-10.0000,-10.0000,-30.0000,-30.0000,-30.0000,-30.0000,-45.0000,-45.0000,-10.0000,-10.0000,-30.0000,-30.0000,-30.0000,-30.0000,-54.000,-54.000,-28.000,-28.000,-10.000,-10.000,-10.000,-10.000,-54.000,-54.000,-28.000,-28.000,-10.000,-10.000,-10.000,-10.000,0.0,0.0,0.0,0.0,0.0,0.0,0.0,0.0,0.0,0.0,0.0,0.0,0.0,0.0,0.0,0.0
1790303540.940637,6.850,-12.42218,-12.42218,-12.42218,-12.42218,-12.42218,-12.42218,-12.42218,0.04150,-12.42218,-12.42218,-12.42218,-12.42218,-12.42218,-12.42218,-12.42218,0.04150,-45.0000,-45.0000,-10.0000,-10.0000,-30.0000,-30.0000,-30.0000,-30.0000,-45.0000,-45.0000,-10.0000,-10.0000,-30.0000,-30.0000,-30.0000,-30.0000,-54.000,-54.000,-28.000,-28.000,-10.000,-10.000,-10.000,-10.000,-54.000,-54.000,-28.000,-28.000,-10.000,-10.000,-10.000,-10.000,0.0,0.0,0.0,0.0,0.0,0.0,0.0,0.0,0.0,0.0,0.0,0.0,0.0,0.0,0.0,0.0
1790303540.950864,6.860,-12.42218,-12.42218,-12.42218,-12.42218,-12.42218,-12.42218,-12.42218,0.04150,-12.42218,-12.42218,-12.42218,-12.42218,-12.42218,-12.42218,-12.42218,0.04150,-45.0000,-45.0000,-10.0000,-10.0000,-30.0000,-30.0000,-30.0000,-30.0000,-45.0000,-45.0000,-10.0000,-10.0000,-30.0000,-30.0000,-30.0000,-30.0000,-54.000,-54.000,-28.000,-28.000,-10.000,-10.000,-10.000,-10.000,-54.000,-54.000,-28.000,-28.000,-10.000,-10.000,-10.000,-10.000,0.0,0.0,0.0,0.0,0.0,0.0,0.0,0.0,0.0,0.0,0.0,0.0,0.0,0.0,0.0,0.0
1790303540.962720,6.872,-12.42218,-12.42218,-12.42218,-12.42218,-12.42218,-12.42218,-12.42218,0.04150,-12.42218,-12.42218,-12.42218,-12.42218,-12.42218,-12.42218,-12.42218,0.04150,-45.0000,-45.0000,-10.0000,-10.0000,-30.0000,-30.0000,-30.0000,-30.0000,-45.0000,-45.0000,-10.0000,-10.0000,-30.0000,-30.0000,-30.0000,-30.0000,-54.000,-54.000,-28.000,-28.000,-10.000,-10.000,-10.000,-10.000,-54.000,-54.000,-28.000,-28.000,-10.000,-10.000,-10.000,-10.000,0.0,0.0,0.0,0.0,0.0,0.0,0.0,0.0,0.0,0.0,0.0,0.0,0.0,0.0,0.0,0.0
1790303540.970425,6.879,-12.42218,-12.42218,-12.42218,-12.42218,-12.42218,-12.42218,-12.42218,0.04150,-12.42218,-12.42218,-12.42218,-12.42218,-12.42218,-12.42218,-12.42218,0.04150,-45.0000,-45.0000,-10.0000,-10.0000,-30.0000,-30.0000,-30.0000,-30.0000,-45.0000,-45.0000,-10.0000,-10.0000,-30.0000,-30.0000,-30.0000,-30.0000,-54.000,-54.000,-28.000,-28.000,-10.000,-10.000,-10.000,-10.000,-54.000,-54.000,-28.000,-28.000,-10.000,-10.000,-10.000,-10.000,0.0,0.0,0.0,0.0,0.0,0.0,0.0,0.0,0.0,0.0,0.0,0.0,0.0,0.0,0.0,0.0
1790303540.980644,6.890,-12.42218,-12.42218,-12.42218,-12.42218,-12.42218,-12.42218,-12.42218,0.04150,-12.42218,-12.42218,-12.42218,-12.42218,-12.42218,-12.42218,-12.42218,0.04150,-45.0000,-45.0000,-10.0000,-10.0000,-30.0000,-30.0000,-30.0000,-30.0000,-45.0000,-45.0000,-10.0000,-10.0000,-30.0000,-30.0000,-30.0000,-30.0000,-54.000,-54.000,-28.000,-28.000,-10.000,-10.000,-10.000,-10.000,-54.000,-54.000,-28.000,-28.000,-10.000,-10.000,-10.000,-10.000,0.0,0.0,0.0,0.0,0.0,0.0,0.0,0.0,0.0,0.0,0.0,0.0,0.0,0.0,0.0,0.0
1790303540.990922,6.900,-12.42218,-12.42218,-12.42218,-12.42218,-12.42218,-12.42218,-12.42218,0.04150,-12.42218,-12.42218,-12.42218,-12.42218,-12.42218,-12.42218,-12.42218,0.04150,-45.0000,-45.0000,-10.0000,-10.0000,-30.0000,-30.0000,-30.0000,-30.0000,-45.0000,-45.0000,-10.0000,-10.0000,-30.0000,-30.0000,-30.0000,-30.0000,-54.000,-54.000,-28.000,-28.000,-10.000,-10.000,-10.000,-10.000,-54.000,-54.000,-28.000,-28.000,-10.000,-10.000,-10.000,-10.000,0.0,0.0,0.0,0.0,0.0,0.0,0.0,0.0,0.0,0.0,0.0,0.0,0.0,0.0,0.0,0.0
1790303541.000661,6.910,-12.42218,-12.42218,-12.42218,-12.42218,-12.42218,-12.42218,-12.42218,0.04150,-12.42218,-12.42218,-12.42218,-12.42218,-12.42218,-12.42218,-12.42218,0.04150,-45.0000,-45.0000,-10.0000,-10.0000,-30.0000,-30.0000,-30.0000,-30.0000,-45.0000,-45.0000,-10.0000,-10.0000,-30.0000,-30.0000,-30.0000,-30.0000,-54.000,-54.000,-28.000,-28.000,-10.000,-10.000,-10.000,-10.000,-54.000,-54.000,-28.000,-28.000,-10.000,-10.000,-10.000,-10.000,0.0,0.0,0.0,0.0,0.0,0.0,0.0,0.0,0.0,0.0,0.0,0.0,0.0,0.0,0.0,0.0
1790303541.010496,6.919,-12.42218,-12.42218,-12.42218,-12.42218,-12.42218,-12.42218,-12.42218,0.04150,-12.42218,-12.42218,-12.42218,-12.42218,-12.42218,-12.42218,-12.42218,0.04150,-45.0000,-45.0000,-10.0000,-10.0000,-30.0000,-30.0000,-30.0000,-30.0000,-45.0000,-45.0000,-10.0000,-10.0000,-30.0000,-30.0000,-30.0000,-30.0000,-54.000,-54.000,-28.000,-28.000,-10.000,-10.000,-10.000,-10.000,-54.000,-54.000,-28.000,-28.000,-10.000,-10.000,-10.000,-10.000,0.0,0.0,0.0,0.0,0.0,0.0,0.0,0.0,0.0,0.0,0.0,0.0,0.0,0.0,0.0,0.0
1790303541.020260,6.929,-12.42218,-12.42218,-12.42218,-12.42218,-12.42218,-12.42218,-12.42218,0.04150,-12.42218,-12.42218,-12.42218,-12.42218,-12.42218,-12.42218,-12.42218,0.04150,-45.0000,-45.0000,-10.0000,-10.0000,-30.0000,-30.0000,-30.0000,-30.0000,-45.0000,-45.0000,-10.0000,-10.0000,-30.0000,-30.0000,-30.0000,-30.0000,-54.000,-54.000,-28.000,-28.000,-10.000,-10.000,-10.000,-10.000,-54.000,-54.000,-28.000,-28.000,-10.000,-10.000,-10.000,-10.000,0.0,0.0,0.0,0.0,0.0,0.0,0.0,0.0,0.0,0.0,0.0,0.0,0.0,0.0,0.0,0.0
1790303541.030680,6.940,-12.42218,-12.42218,-12.42218,-12.42218,-12.42218,-12.42218,-12.42218,0.04150,-12.42218,-12.42218,-12.42218,-12.42218,-12.42218,-12.42218,-12.42218,0.04150,-45.0000,-45.0000,-10.0000,-10.0000,-30.0000,-30.0000,-30.0000,-30.0000,-45.0000,-45.0000,-10.0000,-10.0000,-30.0000,-30.0000,-30.0000,-30.0000,-54.000,-54.000,-28.000,-28.000,-10.000,-10.000,-10.000,-10.000,-54.000,-54.000,-28.000,-28.000,-10.000,-10.000,-10.000,-10.000,0.0,0.0,0.0,0.0,0.0,0.0,0.0,0.0,0.0,0.0,0.0,0.0,0.0,0.0,0.0,0.0
1790303541.040200,6.949,-12.42218,-12.42218,-12.42218,-12.42218,-12.42218,-12.42218,-12.42218,0.04150,-12.42218,-12.42218,-12.42218,-12.42218,-12.42218,-12.42218,-12.42218,0.04150,-45.0000,-45.0000,-10.0000,-10.0000,-30.0000,-30.0000,-30.0000,-30.0000,-45.0000,-45.0000,-10.0000,-10.0000,-30.0000,-30.0000,-30.0000,-30.0000,-54.000,-54.000,-28.000,-28.000,-10.000,-10.000,-10.000,-10.000,-54.000,-54.000,-28.000,-28.000,-10.000,-10.000,-10.000,-10.000,0.0,0.0,0.0,0.0,0.0,0.0,0.0,0.0,0.0,0.0,0.0,0.0,0.0,0.0,0.0,0.0
1790303541.050722,6.960,-12.42218,-12.42218,-12.42218,-12.42218,-12.42218,-12.42218,-12.42218,0.04150,-12.42218,-12.42218,-12.42218,-12.42218,-12.42218,-12.42218,-12.42218,0.04150,-45.0000,-45.0000,-10.0000,-10.0000,-30.0000,-30.0000,-30.0000,-30.0000,-45.0000,-45.0000,-10.0000,-10.0000,-30.0000,-30.0000,-30.0000,-30.0000,-54.000,-54.000,-28.000,-28.000,-10.000,-10.000,-10.000,-10.000,-54.000,-54.000,-28.000,-28.000,-10.000,-10.000,-10.000,-10.000,0.0,0.0,0.0,0.0,0.0,0.0,0.0,0.0,0.0,0.0,0.0,0.0,0.0,0.0,0.0,0.0
1790303541.060760,6.970,-12.42218,-12.42218,-12.42218,-12.42218,-12.42218,-12.42218,-12.42218,0.04150,-12.42218,-12.42218,-12.42218,-12.42218,-12.42218,-12.42218,-12.42218,0.04150,-45.0000,-45.0000,-10.0000,-10.0000,-30.0000,-30.0000,-30.0000,-30.0000,-45.0000,-45.0000,-10.0000,-10.0000,-30.0000,-30.0000,-30.0000,-30.0000,-54.000,-54.000,-28.000,-28.000,-10.000,-10.000,-10.000,-10.000,-54.000,-54.000,-28.000,-28.000,-10.000,-10.000,-10.000,-10.000,0.0,0.0,0.0,0.0,0.0,0.0,0.0,0.0,0.0,0.0,0.0,0.0,0.0,0.0,0.0,0.0
1790303541.071467,6.980,-12.42218,-12.42218,-12.42218,-12.42218,-12.42218,-12.42218,-12.42218,0.04150,-12.42218,-12.42218,-12.42218,-12.42218,-12.42218,-12.42218,-12.42218,0.04150,-45.0000,-45.0000,-10.0000,-10.0000,-30.0000,-30.0000,-30.0000,-30.0000,-45.0000,-45.0000,-10.0000,-10.0000,-30.0000,-30.0000,-30.0000,-30.0000,-54.000,-54.000,-28.000,-28.000,-10.000,-10.000,-10.000,-10.000,-54.000,-54.000,-28.000,-28.000,-10.000,-10.000,-10.000,-10.000,0.0,0.0,0.0,0.0,0.0,0.0,0.0,0.0,0.0,0.0,0.0,0.0,0.0,0.0,0.0,0.0
1790303541.080270,6.989,-12.42218,-12.42218,-12.42218,-12.42218,-12.42218,-12.42218,-12.42218,0.04150,-12.42218,-12.42218,-12.42218,-12.42218,-12.42218,-12.42218,-12.42218,0.04150,-45.0000,-45.0000,-10.0000,-10.0000,-30.0000,-30.0000,-30.0000,-30.0000,-45.0000,-45.0000,-10.0000,-10.0000,-30.0000,-30.0000,-30.0000,-30.0000,-54.000,-54.000,-28.000,-28.000,-10.000,-10.000,-10.000,-10.000,-54.000,-54.000,-28.000,-28.000,-10.000,-10.000,-10.000,-10.000,0.0,0.0,0.0,0.0,0.0,0.0,0.0,0.0,0.0,0.0,0.0,0.0,0.0,0.0,0.0,0.0
1790303541.090453,6.999,-12.42218,-12.42218,-12.42218,-12.42218,-12.42218,-12.42218,-12.42218,0.04150,-12.42218,-12.42218,-12.42218,-12.42218,-12.42218,-12.42218,-12.42218,0.04150,-45.0000,-45.0000,-10.0000,-10.0000,-30.0000,-30.0000,-30.0000,-30.0000,-45.0000,-45.0000,-10.0000,-10.0000,-30.0000,-30.0000,-30.0000,-30.0000,-54.000,-54.000,-28.000,-28.000,-10.000,-10.000,-10.000,-10.000,-54.000,-54.000,-28.000,-28.000,-10.000,-10.000,-10.000,-10.000,0.0,0.0,0.0,0.0,0.0,0.0,0.0,0.0,0.0,0.0,0.0,0.0,0.0,0.0,0.0,0.0
1790303541.101533,7.010,-12.42218,-12.42218,-12.42218,-12.42218,-12.42218,-12.42218,-12.42218,0.04150,-12.42218,-12.42218,-12.42218,-12.42218,-12.42218,-12.42218,-12.42218,0.04150,-45.0000,-45.0000,-10.0000,-10.0000,-30.0000,-30.0000,-30.0000,-30.0000,-45.0000,-45.0000,-10.0000,-10.0000,-30.0000,-30.0000,-30.0000,-30.0000,-54.000,-54.000,-28.000,-28.000,-10.000,-10.000,-10.000,-10.000,-54.000,-54.000,-28.000,-28.000,-10.000,-10.000,-10.000,-10.000,0.0,0.0,0.0,0.0,0.0,0.0,0.0,0.0,0.0,0.0,0.0,0.0,0.0,0.0,0.0,0.0
1790303541.110453,7.019,-12.42218,-12.42218,-12.42218,-12.42218,-12.42218,-12.42218,-12.42218,0.04150,-12.42218,-12.42218,-12.42218,-12.42218,-12.42218,-12.42218,-12.42218,0.04150,-45.0000,-45.0000,-10.0000,-10.0000,-30.0000,-30.0000,-30.0000,-27.6557,-45.0000,-45.0000,-10.0000,-10.0000,-30.0000,-30.0000,-30.0000,-30.0000,-54.000,-54.000,-28.000,-28.000,-10.000,-10.000,-10.000,-4.999,-54.000,-54.000,-28.000,-28.000,-10.000,-10.000,-10.000,-10.000,0.0,0.0,0.0,0.0,0.0,0.0,0.0,0.0,0.0,0.0,0.0,0.0,0.0,0.0,0.0,0.0
1790303541.122108,7.031,-12.42218,-12.42218,-12.42218,-12.42218,-12.42218,-12.42218,-12.42218,0.04150,-12.42218,-12.42218,-12.42218,-12.42218,-12.42218,-12.42218,-12.42218,0.04150,-45.0000,-45.0000,-10.0000,-10.0000,-30.0000,-30.0000,-30.0000,-27.6557,-45.0000,-45.0000,-10.0000,-10.0000,-30.0000,-30.0000,-30.0000,-30.0000,-54.000,-54.000,-28.000,-28.000,-10.000,-10.000,-10.000,-4.999,-54.000,-54.000,-28.000,-28.000,-10.000,-10.000,-10.000,-10.000,0.0,0.0,0.0,0.0,0.0,0.0,0.0,0.0,0.0,0.0,0.0,0.0,0.0,0.0,0.0,0.0
1790303541.130456,7.039,-12.42218,-12.42218,-12.42218,-12.42218,-12.42218,-12.42218,-12.42218,0.04150,-12.42218,-12.42218,-12.42218,-12.42218,-12.42218,-12.42218,-12.42218,0.04150,-45.0000,-45.0000,-10.0000,-10.0000,-30.0000,-30.0000,-30.0000,-27.6557,-45.0000,-45.0000,-10.0000,-10.0000,-30.0000,-30.0000,-30.0000,-30.0000,-54.000,-54.000,-28.000,-28.000,-10.000,-10.000,-10.000,-4.999,-54.000,-54.000,-28.000,-28.000,-10.000,-10.000,-10.000,-10.000,0.0,0.0,0.0,0.0,0.0,0.0,0.0,0.0,0.0,0.0,0.0,0.0,0.0,0.0,0.0,0.0
1790303541.140576,7.049,-12.42218,-12.42218,-12.42218,-12.42218,-12.42218,-12.42218,-12.42218,0.04150,-12.42218,-12.42218,-12.42218,-12.42218,-12.42218,-12.42218,-12.42218,0.04150,-45.0000,-45.0000,-10.0000,-10.0000,-30.0000,-30.0000,-30.0000,-30.0000,-45.0000,-45.0000,-10.0000,-10.0000,-30.0000,-30.0000,-30.0000,-30.0000,-54.000,-54.000,-28.000,-28.000,-10.000,-10.000,-10.000,-10.000,-54.000,-54.000,-28.000,-28.000,-10.000,-10.000,-10.000,-10.000,0.0,0.0,0.0,0.0,0.0,0.0,0.0,0.0,0.0,0.0,0.0,0.0,0.0,0.0,0.0,0.0
1790303541.195599,7.104,-12.42218,-12.42218,-12.42218,-12.42218,-12.42218,-12.42218,-12.42218,0.04150,-12.42218,-12.42218,-12.42218,-12.42218,-12.42218,-12.42218,-12.42218,0.04150,-45.0000,-45.0000,-10.0000,-10.0000,-30.0000,-30.0000,-30.0000,-30.0000,-45.0000,-45.0000,-10.0000,-10.0000,-30.0000,-30.0000,-30.0000,-30.0000,-54.000,-54.000,-28.000,-28.000,-10.000,-10.000,-10.000,-10.000,-54.000,-54.000,-28.000,-28.000,-10.000,-10.000,-10.000,-10.000,0.0,0.0,0.0,0.0,0.0,0.0,0.0,0.0,0.0,0.0,0.0,0.0,0.0,0.0,0.0,0.0
1790303541.198956,7.108,-12.42218,-12.42218,-12.42218,-12.42218,-12.42218,-12.42218,-12.42218,0.04150,-12.42218,-12.42218,-12.42218,-12.42218,-12.42218,-12.42218,-12.42218,0.04150,-45.0000,-45.0000,-10.0000,-10.0000,-30.0000,-30.0000,-30.0000,-30.0000,-45.0000,-45.0000,-10.0000,-10.0000,-30.0000,-30.0000,-30.0000,-30.0000,-54.000,-54.000,-28.000,-28.000,-10.000,-10.000,-10.000,-10.000,-54.000,-54.000,-28.000,-28.000,-10.000,-10.000,-10.000,-10.000,0.0,0.0,0.0,0.0,0.0,0.0,0.0,0.0,0.0,0.0,0.0,0.0,0.0,0.0,0.0,0.0
1790303541.201972,7.111,-12.42218,-12.42218,-12.42218,-12.42218,-12.42218,-12.42218,-12.42218,0.04150,-12.42218,-12.42218,-12.42218,-12.42218,-12.42218,-12.42218,-12.42218,0.04150,-45.0000,-45.0000,-10.0000,-10.0000,-30.0000,-30.0000,-30.0000,-30.0000,-45.0000,-45.0000,-10.0000,-10.0000,-30.0000,-30.0000,-30.0000,-30.0000,-54.000,-54.000,-28.000,-28.000,-10.000,-10.000,-10.000,-10.000,-54.000,-54.000,-28.000,-28.000,-10.000,-10.000,-10.000,-10.000,0.0,0.0,0.0,0.0,0.0,0.0,0.0,0.0,0.0,0.0,0.0,0.0,0.0,0.0,0.0,0.0
1790303541.205583,7.114,-12.42218,-12.42218,-12.42218,-12.42218,-12.42218,-12.42218,-12.42218,0.04150,-12.42218,-12.42218,-12.42218,-12.42218,-12.42218,-12.42218,-12.42218,0.04150,-45.0000,-45.0000,-10.0000,-10.0000,-30.0000,-30.0000,-30.0000,-30.0000,-45.0000,-45.0000,-10.0000,-10.0000,-30.0000,-30.0000,-30.0000,-30.0000,-54.000,-54.000,-28.000,-28.000,-10.000,-10.000,-10.000,-10.000,-54.000,-54.000,-28.000,-28.000,-10.000,-10.000,-10.000,-10.000,0.0,0.0,0.0,0.0,0.0,0.0,0.0,0.0,0.0,0.0,0.0,0.0,0.0,0.0,0.0,0.0
1790303541.206337,7.115,-12.42218,-12.42218,-12.42218,-12.42218,-12.42218,-12.42218,-12.42218,0.04150,-12.42218,-12.42218,-12.42218,-12.42218,-12.42218,-12.42218,-12.42218,0.04150,-45.0000,-45.0000,-10.0000,-10.0000,-30.0000,-30.0000,-30.0000,-30.0000,-45.0000,-45.0000,-10.0000,-10.0000,-30.0000,-30.0000,-30.0000,-30.0000,-54.000,-54.000,-28.000,-28.000,-10.000,-10.000,-10.000,-10.000,-54.000,-54.000,-28.000,-28.000,-10.000,-10.000,-10.000,-10.000,0.0,0.0,0.0,0.0,0.0,0.0,0.0,0.0,0.0,0.0,0.0,0.0,0.0,0.0,0.0,0.0
1790303541.208397,7.117,-12.42218,-12.42218,-12.42218,-12.42218,-12.42218,-12.42218,-12.42218,0.04150,-12.42218,-12.42218,-12.42218,-12.42218,-12.42218,-12.42218,-12.42218,0.04150,-45.0000,-45.0000,-10.0000,-10.0000,-30.0000,-30.0000,-30.0000,-30.0000,-45.0000,-45.0000,-10.0000,-10.0000,-30.0000,-30.0000,-30.0000,-30.0000,-54.000,-54.000,-28.000,-28.000,-10.000,-10.000,-10.000,-10.000,-54.000,-54.000,-28.000,-28.000,-10.000,-10.000,-10.000,-10.000,0.0,0.0,0.0,0.0,0.0,0.0,0.0,0.0,0.0,0.0,0.0,0.0,0.0,0.0,0.0,0.0
1790303541.211306,7.120,-12.42218,-12.42218,-12.42218,-12.42218,-12.42218,-12.42218,-12.42218,0.04150,-12.42218,-12.42218,-12.42218,-12.42218,-12.42218,-12.42218,-12.42218,0.04150,-45.0000,-45.0000,-10.0000,-10.0000,-30.0000,-30.0000,-30.0000,-30.0000,-45.0000,-45.0000,-10.0000,-10.0000,-30.0000,-30.0000,-30.0000,-30.0000,-54.000,-54.000,-28.000,-28.000,-10.000,-10.000,-10.000,-10.000,-54.000,-54.000,-28.000,-28.000,-10.000,-10.000,-10.000,-10.000,0.0,0.0,0.0,0.0,0.0,0.0,0.0,0.0,0.0,0.0,0.0,0.0,0.0,0.0,0.0,0.0
1790303541.220143,7.129,-12.42218,-12.42218,-12.42218,-12.42218,-12.42218,-12.42218,-12.42218,0.04150,-12.42218,-12.42218,-12.42218,-12.42218,-12.42218,-12.42218,-12.42218,0.04150,-45.0000,-45.0000,-10.0000,-10.0000,-30.0000,-30.0000,-30.0000,-30.0000,-45.0000,-45.0000,-10.0000,-10.0000,-30.0000,-30.0000,-30.0000,-30.0000,-54.000,-54.000,-28.000,-28.000,-10.000,-10.000,-10.000,-10.000,-54.000,-54.000,-28.000,-28.000,-10.000,-10.000,-10.000,-10.000,0.0,0.0,0.0,0.0,0.0,0.0,0.0,0.0,0.0,0.0,0.0,0.0,0.0,0.0,0.0,0.0
1790303541.231269,7.140,-12.42218,-12.42218,-12.42218,-12.42218,-12.42218,-12.42218,-12.42218,0.04150,-12.42218,-12.42218,-12.42218,-12.42218,-12.42218,-12.42218,-12.42218,0.04150,-45.0000,-45.0000,-10.0000,-10.0000,-30.0000,-30.0000,-30.0000,-30.0000,-45.0000,-45.0000,-10.0000,-10.0000,-30.0000,-30.0000,-30.0000,-30.0000,-54.000,-54.000,-28.000,-28.000,-10.000,-10.000,-10.000,-10.000,-54.000,-54.000,-28.000,-28.000,-10.000,-10.000,-10.000,-10.000,0.0,0.0,0.0,0.0,0.0,0.0,0.0,0.0,0.0,0.0,0.0,0.0,0.0,0.0,0.0,0.0
1790303541.240156,7.149,-12.42218,-12.42218,-12.42218,-12.42218,-12.42218,-12.42218,-12.42218,0.04150,-12.42218,-12.42218,-12.42218,-12.42218,-12.42218,-12.42218,-12.42218,0.04150,-45.0000,-45.0000,-10.0000,-10.0000,-30.0000,-30.0000,-30.0000,-30.0000,-45.0000,-45.0000,-10.0000,-10.0000,-30.0000,-30.0000,-30.0000,-30.0000,-54.000,-54.000,-28.000,-28.000,-10.000,-10.000,-10.000,-10.000,-54.000,-54.000,-28.000,-28.000,-10.000,-10.000,-10.000,-10.000,0.0,0.0,0.0,0.0,0.0,0.0,0.0,0.0,0.0,0.0,0.0,0.0,0.0,0.0,0.0,0.0
1790303541.250793,7.160,-12.42218,-12.42218,-12.42218,-12.42218,-12.42218,-12.42218,-12.42218,0.04150,-12.42218,-12.42218,-12.42218,-12.42218,-12.42218,-12.42218,-12.42218,0.04150,-45.0000,-45.0000,-10.0000,-10.0000,-30.0000,-30.0000,-30.0000,-30.0000,-45.0000,-45.0000,-10.0000,-10.0000,-30.0000,-30.0000,-30.0000,-30.0000,-54.000,-54.000,-28.000,-28.000,-10.000,-10.000,-10.000,-10.000,-54.000,-54.000,-28.000,-28.000,-10.000,-10.000,-10.000,-10.000,0.0,0.0,0.0,0.0,0.0,0.0,0.0,0.0,0.0,0.0,0.0,0.0,0.0,0.0,0.0,0.0
1790303541.260207,7.169,-12.42218,-12.42218,-12.42218,-12.42218,-12.42218,-12.42218,-12.42218,0.04150,-12.42218,-12.42218,-12.42218,-12.42218,-12.42218,-12.42218,-12.42218,0.04150,-45.0000,-45.0000,-10.0000,-10.0000,-30.0000,-30.0000,-30.0000,-30.0000,-45.0000,-45.0000,-10.0000,-10.0000,-30.0000,-30.0000,-30.0000,-30.0000,-54.000,-54.000,-28.000,-28.000,-10.000,-10.000,-10.000,-10.000,-54.000,-54.000,-28.000,-28.000,-10.000,-10.000,-10.000,-10.000,0.0,0.0,0.0,0.0,0.0,0.0,0.0,0.0,0.0,0.0,0.0,0.0,0.0,0.0,0.0,0.0
1790303541.270757,7.180,-12.42218,-12.42218,-12.42218,-12.42218,-12.42218,-12.42218,-12.42218,0.04150,-12.42218,-12.42218,-12.42218,-12.42218,-12.42218,-12.42218,-12.42218,0.04150,-45.0000,-45.0000,-10.0000,-10.0000,-30.0000,-30.0000,-30.0000,-30.0000,-45.0000,-45.0000,-10.0000,-10.0000,-30.0000,-30.0000,-30.0000,-30.0000,-54.000,-54.000,-28.000,-28.000,-10.000,-10.000,-10.000,-10.000,-54.000,-54.000,-28.000,-28.000,-10.000,-10.000,-10.000,-10.000,0.0,0.0,0.0,0.0,0.0,0.0,0.0,0.0,0.0,0.0,0.0,0.0,0.0,0.0,0.0,0.0
1790303541.280204,7.189,-12.42218,-12.42218,-12.42218,-12.42218,-12.42218,-12.42218,-12.42218,0.04150,-12.42218,-12.42218,-12.42218,-12.42218,-12.42218,-12.42218,-12.42218,0.04150,-45.0000,-45.0000,-10.0000,-10.0000,-30.0000,-30.0000,-30.0000,-30.0000,-45.0000,-45.0000,-10.0000,-10.0000,-30.0000,-30.0000,-30.0000,-30.0000,-54.000,-54.000,-28.000,-28.000,-10.000,-10.000,-10.000,-10.000,-54.000,-54.000,-28.000,-28.000,-10.000,-10.000,-10.000,-10.000,0.0,0.0,0.0,0.0,0.0,0.0,0.0,0.0,0.0,0.0,0.0,0.0,0.0,0.0,0.0,0.0
1790303541.291030,7.200,-12.42218,-12.42218,-12.42218,-12.42218,-12.42218,-12.42218,-12.42218,0.04150,-12.42218,-12.42218,-12.42218,-12.42218,-12.42218,-12.42218,-12.42218,0.04150,-45.0000,-45.0000,-10.0000,-10.0000,-30.0000,-30.0000,-30.0000,-30.0000,-45.0000,-45.0000,-10.0000,-10.0000,-30.0000,-30.0000,-30.0000,-30.0000,-54.000,-54.000,-28.000,-28.000,-10.000,-10.000,-10.000,-10.000,-54.000,-54.000,-28.000,-28.000,-10.000,-10.000,-10.000,-10.000,0.0,0.0,0.0,0.0,0.0,0.0,0.0,0.0,0.0,0.0,0.0,0.0,0.0,0.0,0.0,0.0
1790303541.301223,7.210,-12.42218,-12.42218,-12.42218,-12.42218,-12.42218,-12.42218,-12.42218,0.04150,-12.42218,-12.42218,-12.42218,-12.42218,-12.42218,-12.42218,-12.42218,0.04150,-45.0000,-45.0000,-10.0000,-10.0000,-30.0000,-30.0000,-30.0000,-30.0000,-45.0000,-45.0000,-10.0000,-10.0000,-30.0000,-30.0000,-30.0000,-30.0000,-54.000,-54.000,-28.000,-28.000,-10.000,-10.000,-10.000,-10.000,-54.000,-54.000,-28.000,-28.000,-10.000,-10.000,-10.000,-10.000,0.0,0.0,0.0,0.0,0.0,0.0,0.0,0.0,0.0,0.0,0.0,0.0,0.0,0.0,0.0,0.0
1790303541.310480,7.219,-12.42218,-12.42218,-12.42218,-12.42218,-12.42218,-12.42218,-12.42218,0.04150,-12.42218,-12.42218,-12.42218,-12.42218,-12.42218,-12.42218,-12.42218,0.04150,-45.0000,-45.0000,-10.0000,-10.0000,-30.0000,-30.0000,-30.0000,-30.0000,-45.0000,-45.0000,-10.0000,-10.0000,-30.0000,-30.0000,-30.0000,-30.0000,-54.000,-54.000,-28.000,-28.000,-10.000,-10.000,-10.000,-10.000,-54.000,-54.000,-28.000,-28.000,-10.000,-10.000,-10.000,-10.000,0.0,0.0,0.0,0.0,0.0,0.0,0.0,0.0,0.0,0.0,0.0,0.0,0.0,0.0,0.0,0.0
1790303541.320627,7.230,-12.42218,-12.42218,-12.42218,-12.42218,-12.42218,-12.42218,-12.42218,0.04150,-12.42218,-12.42218,-12.42218,-12.42218,-12.42218,-12.42218,-12.42218,0.04150,-45.0000,-45.0000,-10.0000,-10.0000,-30.0000,-30.0000,-30.0000,-30.0000,-45.0000,-45.0000,-10.0000,-10.0000,-30.0000,-30.0000,-30.0000,-30.0000,-54.000,-54.000,-28.000,-28.000,-10.000,-10.000,-10.000,-10.000,-54.000,-54.000,-28.000,-28.000,-10.000,-10.000,-10.000,-10.000,0.0,0.0,0.0,0.0,0.0,0.0,0.0,0.0,0.0,0.0,0.0,0.0,0.0,0.0,0.0,0.0
1790303541.330974,7.240,-12.42218,-12.42218,-12.42218,-12.42218,-12.42218,-12.42218,-12.42218,0.04150,-12.42218,-12.42218,-12.42218,-12.42218,-12.42218,-12.42218,-12.42218,0.04150,-45.0000,-45.0000,-10.0000,-10.0000,-30.0000,-30.0000,-30.0000,-30.0000,-45.0000,-45.0000,-10.0000,-10.0000,-30.0000,-30.0000,-30.0000,-30.0000,-54.000,-54.000,-28.000,-28.000,-10.000,-10.000,-10.000,-10.000,-54.000,-54.000,-28.000,-28.000,-10.000,-10.000,-10.000,-10.000,0.0,0.0,0.0,0.0,0.0,0.0,0.0,0.0,0.0,0.0,0.0,0.0,0.0,0.0,0.0,0.0
1790303541.394555,7.303,-12.42218,-12.42218,-12.42218,-12.42218,-12.42218,-12.42218,-12.42218,0.04150,-12.42218,-12.42218,-12.42218,-12.42218,-12.42218,-12.42218,-12.42218,0.04150,-45.0000,-45.0000,-10.0000,-10.0000,-30.0000,-30.0000,-30.0000,-30.0000,-45.0000,-45.0000,-10.0000,-10.0000,-30.0000,-30.0000,-30.0000,-30.0000,-54.000,-54.000,-28.000,-28.000,-10.000,-10.000,-10.000,-10.000,-54.000,-54.000,-28.000,-28.000,-10.000,-10.000,-10.000,-10.000,0.0,0.0,0.0,0.0,0.0,0.0,0.0,0.0,0.0,0.0,0.0,0.0,0.0,0.0,0.0,0.0
1790303541.402517,7.311,-12.42218,-12.42218,-12.42218,-12.42218,-12.42218,-12.42218,-12.42218,0.04150,-12.42218,-12.42218,-12.42218,-12.42218,-12.42218,-12.42218,-12.42218,0.04150,-45.0000,-45.0000,-10.0000,-10.0000,-30.0000,-30.0000,-30.0000,-30.0000,-45.0000,-45.0000,-10.0000,-10.0000,-30.0000,-30.0000,-30.0000,-30.0000,-54.000,-54.000,-28.000,-28.000,-10.000,-10.000,-10.000,-10.000,-54.000,-54.000,-28.000,-28.000,-10.000,-10.000,-10.000,-10.000,0.0,0.0,0.0,0.0,0.0,0.0,0.0,0.0,0.0,0.0,0.0,0.0,0.0,0.0,0.0,0.0
1790303541.406938,7.316,-12.42218,-12.42218,-12.42218,-12.42218,-12.42218,-12.42218,-12.42218,0.04150,-12.42218,-12.42218,-12.42218,-12.42218,-12.42218,-12.42218,-12.42218,0.04150,-45.0000,-45.0000,-10.0000,-10.0000,-30.0000,-30.0000,-30.0000,-30.0000,-45.0000,-45.0000,-10.0000,-10.0000,-30.0000,-30.0000,-30.0000,-30.0000,-54.000,-54.000,-28.000,-28.000,-10.000,-10.000,-10.000,-10.000,-54.000,-54.000,-28.000,-28.000,-10.000,-10.000,-10.000,-10.000,0.0,0.0,0.0,0.0,0.0,0.0,0.0,0.0,0.0,0.0,0.0,0.0,0.0,0.0,0.0,0.0
1790303541.409595,7.318,-12.42218,-12.42218,-12.42218,-12.42218,-12.42218,-12.42218,-12.42218,0.04150,-12.42218,-12.42218,-12.42218,-12.42218,-12.42218,-12.42218,-12.42218,0.04150,-45.0000,-45.0000,-10.0000,-10.0000,-30.0000,-30.0000,-30.0000,-30.0000,-45.0000,-45.0000,-10.0000,-10.0000,-30.0000,-30.0000,-30.0000,-30.0000,-54.000,-54.000,-28.000,-28.000,-10.000,-10.000,-10.000,-10.000,-54.000,-54.000,-28.000,-28.000,-10.000,-10.000,-10.000,-10.000,0.0,0.0,0.0,0.0,0.0,0.0,0.0,0.0,0.0,0.0,0.0,0.0,0.0,0.0,0.0,0.0
1790303541.415460,7.324,-12.42218,-12.42218,-12.42218,-12.42218,-12.42218,-12.42218,-12.42218,0.04150,-12.42218,-12.42218,-12.42218,-12.42218,-12.42218,-12.42218,-12.42218,0.04150,-45.0000,-45.0000,-10.0000,-10.0000,-30.0000,-30.0000,-30.0000,-30.0000,-45.0000,-45.0000,-10.0000,-10.0000,-30.0000,-30.0000,-30.0000,-30.0000,-54.000,-54.000,-28.000,-28.000,-10.000,-10.000,-10.000,-10.000,-54.000,-54.000,-28.000,-28.000,-10.000,-10.000,-10.000,-10.000,0.0,0.0,0.0,0.0,0.0,0.0,0.0,0.0,0.0,0.0,0.0,0.0,0.0,0.0,0.0,0.0
1790303541.419867,7.329,-12.42218,-12.42218,-12.42218,-12.42218,-12.42218,-12.42218,-12.42218,0.04150,-12.42218,-12.42218,-12.42218,-12.42218,-12.42218,-12.42218,-12.42218,0.04150,-45.0000,-45.0000,-10.0000,-10.0000,-30.0000,-30.0000,-30.0000,-30.0000,-45.0000,-45.0000,-10.0000,-10.0000,-30.0000,-30.0000,-30.0000,-30.0000,-54.000,-54.000,-28.000,-28.000,-10.000,-10.000,-10.000,-10.000,-54.000,-54.000,-28.000,-28.000,-10.000,-10.000,-10.000,-10.000,0.0,0.0,0.0,0.0,0.0,0.0,0.0,0.0,0.0,0.0,0.0,0.0,0.0,0.0,0.0,0.0
1790303541.422640,7.332,-12.42218,-12.42218,-12.42218,-12.42218,-12.42218,-12.42218,-12.42218,0.04150,-12.42218,-12.42218,-12.42218,-12.42218,-12.42218,-12.42218,-12.42218,0.04150,-45.0000,-45.0000,-10.0000,-10.0000,-30.0000,-30.0000,-30.0000,-30.0000,-45.0000,-45.0000,-10.0000,-10.0000,-30.0000,-30.0000,-30.0000,-30.0000,-54.000,-54.000,-28.000,-28.000,-10.000,-10.000,-10.000,-10.000,-54.000,-54.000,-28.000,-28.000,-10.000,-10.000,-10.000,-10.000,0.0,0.0,0.0,0.0,0.0,0.0,0.0,0.0,0.0,0.0,0.0,0.0,0.0,0.0,0.0,0.0
1790303541.427078,7.336,-12.42218,-12.42218,-12.42218,-12.42218,-12.42218,-12.42218,-12.42218,0.04150,-12.42218,-12.42218,-12.42218,-12.42218,-12.42218,-12.42218,-12.42218,0.04150,-45.0000,-45.0000,-10.0000,-10.0000,-30.0000,-30.0000,-30.0000,-30.0000,-45.0000,-45.0000,-10.0000,-10.0000,-30.0000,-30.0000,-30.0000,-30.0000,-54.000,-54.000,-28.000,-28.000,-10.000,-10.000,-10.000,-10.000,-54.000,-54.000,-28.000,-28.000,-10.000,-10.000,-10.000,-10.000,0.0,0.0,0.0,0.0,0.0,0.0,0.0,0.0,0.0,0.0,0.0,0.0,0.0,0.0,0.0,0.0
1790303541.441698,7.351,-12.42218,-12.42218,-12.42218,-12.42218,-12.42218,-12.42218,-12.42218,0.04150,-12.42218,-12.42218,-12.42218,-12.42218,-12.42218,-12.42218,-12.42218,0.04150,-45.0000,-45.0000,-10.0000,-10.0000,-30.0000,-30.0000,-30.0000,-30.0000,-45.0000,-45.0000,-10.0000,-10.0000,-30.0000,-30.0000,-30.0000,-30.0000,-54.000,-54.000,-28.000,-28.000,-10.000,-10.000,-10.000,-10.000,-54.000,-54.000,-28.000,-28.000,-10.000,-10.000,-10.000,-10.000,0.0,0.0,0.0,0.0,0.0,0.0,0.0,0.0,0.0,0.0,0.0,0.0,0.0,0.0,0.0,0.0
1790303541.457139,7.366,-12.42218,-12.42218,-12.42218,-12.42218,-12.42218,-12.42218,-12.42218,0.04150,-12.42218,-12.42218,-12.42218,-12.42218,-12.42218,-12.42218,-12.42218,0.04150,-45.0000,-45.0000,-10.0000,-10.0000,-30.0000,-30.0000,-30.0000,-30.0000,-45.0000,-45.0000,-10.0000,-10.0000,-30.0000,-30.0000,-30.0000,-30.0000,-54.000,-54.000,-28.000,-28.000,-10.000,-10.000,-10.000,-10.000,-54.000,-54.000,-28.000,-28.000,-10.000,-10.000,-10.000,-10.000,0.0,0.0,0.0,0.0,0.0,0.0,0.0,0.0,0.0,0.0,0.0,0.0,0.0,0.0,0.0,0.0
1790303541.460120,7.369,-12.42218,-12.42218,-12.42218,-12.42218,-12.42218,-12.42218,-12.42218,0.04150,-12.42218,-12.42218,-12.42218,-12.42218,-12.42218,-12.42218,-12.42218,0.04150,-45.0000,-45.0000,-10.0000,-10.0000,-30.0000,-30.0000,-30.0000,-30.0000,-45.0000,-45.0000,-10.0000,-10.0000,-30.0000,-30.0000,-30.0000,-30.0000,-54.000,-54.000,-28.000,-28.000,-10.000,-10.000,-10.000,-10.000,-54.000,-54.000,-28.000,-28.000,-10.000,-10.000,-10.000,-10.000,0.0,0.0,0.0,0.0,0.0,0.0,0.0,0.0,0.0,0.0,0.0,0.0,0.0,0.0,0.0,0.0
1790303541.462010,7.371,-12.42218,-12.42218,-12.42218,-12.42218,-12.42218,-12.42218,-12.42218,0.04150,-12.42218,-12.42218,-12.42218,-12.42218,-12.42218,-12.42218,-12.42218,0.04150,-45.0000,-45.0000,-10.0000,-10.0000,-30.0000,-30.0000,-30.0000,-30.0000,-45.0000,-45.0000,-10.0000,-10.0000,-30.0000,-30.0000,-30.0000,-30.0000,-54.000,-54.000,-28.000,-28.000,-10.000,-10.000,-10.000,-10.000,-54.000,-54.000,-28.000,-28.000,-10.000,-10.000,-10.000,-10.000,0.0,0.0,0.0,0.0,0.0,0.0,0.0,0.0,0.0,0.0,0.0,0.0,0.0,0.0,0.0,0.0
1790303541.462702,7.372,-12.42218,-12.42218,-12.42218,-12.42218,-12.42218,-12.42218,-12.42218,0.04150,-12.42218,-12.42218,-12.42218,-12.42218,-12.42218,-12.42218,-12.42218,0.04150,-45.0000,-45.0000,-10.0000,-10.0000,-30.0000,-30.0000,-30.0000,-30.0000,-45.0000,-45.0000,-10.0000,-10.0000,-30.0000,-30.0000,-30.0000,-30.0000,-54.000,-54.000,-28.000,-28.000,-10.000,-10.000,-10.000,-10.000,-54.000,-54.000,-28.000,-28.000,-10.000,-10.000,-10.000,-10.000,0.0,0.0,0.0,0.0,0.0,0.0,0.0,0.0,0.0,0.0,0.0,0.0,0.0,0.0,0.0,0.0
1790303541.475994,7.385,-12.42218,-12.42218,-12.42218,-12.42218,-12.42218,-12.42218,-12.42218,0.04150,-12.42218,-12.42218,-12.42218,-12.42218,-12.42218,-12.42218,-12.42218,0.04150,-45.0000,-45.0000,-10.0000,-10.0000,-30.0000,-30.0000,-30.0000,-30.0000,-45.0000,-45.0000,-10.0000,-10.0000,-30.0000,-30.0000,-30.0000,-30.0000,-54.000,-54.000,-28.000,-28.000,-10.000,-10.000,-10.000,-10.000,-54.000,-54.000,-28.000,-28.000,-10.000,-10.000,-10.000,-10.000,0.0,0.0,0.0,0.0,0.0,0.0,0.0,0.0,0.0,0.0,0.0,0.0,0.0,0.0,0.0,0.0
1790303541.481403,7.390,-12.42218,-12.42218,-12.42218,-12.42218,-12.42218,-12.42218,-12.42218,0.04150,-12.42218,-12.42218,-12.42218,-12.42218,-12.42218,-12.42218,-12.42218,0.04150,-45.0000,-45.0000,-10.0000,-10.0000,-30.0000,-30.0000,-30.0000,-30.0000,-45.0000,-45.0000,-10.0000,-10.0000,-30.0000,-30.0000,-30.0000,-30.0000,-54.000,-54.000,-28.000,-28.000,-10.000,-10.000,-10.000,-10.000,-54.000,-54.000,-28.000,-28.000,-10.000,-10.000,-10.000,-10.000,0.0,0.0,0.0,0.0,0.0,0.0,0.0,0.0,0.0,0.0,0.0,0.0,0.0,0.0,0.0,0.0
1790303541.490489,7.399,-12.42218,-12.42218,-12.42218,-12.42218,-12.42218,-12.42218,-12.42218,0.04150,-12.42218,-12.42218,-12.42218,-12.42218,-12.42218,-12.42218,-12.42218,0.04150,-45.0000,-45.0000,-10.0000,-10.0000,-30.0000,-30.0000,-30.0000,-30.0000,-45.0000,-45.0000,-10.0000,-10.0000,-30.0000,-30.0000,-30.0000,-30.0000,-54.000,-54.000,-28.000,-28.000,-10.000,-10.000,-10.000,-10.000,-54.000,-54.000,-28.000,-28.000,-10.000,-10.000,-10.000,-10.000,0.0,0.0,0.0,0.0,0.0,0.0,0.0,0.0,0.0,0.0,0.0,0.0,0.0,0.0,0.0,0.0
1790303541.500285,7.409,-12.42218,-12.42218,-12.42218,-12.42218,-12.42218,-12.42218,-12.42218,0.04150,-12.42218,-12.42218,-12.42218,-12.42218,-12.42218,-12.42218,-12.42218,0.04150,-45.0000,-45.0000,-10.0000,-10.0000,-30.0000,-30.0000,-30.0000,-30.0000,-45.0000,-45.0000,-10.0000,-10.0000,-30.0000,-30.0000,-30.0000,-30.0000,-54.000,-54.000,-28.000,-28.000,-10.000,-10.000,-10.000,-10.000,-54.000,-54.000,-28.000,-28.000,-10.000,-10.000,-10.000,-10.000,0.0,0.0,0.0,0.0,0.0,0.0,0.0,0.0,0.0,0.0,0.0,0.0,0.0,0.0,0.0,0.0
1790303541.510895,7.420,-12.42218,-12.42218,-12.42218,-12.42218,-12.42218,-12.42218,-12.42218,0.04150,-12.42218,-12.42218,-12.42218,-12.42218,-12.42218,-12.42218,-12.42218,0.04150,-45.0000,-45.0000,-10.0000,-10.0000,-30.0000,-30.0000,-30.0000,-30.0000,-45.0000,-45.0000,-10.0000,-10.0000,-30.0000,-30.0000,-30.0000,-30.0000,-54.000,-54.000,-28.000,-28.000,-10.000,-10.000,-10.000,-10.000,-54.000,-54.000,-28.000,-28.000,-10.000,-10.000,-10.000,-10.000,0.0,0.0,0.0,0.0,0.0,0.0,0.0,0.0,0.0,0.0,0.0,0.0,0.0,0.0,0.0,0.0
1790303541.520818,7.430,-12.42218,-12.42218,-12.42218,-12.42218,-12.42218,-12.42218,-12.42218,0.04150,-12.42218,-12.42218,-12.42218,-12.42218,-12.42218,-12.42218,-12.42218,0.04150,-45.0000,-45.0000,-10.0000,-10.0000,-30.0000,-30.0000,-30.0000,-30.0000,-45.0000,-45.0000,-10.0000,-10.0000,-30.0000,-30.0000,-30.0000,-30.0000,-54.000,-54.000,-28.000,-28.000,-10.000,-10.000,-10.000,-10.000,-54.000,-54.000,-28.000,-28.000,-10.000,-10.000,-10.000,-10.000,0.0,0.0,0.0,0.0,0.0,0.0,0.0,0.0,0.0,0.0,0.0,0.0,0.0,0.0,0.0,0.0
1790303541.530298,7.439,-12.42218,-12.42218,-12.42218,-12.42218,-12.42218,-12.42218,-12.42218,0.04150,-12.42218,-12.42218,-12.42218,-12.42218,-12.42218,-12.42218,-12.42218,0.04150,-45.0000,-45.0000,-10.0000,-10.0000,-30.0000,-30.0000,-30.0000,-30.0000,-45.0000,-45.0000,-10.0000,-10.0000,-30.0000,-30.0000,-30.0000,-30.0000,-54.000,-54.000,-28.000,-28.000,-10.000,-10.000,-10.000,-10.000,-54.000,-54.000,-28.000,-28.000,-10.000,-10.000,-10.000,-10.000,0.0,0.0,0.0,0.0,0.0,0.0,0.0,0.0,0.0,0.0,0.0,0.0,0.0,0.0,0.0,0.0
1790303541.540795,7.450,-12.42218,-12.42218,-12.42218,-12.42218,-12.42218,-12.42218,-12.42218,0.04150,-12.42218,-12.42218,-12.42218,-12.42218,-12.42218,-12.42218,-12.42218,0.04150,-45.0000,-45.0000,-10.0000,-10.0000,-30.0000,-30.0000,-30.0000,-30.0000,-45.0000,-45.0000,-10.0000,-10.0000,-30.0000,-30.0000,-30.0000,-30.0000,-54.000,-54.000,-28.000,-28.000,-10.000,-10.000,-10.000,-10.000,-54.000,-54.000,-28.000,-28.000,-10.000,-10.000,-10.000,-10.000,0.0,0.0,0.0,0.0,0.0,0.0,0.0,0.0,0.0,0.0,0.0,0.0,0.0,0.0,0.0,0.0
1790303541.550822,7.460,-12.42218,-12.42218,-12.42218,-12.42218,-12.42218,-12.42218,-12.42218,0.04150,-12.42218,-12.42218,-12.42218,-12.42218,-12.42218,-12.42218,-12.42218,0.04150,-45.0000,-45.0000,-10.0000,-10.0000,-30.0000,-30.0000,-30.0000,-30.0000,-45.0000,-45.0000,-10.0000,-10.0000,-30.0000,-30.0000,-30.0000,-30.0000,-54.000,-54.000,-28.000,-28.000,-10.000,-10.000,-10.000,-10.000,-54.000,-54.000,-28.000,-28.000,-10.000,-10.000,-10.000,-10.000,0.0,0.0,0.0,0.0,0.0,0.0,0.0,0.0,0.0,0.0,0.0,0.0,0.0,0.0,0.0,0.0
1790303541.560614,7.469,-12.42218,-12.42218,-12.42218,-12.42218,-12.42218,-12.42218,-12.42218,0.04150,-12.42218,-12.42218,-12.42218,-12.42218,-12.42218,-12.42218,-12.42218,0.04150,-45.0000,-45.0000,-10.0000,-10.0000,-30.0000,-30.0000,-30.0000,-30.0000,-45.0000,-45.0000,-10.0000,-10.0000,-30.0000,-30.0000,-30.0000,-30.0000,-54.000,-54.000,-28.000,-28.000,-10.000,-10.000,-10.000,-10.000,-54.000,-54.000,-28.000,-28.000,-10.000,-10.000,-10.000,-10.000,0.0,0.0,0.0,0.0,0.0,0.0,0.0,0.0,0.0,0.0,0.0,0.0,0.0,0.0,0.0,0.0
1790303541.570818,7.480,-12.42218,-12.42218,-12.42218,-12.42218,-12.42218,-12.42218,-12.42218,0.04150,-12.42218,-12.42218,-12.42218,-12.42218,-12.42218,-12.42218,-12.42218,0.04150,-45.0000,-45.0000,-10.0000,-10.0000,-30.0000,-30.0000,-30.0000,-30.0000,-45.0000,-45.0000,-10.0000,-10.0000,-30.0000,-30.0000,-30.0000,-30.0000,-54.000,-54.000,-28.000,-28.000,-10.000,-10.000,-10.000,-10.000,-54.000,-54.000,-28.000,-28.000,-10.000,-10.000,-10.000,-10.000,0.0,0.0,0.0,0.0,0.0,0.0,0.0,0.0,0.0,0.0,0.0,0.0,0.0,0.0,0.0,0.0
1790303541.580566,7.489,-12.42218,-12.42218,-12.42218,-12.42218,-12.42218,-12.42218,-12.42218,0.04150,-12.42218,-12.42218,-12.42218,-12.42218,-12.42218,-12.42218,-12.42218,0.04150,-45.0000,-45.0000,-10.0000,-10.0000,-30.0000,-30.0000,-30.0000,-30.0000,-45.0000,-45.0000,-10.0000,-10.0000,-30.0000,-30.0000,-30.0000,-30.0000,-54.000,-54.000,-28.000,-28.000,-10.000,-10.000,-10.000,-10.000,-54.000,-54.000,-28.000,-28.000,-10.000,-10.000,-10.000,-10.000,0.0,0.0,0.0,0.0,0.0,0.0,0.0,0.0,0.0,0.0,0.0,0.0,0.0,0.0,0.0,0.0
1790303541.590826,7.500,-12.42218,-12.42218,-12.42218,-12.42218,-12.42218,-12.42218,-12.42218,0.04150,-12.42218,-12.42218,-12.42218,-12.42218,-12.42218,-12.42218,-12.42218,0.04150,-45.0000,-45.0000,-10.0000,-10.0000,-30.0000,-30.0000,-30.0000,-30.0000,-45.0000,-45.0000,-10.0000,-10.0000,-30.0000,-30.0000,-30.0000,-30.0000,-54.000,-54.000,-28.000,-28.000,-10.000,-10.000,-10.000,-10.000,-54.000,-54.000,-28.000,-28.000,-10.000,-10.000,-10.000,-10.000,0.0,0.0,0.0,0.0,0.0,0.0,0.0,0.0,0.0,0.0,0.0,0.0,0.0,0.0,0.0,0.0
1790303541.600201,7.509,-12.42218,-12.42218,-12.42218,-12.42218,-12.42218,-12.42218,-12.42218,0.04150,-12.42218,-12.42218,-12.42218,-12.42218,-12.42218,-12.42218,-12.42218,0.04150,-45.0000,-45.0000,-10.0000,-10.0000,-30.0000,-30.0000,-30.0000,-30.0000,-45.0000,-45.0000,-10.0000,-10.0000,-30.0000,-30.0000,-30.0000,-30.0000,-54.000,-54.000,-28.000,-28.000,-10.000,-10.000,-10.000,-10.000,-54.000,-54.000,-28.000,-28.000,-10.000,-10.000,-10.000,-10.000,0.0,0.0,0.0,0.0,0.0,0.0,0.0,0.0,0.0,0.0,0.0,0.0,0.0,0.0,0.0,0.0
1790303541.610839,7.520,-12.42218,-12.42218,-12.42218,-12.42218,-12.42218,-12.42218,-12.42218,0.04150,-12.42218,-12.42218,-12.42218,-12.42218,-12.42218,-12.42218,-12.42218,0.04150,-45.0000,-45.0000,-10.0000,-10.0000,-30.0000,-30.0000,-30.0000,-30.0000,-45.0000,-45.0000,-10.0000,-10.0000,-30.0000,-30.0000,-30.0000,-30.0000,-54.000,-54.000,-28.000,-28.000,-10.000,-10.000,-10.000,-10.000,-54.000,-54.000,-28.000,-28.000,-10.000,-10.000,-10.000,-10.000,0.0,0.0,0.0,0.0,0.0,0.0,0.0,0.0,0.0,0.0,0.0,0.0,0.0,0.0,0.0,0.0
1790303541.620614,7.529,-12.42218,-12.42218,-12.42218,-12.42218,-12.42218,-12.42218,-12.42218,0.04150,-12.42218,-12.42218,-12.42218,-12.42218,-12.42218,-12.42218,-12.42218,0.04150,-45.0000,-45.0000,-10.0000,-10.0000,-30.0000,-30.0000,-30.0000,-30.0000,-45.0000,-45.0000,-10.0000,-10.0000,-30.0000,-30.0000,-30.0000,-30.0000,-54.000,-54.000,-28.000,-28.000,-10.000,-10.000,-10.000,-10.000,-54.000,-54.000,-28.000,-28.000,-10.000,-10.000,-10.000,-10.000,0.0,0.0,0.0,0.0,0.0,0.0,0.0,0.0,0.0,0.0,0.0,0.0,0.0,0.0,0.0,0.0
1790303541.630859,7.540,-12.42218,-12.42218,-12.42218,-12.42218,-12.42218,-12.42218,-12.42218,0.04150,-12.42218,-12.42218,-12.42218,-12.42218,-12.42218,-12.42218,-12.42218,0.04150,-45.0000,-45.0000,-10.0000,-10.0000,-30.0000,-30.0000,-30.0000,-30.0000,-45.0000,-45.0000,-10.0000,-10.0000,-30.0000,-30.0000,-30.0000,-30.0000,-54.000,-54.000,-28.000,-28.000,-10.000,-10.000,-10.000,-10.000,-54.000,-54.000,-28.000,-28.000,-10.000,-10.000,-10.000,-10.000,0.0,0.0,0.0,0.0,0.0,0.0,0.0,0.0,0.0,0.0,0.0,0.0,0.0,0.0,0.0,0.0
1790303541.640568,7.549,-12.42218,-12.42218,-12.42218,-12.42218,-12.42218,-12.42218,-12.42218,0.04150,-12.42218,-12.42218,-12.42218,-12.42218,-12.42218,-12.42218,-12.42218,0.04150,-45.0000,-45.0000,-10.0000,-10.0000,-30.0000,-30.0000,-30.0000,-30.0000,-45.0000,-45.0000,-10.0000,-10.0000,-30.0000,-30.0000,-30.0000,-30.0000,-54.000,-54.000,-28.000,-28.000,-10.000,-10.000,-10.000,-10.000,-54.000,-54.000,-28.000,-28.000,-10.000,-10.000,-10.000,-10.000,0.0,0.0,0.0,0.0,0.0,0.0,0.0,0.0,0.0,0.0,0.0,0.0,0.0,0.0,0.0,0.0
1790303541.650806,7.560,-12.42218,-12.42218,-12.42218,-12.42218,-12.42218,-12.42218,-12.42218,0.04150,-12.42218,-12.42218,-12.42218,-12.42218,-12.42218,-12.42218,-12.42218,0.04150,-45.0000,-45.0000,-10.0000,-10.0000,-30.0000,-30.0000,-30.0000,-30.0000,-45.0000,-45.0000,-10.0000,-10.0000,-30.0000,-30.0000,-30.0000,-30.0000,-54.000,-54.000,-28.000,-28.000,-10.000,-10.000,-10.000,-10.000,-54.000,-54.000,-28.000,-28.000,-10.000,-10.000,-10.000,-10.000,0.0,0.0,0.0,0.0,0.0,0.0,0.0,0.0,0.0,0.0,0.0,0.0,0.0,0.0,0.0,0.0
1790303541.660660,7.570,-12.42218,-12.42218,-12.42218,-12.42218,-12.42218,-12.42218,-12.42218,0.04150,-12.42218,-12.42218,-12.42218,-12.42218,-12.42218,-12.42218,-12.42218,0.04150,-45.0000,-45.0000,-10.0000,-10.0000,-30.0000,-30.0000,-30.0000,-30.0000,-45.0000,-45.0000,-10.0000,-10.0000,-30.0000,-30.0000,-30.0000,-30.0000,-54.000,-54.000,-28.000,-28.000,-10.000,-10.000,-10.000,-10.000,-54.000,-54.000,-28.000,-28.000,-10.000,-10.000,-10.000,-10.000,0.0,0.0,0.0,0.0,0.0,0.0,0.0,0.0,0.0,0.0,0.0,0.0,0.0,0.0,0.0,0.0
1790303541.670845,7.580,-12.42218,-12.42218,-12.42218,-12.42218,-12.42218,-12.42218,-12.42218,0.04150,-12.42218,-12.42218,-12.42218,-12.42218,-12.42218,-12.42218,-12.42218,0.04150,-45.0000,-45.0000,-10.0000,-10.0000,-30.0000,-30.0000,-30.0000,-30.0000,-45.0000,-45.0000,-10.0000,-10.0000,-30.0000,-30.0000,-30.0000,-30.0000,-54.000,-54.000,-28.000,-28.000,-10.000,-10.000,-10.000,-10.000,-54.000,-54.000,-28.000,-28.000,-10.000,-10.000,-10.000,-10.000,0.0,0.0,0.0,0.0,0.0,0.0,0.0,0.0,0.0,0.0,0.0,0.0,0.0,0.0,0.0,0.0
1790303541.682460,7.591,-12.42218,-12.42218,-12.42218,-12.42218,-12.42218,-12.42218,-12.42218,0.04150,-12.42218,-12.42218,-12.42218,-12.42218,-12.42218,-12.42218,-12.42218,0.04150,-45.0000,-45.0000,-10.0000,-10.0000,-30.0000,-30.0000,-30.0000,-30.0000,-45.0000,-45.0000,-10.0000,-10.0000,-30.0000,-30.0000,-30.0000,-30.0000,-54.000,-54.000,-28.000,-28.000,-10.000,-10.000,-10.000,-10.000,-54.000,-54.000,-28.000,-28.000,-10.000,-10.000,-10.000,-10.000,0.0,0.0,0.0,0.0,0.0,0.0,0.0,0.0,0.0,0.0,0.0,0.0,0.0,0.0,0.0,0.0
1790303541.690417,7.599,-12.42218,-12.42218,-12.42218,-12.42218,-12.42218,-12.42218,-12.42218,0.04150,-12.42218,-12.42218,-12.42218,-12.42218,-12.42218,-12.42218,-12.42218,0.04150,-45.0000,-45.0000,-10.0000,-10.0000,-30.0000,-30.0000,-30.0000,-30.0000,-45.0000,-45.0000,-10.0000,-10.0000,-30.0000,-30.0000,-30.0000,-30.0000,-54.000,-54.000,-28.000,-28.000,-10.000,-10.000,-10.000,-10.000,-54.000,-54.000,-28.000,-28.000,-10.000,-10.000,-10.000,-10.000,0.0,0.0,0.0,0.0,0.0,0.0,0.0,0.0,0.0,0.0,0.0,0.0,0.0,0.0,0.0,0.0
1790303541.700195,7.609,-12.42218,-12.42218,-12.42218,-12.42218,-12.42218,-12.42218,-12.42218,0.04150,-12.42218,-12.42218,-12.42218,-12.42218,-12.42218,-12.42218,-12.42218,0.04150,-45.0000,-45.0000,-10.0000,-10.0000,-30.0000,-30.0000,-30.0000,-30.0000,-45.0000,-45.0000,-10.0000,-10.0000,-30.0000,-30.0000,-30.0000,-30.0000,-54.000,-54.000,-28.000,-28.000,-10.000,-10.000,-10.000,-10.000,-54.000,-54.000,-28.000,-28.000,-10.000,-10.000,-10.000,-10.000,0.0,0.0,0.0,0.0,0.0,0.0,0.0,0.0,0.0,0.0,0.0,0.0,0.0,0.0,0.0,0.0
1790303541.711318,7.620,-12.42218,-12.42218,-12.42218,-12.42218,-12.42218,-12.42218,-12.42218,0.04150,-12.42218,-12.42218,-12.42218,-12.42218,-12.42218,-12.42218,-12.42218,0.04150,-45.0000,-45.0000,-10.0000,-10.0000,-30.0000,-30.0000,-30.0000,-30.0000,-45.0000,-45.0000,-10.0000,-10.0000,-30.0000,-30.0000,-30.0000,-30.0000,-54.000,-54.000,-28.000,-28.000,-10.000,-10.000,-10.000,-10.000,-54.000,-54.000,-28.000,-28.000,-10.000,-10.000,-10.000,-10.000,0.0,0.0,0.0,0.0,0.0,0.0,0.0,0.0,0.0,0.0,0.0,0.0,0.0,0.0,0.0,0.0
1790303541.721233,7.630,-12.42218,-12.42218,-12.42218,-12.42218,-12.42218,-12.42218,-12.42218,0.04150,-12.42218,-12.42218,-12.42218,-12.42218,-12.42218,-12.42218,-12.42218,0.04150,-45.0000,-45.0000,-10.0000,-10.0000,-30.0000,-30.0000,-30.0000,-30.0000,-45.0000,-45.0000,-10.0000,-10.0000,-30.0000,-30.0000,-30.0000,-30.0000,-54.000,-54.000,-28.000,-28.000,-10.000,-10.000,-10.000,-10.000,-54.000,-54.000,-28.000,-28.000,-10.000,-10.000,-10.000,-10.000,0.0,0.0,0.0,0.0,0.0,0.0,0.0,0.0,0.0,0.0,0.0,0.0,0.0,0.0,0.0,0.0
1790303541.730367,7.639,-12.42218,-12.42218,-12.42218,-12.42218,-12.42218,-12.42218,-12.42218,0.04150,-12.42218,-12.42218,-12.42218,-12.42218,-12.42218,-12.42218,-12.42218,0.04150,-45.0000,-45.0000,-10.0000,-10.0000,-30.0000,-30.0000,-30.0000,-30.0000,-45.0000,-45.0000,-10.0000,-10.0000,-30.0000,-30.0000,-30.0000,-30.0000,-54.000,-54.000,-28.000,-28.000,-10.000,-10.000,-10.000,-10.000,-54.000,-54.000,-28.000,-28.000,-10.000,-10.000,-10.000,-10.000,0.0,0.0,0.0,0.0,0.0,0.0,0.0,0.0,0.0,0.0,0.0,0.0,0.0,0.0,0.0,0.0
1790303541.740843,7.650,-12.42218,-12.42218,-12.42218,-12.42218,-12.42218,-12.42218,-12.42218,0.04150,-12.42218,-12.42218,-12.42218,-12.42218,-12.42218,-12.42218,-12.42218,0.04150,-45.0000,-45.0000,-10.0000,-10.0000,-30.0000,-30.0000,-30.0000,-30.0000,-45.0000,-45.0000,-10.0000,-10.0000,-30.0000,-30.0000,-30.0000,-30.0000,-54.000,-54.000,-28.000,-28.000,-10.000,-10.000,-10.000,-10.000,-54.000,-54.000,-28.000,-28.000,-10.000,-10.000,-10.000,-10.000,0.0,0.0,0.0,0.0,0.0,0.0,0.0,0.0,0.0,0.0,0.0,0.0,0.0,0.0,0.0,0.0
1790303541.750806,7.660,-12.42218,-12.42218,-12.42218,-12.42218,-12.42218,-12.42218,-12.42218,0.04150,-12.42218,-12.42218,-12.42218,-12.42218,-12.42218,-12.42218,-12.42218,0.04150,-45.0000,-45.0000,-10.0000,-10.0000,-30.0000,-30.0000,-30.0000,-30.0000,-45.0000,-45.0000,-10.0000,-10.0000,-30.0000,-30.0000,-30.0000,-30.0000,-54.000,-54.000,-28.000,-28.000,-10.000,-10.000,-10.000,-10.000,-54.000,-54.000,-28.000,-28.000,-10.000,-10.000,-10.000,-10.000,0.0,0.0,0.0,0.0,0.0,0.0,0.0,0.0,0.0,0.0,0.0,0.0,0.0,0.0,0.0,0.0
1790303541.760667,7.670,-12.42218,-12.42218,-12.42218,-12.42218,-12.42218,-12.42218,-12.42218,0.04150,-12.42218,-12.42218,-12.42218,-12.42218,-12.42218,-12.42218,-12.42218,0.04150,-45.0000,-45.0000,-10.0000,-10.0000,-30.0000,-30.0000,-30.0000,-30.0000,-45.0000,-45.0000,-10.0000,-10.0000,-30.0000,-30.0000,-30.0000,-30.0000,-54.000,-54.000,-28.000,-28.000,-10.000,-10.000,-10.000,-10.000,-54.000,-54.000,-28.000,-28.000,-10.000,-10.000,-10.000,-10.000,0.0,0.0,0.0,0.0,0.0,0.0,0.0,0.0,0.0,0.0,0.0,0.0,0.0,0.0,0.0,0.0
1790303541.771183,7.680,-12.42218,-12.42218,-12.42218,-12.42218,-12.42218,-12.42218,-12.42218,0.04150,-12.42218,-12.42218,-12.42218,-12.42218,-12.42218,-12.42218,-12.42218,0.04150,-45.0000,-45.0000,-10.0000,-10.0000,-30.0000,-30.0000,-30.0000,-30.0000,-45.0000,-45.0000,-10.0000,-10.0000,-30.0000,-30.0000,-30.0000,-30.0000,-54.000,-54.000,-28.000,-28.000,-10.000,-10.000,-10.000,-10.000,-54.000,-54.000,-28.000,-28.000,-10.000,-10.000,-10.000,-10.000,0.0,0.0,0.0,0.0,0.0,0.0,0.0,0.0,0.0,0.0,0.0,0.0,0.0,0.0,0.0,0.0
1790303541.780594,7.689,-12.42218,-12.42218,-12.42218,-12.42218,-12.42218,-12.42218,-12.42218,0.04150,-12.42218,-12.42218,-12.42218,-12.42218,-12.42218,-12.42218,-12.42218,0.04150,-45.0000,-45.0000,-10.0000,-10.0000,-30.0000,-30.0000,-30.0000,-30.0000,-45.0000,-45.0000,-10.0000,-10.0000,-30.0000,-30.0000,-30.0000,-30.0000,-54.000,-54.000,-28.000,-28.000,-10.000,-10.000,-10.000,-10.000,-54.000,-54.000,-28.000,-28.000,-10.000,-10.000,-10.000,-10.000,0.0,0.0,0.0,0.0,0.0,0.0,0.0,0.0,0.0,0.0,0.0,0.0,0.0,0.0,0.0,0.0
1790303541.790869,7.700,-12.42218,-12.42218,-12.42218,-12.42218,-12.42218,-12.42218,-12.42218,0.04150,-12.42218,-12.42218,-12.42218,-12.42218,-12.42218,-12.42218,-12.42218,0.04150,-45.0000,-45.0000,-10.0000,-10.0000,-30.0000,-30.0000,-30.0000,-30.0000,-45.0000,-45.0000,-10.0000,-10.0000,-30.0000,-30.0000,-30.0000,-30.0000,-54.000,-54.000,-28.000,-28.000,-10.000,-10.000,-10.000,-10.000,-54.000,-54.000,-28.000,-28.000,-10.000,-10.000,-10.000,-10.000,0.0,0.0,0.0,0.0,0.0,0.0,0.0,0.0,0.0,0.0,0.0,0.0,0.0,0.0,0.0,0.0
1790303541.800594,7.709,-12.42218,-12.42218,-12.42218,-12.42218,-12.42218,-12.42218,-12.42218,0.04150,-12.42218,-12.42218,-12.42218,-12.42218,-12.42218,-12.42218,-12.42218,0.04150,-45.0000,-45.0000,-10.0000,-10.0000,-30.0000,-30.0000,-30.0000,-30.0000,-45.0000,-45.0000,-10.0000,-10.0000,-30.0000,-30.0000,-30.0000,-30.0000,-54.000,-54.000,-28.000,-28.000,-10.000,-10.000,-10.000,-10.000,-54.000,-54.000,-28.000,-28.000,-10.000,-10.000,-10.000,-10.000,0.0,0.0,0.0,0.0,0.0,0.0,0.0,0.0,0.0,0.0,0.0,0.0,0.0,0.0,0.0,0.0
1790303541.810326,7.719,-12.42218,-12.42218,-12.42218,-12.42218,-12.42218,-12.42218,-12.42218,0.04150,-12.42218,-12.42218,-12.42218,-12.42218,-12.42218,-12.42218,-12.42218,0.04150,-45.0000,-45.0000,-10.0000,-10.0000,-30.0000,-30.0000,-30.0000,-30.0000,-45.0000,-45.0000,-10.0000,-10.0000,-30.0000,-30.0000,-30.0000,-30.0000,-54.000,-54.000,-28.000,-28.000,-10.000,-10.000,-10.000,-10.000,-54.000,-54.000,-28.000,-28.000,-10.000,-10.000,-10.000,-10.000,0.0,0.0,0.0,0.0,0.0,0.0,0.0,0.0,0.0,0.0,0.0,0.0,0.0,0.0,0.0,0.0
1790303541.821185,7.730,-12.42218,-12.42218,-12.42218,-12.42218,-12.42218,-12.42218,-12.42218,0.04150,-12.42218,-12.42218,-12.42218,-12.42218,-12.42218,-12.42218,-12.42218,0.04150,-45.0000,-45.0000,-10.0000,-10.0000,-30.0000,-30.0000,-30.0000,-30.0000,-45.0000,-45.0000,-10.0000,-10.0000,-30.0000,-30.0000,-30.0000,-30.0000,-54.000,-54.000,-28.000,-28.000,-10.000,-10.000,-10.000,-10.000,-54.000,-54.000,-28.000,-28.000,-10.000,-10.000,-10.000,-10.000,0.0,0.0,0.0,0.0,0.0,0.0,0.0,0.0,0.0,0.0,0.0,0.0,0.0,0.0,0.0,0.0
1790303541.830899,7.740,-12.42218,-12.42218,-12.42218,-12.42218,-12.42218,-12.42218,-12.42218,0.04150,-12.42218,-12.42218,-12.42218,-12.42218,-12.42218,-12.42218,-12.42218,0.04150,-45.0000,-45.0000,-10.0000,-10.0000,-30.0000,-30.0000,-30.0000,-30.0000,-45.0000,-45.0000,-10.0000,-10.0000,-30.0000,-30.0000,-30.0000,-30.0000,-54.000,-54.000,-28.000,-28.000,-10.000,-10.000,-10.000,-10.000,-54.000,-54.000,-28.000,-28.000,-10.000,-10.000,-10.000,-10.000,0.0,0.0,0.0,0.0,0.0,0.0,0.0,0.0,0.0,0.0,0.0,0.0,0.0,0.0,0.0,0.0
1790303541.840638,7.750,-12.42218,-12.42218,-12.42218,-12.42218,-12.42218,-12.42218,-12.42218,0.04150,-12.42218,-12.42218,-12.42218,-12.42218,-12.42218,-12.42218,-12.42218,0.04150,-45.0000,-45.0000,-10.0000,-10.0000,-30.0000,-30.0000,-30.0000,-30.0000,-45.0000,-45.0000,-10.0000,-10.0000,-30.0000,-30.0000,-30.0000,-30.0000,-54.000,-54.000,-28.000,-28.000,-10.000,-10.000,-10.000,-10.000,-54.000,-54.000,-28.000,-28.000,-10.000,-10.000,-10.000,-10.000,0.0,0.0,0.0,0.0,0.0,0.0,0.0,0.0,0.0,0.0,0.0,0.0,0.0,0.0,0.0,0.0
1790303541.850833,7.760,-12.42218,-12.42218,-12.42218,-12.42218,-12.42218,-12.42218,-12.42218,0.04150,-12.42218,-12.42218,-12.42218,-12.42218,-12.42218,-12.42218,-12.42218,0.04150,-45.0000,-45.0000,-10.0000,-10.0000,-30.0000,-30.0000,-30.0000,-30.0000,-45.0000,-45.0000,-10.0000,-10.0000,-30.0000,-30.0000,-30.0000,-30.0000,-54.000,-54.000,-28.000,-28.000,-10.000,-10.000,-10.000,-10.000,-54.000,-54.000,-28.000,-28.000,-10.000,-10.000,-10.000,-10.000,0.0,0.0,0.0,0.0,0.0,0.0,0.0,0.0,0.0,0.0,0.0,0.0,0.0,0.0,0.0,0.0
1790303541.860221,7.769,-12.42218,-12.42218,-12.42218,-12.42218,-12.42218,-12.42218,-12.42218,0.04150,-12.42218,-12.42218,-12.42218,-12.42218,-12.42218,-12.42218,-12.42218,0.04150,-45.0000,-45.0000,-10.0000,-10.0000,-30.0000,-30.0000,-30.0000,-30.0000,-45.0000,-45.0000,-10.0000,-10.0000,-30.0000,-30.0000,-30.0000,-30.0000,-54.000,-54.000,-28.000,-28.000,-10.000,-10.000,-10.000,-10.000,-54.000,-54.000,-28.000,-28.000,-10.000,-10.000,-10.000,-10.000,0.0,0.0,0.0,0.0,0.0,0.0,0.0,0.0,0.0,0.0,0.0,0.0,0.0,0.0,0.0,0.0
1790303541.870469,7.779,-12.42218,-12.42218,-12.42218,-12.42218,-12.42218,-12.42218,-12.42218,0.04150,-12.42218,-12.42218,-12.42218,-12.42218,-12.42218,-12.42218,-12.42218,0.04150,-45.0000,-45.0000,-10.0000,-10.0000,-30.0000,-30.0000,-30.0000,-30.0000,-45.0000,-45.0000,-10.0000,-10.0000,-30.0000,-30.0000,-30.0000,-30.0000,-54.000,-54.000,-28.000,-28.000,-10.000,-10.000,-10.000,-10.000,-54.000,-54.000,-28.000,-28.000,-10.000,-10.000,-10.000,-10.000,0.0,0.0,0.0,0.0,0.0,0.0,0.0,0.0,0.0,0.0,0.0,0.0,0.0,0.0,0.0,0.0
1790303541.880626,7.790,-12.42218,-12.42218,-12.42218,-12.42218,-12.42218,-12.42218,-12.42218,0.04150,-12.42218,-12.42218,-12.42218,-12.42218,-12.42218,-12.42218,-12.42218,0.04150,-45.0000,-45.0000,-10.0000,-10.0000,-30.0000,-30.0000,-30.0000,-30.0000,-45.0000,-45.0000,-10.0000,-10.0000,-30.0000,-30.0000,-30.0000,-30.0000,-54.000,-54.000,-28.000,-28.000,-10.000,-10.000,-10.000,-10.000,-54.000,-54.000,-28.000,-28.000,-10.000,-10.000,-10.000,-10.000,0.0,0.0,0.0,0.0,0.0,0.0,0.0,0.0,0.0,0.0,0.0,0.0,0.0,0.0,0.0,0.0
1790303541.890385,7.799,-12.42218,-12.42218,-12.42218,-12.42218,-12.42218,-12.42218,-12.42218,0.04150,-12.42218,-12.42218,-12.42218,-12.42218,-12.42218,-12.42218,-12.42218,0.04150,-45.0000,-45.0000,-10.0000,-10.0000,-30.0000,-30.0000,-30.0000,-30.0000,-45.0000,-45.0000,-10.0000,-10.0000,-30.0000,-30.0000,-30.0000,-30.0000,-54.000,-54.000,-28.000,-28.000,-10.000,-10.000,-10.000,-10.000,-54.000,-54.000,-28.000,-28.000,-10.000,-10.000,-10.000,-10.000,0.0,0.0,0.0,0.0,0.0,0.0,0.0,0.0,0.0,0.0,0.0,0.0,0.0,0.0,0.0,0.0
1790303541.900651,7.810,-12.42218,-12.42218,-12.42218,-12.42218,-12.42218,-12.42218,-12.42218,0.04150,-12.42218,-12.42218,-12.42218,-12.42218,-12.42218,-12.42218,-12.42218,0.04150,-45.0000,-45.0000,-10.0000,-10.0000,-30.0000,-30.0000,-30.0000,-30.0000,-45.0000,-45.0000,-10.0000,-10.0000,-30.0000,-30.0000,-30.0000,-30.0000,-54.000,-54.000,-28.000,-28.000,-10.000,-10.000,-10.000,-10.000,-54.000,-54.000,-28.000,-28.000,-10.000,-10.000,-10.000,-10.000,0.0,0.0,0.0,0.0,0.0,0.0,0.0,0.0,0.0,0.0,0.0,0.0,0.0,0.0,0.0,0.0
1790303541.911169,7.820,-12.42218,-12.42218,-12.42218,-12.42218,-12.42218,-12.42218,-12.42218,0.04150,-12.42218,-12.42218,-12.42218,-12.42218,-12.42218,-12.42218,-12.42218,0.04150,-45.0000,-45.0000,-10.0000,-10.0000,-30.0000,-30.0000,-30.0000,-30.0000,-45.0000,-45.0000,-10.0000,-10.0000,-30.0000,-30.0000,-30.0000,-30.0000,-54.000,-54.000,-28.000,-28.000,-10.000,-10.000,-10.000,-10.000,-54.000,-54.000,-28.000,-28.000,-10.000,-10.000,-10.000,-10.000,0.0,0.0,0.0,0.0,0.0,0.0,0.0,0.0,0.0,0.0,0.0,0.0,0.0,0.0,0.0,0.0
1790303541.920580,7.829,-12.42218,-12.42218,-12.42218,-12.42218,-12.42218,-12.42218,-12.42218,0.04150,-12.42218,-12.42218,-12.42218,-12.42218,-12.42218,-12.42218,-12.42218,0.04150,-45.0000,-45.0000,-10.0000,-10.0000,-30.0000,-30.0000,-30.0000,-30.0000,-45.0000,-45.0000,-10.0000,-10.0000,-30.0000,-30.0000,-30.0000,-30.0000,-54.000,-54.000,-28.000,-28.000,-10.000,-10.000,-10.000,-10.000,-54.000,-54.000,-28.000,-28.000,-10.000,-10.000,-10.000,-10.000,0.0,0.0,0.0,0.0,0.0,0.0,0.0,0.0,0.0,0.0,0.0,0.0,0.0,0.0,0.0,0.0
1790303541.930817,7.840,-12.42218,-12.42218,-12.42218,-12.42218,-12.42218,-12.42218,-12.42218,0.04150,-12.42218,-12.42218,-12.42218,-12.42218,-12.42218,-12.42218,-12.42218,0.04150,-45.0000,-45.0000,-10.0000,-10.0000,-30.0000,-30.0000,-30.0000,-30.0000,-45.0000,-45.0000,-10.0000,-10.0000,-30.0000,-30.0000,-30.0000,-30.0000,-54.000,-54.000,-28.000,-28.000,-10.000,-10.000,-10.000,-10.000,-54.000,-54.000,-28.000,-28.000,-10.000,-10.000,-10.000,-10.000,0.0,0.0,0.0,0.0,0.0,0.0,0.0,0.0,0.0,0.0,0.0,0.0,0.0,0.0,0.0,0.0
1790303541.940659,7.850,-12.42218,-12.42218,-12.42218,-12.42218,-12.42218,-12.42218,-12.42218,0.04150,-12.42218,-12.42218,-12.42218,-12.42218,-12.42218,-12.42218,-12.42218,0.04150,-45.0000,-45.0000,-10.0000,-10.0000,-30.0000,-30.0000,-30.0000,-30.0000,-45.0000,-45.0000,-10.0000,-10.0000,-30.0000,-30.0000,-30.0000,-30.0000,-54.000,-54.000,-28.000,-28.000,-10.000,-10.000,-10.000,-10.000,-54.000,-54.000,-28.000,-28.000,-10.000,-10.000,-10.000,-10.000,0.0,0.0,0.0,0.0,0.0,0.0,0.0,0.0,0.0,0.0,0.0,0.0,0.0,0.0,0.0,0.0
1790303541.950819,7.860,-12.42218,-12.42218,-12.42218,-12.42218,-12.42218,-12.42218,-12.42218,0.04150,-12.42218,-12.42218,-12.42218,-12.42218,-12.42218,-12.42218,-12.42218,0.04150,-45.0000,-45.0000,-10.0000,-10.0000,-30.0000,-30.0000,-30.0000,-30.0000,-45.0000,-45.0000,-10.0000,-10.0000,-30.0000,-30.0000,-30.0000,-30.0000,-54.000,-54.000,-28.000,-28.000,-10.000,-10.000,-10.000,-10.000,-54.000,-54.000,-28.000,-28.000,-10.000,-10.000,-10.000,-10.000,0.0,0.0,0.0,0.0,0.0,0.0,0.0,0.0,0.0,0.0,0.0,0.0,0.0,0.0,0.0,0.0
1790303541.960696,7.870,-12.42218,-12.42218,-12.42218,-12.42218,-12.42218,-12.42218,-12.42218,0.04150,-12.42218,-12.42218,-12.42218,-12.42218,-12.42218,-12.42218,-12.42218,0.04150,-45.0000,-45.0000,-10.0000,-10.0000,-30.0000,-30.0000,-30.0000,-30.0000,-45.0000,-45.0000,-10.0000,-10.0000,-30.0000,-30.0000,-30.0000,-30.0000,-54.000,-54.000,-28.000,-28.000,-10.000,-10.000,-10.000,-10.000,-54.000,-54.000,-28.000,-28.000,-10.000,-10.000,-10.000,-10.000,0.0,0.0,0.0,0.0,0.0,0.0,0.0,0.0,0.0,0.0,0.0,0.0,0.0,0.0,0.0,0.0
1790303541.970802,7.880,-12.42218,-12.42218,-12.42218,-12.42218,-12.42218,-12.42218,-12.42218,0.04150,-12.42218,-12.42218,-12.42218,-12.42218,-12.42218,-12.42218,-12.42218,0.04150,-45.0000,-45.0000,-10.0000,-10.0000,-30.0000,-30.0000,-30.0000,-30.0000,-45.0000,-45.0000,-10.0000,-10.0000,-30.0000,-30.0000,-30.0000,-30.0000,-54.000,-54.000,-28.000,-28.000,-10.000,-10.000,-10.000,-10.000,-54.000,-54.000,-28.000,-28.000,-10.000,-10.000,-10.000,-10.000,0.0,0.0,0.0,0.0,0.0,0.0,0.0,0.0,0.0,0.0,0.0,0.0,0.0,0.0,0.0,0.0
1790303541.980596,7.889,-12.42218,-12.42218,-12.42218,-12.42218,-12.42218,-12.42218,-12.42218,0.04150,-12.42218,-12.42218,-12.42218,-12.42218,-12.42218,-12.42218,-12.42218,0.04150,-45.0000,-45.0000,-10.0000,-10.0000,-30.0000,-30.0000,-30.0000,-30.0000,-45.0000,-45.0000,-10.0000,-10.0000,-30.0000,-30.0000,-30.0000,-30.0000,-54.000,-54.000,-28.000,-28.000,-10.000,-10.000,-10.000,-10.000,-54.000,-54.000,-28.000,-28.000,-10.000,-10.000,-10.000,-10.000,0.0,0.0,0.0,0.0,0.0,0.0,0.0,0.0,0.0,0.0,0.0,0.0,0.0,0.0,0.0,0.0
1790303541.990849,7.900,-12.42218,-12.42218,-12.42218,-12.42218,-12.42218,-12.42218,-12.42218,0.04150,-12.42218,-12.42218,-12.42218,-12.42218,-12.42218,-12.42218,-12.42218,0.04150,-45.0000,-45.0000,-10.0000,-10.0000,-30.0000,-30.0000,-30.0000,-30.0000,-45.0000,-45.0000,-10.0000,-10.0000,-30.0000,-30.0000,-30.0000,-30.0000,-54.000,-54.000,-28.000,-28.000,-10.000,-10.000,-10.000,-10.000,-54.000,-54.000,-28.000,-28.000,-10.000,-10.000,-10.000,-10.000,0.0,0.0,0.0,0.0,0.0,0.0,0.0,0.0,0.0,0.0,0.0,0.0,0.0,0.0,0.0,0.0
1790303542.000584,7.909,-12.42218,-12.42218,-12.42218,-12.42218,-12.42218,-12.42218,-12.42218,0.04150,-12.42218,-12.42218,-12.42218,-12.42218,-12.42218,-12.42218,-12.42218,0.04150,-45.0000,-45.0000,-10.0000,-10.0000,-30.0000,-30.0000,-30.0000,-30.0000,-45.0000,-45.0000,-10.0000,-10.0000,-30.0000,-30.0000,-30.0000,-30.0000,-54.000,-54.000,-28.000,-28.000,-10.000,-10.000,-10.000,-10.000,-54.000,-54.000,-28.000,-28.000,-10.000,-10.000,-10.000,-10.000,0.0,0.0,0.0,0.0,0.0,0.0,0.0,0.0,0.0,0.0,0.0,0.0,0.0,0.0,0.0,0.0
1790303542.010814,7.920,-12.42218,-12.42218,-12.42218,-12.42218,-12.42218,-12.42218,-12.42218,0.04150,-12.42218,-12.42218,-12.42218,-12.42218,-12.42218,-12.42218,-12.42218,0.04150,-45.0000,-45.0000,-10.0000,-10.0000,-30.0000,-30.0000,-30.0000,-30.0000,-45.0000,-45.0000,-10.0000,-10.0000,-30.0000,-30.0000,-30.0000,-30.0000,-54.000,-54.000,-28.000,-28.000,-10.000,-10.000,-10.000,-10.000,-54.000,-54.000,-28.000,-28.000,-10.000,-10.000,-10.000,-10.000,0.0,0.0,0.0,0.0,0.0,0.0,0.0,0.0,0.0,0.0,0.0,0.0,0.0,0.0,0.0,0.0
1790303542.020676,7.930,-12.42218,-12.42218,-12.42218,-12.42218,-12.42218,-12.42218,-12.42218,0.04150,-12.42218,-12.42218,-12.42218,-12.42218,-12.42218,-12.42218,-12.42218,0.04150,-45.0000,-45.0000,-10.0000,-10.0000,-30.0000,-30.0000,-30.0000,-30.0000,-45.0000,-45.0000,-10.0000,-10.0000,-30.0000,-30.0000,-30.0000,-30.0000,-54.000,-54.000,-28.000,-28.000,-10.000,-10.000,-10.000,-10.000,-54.000,-54.000,-28.000,-28.000,-10.000,-10.000,-10.000,-10.000,0.0,0.0,0.0,0.0,0.0,0.0,0.0,0.0,0.0,0.0,0.0,0.0,0.0,0.0,0.0,0.0
1790303542.030880,7.940,-12.42218,-12.42218,-12.42218,-12.42218,-12.42218,-12.42218,-12.42218,0.04150,-12.42218,-12.42218,-12.42218,-12.42218,-12.42218,-12.42218,-12.42218,0.04150,-45.0000,-45.0000,-10.0000,-10.0000,-30.0000,-30.0000,-30.0000,-30.0000,-45.0000,-45.0000,-10.0000,-10.0000,-30.0000,-30.0000,-30.0000,-30.0000,-54.000,-54.000,-28.000,-28.000,-10.000,-10.000,-10.000,-10.000,-54.000,-54.000,-28.000,-28.000,-10.000,-10.000,-10.000,-10.000,0.0,0.0,0.0,0.0,0.0,0.0,0.0,0.0,0.0,0.0,0.0,0.0,0.0,0.0,0.0,0.0
1790303542.040629,7.950,-12.42218,-12.42218,-12.42218,-12.42218,-12.42218,-12.42218,-12.42218,0.04150,-12.42218,-12.42218,-12.42218,-12.42218,-12.42218,-12.42218,-12.42218,0.04150,-45.0000,-45.0000,-10.0000,-10.0000,-30.0000,-30.0000,-30.0000,-30.0000,-45.0000,-45.0000,-10.0000,-10.0000,-30.0000,-30.0000,-30.0000,-30.0000,-54.000,-54.000,-28.000,-28.000,-10.000,-10.000,-10.000,-10.000,-54.000,-54.000,-28.000,-28.000,-10.000,-10.000,-10.000,-10.000,0.0,0.0,0.0,0.0,0.0,0.0,0.0,0.0,0.0,0.0,0.0,0.0,0.0,0.0,0.0,0.0
1790303542.050887,7.960,-12.42218,-12.42218,-12.42218,-12.42218,-12.42218,-12.42218,-12.42218,0.04150,-12.42218,-12.42218,-12.42218,-12.42218,-12.42218,-12.42218,-12.42218,0.04150,-45.0000,-45.0000,-10.0000,-10.0000,-30.0000,-30.0000,-30.0000,-30.0000,-45.0000,-45.0000,-10.0000,-10.0000,-30.0000,-30.0000,-30.0000,-30.0000,-54.000,-54.000,-28.000,-28.000,-10.000,-10.000,-10.000,-10.000,-54.000,-54.000,-28.000,-28.000,-10.000,-10.000,-10.000,-10.000,0.0,0.0,0.0,0.0,0.0,0.0,0.0,0.0,0.0,0.0,0.0,0.0,0.0,0.0,0.0,0.0
1790303542.060702,7.970,-12.42218,-12.42218,-12.42218,-12.42218,-12.42218,-12.42218,-12.42218,0.04150,-12.42218,-12.42218,-12.42218,-12.42218,-12.42218,-12.42218,-12.42218,0.04150,-45.0000,-45.0000,-10.0000,-10.0000,-30.0000,-30.0000,-30.0000,-30.0000,-45.0000,-45.0000,-10.0000,-10.0000,-30.0000,-30.0000,-30.0000,-30.0000,-54.000,-54.000,-28.000,-28.000,-10.000,-10.000,-10.000,-10.000,-54.000,-54.000,-28.000,-28.000,-10.000,-10.000,-10.000,-10.000,0.0,0.0,0.0,0.0,0.0,0.0,0.0,0.0,0.0,0.0,0.0,0.0,0.0,0.0,0.0,0.0
1790303542.071134,7.980,-12.42218,-12.42218,-12.42218,-12.42218,-12.42218,-12.42218,-12.42218,0.04150,-12.42218,-12.42218,-12.42218,-12.42218,-12.42218,-12.42218,-12.42218,0.04150,-45.0000,-45.0000,-10.0000,-10.0000,-30.0000,-30.0000,-30.0000,-30.0000,-45.0000,-45.0000,-10.0000,-10.0000,-30.0000,-30.0000,-30.0000,-30.0000,-54.000,-54.000,-28.000,-28.000,-10.000,-10.000,-10.000,-10.000,-54.000,-54.000,-28.000,-28.000,-10.000,-10.000,-10.000,-10.000,0.0,0.0,0.0,0.0,0.0,0.0,0.0,0.0,0.0,0.0,0.0,0.0,0.0,0.0,0.0,0.0
1790303542.080812,7.990,-12.42218,-12.42218,-12.42218,-12.42218,-12.42218,-12.42218,-12.42218,0.04150,-12.42218,-12.42218,-12.42218,-12.42218,-12.42218,-12.42218,-12.42218,0.04150,-45.0000,-45.0000,-10.0000,-10.0000,-30.0000,-30.0000,-30.0000,-30.0000,-45.0000,-45.0000,-10.0000,-10.0000,-30.0000,-30.0000,-30.0000,-30.0000,-54.000,-54.000,-28.000,-28.000,-10.000,-10.000,-10.000,-10.000,-54.000,-54.000,-28.000,-28.000,-10.000,-10.000,-10.000,-10.000,0.0,0.0,0.0,0.0,0.0,0.0,0.0,0.0,0.0,0.0,0.0,0.0,0.0,0.0,0.0,0.0
1790303542.090799,8.000,-12.42218,-12.42218,-12.42218,-12.42218,-12.42218,-12.42218,-12.42218,0.04150,-12.42218,-12.42218,-12.42218,-12.42218,-12.42218,-12.42218,-12.42218,0.04150,-45.0000,-45.0000,-10.0000,-10.0000,-30.0000,-30.0000,-30.0000,-30.0000,-45.0000,-45.0000,-10.0000,-10.0000,-30.0000,-30.0000,-30.0000,-30.0000,-54.000,-54.000,-28.000,-28.000,-10.000,-10.000,-10.000,-10.000,-54.000,-54.000,-28.000,-28.000,-10.000,-10.000,-10.000,-10.000,0.0,0.0,0.0,0.0,0.0,0.0,0.0,0.0,0.0,0.0,0.0,0.0,0.0,0.0,0.0,0.0
1790303542.101147,8.010,-12.42218,-12.42218,-12.42218,-12.42218,-12.42218,-12.42218,-12.42218,0.04150,-12.42218,-12.42218,-12.42218,-12.42218,-12.42218,-12.42218,-12.42218,0.04150,-45.0000,-45.0000,-10.0000,-10.0000,-30.0000,-30.0000,-30.0000,-30.0000,-45.0000,-45.0000,-10.0000,-10.0000,-30.0000,-30.0000,-30.0000,-30.0000,-54.000,-54.000,-28.000,-28.000,-10.000,-10.000,-10.000,-10.000,-54.000,-54.000,-28.000,-28.000,-10.000,-10.000,-10.000,-10.000,0.0,0.0,0.0,0.0,0.0,0.0,0.0,0.0,0.0,0.0,0.0,0.0,0.0,0.0,0.0,0.0
1790303542.110799,8.020,-12.42218,-12.42218,-12.42218,-12.42218,-12.42218,-12.42218,-12.42218,0.04150,-12.42218,-12.42218,-12.42218,-12.42218,-12.42218,-12.42218,-12.42218,0.04150,-45.0000,-45.0000,-10.0000,-10.0000,-30.0000,-30.0000,-30.0000,-30.0000,-45.0000,-45.0000,-10.0000,-10.0000,-30.0000,-30.0000,-30.0000,-30.0000,-54.000,-54.000,-28.000,-28.000,-10.000,-10.000,-10.000,-10.000,-54.000,-54.000,-28.000,-28.000,-10.000,-10.000,-10.000,-10.000,0.0,0.0,0.0,0.0,0.0,0.0,0.0,0.0,0.0,0.0,0.0,0.0,0.0,0.0,0.0,0.0
1790303542.120622,8.030,-12.42218,-12.42218,-12.42218,-12.42218,-12.42218,-12.42218,-12.42218,0.04150,-12.42218,-12.42218,-12.42218,-12.42218,-12.42218,-12.42218,-12.42218,0.04150,-45.0000,-45.0000,-10.0000,-10.0000,-30.0000,-30.0000,-30.0000,-30.0000,-45.0000,-45.0000,-10.0000,-10.0000,-30.0000,-30.0000,-30.0000,-30.0000,-54.000,-54.000,-28.000,-28.000,-10.000,-10.000,-10.000,-10.000,-54.000,-54.000,-28.000,-28.000,-10.000,-10.000,-10.000,-10.000,0.0,0.0,0.0,0.0,0.0,0.0,0.0,0.0,0.0,0.0,0.0,0.0,0.0,0.0,0.0,0.0
1790303542.130862,8.040,-12.42218,-12.42218,-12.42218,-12.42218,-12.42218,-12.42218,-12.42218,0.04150,-12.42218,-12.42218,-12.42218,-12.42218,-12.42218,-12.42218,-12.42218,0.04150,-45.0000,-45.0000,-10.0000,-10.0000,-30.0000,-30.0000,-30.0000,-30.0000,-45.0000,-45.0000,-10.0000,-10.0000,-30.0000,-30.0000,-30.0000,-30.0000,-54.000,-54.000,-28.000,-28.000,-10.000,-10.000,-10.000,-10.000,-54.000,-54.000,-28.000,-28.000,-10.000,-10.000,-10.000,-10.000,0.0,0.0,0.0,0.0,0.0,0.0,0.0,0.0,0.0,0.0,0.0,0.0,0.0,0.0,0.0,0.0
1790303542.140917,8.050,-12.42218,-12.42218,-12.42218,-12.42218,-12.42218,-12.42218,-12.42218,0.04150,-12.42218,-12.42218,-12.42218,-12.42218,-12.42218,-12.42218,-12.42218,0.04150,-45.0000,-45.0000,-10.0000,-10.0000,-30.0000,-30.0000,-30.0000,-27.6557,-45.0000,-45.0000,-10.0000,-10.0000,-30.0000,-30.0000,-30.0000,-30.0000,-54.000,-54.000,-28.000,-28.000,-10.000,-10.000,-10.000,-4.999,-54.000,-54.000,-28.000,-28.000,-10.000,-10.000,-10.000,-10.000,0.0,0.0,0.0,0.0,0.0,0.0,0.0,0.0,0.0,0.0,0.0,0.0,0.0,0.0,0.0,0.0
1790303542.150409,8.059,-12.42218,-12.42218,-12.42218,-12.42218,-12.42218,-12.42218,-12.42218,0.04150,-12.42218,-12.42218,-12.42218,-12.42218,-12.42218,-12.42218,-12.42218,0.04150,-45.0000,-45.0000,-10.0000,-10.0000,-30.0000,-30.0000,-30.0000,-30.0000,-45.0000,-45.0000,-10.0000,-10.0000,-30.0000,-30.0000,-30.0000,-30.0000,-54.000,-54.000,-28.000,-28.000,-10.000,-10.000,-10.000,-10.000,-54.000,-54.000,-28.000,-28.000,-10.000,-10.000,-10.000,-10.000,0.0,0.0,0.0,0.0,0.0,0.0,0.0,0.0,0.0,0.0,0.0,0.0,0.0,0.0,0.0,0.0
1790303542.160675,8.070,-12.42218,-12.42218,-12.42218,-12.42218,-12.42218,-12.42218,-12.42218,0.04150,-12.42218,-12.42218,-12.42218,-12.42218,-12.42218,-12.42218,-12.42218,0.04150,-45.0000,-45.0000,-10.0000,-10.0000,-30.0000,-30.0000,-30.0000,-30.0000,-45.0000,-45.0000,-10.0000,-10.0000,-30.0000,-30.0000,-30.0000,-30.0000,-54.000,-54.000,-28.000,-28.000,-10.000,-10.000,-10.000,-10.000,-54.000,-54.000,-28.000,-28.000,-10.000,-10.000,-10.000,-10.000,0.0,0.0,0.0,0.0,0.0,0.0,0.0,0.0,0.0,0.0,0.0,0.0,0.0,0.0,0.0,0.0
1790303542.170946,8.080,-12.42218,-12.42218,-12.42218,-12.42218,-12.42218,-12.42218,-12.42218,0.04150,-12.42218,-12.42218,-12.42218,-12.42218,-12.42218,-12.42218,-12.42218,0.04150,-45.0000,-45.0000,-10.0000,-10.0000,-30.0000,-30.0000,-30.0000,-30.0000,-45.0000,-45.0000,-10.0000,-10.0000,-30.0000,-30.0000,-30.0000,-30.0000,-54.000,-54.000,-28.000,-28.000,-10.000,-10.000,-10.000,-10.000,-54.000,-54.000,-28.000,-28.000,-10.000,-10.000,-10.000,-10.000,0.0,0.0,0.0,0.0,0.0,0.0,0.0,0.0,0.0,0.0,0.0,0.0,0.0,0.0,0.0,0.0
1790303542.180665,8.090,-12.42218,-12.42218,-12.42218,-12.42218,-12.42218,-12.42218,-12.42218,0.04150,-12.42218,-12.42218,-12.42218,-12.42218,-12.42218,-12.42218,-12.42218,0.04150,-45.0000,-45.0000,-10.0000,-10.0000,-30.0000,-30.0000,-30.0000,-30.0000,-45.0000,-45.0000,-10.0000,-10.0000,-30.0000,-30.0000,-30.0000,-30.0000,-54.000,-54.000,-28.000,-28.000,-10.000,-10.000,-10.000,-10.000,-54.000,-54.000,-28.000,-28.000,-10.000,-10.000,-10.000,-10.000,0.0,0.0,0.0,0.0,0.0,0.0,0.0,0.0,0.0,0.0,0.0,0.0,0.0,0.0,0.0,0.0
1790303542.190128,8.099,-12.42218,-12.42218,-12.42218,-12.42218,-12.42218,-12.42218,-12.42218,0.04150,-12.42218,-12.42218,-12.42218,-12.42218,-12.42218,-12.42218,-12.42218,0.04150,-45.0000,-45.0000,-10.0000,-10.0000,-30.0000,-30.0000,-30.0000,-30.0000,-45.0000,-45.0000,-10.0000,-10.0000,-30.0000,-30.0000,-30.0000,-30.0000,-54.000,-54.000,-28.000,-28.000,-10.000,-10.000,-10.000,-10.000,-54.000,-54.000,-28.000,-28.000,-10.000,-10.000,-10.000,-10.000,0.0,0.0,0.0,0.0,0.0,0.0,0.0,0.0,0.0,0.0,0.0,0.0,0.0,0.0,0.0,0.0
1790303542.200727,8.110,-12.42218,-12.42218,-12.42218,-12.42218,-12.42218,-12.42218,-12.42218,0.04150,-12.42218,-12.42218,-12.42218,-12.42218,-12.42218,-12.42218,-12.42218,0.04150,-45.0000,-45.0000,-10.0000,-10.0000,-30.0000,-30.0000,-30.0000,-30.0000,-45.0000,-45.0000,-10.0000,-10.0000,-30.0000,-30.0000,-30.0000,-27.6557,-54.000,-54.000,-28.000,-28.000,-10.000,-10.000,-10.000,-10.000,-54.000,-54.000,-28.000,-28.000,-10.000,-10.000,-10.000,-4.999,0.0,0.0,0.0,0.0,0.0,0.0,0.0,0.0,0.0,0.0,0.0,0.0,0.0,0.0,0.0,0.0
1790303542.210832,8.120,-12.42218,-12.42218,-12.42218,-12.42218,-12.42218,-12.42218,-12.42218,0.04150,-12.42218,-12.42218,-12.42218,-12.42218,-12.42218,-12.42218,-12.42218,0.04150,-45.0000,-45.0000,-10.0000,-10.0000,-30.0000,-30.0000,-30.0000,-30.0000,-45.0000,-45.0000,-10.0000,-10.0000,-30.0000,-30.0000,-30.0000,-27.6557,-54.000,-54.000,-28.000,-28.000,-10.000,-10.000,-10.000,-10.000,-54.000,-54.000,-28.000,-28.000,-10.000,-10.000,-10.000,-4.999,0.0,0.0,0.0,0.0,0.0,0.0,0.0,0.0,0.0,0.0,0.0,0.0,0.0,0.0,0.0,0.0
1790303542.220590,8.129,-12.42218,-12.42218,-12.42218,-12.42218,-12.42218,-12.42218,-12.42218,0.04150,-12.42218,-12.42218,-12.42218,-12.42218,-12.42218,-12.42218,-12.42218,0.04150,-45.0000,-45.0000,-10.0000,-10.0000,-30.0000,-30.0000,-30.0000,-30.0000,-45.0000,-45.0000,-10.0000,-10.0000,-30.0000,-30.0000,-30.0000,-27.6557,-54.000,-54.000,-28.000,-28.000,-10.000,-10.000,-10.000,-10.000,-54.000,-54.000,-28.000,-28.000,-10.000,-10.000,-10.000,-4.999,0.0,0.0,0.0,0.0,0.0,0.0,0.0,0.0,0.0,0.0,0.0,0.0,0.0,0.0,0.0,0.0
1790303542.232153,8.141,-12.42218,-12.42218,-12.42218,-12.42218,-12.42218,-12.42218,-12.42218,0.04150,-12.42218,-12.42218,-12.42218,-12.42218,-12.42218,-12.42218,-12.42218,0.04150,-45.0000,-45.0000,-10.0000,-10.0000,-30.0000,-30.0000,-30.0000,-30.0000,-45.0000,-45.0000,-10.0000,-10.0000,-30.0000,-30.0000,-30.0000,-30.0000,-54.000,-54.000,-28.000,-28.000,-10.000,-10.000,-10.000,-10.000,-54.000,-54.000,-28.000,-28.000,-10.000,-10.000,-10.000,-10.000,0.0,0.0,0.0,0.0,0.0,0.0,0.0,0.0,0.0,0.0,0.0,0.0,0.0,0.0,0.0,0.0
1790303542.240605,8.149,-12.42218,-12.42218,-12.42218,-12.42218,-12.42218,-12.42218,-12.42218,0.04150,-12.42218,-12.42218,-12.42218,-12.42218,-12.42218,-12.42218,-12.42218,0.04150,-45.0000,-45.0000,-10.0000,-10.0000,-30.0000,-30.0000,-30.0000,-30.0000,-45.0000,-45.0000,-10.0000,-10.0000,-30.0000,-30.0000,-30.0000,-30.0000,-54.000,-54.000,-28.000,-28.000,-10.000,-10.000,-10.000,-10.000,-54.000,-54.000,-28.000,-28.000,-10.000,-10.000,-10.000,-10.000,0.0,0.0,0.0,0.0,0.0,0.0,0.0,0.0,0.0,0.0,0.0,0.0,0.0,0.0,0.0,0.0
1790303542.250803,8.160,-12.42218,-12.42218,-12.42218,-12.42218,-12.42218,-12.42218,-12.42218,0.04150,-12.42218,-12.42218,-12.42218,-12.42218,-12.42218,-12.42218,-12.42218,0.04150,-45.0000,-45.0000,-10.0000,-10.0000,-30.0000,-30.0000,-30.0000,-30.0000,-45.0000,-45.0000,-10.0000,-10.0000,-30.0000,-30.0000,-30.0000,-30.0000,-54.000,-54.000,-28.000,-28.000,-10.000,-10.000,-10.000,-10.000,-54.000,-54.000,-28.000,-28.000,-10.000,-10.000,-10.000,-10.000,0.0,0.0,0.0,0.0,0.0,0.0,0.0,0.0,0.0,0.0,0.0,0.0,0.0,0.0,0.0,0.0
1790303542.260640,8.170,-12.42218,-12.42218,-12.42218,-12.42218,-12.42218,-12.42218,-12.42218,0.04150,-12.42218,-12.42218,-12.42218,-12.42218,-12.42218,-12.42218,-12.42218,0.04150,-45.0000,-45.0000,-10.0000,-10.0000,-30.0000,-30.0000,-30.0000,-30.0000,-45.0000,-45.0000,-10.0000,-10.0000,-30.0000,-30.0000,-30.0000,-30.0000,-54.000,-54.000,-28.000,-28.000,-10.000,-10.000,-10.000,-10.000,-54.000,-54.000,-28.000,-28.000,-10.000,-10.000,-10.000,-10.000,0.0,0.0,0.0,0.0,0.0,0.0,0.0,0.0,0.0,0.0,0.0,0.0,0.0,0.0,0.0,0.0
1790303542.270657,8.180,-12.42218,-12.42218,-12.42218,-12.42218,-12.42218,-12.42218,-12.42218,0.04150,-12.42218,-12.42218,-12.42218,-12.42218,-12.42218,-12.42218,-12.42218,0.04150,-45.0000,-45.0000,-10.0000,-10.0000,-30.0000,-30.0000,-30.0000,-30.0000,-45.0000,-45.0000,-10.0000,-10.0000,-30.0000,-30.0000,-30.0000,-30.0000,-54.000,-54.000,-28.000,-28.000,-10.000,-10.000,-10.000,-10.000,-54.000,-54.000,-28.000,-28.000,-10.000,-10.000,-10.000,-10.000,0.0,0.0,0.0,0.0,0.0,0.0,0.0,0.0,0.0,0.0,0.0,0.0,0.0,0.0,0.0,0.0
1790303542.280573,8.189,-12.42218,-12.42218,-12.42218,-12.42218,-12.42218,-12.42218,-12.42218,0.04150,-12.42218,-12.42218,-12.42218,-12.42218,-12.42218,-12.42218,-12.42218,0.04150,-45.0000,-45.0000,-10.0000,-10.0000,-30.0000,-30.0000,-30.0000,-30.0000,-45.0000,-45.0000,-10.0000,-10.0000,-30.0000,-30.0000,-30.0000,-30.0000,-54.000,-54.000,-28.000,-28.000,-10.000,-10.000,-10.000,-10.000,-54.000,-54.000,-28.000,-28.000,-10.000,-10.000,-10.000,-10.000,0.0,0.0,0.0,0.0,0.0,0.0,0.0,0.0,0.0,0.0,0.0,0.0,0.0,0.0,0.0,0.0
1790303542.291248,8.200,-12.42218,-12.42218,-12.42218,-12.42218,-12.42218,-12.42218,-12.42218,0.04150,-12.42218,-12.42218,-12.42218,-12.42218,-12.42218,-12.42218,-12.42218,0.04150,-45.0000,-45.0000,-10.0000,-10.0000,-30.0000,-30.0000,-30.0000,-30.0000,-45.0000,-45.0000,-10.0000,-10.0000,-30.0000,-30.0000,-30.0000,-30.0000,-54.000,-54.000,-28.000,-28.000,-10.000,-10.000,-10.000,-10.000,-54.000,-54.000,-28.000,-28.000,-10.000,-10.000,-10.000,-10.000,0.0,0.0,0.0,0.0,0.0,0.0,0.0,0.0,0.0,0.0,0.0,0.0,0.0,0.0,0.0,0.0
1790303542.300234,8.209,-12.42218,-12.42218,-12.42218,-12.42218,-12.42218,-12.42218,-12.42218,0.04150,-12.42218,-12.42218,-12.42218,-12.42218,-12.42218,-12.42218,-12.42218,0.04150,-45.0000,-45.0000,-10.0000,-10.0000,-30.0000,-30.0000,-30.0000,-30.0000,-45.0000,-45.0000,-10.0000,-10.0000,-30.0000,-30.0000,-30.0000,-30.0000,-54.000,-54.000,-28.000,-28.000,-10.000,-10.000,-10.000,-10.000,-54.000,-54.000,-28.000,-28.000,-10.000,-10.000,-10.000,-10.000,0.0,0.0,0.0,0.0,0.0,0.0,0.0,0.0,0.0,0.0,0.0,0.0,0.0,0.0,0.0,0.0
1790303542.310915,8.220,-12.42218,-12.42218,-12.42218,-12.42218,-12.42218,-12.42218,-12.42218,0.04150,-12.42218,-12.42218,-12.42218,-12.42218,-12.42218,-12.42218,-12.42218,0.04150,-45.0000,-45.0000,-10.0000,-10.0000,-30.0000,-30.0000,-30.0000,-30.0000,-45.0000,-45.0000,-10.0000,-10.0000,-30.0000,-30.0000,-30.0000,-30.0000,-54.000,-54.000,-28.000,-28.000,-10.000,-10.000,-10.000,-10.000,-54.000,-54.000,-28.000,-28.000,-10.000,-10.000,-10.000,-10.000,0.0,0.0,0.0,0.0,0.0,0.0,0.0,0.0,0.0,0.0,0.0,0.0,0.0,0.0,0.0,0.0
1790303542.320685,8.230,-12.42218,-12.42218,-12.42218,-12.42218,-12.42218,-12.42218,-12.42218,0.04150,-12.42218,-12.42218,-12.42218,-12.42218,-12.42218,-12.42218,-12.42218,0.04150,-45.0000,-45.0000,-10.0000,-10.0000,-30.0000,-30.0000,-30.0000,-30.0000,-45.0000,-45.0000,-10.0000,-10.0000,-30.0000,-30.0000,-30.0000,-30.0000,-54.000,-54.000,-28.000,-28.000,-10.000,-10.000,-10.000,-10.000,-54.000,-54.000,-28.000,-28.000,-10.000,-10.000,-10.000,-10.000,0.0,0.0,0.0,0.0,0.0,0.0,0.0,0.0,0.0,0.0,0.0,0.0,0.0,0.0,0.0,0.0
1790303542.330830,8.240,-12.42218,-12.42218,-12.42218,-12.42218,-12.42218,-12.42218,-12.42218,0.04150,-12.42218,-12.42218,-12.42218,-12.42218,-12.42218,-12.42218,-12.42218,0.04150,-45.0000,-45.0000,-10.0000,-10.0000,-30.0000,-30.0000,-30.0000,-30.0000,-45.0000,-45.0000,-10.0000,-10.0000,-30.0000,-30.0000,-30.0000,-30.0000,-54.000,-54.000,-28.000,-28.000,-10.000,-10.000,-10.000,-10.000,-54.000,-54.000,-28.000,-28.000,-10.000,-10.000,-10.000,-10.000,0.0,0.0,0.0,0.0,0.0,0.0,0.0,0.0,0.0,0.0,0.0,0.0,0.0,0.0,0.0,0.0
1790303542.340981,8.250,-12.42218,-12.42218,-12.42218,-12.42218,-12.42218,-12.42218,-12.42218,0.04150,-12.42218,-12.42218,-12.42218,-12.42218,-12.42218,-12.42218,-12.42218,0.04150,-45.0000,-45.0000,-10.0000,-10.0000,-30.0000,-30.0000,-30.0000,-30.0000,-45.0000,-45.0000,-10.0000,-10.0000,-30.0000,-30.0000,-30.0000,-30.0000,-54.000,-54.000,-28.000,-28.000,-10.000,-10.000,-10.000,-10.000,-54.000,-54.000,-28.000,-28.000,-10.000,-10.000,-10.000,-10.000,0.0,0.0,0.0,0.0,0.0,0.0,0.0,0.0,0.0,0.0,0.0,0.0,0.0,0.0,0.0,0.0
1790303542.350440,8.259,-12.42218,-12.42218,-12.42218,-12.42218,-12.42218,-12.42218,-12.42218,0.04150,-12.42218,-12.42218,-12.42218,-12.42218,-12.42218,-12.42218,-12.42218,0.04150,-45.0000,-45.0000,-10.0000,-10.0000,-30.0000,-30.0000,-30.0000,-30.0000,-45.0000,-45.0000,-10.0000,-10.0000,-30.0000,-30.0000,-30.0000,-30.0000,-54.000,-54.000,-28.000,-28.000,-10.000,-10.000,-10.000,-10.000,-54.000,-54.000,-28.000,-28.000,-10.000,-10.000,-10.000,-10.000,0.0,0.0,0.0,0.0,0.0,0.0,0.0,0.0,0.0,0.0,0.0,0.0,0.0,0.0,0.0,0.0
1790303542.360696,8.270,-12.42218,-12.42218,-12.42218,-12.42218,-12.42218,-12.42218,-12.42218,0.04150,-12.42218,-12.42218,-12.42218,-12.42218,-12.42218,-12.42218,-12.42218,0.04150,-45.0000,-45.0000,-10.0000,-10.0000,-30.0000,-30.0000,-30.0000,-30.0000,-45.0000,-45.0000,-10.0000,-10.0000,-30.0000,-30.0000,-30.0000,-30.0000,-54.000,-54.000,-28.000,-28.000,-10.000,-10.000,-10.000,-10.000,-54.000,-54.000,-28.000,-28.000,-10.000,-10.000,-10.000,-10.000,0.0,0.0,0.0,0.0,0.0,0.0,0.0,0.0,0.0,0.0,0.0,0.0,0.0,0.0,0.0,0.0
1790303542.371080,8.280,-12.42218,-12.42218,-12.42218,-12.42218,-12.42218,-12.42218,-12.42218,0.04150,-12.42218,-12.42218,-12.42218,-12.42218,-12.42218,-12.42218,-12.42218,0.04150,-45.0000,-45.0000,-10.0000,-10.0000,-30.0000,-30.0000,-30.0000,-30.0000,-45.0000,-45.0000,-10.0000,-10.0000,-30.0000,-30.0000,-30.0000,-30.0000,-54.000,-54.000,-28.000,-28.000,-10.000,-10.000,-10.000,-10.000,-54.000,-54.000,-28.000,-28.000,-10.000,-10.000,-10.000,-10.000,0.0,0.0,0.0,0.0,0.0,0.0,0.0,0.0,0.0,0.0,0.0,0.0,0.0,0.0,0.0,0.0
1790303542.381327,8.290,-12.42218,-12.42218,-12.42218,-12.42218,-12.42218,-12.42218,-12.42218,0.04150,-12.42218,-12.42218,-12.42218,-12.42218,-12.42218,-12.42218,-12.42218,0.04150,-45.0000,-45.0000,-10.0000,-10.0000,-30.0000,-30.0000,-30.0000,-30.0000,-45.0000,-45.0000,-10.0000,-10.0000,-30.0000,-30.0000,-30.0000,-30.0000,-54.000,-54.000,-28.000,-28.000,-10.000,-10.000,-10.000,-10.000,-54.000,-54.000,-28.000,-28.000,-10.000,-10.000,-10.000,-10.000,0.0,0.0,0.0,0.0,0.0,0.0,0.0,0.0,0.0,0.0,0.0,0.0,0.0,0.0,0.0,0.0
1790303542.390566,8.299,-12.42218,-12.42218,-12.42218,-12.42218,-12.42218,-12.42218,-12.42218,0.04150,-12.42218,-12.42218,-12.42218,-12.42218,-12.42218,-12.42218,-12.42218,0.04150,-45.0000,-45.0000,-10.0000,-10.0000,-30.0000,-30.0000,-30.0000,-30.0000,-45.0000,-45.0000,-10.0000,-10.0000,-30.0000,-30.0000,-30.0000,-30.0000,-54.000,-54.000,-28.000,-28.000,-10.000,-10.000,-10.000,-10.000,-54.000,-54.000,-28.000,-28.000,-10.000,-10.000,-10.000,-10.000,0.0,0.0,0.0,0.0,0.0,0.0,0.0,0.0,0.0,0.0,0.0,0.0,0.0,0.0,0.0,0.0
1790303542.400866,8.310,-12.42218,-12.42218,-12.42218,-12.42218,-12.42218,-12.42218,-12.42218,0.04150,-12.42218,-12.42218,-12.42218,-12.42218,-12.42218,-12.42218,-12.42218,0.04150,-45.0000,-45.0000,-10.0000,-10.0000,-30.0000,-30.0000,-30.0000,-30.0000,-45.0000,-45.0000,-10.0000,-10.0000,-30.0000,-30.0000,-30.0000,-30.0000,-54.000,-54.000,-28.000,-28.000,-10.000,-10.000,-10.000,-10.000,-54.000,-54.000,-28.000,-28.000,-10.000,-10.000,-10.000,-10.000,0.0,0.0,0.0,0.0,0.0,0.0,0.0,0.0,0.0,0.0,0.0,0.0,0.0,0.0,0.0,0.0
1790303542.411284,8.320,-12.42218,-12.42218,-12.42218,-12.42218,-12.42218,-12.42218,-12.42218,0.04150,-12.42218,-12.42218,-12.42218,-12.42218,-12.42218,-12.42218,-12.42218,0.04150,-45.0000,-45.0000,-10.0000,-10.0000,-30.0000,-30.0000,-30.0000,-30.0000,-45.0000,-45.0000,-10.0000,-10.0000,-30.0000,-30.0000,-30.0000,-30.0000,-54.000,-54.000,-28.000,-28.000,-10.000,-10.000,-10.000,-10.000,-54.000,-54.000,-28.000,-28.000,-10.000,-10.000,-10.000,-10.000,0.0,0.0,0.0,0.0,0.0,0.0,0.0,0.0,0.0,0.0,0.0,0.0,0.0,0.0,0.0,0.0
1790303542.420696,8.330,-12.42218,-12.42218,-12.42218,-12.42218,-12.42218,-12.42218,-12.42218,0.04150,-12.42218,-12.42218,-12.42218,-12.42218,-12.42218,-12.42218,-12.42218,0.04150,-45.0000,-45.0000,-10.0000,-10.0000,-30.0000,-30.0000,-30.0000,-30.0000,-45.0000,-45.0000,-10.0000,-10.0000,-30.0000,-30.0000,-30.0000,-30.0000,-54.000,-54.000,-28.000,-28.000,-10.000,-10.000,-10.000,-10.000,-54.000,-54.000,-28.000,-28.000,-10.000,-10.000,-10.000,-10.000,0.0,0.0,0.0,0.0,0.0,0.0,0.0,0.0,0.0,0.0,0.0,0.0,0.0,0.0,0.0,0.0
1790303542.433587,8.342,-12.42218,-12.42218,-12.42218,-12.42218,-12.42218,-12.42218,-12.42218,0.04150,-12.42218,-12.42218,-12.42218,-12.42218,-12.42218,-12.42218,-12.42218,0.04150,-45.0000,-45.0000,-10.0000,-10.0000,-30.0000,-30.0000,-30.0000,-30.0000,-45.0000,-45.0000,-10.0000,-10.0000,-30.0000,-30.0000,-30.0000,-30.0000,-54.000,-54.000,-28.000,-28.000,-10.000,-10.000,-10.000,-10.000,-54.000,-54.000,-28.000,-28.000,-10.000,-10.000,-10.000,-10.000,0.0,0.0,0.0,0.0,0.0,0.0,0.0,0.0,0.0,0.0,0.0,0.0,0.0,0.0,0.0,0.0
1790303542.440670,8.350,-12.42218,-12.42218,-12.42218,-12.42218,-12.42218,-12.42218,-12.42218,0.04150,-12.42218,-12.42218,-12.42218,-12.42218,-12.42218,-12.42218,-12.42218,0.04150,-45.0000,-45.0000,-10.0000,-10.0000,-30.0000,-30.0000,-30.0000,-30.0000,-45.0000,-45.0000,-10.0000,-10.0000,-30.0000,-30.0000,-30.0000,-30.0000,-54.000,-54.000,-28.000,-28.000,-10.000,-10.000,-10.000,-10.000,-54.000,-54.000,-28.000,-28.000,-10.000,-10.000,-10.000,-10.000,0.0,0.0,0.0,0.0,0.0,0.0,0.0,0.0,0.0,0.0,0.0,0.0,0.0,0.0,0.0,0.0
1790303542.450986,8.360,-12.42218,-12.42218,-12.42218,-12.42218,-12.42218,-12.42218,-12.42218,0.04150,-12.42218,-12.42218,-12.42218,-12.42218,-12.42218,-12.42218,-12.42218,0.04150,-45.0000,-45.0000,-10.0000,-10.0000,-30.0000,-30.0000,-30.0000,-30.0000,-45.0000,-45.0000,-10.0000,-10.0000,-30.0000,-30.0000,-30.0000,-30.0000,-54.000,-54.000,-28.000,-28.000,-10.000,-10.000,-10.000,-10.000,-54.000,-54.000,-28.000,-28.000,-10.000,-10.000,-10.000,-10.000,0.0,0.0,0.0,0.0,0.0,0.0,0.0,0.0,0.0,0.0,0.0,0.0,0.0,0.0,0.0,0.0
1790303542.460706,8.370,-12.42218,-12.42218,-12.42218,-12.42218,-12.42218,-12.42218,-12.42218,0.04150,-12.42218,-12.42218,-12.42218,-12.42218,-12.42218,-12.42218,-12.42218,0.04150,-45.0000,-45.0000,-10.0000,-10.0000,-30.0000,-30.0000,-30.0000,-30.0000,-45.0000,-45.0000,-10.0000,-10.0000,-30.0000,-30.0000,-30.0000,-30.0000,-54.000,-54.000,-28.000,-28.000,-10.000,-10.000,-10.000,-10.000,-54.000,-54.000,-28.000,-28.000,-10.000,-10.000,-10.000,-10.000,0.0,0.0,0.0,0.0,0.0,0.0,0.0,0.0,0.0,0.0,0.0,0.0,0.0,0.0,0.0,0.0
1790303542.472990,8.382,-12.42218,-12.42218,-12.42218,-12.42218,-12.42218,-12.42218,-12.42218,0.04150,-12.42218,-12.42218,-12.42218,-12.42218,-12.42218,-12.42218,-12.42218,0.04150,-45.0000,-45.0000,-10.0000,-10.0000,-30.0000,-30.0000,-30.0000,-30.0000,-45.0000,-45.0000,-10.0000,-10.0000,-30.0000,-30.0000,-30.0000,-30.0000,-54.000,-54.000,-28.000,-28.000,-10.000,-10.000,-10.000,-10.000,-54.000,-54.000,-28.000,-28.000,-10.000,-10.000,-10.000,-10.000,0.0,0.0,0.0,0.0,0.0,0.0,0.0,0.0,0.0,0.0,0.0,0.0,0.0,0.0,0.0,0.0
1790303542.480736,8.390,-12.42218,-12.42218,-12.42218,-12.42218,-12.42218,-12.42218,-12.42218,0.04150,-12.42218,-12.42218,-12.42218,-12.42218,-12.42218,-12.42218,-12.42218,0.04150,-45.0000,-45.0000,-10.0000,-10.0000,-30.0000,-30.0000,-30.0000,-30.0000,-45.0000,-45.0000,-10.0000,-10.0000,-30.0000,-30.0000,-30.0000,-30.0000,-54.000,-54.000,-28.000,-28.000,-10.000,-10.000,-10.000,-10.000,-54.000,-54.000,-28.000,-28.000,-10.000,-10.000,-10.000,-10.000,0.0,0.0,0.0,0.0,0.0,0.0,0.0,0.0,0.0,0.0,0.0,0.0,0.0,0.0,0.0,0.0
1790303542.490944,8.400,-12.42218,-12.42218,-12.42218,-12.42218,-12.42218,-12.42218,-12.42218,0.04150,-12.42218,-12.42218,-12.42218,-12.42218,-12.42218,-12.42218,-12.42218,0.04150,-45.0000,-45.0000,-10.0000,-10.0000,-30.0000,-30.0000,-30.0000,-30.0000,-45.0000,-45.0000,-10.0000,-10.0000,-30.0000,-30.0000,-30.0000,-30.0000,-54.000,-54.000,-28.000,-28.000,-10.000,-10.000,-10.000,-10.000,-54.000,-54.000,-28.000,-28.000,-10.000,-10.000,-10.000,-10.000,0.0,0.0,0.0,0.0,0.0,0.0,0.0,0.0,0.0,0.0,0.0,0.0,0.0,0.0,0.0,0.0
1790303542.504514,8.413,-12.42218,-12.42218,-12.42218,-12.42218,-12.42218,-12.42218,-12.42218,0.04150,-12.42218,-12.42218,-12.42218,-12.42218,-12.42218,-12.42218,-12.42218,0.04150,-45.0000,-45.0000,-10.0000,-10.0000,-30.0000,-30.0000,-30.0000,-30.0000,-45.0000,-45.0000,-10.0000,-10.0000,-30.0000,-30.0000,-30.0000,-30.0000,-54.000,-54.000,-28.000,-28.000,-10.000,-10.000,-10.000,-10.000,-54.000,-54.000,-28.000,-28.000,-10.000,-10.000,-10.000,-10.000,0.0,0.0,0.0,0.0,0.0,0.0,0.0,0.0,0.0,0.0,0.0,0.0,0.0,0.0,0.0,0.0
1790303542.511731,8.421,-12.42218,-12.42218,-12.42218,-12.42218,-12.42218,-12.42218,-12.42218,0.04150,-12.42218,-12.42218,-12.42218,-12.42218,-12.42218,-12.42218,-12.42218,0.04150,-45.0000,-45.0000,-10.0000,-10.0000,-30.0000,-30.0000,-30.0000,-30.0000,-45.0000,-45.0000,-10.0000,-10.0000,-30.0000,-30.0000,-30.0000,-30.0000,-54.000,-54.000,-28.000,-28.000,-10.000,-10.000,-10.000,-10.000,-54.000,-54.000,-28.000,-28.000,-10.000,-10.000,-10.000,-10.000,0.0,0.0,0.0,0.0,0.0,0.0,0.0,0.0,0.0,0.0,0.0,0.0,0.0,0.0,0.0,0.0
1790303542.520823,8.430,-12.42218,-12.42218,-12.42218,-12.42218,-12.42218,-12.42218,-12.42218,0.04150,-12.42218,-12.42218,-12.42218,-12.42218,-12.42218,-12.42218,-12.42218,0.04150,-45.0000,-45.0000,-10.0000,-10.0000,-30.0000,-30.0000,-30.0000,-30.0000,-45.0000,-45.0000,-10.0000,-10.0000,-30.0000,-30.0000,-30.0000,-30.0000,-54.000,-54.000,-28.000,-28.000,-10.000,-10.000,-10.000,-10.000,-54.000,-54.000,-28.000,-28.000,-10.000,-10.000,-10.000,-10.000,0.0,0.0,0.0,0.0,0.0,0.0,0.0,0.0,0.0,0.0,0.0,0.0,0.0,0.0,0.0,0.0
1790303542.530877,8.440,-12.42218,-12.42218,-12.42218,-12.42218,-12.42218,-12.42218,-12.42218,0.04150,-12.42218,-12.42218,-12.42218,-12.42218,-12.42218,-12.42218,-12.42218,0.04150,-45.0000,-45.0000,-10.0000,-10.0000,-30.0000,-30.0000,-30.0000,-30.0000,-45.0000,-45.0000,-10.0000,-10.0000,-30.0000,-30.0000,-30.0000,-30.0000,-54.000,-54.000,-28.000,-28.000,-10.000,-10.000,-10.000,-10.000,-54.000,-54.000,-28.000,-28.000,-10.000,-10.000,-10.000,-10.000,0.0,0.0,0.0,0.0,0.0,0.0,0.0,0.0,0.0,0.0,0.0,0.0,0.0,0.0,0.0,0.0
1790303542.540350,8.449,-12.42218,-12.42218,-12.42218,-12.42218,-12.42218,-12.42218,-12.42218,0.04150,-12.42218,-12.42218,-12.42218,-12.42218,-12.42218,-12.42218,-12.42218,0.04150,-45.0000,-45.0000,-10.0000,-10.0000,-30.0000,-30.0000,-30.0000,-30.0000,-45.0000,-45.0000,-10.0000,-10.0000,-30.0000,-30.0000,-30.0000,-30.0000,-54.000,-54.000,-28.000,-28.000,-10.000,-10.000,-10.000,-10.000,-54.000,-54.000,-28.000,-28.000,-10.000,-10.000,-10.000,-10.000,0.0,0.0,0.0,0.0,0.0,0.0,0.0,0.0,0.0,0.0,0.0,0.0,0.0,0.0,0.0,0.0
1790303542.553133,8.462,-12.42218,-12.42218,-12.42218,-12.42218,-12.42218,-12.42218,-12.42218,0.04150,-12.42218,-12.42218,-12.42218,-12.42218,-12.42218,-12.42218,-12.42218,0.04150,-45.0000,-45.0000,-10.0000,-10.0000,-30.0000,-30.0000,-30.0000,-30.0000,-45.0000,-45.0000,-10.0000,-10.0000,-30.0000,-30.0000,-30.0000,-30.0000,-54.000,-54.000,-28.000,-28.000,-10.000,-10.000,-10.000,-10.000,-54.000,-54.000,-28.000,-28.000,-10.000,-10.000,-10.000,-10.000,0.0,0.0,0.0,0.0,0.0,0.0,0.0,0.0,0.0,0.0,0.0,0.0,0.0,0.0,0.0,0.0
1790303542.560358,8.469,-12.42218,-12.42218,-12.42218,-12.42218,-12.42218,-12.42218,-12.42218,0.04150,-12.42218,-12.42218,-12.42218,-12.42218,-12.42218,-12.42218,-12.42218,0.04150,-45.0000,-45.0000,-10.0000,-10.0000,-30.0000,-30.0000,-30.0000,-30.0000,-45.0000,-45.0000,-10.0000,-10.0000,-30.0000,-30.0000,-30.0000,-30.0000,-54.000,-54.000,-28.000,-28.000,-10.000,-10.000,-10.000,-10.000,-54.000,-54.000,-28.000,-28.000,-10.000,-10.000,-10.000,-10.000,0.0,0.0,0.0,0.0,0.0,0.0,0.0,0.0,0.0,0.0,0.0,0.0,0.0,0.0,0.0,0.0
1790303542.570713,8.480,-12.42218,-12.42218,-12.42218,-12.42218,-12.42218,-12.42218,-12.42218,0.04150,-12.42218,-12.42218,-12.42218,-12.42218,-12.42218,-12.42218,-12.42218,0.04150,-45.0000,-45.0000,-10.0000,-10.0000,-30.0000,-30.0000,-30.0000,-30.0000,-45.0000,-45.0000,-10.0000,-10.0000,-30.0000,-30.0000,-30.0000,-30.0000,-54.000,-54.000,-28.000,-28.000,-10.000,-10.000,-10.000,-10.000,-54.000,-54.000,-28.000,-28.000,-10.000,-10.000,-10.000,-10.000,0.0,0.0,0.0,0.0,0.0,0.0,0.0,0.0,0.0,0.0,0.0,0.0,0.0,0.0,0.0,0.0
1790303542.581748,8.491,-12.42218,-12.42218,-12.42218,-12.42218,-12.42218,-12.42218,-12.42218,0.04150,-12.42218,-12.42218,-12.42218,-12.42218,-12.42218,-12.42218,-12.42218,0.04150,-45.0000,-45.0000,-10.0000,-10.0000,-30.0000,-30.0000,-30.0000,-30.0000,-45.0000,-45.0000,-10.0000,-10.0000,-30.0000,-30.0000,-30.0000,-30.0000,-54.000,-54.000,-28.000,-28.000,-10.000,-10.000,-10.000,-10.000,-54.000,-54.000,-28.000,-28.000,-10.000,-10.000,-10.000,-10.000,0.0,0.0,0.0,0.0,0.0,0.0,0.0,0.0,0.0,0.0,0.0,0.0,0.0,0.0,0.0,0.0
1790303542.590451,8.499,-12.42218,-12.42218,-12.42218,-12.42218,-12.42218,-12.42218,-12.42218,0.04150,-12.42218,-12.42218,-12.42218,-12.42218,-12.42218,-12.42218,-12.42218,0.04150,-45.0000,-45.0000,-10.0000,-10.0000,-30.0000,-30.0000,-30.0000,-30.0000,-45.0000,-45.0000,-10.0000,-10.0000,-30.0000,-30.0000,-30.0000,-30.0000,-54.000,-54.000,-28.000,-28.000,-10.000,-10.000,-10.000,-10.000,-54.000,-54.000,-28.000,-28.000,-10.000,-10.000,-10.000,-10.000,0.0,0.0,0.0,0.0,0.0,0.0,0.0,0.0,0.0,0.0,0.0,0.0,0.0,0.0,0.0,0.0
1790303542.600343,8.509,-12.42218,-12.42218,-12.42218,-12.42218,-12.42218,-12.42218,-12.42218,0.04150,-12.42218,-12.42218,-12.42218,-12.42218,-12.42218,-12.42218,-12.42218,0.04150,-45.0000,-45.0000,-10.0000,-10.0000,-30.0000,-30.0000,-30.0000,-30.0000,-45.0000,-45.0000,-10.0000,-10.0000,-30.0000,-30.0000,-30.0000,-30.0000,-54.000,-54.000,-28.000,-28.000,-10.000,-10.000,-10.000,-10.000,-54.000,-54.000,-28.000,-28.000,-10.000,-10.000,-10.000,-10.000,0.0,0.0,0.0,0.0,0.0,0.0,0.0,0.0,0.0,0.0,0.0,0.0,0.0,0.0,0.0,0.0
1790303542.610483,8.519,-12.42218,-12.42218,-12.42218,-12.42218,-12.42218,-12.42218,-12.42218,0.04150,-12.42218,-12.42218,-12.42218,-12.42218,-12.42218,-12.42218,-12.42218,0.04150,-45.0000,-45.0000,-10.0000,-10.0000,-30.0000,-30.0000,-30.0000,-30.0000,-45.0000,-45.0000,-10.0000,-10.0000,-30.0000,-30.0000,-30.0000,-30.0000,-54.000,-54.000,-28.000,-28.000,-10.000,-10.000,-10.000,-10.000,-54.000,-54.000,-28.000,-28.000,-10.000,-10.000,-10.000,-10.000,0.0,0.0,0.0,0.0,0.0,0.0,0.0,0.0,0.0,0.0,0.0,0.0,0.0,0.0,0.0,0.0
1790303542.620300,8.529,-12.42218,-12.42218,-12.42218,-12.42218,-12.42218,-12.42218,-12.42218,0.04150,-12.42218,-12.42218,-12.42218,-12.42218,-12.42218,-12.42218,-12.42218,0.04150,-45.0000,-45.0000,-10.0000,-10.0000,-30.0000,-30.0000,-30.0000,-30.0000,-45.0000,-45.0000,-10.0000,-10.0000,-30.0000,-30.0000,-30.0000,-30.0000,-54.000,-54.000,-28.000,-28.000,-10.000,-10.000,-10.000,-10.000,-54.000,-54.000,-28.000,-28.000,-10.000,-10.000,-10.000,-10.000,0.0,0.0,0.0,0.0,0.0,0.0,0.0,0.0,0.0,0.0,0.0,0.0,0.0,0.0,0.0,0.0
1790303542.630711,8.540,-12.42218,-12.42218,-12.42218,-12.42218,-12.42218,-12.42218,-12.42218,0.04150,-12.42218,-12.42218,-12.42218,-12.42218,-12.42218,-12.42218,-12.42218,0.04150,-45.0000,-45.0000,-10.0000,-10.0000,-30.0000,-30.0000,-30.0000,-30.0000,-45.0000,-45.0000,-10.0000,-10.0000,-30.0000,-30.0000,-30.0000,-30.0000,-54.000,-54.000,-28.000,-28.000,-10.000,-10.000,-10.000,-10.000,-54.000,-54.000,-28.000,-28.000,-10.000,-10.000,-10.000,-10.000,0.0,0.0,0.0,0.0,0.0,0.0,0.0,0.0,0.0,0.0,0.0,0.0,0.0,0.0,0.0,0.0
1790303542.640809,8.550,-12.42218,-12.42218,-12.42218,-12.42218,-12.42218,-12.42218,-12.42218,0.04150,-12.42218,-12.42218,-12.42218,-12.42218,-12.42218,-12.42218,-12.42218,0.04150,-45.0000,-45.0000,-10.0000,-10.0000,-30.0000,-30.0000,-30.0000,-30.0000,-45.0000,-45.0000,-10.0000,-10.0000,-30.0000,-30.0000,-30.0000,-30.0000,-54.000,-54.000,-28.000,-28.000,-10.000,-10.000,-10.000,-10.000,-54.000,-54.000,-28.000,-28.000,-10.000,-10.000,-10.000,-10.000,0.0,0.0,0.0,0.0,0.0,0.0,0.0,0.0,0.0,0.0,0.0,0.0,0.0,0.0,0.0,0.0
1790303542.650992,8.560,-12.42218,-12.42218,-12.42218,-12.42218,-12.42218,-12.42218,-12.42218,0.04150,-12.42218,-12.42218,-12.42218,-12.42218,-12.42218,-12.42218,-12.42218,0.04150,-45.0000,-45.0000,-10.0000,-10.0000,-30.0000,-30.0000,-30.0000,-30.0000,-45.0000,-45.0000,-10.0000,-10.0000,-30.0000,-30.0000,-30.0000,-30.0000,-54.000,-54.000,-28.000,-28.000,-10.000,-10.000,-10.000,-10.000,-54.000,-54.000,-28.000,-28.000,-10.000,-10.000,-10.000,-10.000,0.0,0.0,0.0,0.0,0.0,0.0,0.0,0.0,0.0,0.0,0.0,0.0,0.0,0.0,0.0,0.0
1790303542.660726,8.570,-12.42218,-12.42218,-12.42218,-12.42218,-12.42218,-12.42218,-12.42218,0.04150,-12.42218,-12.42218,-12.42218,-12.42218,-12.42218,-12.42218,-12.42218,0.04150,-45.0000,-45.0000,-10.0000,-10.0000,-30.0000,-30.0000,-30.0000,-30.0000,-45.0000,-45.0000,-10.0000,-10.0000,-30.0000,-30.0000,-30.0000,-30.0000,-54.000,-54.000,-28.000,-28.000,-10.000,-10.000,-10.000,-10.000,-54.000,-54.000,-28.000,-28.000,-10.000,-10.000,-10.000,-10.000,0.0,0.0,0.0,0.0,0.0,0.0,0.0,0.0,0.0,0.0,0.0,0.0,0.0,0.0,0.0,0.0
1790303542.670898,8.580,-12.42218,-12.42218,-12.42218,-12.42218,-12.42218,-12.42218,-12.42218,0.04150,-12.42218,-12.42218,-12.42218,-12.42218,-12.42218,-12.42218,-12.42218,0.04150,-45.0000,-45.0000,-10.0000,-10.0000,-30.0000,-30.0000,-30.0000,-30.0000,-45.0000,-45.0000,-10.0000,-10.0000,-30.0000,-30.0000,-30.0000,-30.0000,-54.000,-54.000,-28.000,-28.000,-10.000,-10.000,-10.000,-10.000,-54.000,-54.000,-28.000,-28.000,-10.000,-10.000,-10.000,-10.000,0.0,0.0,0.0,0.0,0.0,0.0,0.0,0.0,0.0,0.0,0.0,0.0,0.0,0.0,0.0,0.0
1790303542.680716,8.590,-12.42218,-12.42218,-12.42218,-12.42218,-12.42218,-12.42218,-12.42218,0.04150,-12.42218,-12.42218,-12.42218,-12.42218,-12.42218,-12.42218,-12.42218,0.04150,-45.0000,-45.0000,-10.0000,-10.0000,-30.0000,-30.0000,-30.0000,-30.0000,-45.0000,-45.0000,-10.0000,-10.0000,-30.0000,-30.0000,-30.0000,-30.0000,-54.000,-54.000,-28.000,-28.000,-10.000,-10.000,-10.000,-10.000,-54.000,-54.000,-28.000,-28.000,-10.000,-10.000,-10.000,-10.000,0.0,0.0,0.0,0.0,0.0,0.0,0.0,0.0,0.0,0.0,0.0,0.0,0.0,0.0,0.0,0.0
1790303542.690949,8.600,-12.42218,-12.42218,-12.42218,-12.42218,-12.42218,-12.42218,-12.42218,0.04150,-12.42218,-12.42218,-12.42218,-12.42218,-12.42218,-12.42218,-12.42218,0.04150,-45.0000,-45.0000,-10.0000,-10.0000,-30.0000,-30.0000,-30.0000,-30.0000,-45.0000,-45.0000,-10.0000,-10.0000,-30.0000,-30.0000,-30.0000,-30.0000,-54.000,-54.000,-28.000,-28.000,-10.000,-10.000,-10.000,-10.000,-54.000,-54.000,-28.000,-28.000,-10.000,-10.000,-10.000,-10.000,0.0,0.0,0.0,0.0,0.0,0.0,0.0,0.0,0.0,0.0,0.0,0.0,0.0,0.0,0.0,0.0
1790303542.700355,8.609,-12.42218,-12.42218,-12.42218,-12.42218,-12.42218,-12.42218,-12.42218,0.04150,-12.42218,-12.42218,-12.42218,-12.42218,-12.42218,-12.42218,-12.42218,0.04150,-45.0000,-45.0000,-10.0000,-10.0000,-30.0000,-30.0000,-30.0000,-30.0000,-45.0000,-45.0000,-10.0000,-10.0000,-30.0000,-30.0000,-30.0000,-30.0000,-54.000,-54.000,-28.000,-28.000,-10.000,-10.000,-10.000,-10.000,-54.000,-54.000,-28.000,-28.000,-10.000,-10.000,-10.000,-10.000,0.0,0.0,0.0,0.0,0.0,0.0,0.0,0.0,0.0,0.0,0.0,0.0,0.0,0.0,0.0,0.0
1790303542.710737,8.620,-12.42218,-12.42218,-12.42218,-12.42218,-12.42218,-12.42218,-12.42218,0.04150,-12.42218,-12.42218,-12.42218,-12.42218,-12.42218,-12.42218,-12.42218,0.04150,-45.0000,-45.0000,-10.0000,-10.0000,-30.0000,-30.0000,-30.0000,-30.0000,-45.0000,-45.0000,-10.0000,-10.0000,-30.0000,-30.0000,-30.0000,-30.0000,-54.000,-54.000,-28.000,-28.000,-10.000,-10.000,-10.000,-10.000,-54.000,-54.000,-28.000,-28.000,-10.000,-10.000,-10.000,-10.000,0.0,0.0,0.0,0.0,0.0,0.0,0.0,0.0,0.0,0.0,0.0,0.0,0.0,0.0,0.0,0.0
1790303542.721729,8.631,-12.42218,-12.42218,-12.42218,-12.42218,-12.42218,-12.42218,-12.42218,0.04150,-12.42218,-12.42218,-12.42218,-12.42218,-12.42218,-12.42218,-12.42218,0.04150,-45.0000,-45.0000,-10.0000,-10.0000,-30.0000,-30.0000,-30.0000,-30.0000,-45.0000,-45.0000,-10.0000,-10.0000,-30.0000,-30.0000,-30.0000,-30.0000,-54.000,-54.000,-28.000,-28.000,-10.000,-10.000,-10.000,-10.000,-54.000,-54.000,-28.000,-28.000,-10.000,-10.000,-10.000,-10.000,0.0,0.0,0.0,0.0,0.0,0.0,0.0,0.0,0.0,0.0,0.0,0.0,0.0,0.0,0.0,0.0
1790303542.730455,8.639,-12.42218,-12.42218,-12.42218,-12.42218,-12.42218,-12.42218,-12.42218,0.04150,-12.42218,-12.42218,-12.42218,-12.42218,-12.42218,-12.42218,-12.42218,0.04150,-45.0000,-45.0000,-10.0000,-10.0000,-30.0000,-30.0000,-30.0000,-30.0000,-45.0000,-45.0000,-10.0000,-10.0000,-30.0000,-30.0000,-30.0000,-30.0000,-54.000,-54.000,-28.000,-28.000,-10.000,-10.000,-10.000,-10.000,-54.000,-54.000,-28.000,-28.000,-10.000,-10.000,-10.000,-10.000,0.0,0.0,0.0,0.0,0.0,0.0,0.0,0.0,0.0,0.0,0.0,0.0,0.0,0.0,0.0,0.0
1790303542.740895,8.650,-12.42218,-12.42218,-12.42218,-12.42218,-12.42218,-12.42218,-12.42218,0.04150,-12.42218,-12.42218,-12.42218,-12.42218,-12.42218,-12.42218,-12.42218,0.04150,-45.0000,-45.0000,-10.0000,-10.0000,-30.0000,-30.0000,-30.0000,-30.0000,-45.0000,-45.0000,-10.0000,-10.0000,-30.0000,-30.0000,-30.0000,-30.0000,-54.000,-54.000,-28.000,-28.000,-10.000,-10.000,-10.000,-10.000,-54.000,-54.000,-28.000,-28.000,-10.000,-10.000,-10.000,-10.000,0.0,0.0,0.0,0.0,0.0,0.0,0.0,0.0,0.0,0.0,0.0,0.0,0.0,0.0,0.0,0.0
1790303542.750695,8.660,-12.42218,-12.42218,-12.42218,-12.42218,-12.42218,-12.42218,-12.42218,0.04150,-12.42218,-12.42218,-12.42218,-12.42218,-12.42218,-12.42218,-12.42218,0.04150,-45.0000,-45.0000,-10.0000,-10.0000,-30.0000,-30.0000,-30.0000,-30.0000,-45.0000,-45.0000,-10.0000,-10.0000,-30.0000,-30.0000,-30.0000,-30.0000,-54.000,-54.000,-28.000,-28.000,-10.000,-10.000,-10.000,-10.000,-54.000,-54.000,-28.000,-28.000,-10.000,-10.000,-10.000,-10.000,0.0,0.0,0.0,0.0,0.0,0.0,0.0,0.0,0.0,0.0,0.0,0.0,0.0,0.0,0.0,0.0
1790303542.760787,8.670,-12.42218,-12.42218,-12.42218,-12.42218,-12.42218,-12.42218,-12.42218,0.04150,-12.42218,-12.42218,-12.42218,-12.42218,-12.42218,-12.42218,-12.42218,0.04150,-45.0000,-45.0000,-10.0000,-10.0000,-30.0000,-30.0000,-30.0000,-30.0000,-45.0000,-45.0000,-10.0000,-10.0000,-30.0000,-30.0000,-30.0000,-30.0000,-54.000,-54.000,-28.000,-28.000,-10.000,-10.000,-10.000,-10.000,-54.000,-54.000,-28.000,-28.000,-10.000,-10.000,-10.000,-10.000,0.0,0.0,0.0,0.0,0.0,0.0,0.0,0.0,0.0,0.0,0.0,0.0,0.0,0.0,0.0,0.0
1790303542.770824,8.680,-12.42218,-12.42218,-12.42218,-12.42218,-12.42218,-12.42218,-12.42218,0.04150,-12.42218,-12.42218,-12.42218,-12.42218,-12.42218,-12.42218,-12.42218,0.04150,-45.0000,-45.0000,-10.0000,-10.0000,-30.0000,-30.0000,-30.0000,-30.0000,-45.0000,-45.0000,-10.0000,-10.0000,-30.0000,-30.0000,-30.0000,-30.0000,-54.000,-54.000,-28.000,-28.000,-10.000,-10.000,-10.000,-10.000,-54.000,-54.000,-28.000,-28.000,-10.000,-10.000,-10.000,-10.000,0.0,0.0,0.0,0.0,0.0,0.0,0.0,0.0,0.0,0.0,0.0,0.0,0.0,0.0,0.0,0.0
1790303542.780626,8.690,-12.42218,-12.42218,-12.42218,-12.42218,-12.42218,-12.42218,-12.42218,0.04150,-12.42218,-12.42218,-12.42218,-12.42218,-12.42218,-12.42218,-12.42218,0.04150,-45.0000,-45.0000,-10.0000,-10.0000,-30.0000,-30.0000,-30.0000,-30.0000,-45.0000,-45.0000,-10.0000,-10.0000,-30.0000,-30.0000,-30.0000,-30.0000,-54.000,-54.000,-28.000,-28.000,-10.000,-10.000,-10.000,-10.000,-54.000,-54.000,-28.000,-28.000,-10.000,-10.000,-10.000,-10.000,0.0,0.0,0.0,0.0,0.0,0.0,0.0,0.0,0.0,0.0,0.0,0.0,0.0,0.0,0.0,0.0
1790303542.790439,8.699,-12.42218,-12.42218,-12.42218,-12.42218,-12.42218,-12.42218,-12.42218,0.04150,-12.42218,-12.42218,-12.42218,-12.42218,-12.42218,-12.42218,-12.42218,0.04150,-45.0000,-45.0000,-10.0000,-10.0000,-30.0000,-30.0000,-30.0000,-30.0000,-45.0000,-45.0000,-10.0000,-10.0000,-30.0000,-30.0000,-30.0000,-30.0000,-54.000,-54.000,-28.000,-28.000,-10.000,-10.000,-10.000,-10.000,-54.000,-54.000,-28.000,-28.000,-10.000,-10.000,-10.000,-10.000,0.0,0.0,0.0,0.0,0.0,0.0,0.0,0.0,0.0,0.0,0.0,0.0,0.0,0.0,0.0,0.0
1790303542.800622,8.710,-12.42218,-12.42218,-12.42218,-12.42218,-12.42218,-12.42218,-12.42218,0.04150,-12.42218,-12.42218,-12.42218,-12.42218,-12.42218,-12.42218,-12.42218,0.04150,-45.0000,-45.0000,-10.0000,-10.0000,-30.0000,-30.0000,-30.0000,-30.0000,-45.0000,-45.0000,-10.0000,-10.0000,-30.0000,-30.0000,-30.0000,-30.0000,-54.000,-54.000,-28.000,-28.000,-10.000,-10.000,-10.000,-10.000,-54.000,-54.000,-28.000,-28.000,-10.000,-10.000,-10.000,-10.000,0.0,0.0,0.0,0.0,0.0,0.0,0.0,0.0,0.0,0.0,0.0,0.0,0.0,0.0,0.0,0.0
1790303542.810833,8.720,-12.42218,-12.42218,-12.42218,-12.42218,-12.42218,-12.42218,-12.42218,0.04150,-12.42218,-12.42218,-12.42218,-12.42218,-12.42218,-12.42218,-12.42218,0.04150,-45.0000,-45.0000,-10.0000,-10.0000,-30.0000,-30.0000,-30.0000,-30.0000,-45.0000,-45.0000,-10.0000,-10.0000,-30.0000,-30.0000,-30.0000,-30.0000,-54.000,-54.000,-28.000,-28.000,-10.000,-10.000,-10.000,-10.000,-54.000,-54.000,-28.000,-28.000,-10.000,-10.000,-10.000,-10.000,0.0,0.0,0.0,0.0,0.0,0.0,0.0,0.0,0.0,0.0,0.0,0.0,0.0,0.0,0.0,0.0
1790303542.820614,8.729,-12.42218,-12.42218,-12.42218,-12.42218,-12.42218,-12.42218,-12.42218,0.04150,-12.42218,-12.42218,-12.42218,-12.42218,-12.42218,-12.42218,-12.42218,0.04150,-45.0000,-45.0000,-10.0000,-10.0000,-30.0000,-30.0000,-30.0000,-30.0000,-45.0000,-45.0000,-10.0000,-10.0000,-30.0000,-30.0000,-30.0000,-30.0000,-54.000,-54.000,-28.000,-28.000,-10.000,-10.000,-10.000,-10.000,-54.000,-54.000,-28.000,-28.000,-10.000,-10.000,-10.000,-10.000,0.0,0.0,0.0,0.0,0.0,0.0,0.0,0.0,0.0,0.0,0.0,0.0,0.0,0.0,0.0,0.0
1790303542.831161,8.740,-12.42218,-12.42218,-12.42218,-12.42218,-12.42218,-12.42218,-12.42218,0.04150,-12.42218,-12.42218,-12.42218,-12.42218,-12.42218,-12.42218,-12.42218,0.04150,-45.0000,-45.0000,-10.0000,-10.0000,-30.0000,-30.0000,-30.0000,-30.0000,-45.0000,-45.0000,-10.0000,-10.0000,-30.0000,-30.0000,-30.0000,-30.0000,-54.000,-54.000,-28.000,-28.000,-10.000,-10.000,-10.000,-10.000,-54.000,-54.000,-28.000,-28.000,-10.000,-10.000,-10.000,-10.000,0.0,0.0,0.0,0.0,0.0,0.0,0.0,0.0,0.0,0.0,0.0,0.0,0.0,0.0,0.0,0.0
1790303542.840353,8.749,-12.42218,-12.42218,-12.42218,-12.42218,-12.42218,-12.42218,-12.42218,0.04150,-12.42218,-12.42218,-12.42218,-12.42218,-12.42218,-12.42218,-12.42218,0.04150,-45.0000,-45.0000,-10.0000,-10.0000,-30.0000,-30.0000,-30.0000,-30.0000,-45.0000,-45.0000,-10.0000,-10.0000,-30.0000,-30.0000,-30.0000,-30.0000,-54.000,-54.000,-28.000,-28.000,-10.000,-10.000,-10.000,-10.000,-54.000,-54.000,-28.000,-28.000,-10.000,-10.000,-10.000,-10.000,0.0,0.0,0.0,0.0,0.0,0.0,0.0,0.0,0.0,0.0,0.0,0.0,0.0,0.0,0.0,0.0
1790303542.850870,8.760,-12.42218,-12.42218,-12.42218,-12.42218,-12.42218,-12.42218,-12.42218,0.04150,-12.42218,-12.42218,-12.42218,-12.42218,-12.42218,-12.42218,-12.42218,0.04150,-45.0000,-45.0000,-10.0000,-10.0000,-30.0000,-30.0000,-30.0000,-30.0000,-45.0000,-45.0000,-10.0000,-10.0000,-30.0000,-30.0000,-30.0000,-30.0000,-54.000,-54.000,-28.000,-28.000,-10.000,-10.000,-10.000,-10.000,-54.000,-54.000,-28.000,-28.000,-10.000,-10.000,-10.000,-10.000,0.0,0.0,0.0,0.0,0.0,0.0,0.0,0.0,0.0,0.0,0.0,0.0,0.0,0.0,0.0,0.0
1790303542.860636,8.770,-12.42218,-12.42218,-12.42218,-12.42218,-12.42218,-12.42218,-12.42218,0.04150,-12.42218,-12.42218,-12.42218,-12.42218,-12.42218,-12.42218,-12.42218,0.04150,-45.0000,-45.0000,-10.0000,-10.0000,-30.0000,-30.0000,-30.0000,-30.0000,-45.0000,-45.0000,-10.0000,-10.0000,-30.0000,-30.0000,-30.0000,-30.0000,-54.000,-54.000,-28.000,-28.000,-10.000,-10.000,-10.000,-10.000,-54.000,-54.000,-28.000,-28.000,-10.000,-10.000,-10.000,-10.000,0.0,0.0,0.0,0.0,0.0,0.0,0.0,0.0,0.0,0.0,0.0,0.0,0.0,0.0,0.0,0.0
1790303542.870877,8.780,-12.42218,-12.42218,-12.42218,-12.42218,-12.42218,-12.42218,-12.42218,0.04150,-12.42218,-12.42218,-12.42218,-12.42218,-12.42218,-12.42218,-12.42218,0.04150,-45.0000,-45.0000,-10.0000,-10.0000,-30.0000,-30.0000,-30.0000,-30.0000,-45.0000,-45.0000,-10.0000,-10.0000,-30.0000,-30.0000,-30.0000,-30.0000,-54.000,-54.000,-28.000,-28.000,-10.000,-10.000,-10.000,-10.000,-54.000,-54.000,-28.000,-28.000,-10.000,-10.000,-10.000,-10.000,0.0,0.0,0.0,0.0,0.0,0.0,0.0,0.0,0.0,0.0,0.0,0.0,0.0,0.0,0.0,0.0
1790303542.880218,8.789,-12.42218,-12.42218,-12.42218,-12.42218,-12.42218,-12.42218,-12.42218,0.04150,-12.42218,-12.42218,-12.42218,-12.42218,-12.42218,-12.42218,-12.42218,0.04150,-45.0000,-45.0000,-10.0000,-10.0000,-30.0000,-30.0000,-30.0000,-30.0000,-45.0000,-45.0000,-10.0000,-10.0000,-30.0000,-30.0000,-30.0000,-30.0000,-54.000,-54.000,-28.000,-28.000,-10.000,-10.000,-10.000,-10.000,-54.000,-54.000,-28.000,-28.000,-10.000,-10.000,-10.000,-10.000,0.0,0.0,0.0,0.0,0.0,0.0,0.0,0.0,0.0,0.0,0.0,0.0,0.0,0.0,0.0,0.0
1790303542.890789,8.800,-12.42218,-12.42218,-12.42218,-12.42218,-12.42218,-12.42218,-12.42218,0.04150,-12.42218,-12.42218,-12.42218,-12.42218,-12.42218,-12.42218,-12.42218,0.04150,-45.0000,-45.0000,-10.0000,-10.0000,-30.0000,-30.0000,-30.0000,-30.0000,-45.0000,-45.0000,-10.0000,-10.0000,-30.0000,-30.0000,-30.0000,-30.0000,-54.000,-54.000,-28.000,-28.000,-10.000,-10.000,-10.000,-10.000,-54.000,-54.000,-28.000,-28.000,-10.000,-10.000,-10.000,-10.000,0.0,0.0,0.0,0.0,0.0,0.0,0.0,0.0,0.0,0.0,0.0,0.0,0.0,0.0,0.0,0.0
1790303542.900211,8.809,-12.42218,-12.42218,-12.42218,-12.42218,-12.42218,-12.42218,-12.42218,0.04150,-12.42218,-12.42218,-12.42218,-12.42218,-12.42218,-12.42218,-12.42218,0.04150,-45.0000,-45.0000,-10.0000,-10.0000,-30.0000,-30.0000,-30.0000,-30.0000,-45.0000,-45.0000,-10.0000,-10.0000,-30.0000,-30.0000,-30.0000,-30.0000,-54.000,-54.000,-28.000,-28.000,-10.000,-10.000,-10.000,-10.000,-54.000,-54.000,-28.000,-28.000,-10.000,-10.000,-10.000,-10.000,0.0,0.0,0.0,0.0,0.0,0.0,0.0,0.0,0.0,0.0,0.0,0.0,0.0,0.0,0.0,0.0
1790303542.910379,8.819,-12.42218,-12.42218,-12.42218,-12.42218,-12.42218,-12.42218,-12.42218,0.04150,-12.42218,-12.42218,-12.42218,-12.42218,-12.42218,-12.42218,-12.42218,0.04150,-45.0000,-45.0000,-10.0000,-10.0000,-30.0000,-30.0000,-30.0000,-30.0000,-45.0000,-45.0000,-10.0000,-10.0000,-30.0000,-30.0000,-30.0000,-30.0000,-54.000,-54.000,-28.000,-28.000,-10.000,-10.000,-10.000,-10.000,-54.000,-54.000,-28.000,-28.000,-10.000,-10.000,-10.000,-10.000,0.0,0.0,0.0,0.0,0.0,0.0,0.0,0.0,0.0,0.0,0.0,0.0,0.0,0.0,0.0,0.0
1790303542.920594,8.829,-12.42218,-12.42218,-12.42218,-12.42218,-12.42218,-12.42218,-12.42218,0.04150,-12.42218,-12.42218,-12.42218,-12.42218,-12.42218,-12.42218,-12.42218,0.04150,-45.0000,-45.0000,-10.0000,-10.0000,-30.0000,-30.0000,-30.0000,-30.0000,-45.0000,-45.0000,-10.0000,-10.0000,-30.0000,-30.0000,-30.0000,-30.0000,-54.000,-54.000,-28.000,-28.000,-10.000,-10.000,-10.000,-10.000,-54.000,-54.000,-28.000,-28.000,-10.000,-10.000,-10.000,-10.000,0.0,0.0,0.0,0.0,0.0,0.0,0.0,0.0,0.0,0.0,0.0,0.0,0.0,0.0,0.0,0.0
1790303542.931209,8.840,-12.42218,-12.42218,-12.42218,-12.42218,-12.42218,-12.42218,-12.42218,0.04150,-12.42218,-12.42218,-12.42218,-12.42218,-12.42218,-12.42218,-12.42218,0.04150,-45.0000,-45.0000,-10.0000,-10.0000,-30.0000,-30.0000,-30.0000,-30.0000,-45.0000,-45.0000,-10.0000,-10.0000,-30.0000,-30.0000,-30.0000,-30.0000,-54.000,-54.000,-28.000,-28.000,-10.000,-10.000,-10.000,-10.000,-54.000,-54.000,-28.000,-28.000,-10.000,-10.000,-10.000,-10.000,0.0,0.0,0.0,0.0,0.0,0.0,0.0,0.0,0.0,0.0,0.0,0.0,0.0,0.0,0.0,0.0
1790303542.940542,8.849,-12.42218,-12.42218,-12.42218,-12.42218,-12.42218,-12.42218,-12.42218,0.04150,-12.42218,-12.42218,-12.42218,-12.42218,-12.42218,-12.42218,-12.42218,0.04150,-45.0000,-45.0000,-10.0000,-10.0000,-30.0000,-30.0000,-30.0000,-30.0000,-45.0000,-45.0000,-10.0000,-10.0000,-30.0000,-30.0000,-30.0000,-30.0000,-54.000,-54.000,-28.000,-28.000,-10.000,-10.000,-10.000,-10.000,-54.000,-54.000,-28.000,-28.000,-10.000,-10.000,-10.000,-10.000,0.0,0.0,0.0,0.0,0.0,0.0,0.0,0.0,0.0,0.0,0.0,0.0,0.0,0.0,0.0,0.0
1790303542.950800,8.860,-12.42218,-12.42218,-12.42218,-12.42218,-12.42218,-12.42218,-12.42218,0.04150,-12.42218,-12.42218,-12.42218,-12.42218,-12.42218,-12.42218,-12.42218,0.04150,-45.0000,-45.0000,-10.0000,-10.0000,-30.0000,-30.0000,-30.0000,-30.0000,-45.0000,-45.0000,-10.0000,-10.0000,-30.0000,-30.0000,-30.0000,-30.0000,-54.000,-54.000,-28.000,-28.000,-10.000,-10.000,-10.000,-10.000,-54.000,-54.000,-28.000,-28.000,-10.000,-10.000,-10.000,-10.000,0.0,0.0,0.0,0.0,0.0,0.0,0.0,0.0,0.0,0.0,0.0,0.0,0.0,0.0,0.0,0.0
1790303542.960593,8.869,-12.42218,-12.42218,-12.42218,-12.42218,-12.42218,-12.42218,-12.42218,0.04150,-12.42218,-12.42218,-12.42218,-12.42218,-12.42218,-12.42218,-12.42218,0.04150,-45.0000,-45.0000,-10.0000,-10.0000,-30.0000,-30.0000,-30.0000,-30.0000,-45.0000,-45.0000,-10.0000,-10.0000,-30.0000,-30.0000,-30.0000,-30.0000,-54.000,-54.000,-28.000,-28.000,-10.000,-10.000,-10.000,-10.000,-54.000,-54.000,-28.000,-28.000,-10.000,-10.000,-10.000,-10.000,0.0,0.0,0.0,0.0,0.0,0.0,0.0,0.0,0.0,0.0,0.0,0.0,0.0,0.0,0.0,0.0
1790303542.970787,8.880,-12.42218,-12.42218,-12.42218,-12.42218,-12.42218,-12.42218,-12.42218,0.04150,-12.42218,-12.42218,-12.42218,-12.42218,-12.42218,-12.42218,-12.42218,0.04150,-45.0000,-45.0000,-10.0000,-10.0000,-30.0000,-30.0000,-30.0000,-30.0000,-45.0000,-45.0000,-10.0000,-10.0000,-30.0000,-30.0000,-30.0000,-30.0000,-54.000,-54.000,-28.000,-28.000,-10.000,-10.000,-10.000,-10.000,-54.000,-54.000,-28.000,-28.000,-10.000,-10.000,-10.000,-10.000,0.0,0.0,0.0,0.0,0.0,0.0,0.0,0.0,0.0,0.0,0.0,0.0,0.0,0.0,0.0,0.0
1790303542.980573,8.889,-12.42218,-12.42218,-12.42218,-12.42218,-12.42218,-12.42218,-12.42218,0.04150,-12.42218,-12.42218,-12.42218,-12.42218,-12.42218,-12.42218,-12.42218,0.04150,-45.0000,-45.0000,-10.0000,-10.0000,-30.0000,-30.0000,-30.0000,-30.0000,-45.0000,-45.0000,-10.0000,-10.0000,-30.0000,-30.0000,-30.0000,-30.0000,-54.000,-54.000,-28.000,-28.000,-10.000,-10.000,-10.000,-10.000,-54.000,-54.000,-28.000,-28.000,-10.000,-10.000,-10.000,-10.000,0.0,0.0,0.0,0.0,0.0,0.0,0.0,0.0,0.0,0.0,0.0,0.0,0.0,0.0,0.0,0.0
1790303542.990796,8.900,-12.42218,-12.42218,-12.42218,-12.42218,-12.42218,-12.42218,-12.42218,0.04150,-12.42218,-12.42218,-12.42218,-12.42218,-12.42218,-12.42218,-12.42218,0.04150,-45.0000,-45.0000,-10.0000,-10.0000,-30.0000,-30.0000,-30.0000,-30.0000,-45.0000,-45.0000,-10.0000,-10.0000,-30.0000,-30.0000,-30.0000,-30.0000,-54.000,-54.000,-28.000,-28.000,-10.000,-10.000,-10.000,-10.000,-54.000,-54.000,-28.000,-28.000,-10.000,-10.000,-10.000,-10.000,0.0,0.0,0.0,0.0,0.0,0.0,0.0,0.0,0.0,0.0,0.0,0.0,0.0,0.0,0.0,0.0
1790303543.000614,8.909,-12.42218,-12.42218,-12.42218,-12.42218,-12.42218,-12.42218,-12.42218,0.04150,-12.42218,-12.42218,-12.42218,-12.42218,-12.42218,-12.42218,-12.42218,0.04150,-45.0000,-45.0000,-10.0000,-10.0000,-30.0000,-30.0000,-30.0000,-30.0000,-45.0000,-45.0000,-10.0000,-10.0000,-30.0000,-30.0000,-30.0000,-30.0000,-54.000,-54.000,-28.000,-28.000,-10.000,-10.000,-10.000,-10.000,-54.000,-54.000,-28.000,-28.000,-10.000,-10.000,-10.000,-10.000,0.0,0.0,0.0,0.0,0.0,0.0,0.0,0.0,0.0,0.0,0.0,0.0,0.0,0.0,0.0,0.0
1790303543.010801,8.920,-12.42218,-12.42218,-12.42218,-12.42218,-12.42218,-12.42218,-12.42218,0.04150,-12.42218,-12.42218,-12.42218,-12.42218,-12.42218,-12.42218,-12.42218,0.04150,-45.0000,-45.0000,-10.0000,-10.0000,-30.0000,-30.0000,-30.0000,-30.0000,-45.0000,-45.0000,-10.0000,-10.0000,-30.0000,-30.0000,-30.0000,-30.0000,-54.000,-54.000,-28.000,-28.000,-10.000,-10.000,-10.000,-10.000,-54.000,-54.000,-28.000,-28.000,-10.000,-10.000,-10.000,-10.000,0.0,0.0,0.0,0.0,0.0,0.0,0.0,0.0,0.0,0.0,0.0,0.0,0.0,0.0,0.0,0.0
1790303543.020591,8.929,-12.42218,-12.42218,-12.42218,-12.42218,-12.42218,-12.42218,-12.42218,0.04150,-12.42218,-12.42218,-12.42218,-12.42218,-12.42218,-12.42218,-12.42218,0.04150,-45.0000,-45.0000,-10.0000,-10.0000,-30.0000,-30.0000,-30.0000,-30.0000,-45.0000,-45.0000,-10.0000,-10.0000,-30.0000,-30.0000,-30.0000,-30.0000,-54.000,-54.000,-28.000,-28.000,-10.000,-10.000,-10.000,-10.000,-54.000,-54.000,-28.000,-28.000,-10.000,-10.000,-10.000,-10.000,0.0,0.0,0.0,0.0,0.0,0.0,0.0,0.0,0.0,0.0,0.0,0.0,0.0,0.0,0.0,0.0
1790303543.030782,8.940,-12.42218,-12.42218,-12.42218,-12.42218,-12.42218,-12.42218,-12.42218,0.04150,-12.42218,-12.42218,-12.42218,-12.42218,-12.42218,-12.42218,-12.42218,0.04150,-45.0000,-45.0000,-10.0000,-10.0000,-30.0000,-30.0000,-30.0000,-30.0000,-45.0000,-45.0000,-10.0000,-10.0000,-30.0000,-30.0000,-30.0000,-30.0000,-54.000,-54.000,-28.000,-28.000,-10.000,-10.000,-10.000,-10.000,-54.000,-54.000,-28.000,-28.000,-10.000,-10.000,-10.000,-10.000,0.0,0.0,0.0,0.0,0.0,0.0,0.0,0.0,0.0,0.0,0.0,0.0,0.0,0.0,0.0,0.0
1790303543.040587,8.949,-12.42218,-12.42218,-12.42218,-12.42218,-12.42218,-12.42218,-12.42218,0.04150,-12.42218,-12.42218,-12.42218,-12.42218,-12.42218,-12.42218,-12.42218,0.04150,-45.0000,-45.0000,-10.0000,-10.0000,-30.0000,-30.0000,-30.0000,-30.0000,-45.0000,-45.0000,-10.0000,-10.0000,-30.0000,-30.0000,-30.0000,-30.0000,-54.000,-54.000,-28.000,-28.000,-10.000,-10.000,-10.000,-10.000,-54.000,-54.000,-28.000,-28.000,-10.000,-10.000,-10.000,-10.000,0.0,0.0,0.0,0.0,0.0,0.0,0.0,0.0,0.0,0.0,0.0,0.0,0.0,0.0,0.0,0.0
1790303543.051014,8.960,-12.42218,-12.42218,-12.42218,-12.42218,-12.42218,-12.42218,-12.42218,0.04150,-12.42218,-12.42218,-12.42218,-12.42218,-12.42218,-12.42218,-12.42218,0.04150,-45.0000,-45.0000,-10.0000,-10.0000,-30.0000,-30.0000,-30.0000,-30.0000,-45.0000,-45.0000,-10.0000,-10.0000,-30.0000,-30.0000,-30.0000,-30.0000,-54.000,-54.000,-28.000,-28.000,-10.000,-10.000,-10.000,-10.000,-54.000,-54.000,-28.000,-28.000,-10.000,-10.000,-10.000,-10.000,0.0,0.0,0.0,0.0,0.0,0.0,0.0,0.0,0.0,0.0,0.0,0.0,0.0,0.0,0.0,0.0
1790303543.061803,8.971,-12.42218,-12.42218,-12.42218,-12.42218,-12.42218,-12.42218,-12.42218,0.04150,-12.42218,-12.42218,-12.42218,-12.42218,-12.42218,-12.42218,-12.42218,0.04150,-45.0000,-45.0000,-10.0000,-10.0000,-30.0000,-30.0000,-30.0000,-30.0000,-45.0000,-45.0000,-10.0000,-10.0000,-30.0000,-30.0000,-30.0000,-30.0000,-54.000,-54.000,-28.000,-28.000,-10.000,-10.000,-10.000,-10.000,-54.000,-54.000,-28.000,-28.000,-10.000,-10.000,-10.000,-10.000,0.0,0.0,0.0,0.0,0.0,0.0,0.0,0.0,0.0,0.0,0.0,0.0,0.0,0.0,0.0,0.0
1790303543.070966,8.980,-12.42218,-12.42218,-12.42218,-12.42218,-12.42218,-12.42218,-12.42218,0.04150,-12.42218,-12.42218,-12.42218,-12.42218,-12.42218,-12.42218,-12.42218,0.04150,-45.0000,-45.0000,-10.0000,-10.0000,-30.0000,-30.0000,-30.0000,-30.0000,-45.0000,-45.0000,-10.0000,-10.0000,-30.0000,-30.0000,-30.0000,-30.0000,-54.000,-54.000,-28.000,-28.000,-10.000,-10.000,-10.000,-10.000,-54.000,-54.000,-28.000,-28.000,-10.000,-10.000,-10.000,-10.000,0.0,0.0,0.0,0.0,0.0,0.0,0.0,0.0,0.0,0.0,0.0,0.0,0.0,0.0,0.0,0.0
1790303543.080637,8.990,-12.42218,-12.42218,-12.42218,-12.42218,-12.42218,-12.42218,-12.42218,0.04150,-12.42218,-12.42218,-12.42218,-12.42218,-12.42218,-12.42218,-12.42218,0.04150,-45.0000,-45.0000,-10.0000,-10.0000,-30.0000,-30.0000,-30.0000,-30.0000,-45.0000,-45.0000,-10.0000,-10.0000,-30.0000,-30.0000,-30.0000,-30.0000,-54.000,-54.000,-28.000,-28.000,-10.000,-10.000,-10.000,-10.000,-54.000,-54.000,-28.000,-28.000,-10.000,-10.000,-10.000,-10.000,0.0,0.0,0.0,0.0,0.0,0.0,0.0,0.0,0.0,0.0,0.0,0.0,0.0,0.0,0.0,0.0
1790303543.090224,8.999,-12.42218,-12.42218,-12.42218,-12.42218,-12.42218,-12.42218,-12.42218,0.04150,-12.42218,-12.42218,-12.42218,-12.42218,-12.42218,-12.42218,-12.42218,0.04150,-45.0000,-45.0000,-10.0000,-10.0000,-30.0000,-30.0000,-30.0000,-30.0000,-45.0000,-45.0000,-10.0000,-10.0000,-30.0000,-30.0000,-30.0000,-30.0000,-54.000,-54.000,-28.000,-28.000,-10.000,-10.000,-10.000,-10.000,-54.000,-54.000,-28.000,-28.000,-10.000,-10.000,-10.000,-10.000,0.0,0.0,0.0,0.0,0.0,0.0,0.0,0.0,0.0,0.0,0.0,0.0,0.0,0.0,0.0,0.0
1790303543.100980,9.010,-12.42218,-12.42218,-12.42218,-12.42218,-12.42218,-12.42218,-12.42218,0.04150,-12.42218,-12.42218,-12.42218,-12.42218,-12.42218,-12.42218,-12.42218,0.04150,-45.0000,-45.0000,-10.0000,-10.0000,-30.0000,-30.0000,-30.0000,-30.0000,-45.0000,-45.0000,-10.0000,-10.0000,-30.0000,-30.0000,-30.0000,-30.0000,-54.000,-54.000,-28.000,-28.000,-10.000,-10.000,-10.000,-10.000,-54.000,-54.000,-28.000,-28.000,-10.000,-10.000,-10.000,-10.000,0.0,0.0,0.0,0.0,0.0,0.0,0.0,0.0,0.0,0.0,0.0,0.0,0.0,0.0,0.0,0.0
1790303543.110821,9.020,-12.42218,-12.42218,-12.42218,-12.42218,-12.42218,-12.42218,-12.42218,0.04150,-12.42218,-12.42218,-12.42218,-12.42218,-12.42218,-12.42218,-12.42218,0.04150,-45.0000,-45.0000,-10.0000,-10.0000,-30.0000,-30.0000,-30.0000,-30.0000,-45.0000,-45.0000,-10.0000,-10.0000,-30.0000,-30.0000,-30.0000,-30.0000,-54.000,-54.000,-28.000,-28.000,-10.000,-10.000,-10.000,-10.000,-54.000,-54.000,-28.000,-28.000,-10.000,-10.000,-10.000,-10.000,0.0,0.0,0.0,0.0,0.0,0.0,0.0,0.0,0.0,0.0,0.0,0.0,0.0,0.0,0.0,0.0
1790303543.120655,9.030,-12.42218,-12.42218,-12.42218,-12.42218,-12.42218,-12.42218,-12.42218,0.04150,-12.42218,-12.42218,-12.42218,-12.42218,-12.42218,-12.42218,-12.42218,0.04150,-45.0000,-45.0000,-10.0000,-10.0000,-30.0000,-30.0000,-30.0000,-30.0000,-45.0000,-45.0000,-10.0000,-10.0000,-30.0000,-30.0000,-30.0000,-30.0000,-54.000,-54.000,-28.000,-28.000,-10.000,-10.000,-10.000,-10.000,-54.000,-54.000,-28.000,-28.000,-10.000,-10.000,-10.000,-10.000,0.0,0.0,0.0,0.0,0.0,0.0,0.0,0.0,0.0,0.0,0.0,0.0,0.0,0.0,0.0,0.0
1790303543.130845,9.040,-12.42218,-12.42218,-12.42218,-12.42218,-12.42218,-12.42218,-12.42218,0.04150,-12.42218,-12.42218,-12.42218,-12.42218,-12.42218,-12.42218,-12.42218,0.04150,-45.0000,-45.0000,-10.0000,-10.0000,-30.0000,-30.0000,-30.0000,-30.0000,-45.0000,-45.0000,-10.0000,-10.0000,-30.0000,-30.0000,-30.0000,-30.0000,-54.000,-54.000,-28.000,-28.000,-10.000,-10.000,-10.000,-10.000,-54.000,-54.000,-28.000,-28.000,-10.000,-10.000,-10.000,-10.000,0.0,0.0,0.0,0.0,0.0,0.0,0.0,0.0,0.0,0.0,0.0,0.0,0.0,0.0,0.0,0.0
1790303543.140560,9.049,-12.42218,-12.42218,-12.42218,-12.42218,-12.42218,-12.42218,-12.42218,0.04150,-12.42218,-12.42218,-12.42218,-12.42218,-12.42218,-12.42218,-12.42218,0.04150,-45.0000,-45.0000,-10.0000,-10.0000,-30.0000,-30.0000,-30.0000,-30.0000,-45.0000,-45.0000,-10.0000,-10.0000,-30.0000,-30.0000,-30.0000,-30.0000,-54.000,-54.000,-28.000,-28.000,-10.000,-10.000,-10.000,-10.000,-54.000,-54.000,-28.000,-28.000,-10.000,-10.000,-10.000,-10.000,0.0,0.0,0.0,0.0,0.0,0.0,0.0,0.0,0.0,0.0,0.0,0.0,0.0,0.0,0.0,0.0
1790303543.150822,9.060,-12.42218,-12.42218,-12.42218,-12.42218,-12.42218,-12.42218,-12.42218,0.04150,-12.42218,-12.42218,-12.42218,-12.42218,-12.42218,-12.42218,-12.42218,0.04150,-45.0000,-45.0000,-10.0000,-10.0000,-30.0000,-30.0000,-30.0000,-30.0000,-45.0000,-45.0000,-10.0000,-10.0000,-30.0000,-30.0000,-30.0000,-30.0000,-54.000,-54.000,-28.000,-28.000,-10.000,-10.000,-10.000,-10.000,-54.000,-54.000,-28.000,-28.000,-10.000,-10.000,-10.000,-10.000,0.0,0.0,0.0,0.0,0.0,0.0,0.0,0.0,0.0,0.0,0.0,0.0,0.0,0.0,0.0,0.0
1790303543.160661,9.070,-12.42218,-12.42218,-12.42218,-12.42218,-12.42218,-12.42218,-12.42218,0.04150,-12.42218,-12.42218,-12.42218,-12.42218,-12.42218,-12.42218,-12.42218,0.04150,-45.0000,-45.0000,-10.0000,-10.0000,-30.0000,-30.0000,-30.0000,-30.0000,-45.0000,-45.0000,-10.0000,-10.0000,-30.0000,-30.0000,-30.0000,-30.0000,-54.000,-54.000,-28.000,-28.000,-10.000,-10.000,-10.000,-10.000,-54.000,-54.000,-28.000,-28.000,-10.000,-10.000,-10.000,-10.000,0.0,0.0,0.0,0.0,0.0,0.0,0.0,0.0,0.0,0.0,0.0,0.0,0.0,0.0,0.0,0.0
1790303543.170796,9.080,-12.42218,-12.42218,-12.42218,-12.42218,-12.42218,-12.42218,-12.42218,0.04150,-12.42218,-12.42218,-12.42218,-12.42218,-12.42218,-12.42218,-12.42218,0.04150,-45.0000,-45.0000,-10.0000,-10.0000,-30.0000,-30.0000,-30.0000,-27.6557,-45.0000,-45.0000,-10.0000,-10.0000,-30.0000,-30.0000,-30.0000,-30.0000,-54.000,-54.000,-28.000,-28.000,-10.000,-10.000,-10.000,-4.999,-54.000,-54.000,-28.000,-28.000,-10.000,-10.000,-10.000,-10.000,0.0,0.0,0.0,0.0,0.0,0.0,0.0,0.0,0.0,0.0,0.0,0.0,0.0,0.0,0.0,0.0
1790303543.180640,9.090,-12.42218,-12.42218,-12.42218,-12.42218,-12.42218,-12.42218,-12.42218,0.04150,-12.42218,-12.42218,-12.42218,-12.42218,-12.42218,-12.42218,-12.42218,0.04150,-45.0000,-45.0000,-10.0000,-10.0000,-30.0000,-30.0000,-30.0000,-27.6557,-45.0000,-45.0000,-10.0000,-10.0000,-30.0000,-30.0000,-30.0000,-30.0000,-54.000,-54.000,-28.000,-28.000,-10.000,-10.000,-10.000,-4.999,-54.000,-54.000,-28.000,-28.000,-10.000,-10.000,-10.000,-10.000,0.0,0.0,0.0,0.0,0.0,0.0,0.0,0.0,0.0,0.0,0.0,0.0,0.0,0.0,0.0,0.0
1790303543.190811,9.100,-12.42218,-12.42218,-12.42218,-12.42218,-12.42218,-12.42218,-12.42218,0.04150,-12.42218,-12.42218,-12.42218,-12.42218,-12.42218,-12.42218,-12.42218,0.04150,-45.0000,-45.0000,-10.0000,-10.0000,-30.0000,-30.0000,-30.0000,-30.0000,-45.0000,-45.0000,-10.0000,-10.0000,-30.0000,-30.0000,-30.0000,-30.0000,-54.000,-54.000,-28.000,-28.000,-10.000,-10.000,-10.000,-10.000,-54.000,-54.000,-28.000,-28.000,-10.000,-10.000,-10.000,-10.000,0.0,0.0,0.0,0.0,0.0,0.0,0.0,0.0,0.0,0.0,0.0,0.0,0.0,0.0,0.0,0.0
1790303543.200550,9.109,-12.42218,-12.42218,-12.42218,-12.42218,-12.42218,-12.42218,-12.42218,0.04150,-12.42218,-12.42218,-12.42218,-12.42218,-12.42218,-12.42218,-12.42218,0.04150,-45.0000,-45.0000,-10.0000,-10.0000,-30.0000,-30.0000,-30.0000,-30.0000,-45.0000,-45.0000,-10.0000,-10.0000,-30.0000,-30.0000,-30.0000,-30.0000,-54.000,-54.000,-28.000,-28.000,-10.000,-10.000,-10.000,-10.000,-54.000,-54.000,-28.000,-28.000,-10.000,-10.000,-10.000,-10.000,0.0,0.0,0.0,0.0,0.0,0.0,0.0,0.0,0.0,0.0,0.0,0.0,0.0,0.0,0.0,0.0
1790303543.210817,9.120,-12.42218,-12.42218,-12.42218,-12.42218,-12.42218,-12.42218,-12.42218,0.04150,-12.42218,-12.42218,-12.42218,-12.42218,-12.42218,-12.42218,-12.42218,0.04150,-45.0000,-45.0000,-10.0000,-10.0000,-30.0000,-30.0000,-30.0000,-30.0000,-45.0000,-45.0000,-10.0000,-10.0000,-30.0000,-30.0000,-30.0000,-30.0000,-54.000,-54.000,-28.000,-28.000,-10.000,-10.000,-10.000,-10.000,-54.000,-54.000,-28.000,-28.000,-10.000,-10.000,-10.000,-10.000,0.0,0.0,0.0,0.0,0.0,0.0,0.0,0.0,0.0,0.0,0.0,0.0,0.0,0.0,0.0,0.0
1790303543.220220,9.129,-12.42218,-12.42218,-12.42218,-12.42218,-12.42218,-12.42218,-12.42218,0.04150,-12.42218,-12.42218,-12.42218,-12.42218,-12.42218,-12.42218,-12.42218,0.04150,-45.0000,-45.0000,-10.0000,-10.0000,-30.0000,-30.0000,-30.0000,-30.0000,-45.0000,-45.0000,-10.0000,-10.0000,-30.0000,-30.0000,-30.0000,-27.6557,-54.000,-54.000,-28.000,-28.000,-10.000,-10.000,-10.000,-10.000,-54.000,-54.000,-28.000,-28.000,-10.000,-10.000,-10.000,-4.999,0.0,0.0,0.0,0.0,0.0,0.0,0.0,0.0,0.0,0.0,0.0,0.0,0.0,0.0,0.0,0.0
1790303543.230880,9.140,-12.42218,-12.42218,-12.42218,-12.42218,-12.42218,-12.42218,-12.42218,0.04150,-12.42218,-12.42218,-12.42218,-12.42218,-12.42218,-12.42218,-12.42218,0.04150,-45.0000,-45.0000,-10.0000,-10.0000,-30.0000,-30.0000,-30.0000,-30.0000,-45.0000,-45.0000,-10.0000,-10.0000,-30.0000,-30.0000,-30.0000,-27.6557,-54.000,-54.000,-28.000,-28.000,-10.000,-10.000,-10.000,-10.000,-54.000,-54.000,-28.000,-28.000,-10.000,-10.000,-10.000,-4.999,0.0,0.0,0.0,0.0,0.0,0.0,0.0,0.0,0.0,0.0,0.0,0.0,0.0,0.0,0.0,0.0
1790303543.240592,9.149,-12.42218,-12.42218,-12.42218,-12.42218,-12.42218,-12.42218,-12.42218,0.04150,-12.42218,-12.42218,-12.42218,-12.42218,-12.42218,-12.42218,-12.42218,0.04150,-45.0000,-45.0000,-10.0000,-10.0000,-30.0000,-30.0000,-30.0000,-30.0000,-45.0000,-45.0000,-10.0000,-10.0000,-30.0000,-30.0000,-30.0000,-30.0000,-54.000,-54.000,-28.000,-28.000,-10.000,-10.000,-10.000,-10.000,-54.000,-54.000,-28.000,-28.000,-10.000,-10.000,-10.000,-10.000,0.0,0.0,0.0,0.0,0.0,0.0,0.0,0.0,0.0,0.0,0.0,0.0,0.0,0.0,0.0,0.0
1790303543.250817,9.160,-12.42218,-12.42218,-12.42218,-12.42218,-12.42218,-12.42218,-12.42218,0.04150,-12.42218,-12.42218,-12.42218,-12.42218,-12.42218,-12.42218,-12.42218,0.04150,-45.0000,-45.0000,-10.0000,-10.0000,-30.0000,-30.0000,-30.0000,-30.0000,-45.0000,-45.0000,-10.0000,-10.0000,-30.0000,-30.0000,-30.0000,-30.0000,-54.000,-54.000,-28.000,-28.000,-10.000,-10.000,-10.000,-10.000,-54.000,-54.000,-28.000,-28.000,-10.000,-10.000,-10.000,-10.000,0.0,0.0,0.0,0.0,0.0,0.0,0.0,0.0,0.0,0.0,0.0,0.0,0.0,0.0,0.0,0.0
1790303543.260256,9.169,-12.42218,-12.42218,-12.42218,-12.42218,-12.42218,-12.42218,-12.42218,0.04150,-12.42218,-12.42218,-12.42218,-12.42218,-12.42218,-12.42218,-12.42218,0.04150,-45.0000,-45.0000,-10.0000,-10.0000,-30.0000,-30.0000,-30.0000,-30.0000,-45.0000,-45.0000,-10.0000,-10.0000,-30.0000,-30.0000,-30.0000,-30.0000,-54.000,-54.000,-28.000,-28.000,-10.000,-10.000,-10.000,-10.000,-54.000,-54.000,-28.000,-28.000,-10.000,-10.000,-10.000,-10.000,0.0,0.0,0.0,0.0,0.0,0.0,0.0,0.0,0.0,0.0,0.0,0.0,0.0,0.0,0.0,0.0
1790303543.270152,9.179,-12.42218,-12.42218,-12.42218,-12.42218,-12.42218,-12.42218,-12.42218,0.04150,-12.42218,-12.42218,-12.42218,-12.42218,-12.42218,-12.42218,-12.42218,0.04150,-45.0000,-45.0000,-10.0000,-10.0000,-30.0000,-30.0000,-30.0000,-30.0000,-45.0000,-45.0000,-10.0000,-10.0000,-30.0000,-30.0000,-30.0000,-30.0000,-54.000,-54.000,-28.000,-28.000,-10.000,-10.000,-10.000,-10.000,-54.000,-54.000,-28.000,-28.000,-10.000,-10.000,-10.000,-10.000,0.0,0.0,0.0,0.0,0.0,0.0,0.0,0.0,0.0,0.0,0.0,0.0,0.0,0.0,0.0,0.0
1790303543.280207,9.189,-12.42218,-12.42218,-12.42218,-12.42218,-12.42218,-12.42218,-12.42218,0.04150,-12.42218,-12.42218,-12.42218,-12.42218,-12.42218,-12.42218,-12.42218,0.04150,-45.0000,-45.0000,-10.0000,-10.0000,-30.0000,-30.0000,-30.0000,-30.0000,-45.0000,-45.0000,-10.0000,-10.0000,-30.0000,-30.0000,-30.0000,-30.0000,-54.000,-54.000,-28.000,-28.000,-10.000,-10.000,-10.000,-10.000,-54.000,-54.000,-28.000,-28.000,-10.000,-10.000,-10.000,-10.000,0.0,0.0,0.0,0.0,0.0,0.0,0.0,0.0,0.0,0.0,0.0,0.0,0.0,0.0,0.0,0.0
1790303543.290150,9.199,-12.42218,-12.42218,-12.42218,-12.42218,-12.42218,-12.42218,-12.42218,0.04150,-12.42218,-12.42218,-12.42218,-12.42218,-12.42218,-12.42218,-12.42218,0.04150,-45.0000,-45.0000,-10.0000,-10.0000,-30.0000,-30.0000,-30.0000,-30.0000,-45.0000,-45.0000,-10.0000,-10.0000,-30.0000,-30.0000,-30.0000,-30.0000,-54.000,-54.000,-28.000,-28.000,-10.000,-10.000,-10.000,-10.000,-54.000,-54.000,-28.000,-28.000,-10.000,-10.000,-10.000,-10.000,0.0,0.0,0.0,0.0,0.0,0.0,0.0,0.0,0.0,0.0,0.0,0.0,0.0,0.0,0.0,0.0
1790303543.300169,9.209,-12.42218,-12.42218,-12.42218,-12.42218,-12.42218,-12.42218,-12.42218,0.04150,-12.42218,-12.42218,-12.42218,-12.42218,-12.42218,-12.42218,-12.42218,0.04150,-45.0000,-45.0000,-10.0000,-10.0000,-30.0000,-30.0000,-30.0000,-30.0000,-45.0000,-45.0000,-10.0000,-10.0000,-30.0000,-30.0000,-30.0000,-30.0000,-54.000,-54.000,-28.000,-28.000,-10.000,-10.000,-10.000,-10.000,-54.000,-54.000,-28.000,-28.000,-10.000,-10.000,-10.000,-10.000,0.0,0.0,0.0,0.0,0.0,0.0,0.0,0.0,0.0,0.0,0.0,0.0,0.0,0.0,0.0,0.0
1790303543.310835,9.220,-12.42218,-12.42218,-12.42218,-12.42218,-12.42218,-12.42218,-12.42218,0.04150,-12.42218,-12.42218,-12.42218,-12.42218,-12.42218,-12.42218,-12.42218,0.04150,-45.0000,-45.0000,-10.0000,-10.0000,-30.0000,-30.0000,-30.0000,-30.0000,-45.0000,-45.0000,-10.0000,-10.0000,-30.0000,-30.0000,-30.0000,-30.0000,-54.000,-54.000,-28.000,-28.000,-10.000,-10.000,-10.000,-10.000,-54.000,-54.000,-28.000,-28.000,-10.000,-10.000,-10.000,-10.000,0.0,0.0,0.0,0.0,0.0,0.0,0.0,0.0,0.0,0.0,0.0,0.0,0.0,0.0,0.0,0.0
1790303543.320218,9.229,-12.42218,-12.42218,-12.42218,-12.42218,-12.42218,-12.42218,-12.42218,0.04150,-12.42218,-12.42218,-12.42218,-12.42218,-12.42218,-12.42218,-12.42218,0.04150,-45.0000,-45.0000,-10.0000,-10.0000,-30.0000,-30.0000,-30.0000,-30.0000,-45.0000,-45.0000,-10.0000,-10.0000,-30.0000,-30.0000,-30.0000,-30.0000,-54.000,-54.000,-28.000,-28.000,-10.000,-10.000,-10.000,-10.000,-54.000,-54.000,-28.000,-28.000,-10.000,-10.000,-10.000,-10.000,0.0,0.0,0.0,0.0,0.0,0.0,0.0,0.0,0.0,0.0,0.0,0.0,0.0,0.0,0.0,0.0
1790303543.330847,9.240,-12.42218,-12.42218,-12.42218,-12.42218,-12.42218,-12.42218,-12.42218,0.04150,-12.42218,-12.42218,-12.42218,-12.42218,-12.42218,-12.42218,-12.42218,0.04150,-45.0000,-45.0000,-10.0000,-10.0000,-30.0000,-30.0000,-30.0000,-30.0000,-45.0000,-45.0000,-10.0000,-10.0000,-30.0000,-30.0000,-30.0000,-30.0000,-54.000,-54.000,-28.000,-28.000,-10.000,-10.000,-10.000,-10.000,-54.000,-54.000,-28.000,-28.000,-10.000,-10.000,-10.000,-10.000,0.0,0.0,0.0,0.0,0.0,0.0,0.0,0.0,0.0,0.0,0.0,0.0,0.0,0.0,0.0,0.0
1790303543.340725,9.250,-12.42218,-12.42218,-12.42218,-12.42218,-12.42218,-12.42218,-12.42218,0.04150,-12.42218,-12.42218,-12.42218,-12.42218,-12.42218,-12.42218,-12.42218,0.04150,-45.0000,-45.0000,-10.0000,-10.0000,-30.0000,-30.0000,-30.0000,-30.0000,-45.0000,-45.0000,-10.0000,-10.0000,-30.0000,-30.0000,-30.0000,-30.0000,-54.000,-54.000,-28.000,-28.000,-10.000,-10.000,-10.000,-10.000,-54.000,-54.000,-28.000,-28.000,-10.000,-10.000,-10.000,-10.000,0.0,0.0,0.0,0.0,0.0,0.0,0.0,0.0,0.0,0.0,0.0,0.0,0.0,0.0,0.0,0.0
1790303543.351020,9.260,-12.42218,-12.42218,-12.42218,-12.42218,-12.42218,-12.42218,-12.42218,0.04150,-12.42218,-12.42218,-12.42218,-12.42218,-12.42218,-12.42218,-12.42218,0.04150,-45.0000,-45.0000,-10.0000,-10.0000,-30.0000,-30.0000,-30.0000,-30.0000,-45.0000,-45.0000,-10.0000,-10.0000,-30.0000,-30.0000,-30.0000,-30.0000,-54.000,-54.000,-28.000,-28.000,-10.000,-10.000,-10.000,-10.000,-54.000,-54.000,-28.000,-28.000,-10.000,-10.000,-10.000,-10.000,0.0,0.0,0.0,0.0,0.0,0.0,0.0,0.0,0.0,0.0,0.0,0.0,0.0,0.0,0.0,0.0
1790303543.360409,9.269,-12.42218,-12.42218,-12.42218,-12.42218,-12.42218,-12.42218,-12.42218,0.04150,-12.42218,-12.42218,-12.42218,-12.42218,-12.42218,-12.42218,-12.42218,0.04150,-45.0000,-45.0000,-10.0000,-10.0000,-30.0000,-30.0000,-30.0000,-30.0000,-45.0000,-45.0000,-10.0000,-10.0000,-30.0000,-30.0000,-30.0000,-30.0000,-54.000,-54.000,-28.000,-28.000,-10.000,-10.000,-10.000,-10.000,-54.000,-54.000,-28.000,-28.000,-10.000,-10.000,-10.000,-10.000,0.0,0.0,0.0,0.0,0.0,0.0,0.0,0.0,0.0,0.0,0.0,0.0,0.0,0.0,0.0,0.0
1790303543.370826,9.280,-12.42218,-12.42218,-12.42218,-12.42218,-12.42218,-12.42218,-12.42218,0.04150,-12.42218,-12.42218,-12.42218,-12.42218,-12.42218,-12.42218,-12.42218,0.04150,-45.0000,-45.0000,-10.0000,-10.0000,-30.0000,-30.0000,-30.0000,-30.0000,-45.0000,-45.0000,-10.0000,-10.0000,-30.0000,-30.0000,-30.0000,-30.0000,-54.000,-54.000,-28.000,-28.000,-10.000,-10.000,-10.000,-10.000,-54.000,-54.000,-28.000,-28.000,-10.000,-10.000,-10.000,-10.000,0.0,0.0,0.0,0.0,0.0,0.0,0.0,0.0,0.0,0.0,0.0,0.0,0.0,0.0,0.0,0.0
1790303543.380630,9.290,-12.42218,-12.42218,-12.42218,-12.42218,-12.42218,-12.42218,-12.42218,0.04150,-12.42218,-12.42218,-12.42218,-12.42218,-12.42218,-12.42218,-12.42218,0.04150,-45.0000,-45.0000,-10.0000,-10.0000,-30.0000,-30.0000,-30.0000,-30.0000,-45.0000,-45.0000,-10.0000,-10.0000,-30.0000,-30.0000,-30.0000,-30.0000,-54.000,-54.000,-28.000,-28.000,-10.000,-10.000,-10.000,-10.000,-54.000,-54.000,-28.000,-28.000,-10.000,-10.000,-10.000,-10.000,0.0,0.0,0.0,0.0,0.0,0.0,0.0,0.0,0.0,0.0,0.0,0.0,0.0,0.0,0.0,0.0
1790303543.390846,9.300,-12.42218,-12.42218,-12.42218,-12.42218,-12.42218,-12.42218,-12.42218,0.04150,-12.42218,-12.42218,-12.42218,-12.42218,-12.42218,-12.42218,-12.42218,0.04150,-45.0000,-45.0000,-10.0000,-10.0000,-30.0000,-30.0000,-30.0000,-30.0000,-45.0000,-45.0000,-10.0000,-10.0000,-30.0000,-30.0000,-30.0000,-30.0000,-54.000,-54.000,-28.000,-28.000,-10.000,-10.000,-10.000,-10.000,-54.000,-54.000,-28.000,-28.000,-10.000,-10.000,-10.000,-10.000,0.0,0.0,0.0,0.0,0.0,0.0,0.0,0.0,0.0,0.0,0.0,0.0,0.0,0.0,0.0,0.0
1790303543.400611,9.309,-12.42218,-12.42218,-12.42218,-12.42218,-12.42218,-12.42218,-12.42218,0.04150,-12.42218,-12.42218,-12.42218,-12.42218,-12.42218,-12.42218,-12.42218,0.04150,-45.0000,-45.0000,-10.0000,-10.0000,-30.0000,-30.0000,-30.0000,-30.0000,-45.0000,-45.0000,-10.0000,-10.0000,-30.0000,-30.0000,-30.0000,-30.0000,-54.000,-54.000,-28.000,-28.000,-10.000,-10.000,-10.000,-10.000,-54.000,-54.000,-28.000,-28.000,-10.000,-10.000,-10.000,-10.000,0.0,0.0,0.0,0.0,0.0,0.0,0.0,0.0,0.0,0.0,0.0,0.0,0.0,0.0,0.0,0.0
1790303543.410991,9.320,-12.42218,-12.42218,-12.42218,-12.42218,-12.42218,-12.42218,-12.42218,0.04150,-12.42218,-12.42218,-12.42218,-12.42218,-12.42218,-12.42218,-12.42218,0.04150,-45.0000,-45.0000,-10.0000,-10.0000,-30.0000,-30.0000,-30.0000,-30.0000,-45.0000,-45.0000,-10.0000,-10.0000,-30.0000,-30.0000,-30.0000,-30.0000,-54.000,-54.000,-28.000,-28.000,-10.000,-10.000,-10.000,-10.000,-54.000,-54.000,-28.000,-28.000,-10.000,-10.000,-10.000,-10.000,0.0,0.0,0.0,0.0,0.0,0.0,0.0,0.0,0.0,0.0,0.0,0.0,0.0,0.0,0.0,0.0
1790303543.420667,9.330,-12.42218,-12.42218,-12.42218,-12.42218,-12.42218,-12.42218,-12.42218,0.04150,-12.42218,-12.42218,-12.42218,-12.42218,-12.42218,-12.42218,-12.42218,0.04150,-45.0000,-45.0000,-10.0000,-10.0000,-30.0000,-30.0000,-30.0000,-30.0000,-45.0000,-45.0000,-10.0000,-10.0000,-30.0000,-30.0000,-30.0000,-30.0000,-54.000,-54.000,-28.000,-28.000,-10.000,-10.000,-10.000,-10.000,-54.000,-54.000,-28.000,-28.000,-10.000,-10.000,-10.000,-10.000,0.0,0.0,0.0,0.0,0.0,0.0,0.0,0.0,0.0,0.0,0.0,0.0,0.0,0.0,0.0,0.0
1790303543.431731,9.341,-12.42218,-12.42218,-12.42218,-12.42218,-12.42218,-12.42218,-12.42218,0.04150,-12.42218,-12.42218,-12.42218,-12.42218,-12.42218,-12.42218,-12.42218,0.04150,-45.0000,-45.0000,-10.0000,-10.0000,-30.0000,-30.0000,-30.0000,-30.0000,-45.0000,-45.0000,-10.0000,-10.0000,-30.0000,-30.0000,-30.0000,-30.0000,-54.000,-54.000,-28.000,-28.000,-10.000,-10.000,-10.000,-10.000,-54.000,-54.000,-28.000,-28.000,-10.000,-10.000,-10.000,-10.000,0.0,0.0,0.0,0.0,0.0,0.0,0.0,0.0,0.0,0.0,0.0,0.0,0.0,0.0,0.0,0.0
1790303543.440654,9.350,-12.42218,-12.42218,-12.42218,-12.42218,-12.42218,-12.42218,-12.42218,0.04150,-12.42218,-12.42218,-12.42218,-12.42218,-12.42218,-12.42218,-12.42218,0.04150,-45.0000,-45.0000,-10.0000,-10.0000,-30.0000,-30.0000,-30.0000,-30.0000,-45.0000,-45.0000,-10.0000,-10.0000,-30.0000,-30.0000,-30.0000,-30.0000,-54.000,-54.000,-28.000,-28.000,-10.000,-10.000,-10.000,-10.000,-54.000,-54.000,-28.000,-28.000,-10.000,-10.000,-10.000,-10.000,0.0,0.0,0.0,0.0,0.0,0.0,0.0,0.0,0.0,0.0,0.0,0.0,0.0,0.0,0.0,0.0
1790303543.451545,9.360,-12.42218,-12.42218,-12.42218,-12.42218,-12.42218,-12.42218,-12.42218,0.04150,-12.42218,-12.42218,-12.42218,-12.42218,-12.42218,-12.42218,-12.42218,0.04150,-45.0000,-45.0000,-10.0000,-10.0000,-30.0000,-30.0000,-30.0000,-30.0000,-45.0000,-45.0000,-10.0000,-10.0000,-30.0000,-30.0000,-30.0000,-30.0000,-54.000,-54.000,-28.000,-28.000,-10.000,-10.000,-10.000,-10.000,-54.000,-54.000,-28.000,-28.000,-10.000,-10.000,-10.000,-10.000,0.0,0.0,0.0,0.0,0.0,0.0,0.0,0.0,0.0,0.0,0.0,0.0,0.0,0.0,0.0,0.0
1790303543.460680,9.370,-12.42218,-12.42218,-12.42218,-12.42218,-12.42218,-12.42218,-12.42218,0.04150,-12.42218,-12.42218,-12.42218,-12.42218,-12.42218,-12.42218,-12.42218,0.04150,-45.0000,-45.0000,-10.0000,-10.0000,-30.0000,-30.0000,-30.0000,-30.0000,-45.0000,-45.0000,-10.0000,-10.0000,-30.0000,-30.0000,-30.0000,-30.0000,-54.000,-54.000,-28.000,-28.000,-10.000,-10.000,-10.000,-10.000,-54.000,-54.000,-28.000,-28.000,-10.000,-10.000,-10.000,-10.000,0.0,0.0,0.0,0.0,0.0,0.0,0.0,0.0,0.0,0.0,0.0,0.0,0.0,0.0,0.0,0.0
1790303543.473009,9.382,-12.42218,-12.42218,-12.42218,-12.42218,-12.42218,-12.42218,-12.42218,0.04150,-12.42218,-12.42218,-12.42218,-12.42218,-12.42218,-12.42218,-12.42218,0.04150,-45.0000,-45.0000,-10.0000,-10.0000,-30.0000,-30.0000,-30.0000,-30.0000,-45.0000,-45.0000,-10.0000,-10.0000,-30.0000,-30.0000,-30.0000,-30.0000,-54.000,-54.000,-28.000,-28.000,-10.000,-10.000,-10.000,-10.000,-54.000,-54.000,-28.000,-28.000,-10.000,-10.000,-10.000,-10.000,0.0,0.0,0.0,0.0,0.0,0.0,0.0,0.0,0.0,0.0,0.0,0.0,0.0,0.0,0.0,0.0
1790303543.480680,9.390,-12.42218,-12.42218,-12.42218,-12.42218,-12.42218,-12.42218,-12.42218,0.04150,-12.42218,-12.42218,-12.42218,-12.42218,-12.42218,-12.42218,-12.42218,0.04150,-45.0000,-45.0000,-10.0000,-10.0000,-30.0000,-30.0000,-30.0000,-30.0000,-45.0000,-45.0000,-10.0000,-10.0000,-30.0000,-30.0000,-30.0000,-30.0000,-54.000,-54.000,-28.000,-28.000,-10.000,-10.000,-10.000,-10.000,-54.000,-54.000,-28.000,-28.000,-10.000,-10.000,-10.000,-10.000,0.0,0.0,0.0,0.0,0.0,0.0,0.0,0.0,0.0,0.0,0.0,0.0,0.0,0.0,0.0,0.0
1790303543.490871,9.400,-12.42218,-12.42218,-12.42218,-12.42218,-12.42218,-12.42218,-12.42218,0.04150,-12.42218,-12.42218,-12.42218,-12.42218,-12.42218,-12.42218,-12.42218,0.04150,-45.0000,-45.0000,-10.0000,-10.0000,-30.0000,-30.0000,-30.0000,-30.0000,-45.0000,-45.0000,-10.0000,-10.0000,-30.0000,-30.0000,-30.0000,-30.0000,-54.000,-54.000,-28.000,-28.000,-10.000,-10.000,-10.000,-10.000,-54.000,-54.000,-28.000,-28.000,-10.000,-10.000,-10.000,-10.000,0.0,0.0,0.0,0.0,0.0,0.0,0.0,0.0,0.0,0.0,0.0,0.0,0.0,0.0,0.0,0.0
1790303543.500685,9.410,-12.42218,-12.42218,-12.42218,-12.42218,-12.42218,-12.42218,-12.42218,0.04150,-12.42218,-12.42218,-12.42218,-12.42218,-12.42218,-12.42218,-12.42218,0.04150,-45.0000,-45.0000,-10.0000,-10.0000,-30.0000,-30.0000,-30.0000,-30.0000,-45.0000,-45.0000,-10.0000,-10.0000,-30.0000,-30.0000,-30.0000,-30.0000,-54.000,-54.000,-28.000,-28.000,-10.000,-10.000,-10.000,-10.000,-54.000,-54.000,-28.000,-28.000,-10.000,-10.000,-10.000,-10.000,0.0,0.0,0.0,0.0,0.0,0.0,0.0,0.0,0.0,0.0,0.0,0.0,0.0,0.0,0.0,0.0
1790303543.510881,9.420,-12.42218,-12.42218,-12.42218,-12.42218,-12.42218,-12.42218,-12.42218,0.04150,-12.42218,-12.42218,-12.42218,-12.42218,-12.42218,-12.42218,-12.42218,0.04150,-45.0000,-45.0000,-10.0000,-10.0000,-30.0000,-30.0000,-30.0000,-30.0000,-45.0000,-45.0000,-10.0000,-10.0000,-30.0000,-30.0000,-30.0000,-30.0000,-54.000,-54.000,-28.000,-28.000,-10.000,-10.000,-10.000,-10.000,-54.000,-54.000,-28.000,-28.000,-10.000,-10.000,-10.000,-10.000,0.0,0.0,0.0,0.0,0.0,0.0,0.0,0.0,0.0,0.0,0.0,0.0,0.0,0.0,0.0,0.0
1790303543.520687,9.430,-12.42218,-12.42218,-12.42218,-12.42218,-12.42218,-12.42218,-12.42218,0.04150,-12.42218,-12.42218,-12.42218,-12.42218,-12.42218,-12.42218,-12.42218,0.04150,-45.0000,-45.0000,-10.0000,-10.0000,-30.0000,-30.0000,-30.0000,-30.0000,-45.0000,-45.0000,-10.0000,-10.0000,-30.0000,-30.0000,-30.0000,-30.0000,-54.000,-54.000,-28.000,-28.000,-10.000,-10.000,-10.000,-10.000,-54.000,-54.000,-28.000,-28.000,-10.000,-10.000,-10.000,-10.000,0.0,0.0,0.0,0.0,0.0,0.0,0.0,0.0,0.0,0.0,0.0,0.0,0.0,0.0,0.0,0.0
1790303543.530476,9.439,-12.42218,-12.42218,-12.42218,-12.42218,-12.42218,-12.42218,-12.42218,0.04150,-12.42218,-12.42218,-12.42218,-12.42218,-12.42218,-12.42218,-12.42218,0.04150,-45.0000,-45.0000,-10.0000,-10.0000,-30.0000,-30.0000,-30.0000,-30.0000,-45.0000,-45.0000,-10.0000,-10.0000,-30.0000,-30.0000,-30.0000,-30.0000,-54.000,-54.000,-28.000,-28.000,-10.000,-10.000,-10.000,-10.000,-54.000,-54.000,-28.000,-28.000,-10.000,-10.000,-10.000,-10.000,0.0,0.0,0.0,0.0,0.0,0.0,0.0,0.0,0.0,0.0,0.0,0.0,0.0,0.0,0.0,0.0
1790303543.540610,9.449,-12.42218,-12.42218,-12.42218,-12.42218,-12.42218,-12.42218,-12.42218,0.04150,-12.42218,-12.42218,-12.42218,-12.42218,-12.42218,-12.42218,-12.42218,0.04150,-45.0000,-45.0000,-10.0000,-10.0000,-30.0000,-30.0000,-30.0000,-30.0000,-45.0000,-45.0000,-10.0000,-10.0000,-30.0000,-30.0000,-30.0000,-30.0000,-54.000,-54.000,-28.000,-28.000,-10.000,-10.000,-10.000,-10.000,-54.000,-54.000,-28.000,-28.000,-10.000,-10.000,-10.000,-10.000,0.0,0.0,0.0,0.0,0.0,0.0,0.0,0.0,0.0,0.0,0.0,0.0,0.0,0.0,0.0,0.0
1790303543.550493,9.459,-12.42218,-12.42218,-12.42218,-12.42218,-12.42218,-12.42218,-12.42218,0.04150,-12.42218,-12.42218,-12.42218,-12.42218,-12.42218,-12.42218,-12.42218,0.04150,-45.0000,-45.0000,-10.0000,-10.0000,-30.0000,-30.0000,-30.0000,-30.0000,-45.0000,-45.0000,-10.0000,-10.0000,-30.0000,-30.0000,-30.0000,-30.0000,-54.000,-54.000,-28.000,-28.000,-10.000,-10.000,-10.000,-10.000,-54.000,-54.000,-28.000,-28.000,-10.000,-10.000,-10.000,-10.000,0.0,0.0,0.0,0.0,0.0,0.0,0.0,0.0,0.0,0.0,0.0,0.0,0.0,0.0,0.0,0.0
1790303543.560721,9.470,-12.42218,-12.42218,-12.42218,-12.42218,-12.42218,-12.42218,-12.42218,0.04150,-12.42218,-12.42218,-12.42218,-12.42218,-12.42218,-12.42218,-12.42218,0.04150,-45.0000,-45.0000,-10.0000,-10.0000,-30.0000,-30.0000,-30.0000,-30.0000,-45.0000,-45.0000,-10.0000,-10.0000,-30.0000,-30.0000,-30.0000,-30.0000,-54.000,-54.000,-28.000,-28.000,-10.000,-10.000,-10.000,-10.000,-54.000,-54.000,-28.000,-28.000,-10.000,-10.000,-10.000,-10.000,0.0,0.0,0.0,0.0,0.0,0.0,0.0,0.0,0.0,0.0,0.0,0.0,0.0,0.0,0.0,0.0
1790303543.573782,9.483,-12.42218,-12.42218,-12.42218,-12.42218,-12.42218,-12.42218,-12.42218,0.04150,-12.42218,-12.42218,-12.42218,-12.42218,-12.42218,-12.42218,-12.42218,0.04150,-45.0000,-45.0000,-10.0000,-10.0000,-30.0000,-30.0000,-30.0000,-30.0000,-45.0000,-45.0000,-10.0000,-10.0000,-30.0000,-30.0000,-30.0000,-30.0000,-54.000,-54.000,-28.000,-28.000,-10.000,-10.000,-10.000,-10.000,-54.000,-54.000,-28.000,-28.000,-10.000,-10.000,-10.000,-10.000,0.0,0.0,0.0,0.0,0.0,0.0,0.0,0.0,0.0,0.0,0.0,0.0,0.0,0.0,0.0,0.0
1790303543.580628,9.490,-12.42218,-12.42218,-12.42218,-12.42218,-12.42218,-12.42218,-12.42218,0.04150,-12.42218,-12.42218,-12.42218,-12.42218,-12.42218,-12.42218,-12.42218,0.04150,-45.0000,-45.0000,-10.0000,-10.0000,-30.0000,-30.0000,-30.0000,-30.0000,-45.0000,-45.0000,-10.0000,-10.0000,-30.0000,-30.0000,-30.0000,-30.0000,-54.000,-54.000,-28.000,-28.000,-10.000,-10.000,-10.000,-10.000,-54.000,-54.000,-28.000,-28.000,-10.000,-10.000,-10.000,-10.000,0.0,0.0,0.0,0.0,0.0,0.0,0.0,0.0,0.0,0.0,0.0,0.0,0.0,0.0,0.0,0.0
1790303543.590873,9.500,-12.42218,-12.42218,-12.42218,-12.42218,-12.42218,-12.42218,-12.42218,0.04150,-12.42218,-12.42218,-12.42218,-12.42218,-12.42218,-12.42218,-12.42218,0.04150,-45.0000,-45.0000,-10.0000,-10.0000,-30.0000,-30.0000,-30.0000,-30.0000,-45.0000,-45.0000,-10.0000,-10.0000,-30.0000,-30.0000,-30.0000,-30.0000,-54.000,-54.000,-28.000,-28.000,-10.000,-10.000,-10.000,-10.000,-54.000,-54.000,-28.000,-28.000,-10.000,-10.000,-10.000,-10.000,0.0,0.0,0.0,0.0,0.0,0.0,0.0,0.0,0.0,0.0,0.0,0.0,0.0,0.0,0.0,0.0
1790303543.600642,9.510,-12.42218,-12.42218,-12.42218,-12.42218,-12.42218,-12.42218,-12.42218,0.04150,-12.42218,-12.42218,-12.42218,-12.42218,-12.42218,-12.42218,-12.42218,0.04150,-45.0000,-45.0000,-10.0000,-10.0000,-30.0000,-30.0000,-30.0000,-30.0000,-45.0000,-45.0000,-10.0000,-10.0000,-30.0000,-30.0000,-30.0000,-30.0000,-54.000,-54.000,-28.000,-28.000,-10.000,-10.000,-10.000,-10.000,-54.000,-54.000,-28.000,-28.000,-10.000,-10.000,-10.000,-10.000,0.0,0.0,0.0,0.0,0.0,0.0,0.0,0.0,0.0,0.0,0.0,0.0,0.0,0.0,0.0,0.0
1790303543.610866,9.520,-12.42218,-12.42218,-12.42218,-12.42218,-12.42218,-12.42218,-12.42218,0.04150,-12.42218,-12.42218,-12.42218,-12.42218,-12.42218,-12.42218,-12.42218,0.04150,-45.0000,-45.0000,-10.0000,-10.0000,-30.0000,-30.0000,-30.0000,-30.0000,-45.0000,-45.0000,-10.0000,-10.0000,-30.0000,-30.0000,-30.0000,-30.0000,-54.000,-54.000,-28.000,-28.000,-10.000,-10.000,-10.000,-10.000,-54.000,-54.000,-28.000,-28.000,-10.000,-10.000,-10.000,-10.000,0.0,0.0,0.0,0.0,0.0,0.0,0.0,0.0,0.0,0.0,0.0,0.0,0.0,0.0,0.0,0.0
1790303543.620912,9.530,-12.42218,-12.42218,-12.42218,-12.42218,-12.42218,-12.42218,-12.42218,0.04150,-12.42218,-12.42218,-12.42218,-12.42218,-12.42218,-12.42218,-12.42218,0.04150,-45.0000,-45.0000,-10.0000,-10.0000,-30.0000,-30.0000,-30.0000,-30.0000,-45.0000,-45.0000,-10.0000,-10.0000,-30.0000,-30.0000,-30.0000,-30.0000,-54.000,-54.000,-28.000,-28.000,-10.000,-10.000,-10.000,-10.000,-54.000,-54.000,-28.000,-28.000,-10.000,-10.000,-10.000,-10.000,0.0,0.0,0.0,0.0,0.0,0.0,0.0,0.0,0.0,0.0,0.0,0.0,0.0,0.0,0.0,0.0
1790303543.631416,9.540,-12.42218,-12.42218,-12.42218,-12.42218,-12.42218,-12.42218,-12.42218,0.04150,-12.42218,-12.42218,-12.42218,-12.42218,-12.42218,-12.42218,-12.42218,0.04150,-45.0000,-45.0000,-10.0000,-10.0000,-30.0000,-30.0000,-30.0000,-30.0000,-45.0000,-45.0000,-10.0000,-10.0000,-30.0000,-30.0000,-30.0000,-30.0000,-54.000,-54.000,-28.000,-28.000,-10.000,-10.000,-10.000,-10.000,-54.000,-54.000,-28.000,-28.000,-10.000,-10.000,-10.000,-10.000,0.0,0.0,0.0,0.0,0.0,0.0,0.0,0.0,0.0,0.0,0.0,0.0,0.0,0.0,0.0,0.0
1790303543.640645,9.550,-12.42218,-12.42218,-12.42218,-12.42218,-12.42218,-12.42218,-12.42218,0.04150,-12.42218,-12.42218,-12.42218,-12.42218,-12.42218,-12.42218,-12.42218,0.04150,-45.0000,-45.0000,-10.0000,-10.0000,-30.0000,-30.0000,-30.0000,-30.0000,-45.0000,-45.0000,-10.0000,-10.0000,-30.0000,-30.0000,-30.0000,-30.0000,-54.000,-54.000,-28.000,-28.000,-10.000,-10.000,-10.000,-10.000,-54.000,-54.000,-28.000,-28.000,-10.000,-10.000,-10.000,-10.000,0.0,0.0,0.0,0.0,0.0,0.0,0.0,0.0,0.0,0.0,0.0,0.0,0.0,0.0,0.0,0.0
1790303543.650348,9.559,-12.42218,-12.42218,-12.42218,-12.42218,-12.42218,-12.42218,-12.42218,0.04150,-12.42218,-12.42218,-12.42218,-12.42218,-12.42218,-12.42218,-12.42218,0.04150,-45.0000,-45.0000,-10.0000,-10.0000,-30.0000,-30.0000,-30.0000,-30.0000,-45.0000,-45.0000,-10.0000,-10.0000,-30.0000,-30.0000,-30.0000,-30.0000,-54.000,-54.000,-28.000,-28.000,-10.000,-10.000,-10.000,-10.000,-54.000,-54.000,-28.000,-28.000,-10.000,-10.000,-10.000,-10.000,0.0,0.0,0.0,0.0,0.0,0.0,0.0,0.0,0.0,0.0,0.0,0.0,0.0,0.0,0.0,0.0
1790303543.660884,9.570,-12.42218,-12.42218,-12.42218,-12.42218,-12.42218,-12.42218,-12.42218,0.04150,-12.42218,-12.42218,-12.42218,-12.42218,-12.42218,-12.42218,-12.42218,0.04150,-45.0000,-45.0000,-10.0000,-10.0000,-30.0000,-30.0000,-30.0000,-30.0000,-45.0000,-45.0000,-10.0000,-10.0000,-30.0000,-30.0000,-30.0000,-30.0000,-54.000,-54.000,-28.000,-28.000,-10.000,-10.000,-10.000,-10.000,-54.000,-54.000,-28.000,-28.000,-10.000,-10.000,-10.000,-10.000,0.0,0.0,0.0,0.0,0.0,0.0,0.0,0.0,0.0,0.0,0.0,0.0,0.0,0.0,0.0,0.0
1790303543.670935,9.580,-12.42218,-12.42218,-12.42218,-12.42218,-12.42218,-12.42218,-12.42218,0.04150,-12.42218,-12.42218,-12.42218,-12.42218,-12.42218,-12.42218,-12.42218,0.04150,-45.0000,-45.0000,-10.0000,-10.0000,-30.0000,-30.0000,-30.0000,-30.0000,-45.0000,-45.0000,-10.0000,-10.0000,-30.0000,-30.0000,-30.0000,-30.0000,-54.000,-54.000,-28.000,-28.000,-10.000,-10.000,-10.000,-10.000,-54.000,-54.000,-28.000,-28.000,-10.000,-10.000,-10.000,-10.000,0.0,0.0,0.0,0.0,0.0,0.0,0.0,0.0,0.0,0.0,0.0,0.0,0.0,0.0,0.0,0.0
1790303543.680692,9.590,-12.42218,-12.42218,-12.42218,-12.42218,-12.42218,-12.42218,-12.42218,0.04150,-12.42218,-12.42218,-12.42218,-12.42218,-12.42218,-12.42218,-12.42218,0.04150,-45.0000,-45.0000,-10.0000,-10.0000,-30.0000,-30.0000,-30.0000,-30.0000,-45.0000,-45.0000,-10.0000,-10.0000,-30.0000,-30.0000,-30.0000,-30.0000,-54.000,-54.000,-28.000,-28.000,-10.000,-10.000,-10.000,-10.000,-54.000,-54.000,-28.000,-28.000,-10.000,-10.000,-10.000,-10.000,0.0,0.0,0.0,0.0,0.0,0.0,0.0,0.0,0.0,0.0,0.0,0.0,0.0,0.0,0.0,0.0
1790303543.690968,9.600,-12.42218,-12.42218,-12.42218,-12.42218,-12.42218,-12.42218,-12.42218,0.04150,-12.42218,-12.42218,-12.42218,-12.42218,-12.42218,-12.42218,-12.42218,0.04150,-45.0000,-45.0000,-10.0000,-10.0000,-30.0000,-30.0000,-30.0000,-30.0000,-45.0000,-45.0000,-10.0000,-10.0000,-30.0000,-30.0000,-30.0000,-30.0000,-54.000,-54.000,-28.000,-28.000,-10.000,-10.000,-10.000,-10.000,-54.000,-54.000,-28.000,-28.000,-10.000,-10.000,-10.000,-10.000,0.0,0.0,0.0,0.0,0.0,0.0,0.0,0.0,0.0,0.0,0.0,0.0,0.0,0.0,0.0,0.0
1790303543.700776,9.610,-12.42218,-12.42218,-12.42218,-12.42218,-12.42218,-12.42218,-12.42218,0.04150,-12.42218,-12.42218,-12.42218,-12.42218,-12.42218,-12.42218,-12.42218,0.04150,-45.0000,-45.0000,-10.0000,-10.0000,-30.0000,-30.0000,-30.0000,-30.0000,-45.0000,-45.0000,-10.0000,-10.0000,-30.0000,-30.0000,-30.0000,-30.0000,-54.000,-54.000,-28.000,-28.000,-10.000,-10.000,-10.000,-10.000,-54.000,-54.000,-28.000,-28.000,-10.000,-10.000,-10.000,-10.000,0.0,0.0,0.0,0.0,0.0,0.0,0.0,0.0,0.0,0.0,0.0,0.0,0.0,0.0,0.0,0.0
1790303543.710501,9.619,-12.42218,-12.42218,-12.42218,-12.42218,-12.42218,-12.42218,-12.42218,0.04150,-12.42218,-12.42218,-12.42218,-12.42218,-12.42218,-12.42218,-12.42218,0.04150,-45.0000,-45.0000,-10.0000,-10.0000,-30.0000,-30.0000,-30.0000,-30.0000,-45.0000,-45.0000,-10.0000,-10.0000,-30.0000,-30.0000,-30.0000,-30.0000,-54.000,-54.000,-28.000,-28.000,-10.000,-10.000,-10.000,-10.000,-54.000,-54.000,-28.000,-28.000,-10.000,-10.000,-10.000,-10.000,0.0,0.0,0.0,0.0,0.0,0.0,0.0,0.0,0.0,0.0,0.0,0.0,0.0,0.0,0.0,0.0
1790303543.720448,9.629,-12.42218,-12.42218,-12.42218,-12.42218,-12.42218,-12.42218,-12.42218,0.04150,-12.42218,-12.42218,-12.42218,-12.42218,-12.42218,-12.42218,-12.42218,0.04150,-45.0000,-45.0000,-10.0000,-10.0000,-30.0000,-30.0000,-30.0000,-30.0000,-45.0000,-45.0000,-10.0000,-10.0000,-30.0000,-30.0000,-30.0000,-30.0000,-54.000,-54.000,-28.000,-28.000,-10.000,-10.000,-10.000,-10.000,-54.000,-54.000,-28.000,-28.000,-10.000,-10.000,-10.000,-10.000,0.0,0.0,0.0,0.0,0.0,0.0,0.0,0.0,0.0,0.0,0.0,0.0,0.0,0.0,0.0,0.0
1790303543.730679,9.640,-12.42218,-12.42218,-12.42218,-12.42218,-12.42218,-12.42218,-12.42218,0.04150,-12.42218,-12.42218,-12.42218,-12.42218,-12.42218,-12.42218,-12.42218,0.04150,-45.0000,-45.0000,-10.0000,-10.0000,-30.0000,-30.0000,-30.0000,-30.0000,-45.0000,-45.0000,-10.0000,-10.0000,-30.0000,-30.0000,-30.0000,-30.0000,-54.000,-54.000,-28.000,-28.000,-10.000,-10.000,-10.000,-10.000,-54.000,-54.000,-28.000,-28.000,-10.000,-10.000,-10.000,-10.000,0.0,0.0,0.0,0.0,0.0,0.0,0.0,0.0,0.0,0.0,0.0,0.0,0.0,0.0,0.0,0.0
1790303543.740662,9.650,-12.42218,-12.42218,-12.42218,-12.42218,-12.42218,-12.42218,-12.42218,0.04150,-12.42218,-12.42218,-12.42218,-12.42218,-12.42218,-12.42218,-12.42218,0.04150,-45.0000,-45.0000,-10.0000,-10.0000,-30.0000,-30.0000,-30.0000,-30.0000,-45.0000,-45.0000,-10.0000,-10.0000,-30.0000,-30.0000,-30.0000,-30.0000,-54.000,-54.000,-28.000,-28.000,-10.000,-10.000,-10.000,-10.000,-54.000,-54.000,-28.000,-28.000,-10.000,-10.000,-10.000,-10.000,0.0,0.0,0.0,0.0,0.0,0.0,0.0,0.0,0.0,0.0,0.0,0.0,0.0,0.0,0.0,0.0
1790303543.750849,9.660,-12.42218,-12.42218,-12.42218,-12.42218,-12.42218,-12.42218,-12.42218,0.04150,-12.42218,-12.42218,-12.42218,-12.42218,-12.42218,-12.42218,-12.42218,0.04150,-45.0000,-45.0000,-10.0000,-10.0000,-30.0000,-30.0000,-30.0000,-30.0000,-45.0000,-45.0000,-10.0000,-10.0000,-30.0000,-30.0000,-30.0000,-30.0000,-54.000,-54.000,-28.000,-28.000,-10.000,-10.000,-10.000,-10.000,-54.000,-54.000,-28.000,-28.000,-10.000,-10.000,-10.000,-10.000,0.0,0.0,0.0,0.0,0.0,0.0,0.0,0.0,0.0,0.0,0.0,0.0,0.0,0.0,0.0,0.0
1790303543.762817,9.672,-12.42218,-12.42218,-12.42218,-12.42218,-12.42218,-12.42218,-12.42218,0.04150,-12.42218,-12.42218,-12.42218,-12.42218,-12.42218,-12.42218,-12.42218,0.04150,-45.0000,-45.0000,-10.0000,-10.0000,-30.0000,-30.0000,-30.0000,-30.0000,-45.0000,-45.0000,-10.0000,-10.0000,-30.0000,-30.0000,-30.0000,-30.0000,-54.000,-54.000,-28.000,-28.000,-10.000,-10.000,-10.000,-10.000,-54.000,-54.000,-28.000,-28.000,-10.000,-10.000,-10.000,-10.000,0.0,0.0,0.0,0.0,0.0,0.0,0.0,0.0,0.0,0.0,0.0,0.0,0.0,0.0,0.0,0.0
1790303543.770496,9.679,-12.42218,-12.42218,-12.42218,-12.42218,-12.42218,-12.42218,-12.42218,0.04150,-12.42218,-12.42218,-12.42218,-12.42218,-12.42218,-12.42218,-12.42218,0.04150,-45.0000,-45.0000,-10.0000,-10.0000,-30.0000,-30.0000,-30.0000,-30.0000,-45.0000,-45.0000,-10.0000,-10.0000,-30.0000,-30.0000,-30.0000,-30.0000,-54.000,-54.000,-28.000,-28.000,-10.000,-10.000,-10.000,-10.000,-54.000,-54.000,-28.000,-28.000,-10.000,-10.000,-10.000,-10.000,0.0,0.0,0.0,0.0,0.0,0.0,0.0,0.0,0.0,0.0,0.0,0.0,0.0,0.0,0.0,0.0
1790303543.780673,9.690,-12.42218,-12.42218,-12.42218,-12.42218,-12.42218,-12.42218,-12.42218,0.04150,-12.42218,-12.42218,-12.42218,-12.42218,-12.42218,-12.42218,-12.42218,0.04150,-45.0000,-45.0000,-10.0000,-10.0000,-30.0000,-30.0000,-30.0000,-30.0000,-45.0000,-45.0000,-10.0000,-10.0000,-30.0000,-30.0000,-30.0000,-30.0000,-54.000,-54.000,-28.000,-28.000,-10.000,-10.000,-10.000,-10.000,-54.000,-54.000,-28.000,-28.000,-10.000,-10.000,-10.000,-10.000,0.0,0.0,0.0,0.0,0.0,0.0,0.0,0.0,0.0,0.0,0.0,0.0,0.0,0.0,0.0,0.0
1790303543.790480,9.699,-12.42218,-12.42218,-12.42218,-12.42218,-12.42218,-12.42218,-12.42218,0.04150,-12.42218,-12.42218,-12.42218,-12.42218,-12.42218,-12.42218,-12.42218,0.04150,-45.0000,-45.0000,-10.0000,-10.0000,-30.0000,-30.0000,-30.0000,-30.0000,-45.0000,-45.0000,-10.0000,-10.0000,-30.0000,-30.0000,-30.0000,-30.0000,-54.000,-54.000,-28.000,-28.000,-10.000,-10.000,-10.000,-10.000,-54.000,-54.000,-28.000,-28.000,-10.000,-10.000,-10.000,-10.000,0.0,0.0,0.0,0.0,0.0,0.0,0.0,0.0,0.0,0.0,0.0,0.0,0.0,0.0,0.0,0.0
1790303543.800615,9.709,-12.42218,-12.42218,-12.42218,-12.42218,-12.42218,-12.42218,-12.42218,0.04150,-12.42218,-12.42218,-12.42218,-12.42218,-12.42218,-12.42218,-12.42218,0.04150,-45.0000,-45.0000,-10.0000,-10.0000,-30.0000,-30.0000,-30.0000,-30.0000,-45.0000,-45.0000,-10.0000,-10.0000,-30.0000,-30.0000,-30.0000,-30.0000,-54.000,-54.000,-28.000,-28.000,-10.000,-10.000,-10.000,-10.000,-54.000,-54.000,-28.000,-28.000,-10.000,-10.000,-10.000,-10.000,0.0,0.0,0.0,0.0,0.0,0.0,0.0,0.0,0.0,0.0,0.0,0.0,0.0,0.0,0.0,0.0
1790303543.810457,9.719,-12.42218,-12.42218,-12.42218,-12.42218,-12.42218,-12.42218,-12.42218,0.04150,-12.42218,-12.42218,-12.42218,-12.42218,-12.42218,-12.42218,-12.42218,0.04150,-45.0000,-45.0000,-10.0000,-10.0000,-30.0000,-30.0000,-30.0000,-30.0000,-45.0000,-45.0000,-10.0000,-10.0000,-30.0000,-30.0000,-30.0000,-30.0000,-54.000,-54.000,-28.000,-28.000,-10.000,-10.000,-10.000,-10.000,-54.000,-54.000,-28.000,-28.000,-10.000,-10.000,-10.000,-10.000,0.0,0.0,0.0,0.0,0.0,0.0,0.0,0.0,0.0,0.0,0.0,0.0,0.0,0.0,0.0,0.0
1790303543.820280,9.729,-12.42218,-12.42218,-12.42218,-12.42218,-12.42218,-12.42218,-12.42218,0.04150,-12.42218,-12.42218,-12.42218,-12.42218,-12.42218,-12.42218,-12.42218,0.04150,-45.0000,-45.0000,-10.0000,-10.0000,-30.0000,-30.0000,-30.0000,-30.0000,-45.0000,-45.0000,-10.0000,-10.0000,-30.0000,-30.0000,-30.0000,-30.0000,-54.000,-54.000,-28.000,-28.000,-10.000,-10.000,-10.000,-10.000,-54.000,-54.000,-28.000,-28.000,-10.000,-10.000,-10.000,-10.000,0.0,0.0,0.0,0.0,0.0,0.0,0.0,0.0,0.0,0.0,0.0,0.0,0.0,0.0,0.0,0.0
1790303543.830426,9.739,-12.42218,-12.42218,-12.42218,-12.42218,-12.42218,-12.42218,-12.42218,0.04150,-12.42218,-12.42218,-12.42218,-12.42218,-12.42218,-12.42218,-12.42218,0.04150,-45.0000,-45.0000,-10.0000,-10.0000,-30.0000,-30.0000,-30.0000,-30.0000,-45.0000,-45.0000,-10.0000,-10.0000,-30.0000,-30.0000,-30.0000,-30.0000,-54.000,-54.000,-28.000,-28.000,-10.000,-10.000,-10.000,-10.000,-54.000,-54.000,-28.000,-28.000,-10.000,-10.000,-10.000,-10.000,0.0,0.0,0.0,0.0,0.0,0.0,0.0,0.0,0.0,0.0,0.0,0.0,0.0,0.0,0.0,0.0
1790303543.840218,9.749,-12.42218,-12.42218,-12.42218,-12.42218,-12.42218,-12.42218,-12.42218,0.04150,-12.42218,-12.42218,-12.42218,-12.42218,-12.42218,-12.42218,-12.42218,0.04150,-45.0000,-45.0000,-10.0000,-10.0000,-30.0000,-30.0000,-30.0000,-30.0000,-45.0000,-45.0000,-10.0000,-10.0000,-30.0000,-30.0000,-30.0000,-30.0000,-54.000,-54.000,-28.000,-28.000,-10.000,-10.000,-10.000,-10.000,-54.000,-54.000,-28.000,-28.000,-10.000,-10.000,-10.000,-10.000,0.0,0.0,0.0,0.0,0.0,0.0,0.0,0.0,0.0,0.0,0.0,0.0,0.0,0.0,0.0,0.0
1790303543.850421,9.759,-12.42218,-12.42218,-12.42218,-12.42218,-12.42218,-12.42218,-12.42218,0.04150,-12.42218,-12.42218,-12.42218,-12.42218,-12.42218,-12.42218,-12.42218,0.04150,-45.0000,-45.0000,-10.0000,-10.0000,-30.0000,-30.0000,-30.0000,-30.0000,-45.0000,-45.0000,-10.0000,-10.0000,-30.0000,-30.0000,-30.0000,-30.0000,-54.000,-54.000,-28.000,-28.000,-10.000,-10.000,-10.000,-10.000,-54.000,-54.000,-28.000,-28.000,-10.000,-10.000,-10.000,-10.000,0.0,0.0,0.0,0.0,0.0,0.0,0.0,0.0,0.0,0.0,0.0,0.0,0.0,0.0,0.0,0.0
1790303543.860311,9.769,-12.42218,-12.42218,-12.42218,-12.42218,-12.42218,-12.42218,-12.42218,0.04150,-12.42218,-12.42218,-12.42218,-12.42218,-12.42218,-12.42218,-12.42218,0.04150,-45.0000,-45.0000,-10.0000,-10.0000,-30.0000,-30.0000,-30.0000,-30.0000,-45.0000,-45.0000,-10.0000,-10.0000,-30.0000,-30.0000,-30.0000,-30.0000,-54.000,-54.000,-28.000,-28.000,-10.000,-10.000,-10.000,-10.000,-54.000,-54.000,-28.000,-28.000,-10.000,-10.000,-10.000,-10.000,0.0,0.0,0.0,0.0,0.0,0.0,0.0,0.0,0.0,0.0,0.0,0.0,0.0,0.0,0.0,0.0
1790303543.870473,9.779,-12.42218,-12.42218,-12.42218,-12.42218,-12.42218,-12.42218,-12.42218,0.04150,-12.42218,-12.42218,-12.42218,-12.42218,-12.42218,-12.42218,-12.42218,0.04150,-45.0000,-45.0000,-10.0000,-10.0000,-30.0000,-30.0000,-30.0000,-30.0000,-45.0000,-45.0000,-10.0000,-10.0000,-30.0000,-30.0000,-30.0000,-30.0000,-54.000,-54.000,-28.000,-28.000,-10.000,-10.000,-10.000,-10.000,-54.000,-54.000,-28.000,-28.000,-10.000,-10.000,-10.000,-10.000,0.0,0.0,0.0,0.0,0.0,0.0,0.0,0.0,0.0,0.0,0.0,0.0,0.0,0.0,0.0,0.0
1790303543.880866,9.790,-12.42218,-12.42218,-12.42218,-12.42218,-12.42218,-12.42218,-12.42218,0.04150,-12.42218,-12.42218,-12.42218,-12.42218,-12.42218,-12.42218,-12.42218,0.04150,-45.0000,-45.0000,-10.0000,-10.0000,-30.0000,-30.0000,-30.0000,-30.0000,-45.0000,-45.0000,-10.0000,-10.0000,-30.0000,-30.0000,-30.0000,-30.0000,-54.000,-54.000,-28.000,-28.000,-10.000,-10.000,-10.000,-10.000,-54.000,-54.000,-28.000,-28.000,-10.000,-10.000,-10.000,-10.000,0.0,0.0,0.0,0.0,0.0,0.0,0.0,0.0,0.0,0.0,0.0,0.0,0.0,0.0,0.0,0.0
1790303543.891117,9.800,-12.42218,-12.42218,-12.42218,-12.42218,-12.42218,-12.42218,-12.42218,0.04150,-12.42218,-12.42218,-12.42218,-12.42218,-12.42218,-12.42218,-12.42218,0.04150,-45.0000,-45.0000,-10.0000,-10.0000,-30.0000,-30.0000,-30.0000,-30.0000,-45.0000,-45.0000,-10.0000,-10.0000,-30.0000,-30.0000,-30.0000,-30.0000,-54.000,-54.000,-28.000,-28.000,-10.000,-10.000,-10.000,-10.000,-54.000,-54.000,-28.000,-28.000,-10.000,-10.000,-10.000,-10.000,0.0,0.0,0.0,0.0,0.0,0.0,0.0,0.0,0.0,0.0,0.0,0.0,0.0,0.0,0.0,0.0
1790303543.900066,9.809,-12.42218,-12.42218,-12.42218,-12.42218,-12.42218,-12.42218,-12.42218,0.04150,-12.42218,-12.42218,-12.42218,-12.42218,-12.42218,-12.42218,-12.42218,0.04150,-45.0000,-45.0000,-10.0000,-10.0000,-30.0000,-30.0000,-30.0000,-30.0000,-45.0000,-45.0000,-10.0000,-10.0000,-30.0000,-30.0000,-30.0000,-30.0000,-54.000,-54.000,-28.000,-28.000,-10.000,-10.000,-10.000,-10.000,-54.000,-54.000,-28.000,-28.000,-10.000,-10.000,-10.000,-10.000,0.0,0.0,0.0,0.0,0.0,0.0,0.0,0.0,0.0,0.0,0.0,0.0,0.0,0.0,0.0,0.0
1790303543.910081,9.819,-12.42218,-12.42218,-12.42218,-12.42218,-12.42218,-12.42218,-12.42218,0.04150,-12.42218,-12.42218,-12.42218,-12.42218,-12.42218,-12.42218,-12.42218,0.04150,-45.0000,-45.0000,-10.0000,-10.0000,-30.0000,-30.0000,-30.0000,-30.0000,-45.0000,-45.0000,-10.0000,-10.0000,-30.0000,-30.0000,-30.0000,-30.0000,-54.000,-54.000,-28.000,-28.000,-10.000,-10.000,-10.000,-10.000,-54.000,-54.000,-28.000,-28.000,-10.000,-10.000,-10.000,-10.000,0.0,0.0,0.0,0.0,0.0,0.0,0.0,0.0,0.0,0.0,0.0,0.0,0.0,0.0,0.0,0.0
1790303543.920439,9.829,-12.42218,-12.42218,-12.42218,-12.42218,-12.42218,-12.42218,-12.42218,0.04150,-12.42218,-12.42218,-12.42218,-12.42218,-12.42218,-12.42218,-12.42218,0.04150,-45.0000,-45.0000,-10.0000,-10.0000,-30.0000,-30.0000,-30.0000,-30.0000,-45.0000,-45.0000,-10.0000,-10.0000,-30.0000,-30.0000,-30.0000,-30.0000,-54.000,-54.000,-28.000,-28.000,-10.000,-10.000,-10.000,-10.000,-54.000,-54.000,-28.000,-28.000,-10.000,-10.000,-10.000,-10.000,0.0,0.0,0.0,0.0,0.0,0.0,0.0,0.0,0.0,0.0,0.0,0.0,0.0,0.0,0.0,0.0
1790303543.930789,9.840,-12.42218,-12.42218,-12.42218,-12.42218,-12.42218,-12.42218,-12.42218,0.04150,-12.42218,-12.42218,-12.42218,-12.42218,-12.42218,-12.42218,-12.42218,0.04150,-45.0000,-45.0000,-10.0000,-10.0000,-30.0000,-30.0000,-30.0000,-30.0000,-45.0000,-45.0000,-10.0000,-10.0000,-30.0000,-30.0000,-30.0000,-30.0000,-54.000,-54.000,-28.000,-28.000,-10.000,-10.000,-10.000,-10.000,-54.000,-54.000,-28.000,-28.000,-10.000,-10.000,-10.000,-10.000,0.0,0.0,0.0,0.0,0.0,0.0,0.0,0.0,0.0,0.0,0.0,0.0,0.0,0.0,0.0,0.0
1790303543.940575,9.849,-12.42218,-12.42218,-12.42218,-12.42218,-12.42218,-12.42218,-12.42218,0.04150,-12.42218,-12.42218,-12.42218,-12.42218,-12.42218,-12.42218,-12.42218,0.04150,-45.0000,-45.0000,-10.0000,-10.0000,-30.0000,-30.0000,-30.0000,-30.0000,-45.0000,-45.0000,-10.0000,-10.0000,-30.0000,-30.0000,-30.0000,-30.0000,-54.000,-54.000,-28.000,-28.000,-10.000,-10.000,-10.000,-10.000,-54.000,-54.000,-28.000,-28.000,-10.000,-10.000,-10.000,-10.000,0.0,0.0,0.0,0.0,0.0,0.0,0.0,0.0,0.0,0.0,0.0,0.0,0.0,0.0,0.0,0.0
1790303543.950884,9.860,-12.42218,-12.42218,-12.42218,-12.42218,-12.42218,-12.42218,-12.42218,0.04150,-12.42218,-12.42218,-12.42218,-12.42218,-12.42218,-12.42218,-12.42218,0.04150,-45.0000,-45.0000,-10.0000,-10.0000,-30.0000,-30.0000,-30.0000,-30.0000,-45.0000,-45.0000,-10.0000,-10.0000,-30.0000,-30.0000,-30.0000,-30.0000,-54.000,-54.000,-28.000,-28.000,-10.000,-10.000,-10.000,-10.000,-54.000,-54.000,-28.000,-28.000,-10.000,-10.000,-10.000,-10.000,0.0,0.0,0.0,0.0,0.0,0.0,0.0,0.0,0.0,0.0,0.0,0.0,0.0,0.0,0.0,0.0
1790303543.960515,9.869,-12.42218,-12.42218,-12.42218,-12.42218,-12.42218,-12.42218,-12.42218,0.04150,-12.42218,-12.42218,-12.42218,-12.42218,-12.42218,-12.42218,-12.42218,0.04150,-45.0000,-45.0000,-10.0000,-10.0000,-30.0000,-30.0000,-30.0000,-30.0000,-45.0000,-45.0000,-10.0000,-10.0000,-30.0000,-30.0000,-30.0000,-30.0000,-54.000,-54.000,-28.000,-28.000,-10.000,-10.000,-10.000,-10.000,-54.000,-54.000,-28.000,-28.000,-10.000,-10.000,-10.000,-10.000,0.0,0.0,0.0,0.0,0.0,0.0,0.0,0.0,0.0,0.0,0.0,0.0,0.0,0.0,0.0,0.0
1790303543.970911,9.880,-12.42218,-12.42218,-12.42218,-12.42218,-12.42218,-12.42218,-12.42218,0.04150,-12.42218,-12.42218,-12.42218,-12.42218,-12.42218,-12.42218,-12.42218,0.04150,-45.0000,-45.0000,-10.0000,-10.0000,-30.0000,-30.0000,-30.0000,-30.0000,-45.0000,-45.0000,-10.0000,-10.0000,-30.0000,-30.0000,-30.0000,-30.0000,-54.000,-54.000,-28.000,-28.000,-10.000,-10.000,-10.000,-10.000,-54.000,-54.000,-28.000,-28.000,-10.000,-10.000,-10.000,-10.000,0.0,0.0,0.0,0.0,0.0,0.0,0.0,0.0,0.0,0.0,0.0,0.0,0.0,0.0,0.0,0.0
1790303543.980674,9.890,-12.42218,-12.42218,-12.42218,-12.42218,-12.42218,-12.42218,-12.42218,0.04150,-12.42218,-12.42218,-12.42218,-12.42218,-12.42218,-12.42218,-12.42218,0.04150,-45.0000,-45.0000,-10.0000,-10.0000,-30.0000,-30.0000,-30.0000,-30.0000,-45.0000,-45.0000,-10.0000,-10.0000,-30.0000,-30.0000,-30.0000,-30.0000,-54.000,-54.000,-28.000,-28.000,-10.000,-10.000,-10.000,-10.000,-54.000,-54.000,-28.000,-28.000,-10.000,-10.000,-10.000,-10.000,0.0,0.0,0.0,0.0,0.0,0.0,0.0,0.0,0.0,0.0,0.0,0.0,0.0,0.0,0.0,0.0
1790303543.990782,9.900,-12.42218,-12.42218,-12.42218,-12.42218,-12.42218,-12.42218,-12.42218,0.04150,-12.42218,-12.42218,-12.42218,-12.42218,-12.42218,-12.42218,-12.42218,0.04150,-45.0000,-45.0000,-10.0000,-10.0000,-30.0000,-30.0000,-30.0000,-30.0000,-45.0000,-45.0000,-10.0000,-10.0000,-30.0000,-30.0000,-30.0000,-30.0000,-54.000,-54.000,-28.000,-28.000,-10.000,-10.000,-10.000,-10.000,-54.000,-54.000,-28.000,-28.000,-10.000,-10.000,-10.000,-10.000,0.0,0.0,0.0,0.0,0.0,0.0,0.0,0.0,0.0,0.0,0.0,0.0,0.0,0.0,0.0,0.0
1790303544.000591,9.909,-12.42218,-12.42218,-12.42218,-12.42218,-12.42218,-12.42218,-12.42218,0.04150,-12.42218,-12.42218,-12.42218,-12.42218,-12.42218,-12.42218,-12.42218,0.04150,-45.0000,-45.0000,-10.0000,-10.0000,-30.0000,-30.0000,-30.0000,-30.0000,-45.0000,-45.0000,-10.0000,-10.0000,-30.0000,-30.0000,-30.0000,-30.0000,-54.000,-54.000,-28.000,-28.000,-10.000,-10.000,-10.000,-10.000,-54.000,-54.000,-28.000,-28.000,-10.000,-10.000,-10.000,-10.000,0.0,0.0,0.0,0.0,0.0,0.0,0.0,0.0,0.0,0.0,0.0,0.0,0.0,0.0,0.0,0.0
1790303544.010394,9.919,-12.42218,-12.42218,-12.42218,-12.42218,-12.42218,-12.42218,-12.42218,0.04150,-12.42218,-12.42218,-12.42218,-12.42218,-12.42218,-12.42218,-12.42218,0.04150,-45.0000,-45.0000,-10.0000,-10.0000,-30.0000,-30.0000,-30.0000,-30.0000,-45.0000,-45.0000,-10.0000,-10.0000,-30.0000,-30.0000,-30.0000,-30.0000,-54.000,-54.000,-28.000,-28.000,-10.000,-10.000,-10.000,-10.000,-54.000,-54.000,-28.000,-28.000,-10.000,-10.000,-10.000,-10.000,0.0,0.0,0.0,0.0,0.0,0.0,0.0,0.0,0.0,0.0,0.0,0.0,0.0,0.0,0.0,0.0
1790303544.020158,9.929,-12.42218,-12.42218,-12.42218,-12.42218,-12.42218,-12.42218,-12.42218,0.04150,-12.42218,-12.42218,-12.42218,-12.42218,-12.42218,-12.42218,-12.42218,0.04150,-45.0000,-45.0000,-10.0000,-10.0000,-30.0000,-30.0000,-30.0000,-30.0000,-45.0000,-45.0000,-10.0000,-10.0000,-30.0000,-30.0000,-30.0000,-30.0000,-54.000,-54.000,-28.000,-28.000,-10.000,-10.000,-10.000,-10.000,-54.000,-54.000,-28.000,-28.000,-10.000,-10.000,-10.000,-10.000,0.0,0.0,0.0,0.0,0.0,0.0,0.0,0.0,0.0,0.0,0.0,0.0,0.0,0.0,0.0,0.0
1790303544.030889,9.940,-12.42218,-12.42218,-12.42218,-12.42218,-12.42218,-12.42218,-12.42218,0.04150,-12.42218,-12.42218,-12.42218,-12.42218,-12.42218,-12.42218,-12.42218,0.04150,-45.0000,-45.0000,-10.0000,-10.0000,-30.0000,-30.0000,-30.0000,-30.0000,-45.0000,-45.0000,-10.0000,-10.0000,-30.0000,-30.0000,-30.0000,-30.0000,-54.000,-54.000,-28.000,-28.000,-10.000,-10.000,-10.000,-10.000,-54.000,-54.000,-28.000,-28.000,-10.000,-10.000,-10.000,-10.000,0.0,0.0,0.0,0.0,0.0,0.0,0.0,0.0,0.0,0.0,0.0,0.0,0.0,0.0,0.0,0.0
1790303544.040284,9.949,-12.42218,-12.42218,-12.42218,-12.42218,-12.42218,-12.42218,-12.42218,0.04150,-12.42218,-12.42218,-12.42218,-12.42218,-12.42218,-12.42218,-12.42218,0.04150,-45.0000,-45.0000,-10.0000,-10.0000,-30.0000,-30.0000,-30.0000,-30.0000,-45.0000,-45.0000,-10.0000,-10.0000,-30.0000,-30.0000,-30.0000,-30.0000,-54.000,-54.000,-28.000,-28.000,-10.000,-10.000,-10.000,-10.000,-54.000,-54.000,-28.000,-28.000,-10.000,-10.000,-10.000,-10.000,0.0,0.0,0.0,0.0,0.0,0.0,0.0,0.0,0.0,0.0,0.0,0.0,0.0,0.0,0.0,0.0
1790303544.051171,9.960,-12.42218,-12.42218,-12.42218,-12.42218,-12.42218,-12.42218,-12.42218,0.04150,-12.42218,-12.42218,-12.42218,-12.42218,-12.42218,-12.42218,-12.42218,0.04150,-45.0000,-45.0000,-10.0000,-10.0000,-30.0000,-30.0000,-30.0000,-30.0000,-45.0000,-45.0000,-10.0000,-10.0000,-30.0000,-30.0000,-30.0000,-30.0000,-54.000,-54.000,-28.000,-28.000,-10.000,-10.000,-10.000,-10.000,-54.000,-54.000,-28.000,-28.000,-10.000,-10.000,-10.000,-10.000,0.0,0.0,0.0,0.0,0.0,0.0,0.0,0.0,0.0,0.0,0.0,0.0,0.0,0.0,0.0,0.0
1790303544.060656,9.970,-12.42218,-12.42218,-12.42218,-12.42218,-12.42218,-12.42218,-12.42218,0.04150,-12.42218,-12.42218,-12.42218,-12.42218,-12.42218,-12.42218,-12.42218,0.04150,-45.0000,-45.0000,-10.0000,-10.0000,-30.0000,-30.0000,-30.0000,-30.0000,-45.0000,-45.0000,-10.0000,-10.0000,-30.0000,-30.0000,-30.0000,-30.0000,-54.000,-54.000,-28.000,-28.000,-10.000,-10.000,-10.000,-10.000,-54.000,-54.000,-28.000,-28.000,-10.000,-10.000,-10.000,-10.000,0.0,0.0,0.0,0.0,0.0,0.0,0.0,0.0,0.0,0.0,0.0,0.0,0.0,0.0,0.0,0.0
1790303544.071092,9.980,-12.42218,-12.42218,-12.42218,-12.42218,-12.42218,-12.42218,-12.42218,0.04150,-12.42218,-12.42218,-12.42218,-12.42218,-12.42218,-12.42218,-12.42218,0.04150,-45.0000,-45.0000,-10.0000,-10.0000,-30.0000,-30.0000,-30.0000,-30.0000,-45.0000,-45.0000,-10.0000,-10.0000,-30.0000,-30.0000,-30.0000,-30.0000,-54.000,-54.000,-28.000,-28.000,-10.000,-10.000,-10.000,-10.000,-54.000,-54.000,-28.000,-28.000,-10.000,-10.000,-10.000,-10.000,0.0,0.0,0.0,0.0,0.0,0.0,0.0,0.0,0.0,0.0,0.0,0.0,0.0,0.0,0.0,0.0
1790303544.080823,9.990,-12.42218,-12.42218,-12.42218,-12.42218,-12.42218,-12.42218,-12.42218,0.04150,-12.42218,-12.42218,-12.42218,-12.42218,-12.42218,-12.42218,-12.42218,0.04150,-45.0000,-45.0000,-10.0000,-10.0000,-30.0000,-30.0000,-30.0000,-30.0000,-45.0000,-45.0000,-10.0000,-10.0000,-30.0000,-30.0000,-30.0000,-30.0000,-54.000,-54.000,-28.000,-28.000,-10.000,-10.000,-10.000,-10.000,-54.000,-54.000,-28.000,-28.000,-10.000,-10.000,-10.000,-10.000,0.0,0.0,0.0,0.0,0.0,0.0,0.0,0.0,0.0,0.0,0.0,0.0,0.0,0.0,0.0,0.0
1790303544.090766,10.000,-12.42218,-12.42218,-12.42218,-12.42218,-12.42218,-12.42218,-12.42218,0.04150,-12.42218,-12.42218,-12.42218,-12.42218,-12.42218,-12.42218,-12.42218,0.04150,-45.0000,-45.0000,-10.0000,-10.0000,-30.0000,-30.0000,-30.0000,-30.0000,-45.0000,-45.0000,-10.0000,-10.0000,-30.0000,-30.0000,-30.0000,-30.0000,-54.000,-54.000,-28.000,-28.000,-10.000,-10.000,-10.000,-10.000,-54.000,-54.000,-28.000,-28.000,-10.000,-10.000,-10.000,-10.000,0.0,0.0,0.0,0.0,0.0,0.0,0.0,0.0,0.0,0.0,0.0,0.0,0.0,0.0,0.0,0.0
1790303544.106724,10.016,-12.42218,-12.42218,-12.42218,-12.42218,-12.42218,-12.42218,-12.42218,0.04150,-12.42218,-12.42218,-12.42218,-12.42218,-12.42218,-12.42218,-12.42218,0.04150,-45.0000,-45.0000,-10.0000,-10.0000,-30.0000,-30.0000,-30.0000,-30.0000,-45.0000,-45.0000,-10.0000,-10.0000,-30.0000,-30.0000,-30.0000,-30.0000,-54.000,-54.000,-28.000,-28.000,-10.000,-10.000,-10.000,-10.000,-54.000,-54.000,-28.000,-28.000,-10.000,-10.000,-10.000,-10.000,0.0,0.0,0.0,0.0,0.0,0.0,0.0,0.0,0.0,0.0,0.0,0.0,0.0,0.0,0.0,0.0
1790303544.110812,10.020,-12.42218,-12.42218,-12.42218,-12.42218,-12.42218,-12.42218,-12.42218,0.04150,-12.42218,-12.42218,-12.42218,-12.42218,-12.42218,-12.42218,-12.42218,0.04150,-45.0000,-45.0000,-10.0000,-10.0000,-30.0000,-30.0000,-30.0000,-30.0000,-45.0000,-45.0000,-10.0000,-10.0000,-30.0000,-30.0000,-30.0000,-30.0000,-54.000,-54.000,-28.000,-28.000,-10.000,-10.000,-10.000,-10.000,-54.000,-54.000,-28.000,-28.000,-10.000,-10.000,-10.000,-10.000,0.0,0.0,0.0,0.0,0.0,0.0,0.0,0.0,0.0,0.0,0.0,0.0,0.0,0.0,0.0,0.0
1790303544.120961,10.030,-12.42218,-12.42218,-12.42218,-12.42218,-12.42218,-12.42218,-12.42218,0.04150,-12.42218,-12.42218,-12.42218,-12.42218,-12.42218,-12.42218,-12.42218,0.04150,-45.0000,-45.0000,-10.0000,-10.0000,-30.0000,-30.0000,-30.0000,-30.0000,-45.0000,-45.0000,-10.0000,-10.0000,-30.0000,-30.0000,-30.0000,-30.0000,-54.000,-54.000,-28.000,-28.000,-10.000,-10.000,-10.000,-10.000,-54.000,-54.000,-28.000,-28.000,-10.000,-10.000,-10.000,-10.000,0.0,0.0,0.0,0.0,0.0,0.0,0.0,0.0,0.0,0.0,0.0,0.0,0.0,0.0,0.0,0.0
1790303544.133110,10.042,-12.42218,-12.42218,-12.42218,-12.42218,-12.42218,-12.42218,-12.42218,0.04150,-12.42218,-12.42218,-12.42218,-12.42218,-12.42218,-12.42218,-12.42218,0.04150,-45.0000,-45.0000,-10.0000,-10.0000,-30.0000,-30.0000,-30.0000,-30.0000,-45.0000,-45.0000,-10.0000,-10.0000,-30.0000,-30.0000,-30.0000,-30.0000,-54.000,-54.000,-28.000,-28.000,-10.000,-10.000,-10.000,-10.000,-54.000,-54.000,-28.000,-28.000,-10.000,-10.000,-10.000,-10.000,0.0,0.0,0.0,0.0,0.0,0.0,0.0,0.0,0.0,0.0,0.0,0.0,0.0,0.0,0.0,0.0
1790303544.140185,10.049,-12.42218,-12.42218,-12.42218,-12.42218,-12.42218,-12.42218,-12.42218,0.04150,-12.42218,-12.42218,-12.42218,-12.42218,-12.42218,-12.42218,-12.42218,0.04150,-45.0000,-45.0000,-10.0000,-10.0000,-30.0000,-30.0000,-30.0000,-30.0000,-45.0000,-45.0000,-10.0000,-10.0000,-30.0000,-30.0000,-30.0000,-30.0000,-54.000,-54.000,-28.000,-28.000,-10.000,-10.000,-10.000,-10.000,-54.000,-54.000,-28.000,-28.000,-10.000,-10.000,-10.000,-10.000,0.0,0.0,0.0,0.0,0.0,0.0,0.0,0.0,0.0,0.0,0.0,0.0,0.0,0.0,0.0,0.0
1790303544.151882,10.061,-12.42218,-12.42218,-12.42218,-12.42218,-12.42218,-12.42218,-12.42218,0.04150,-12.42218,-12.42218,-12.42218,-12.42218,-12.42218,-12.42218,-12.42218,0.04150,-45.0000,-45.0000,-10.0000,-10.0000,-30.0000,-30.0000,-30.0000,-30.0000,-45.0000,-45.0000,-10.0000,-10.0000,-30.0000,-30.0000,-30.0000,-30.0000,-54.000,-54.000,-28.000,-28.000,-10.000,-10.000,-10.000,-10.000,-54.000,-54.000,-28.000,-28.000,-10.000,-10.000,-10.000,-10.000,0.0,0.0,0.0,0.0,0.0,0.0,0.0,0.0,0.0,0.0,0.0,0.0,0.0,0.0,0.0,0.0
1790303544.160179,10.069,-12.42218,-12.42218,-12.42218,-12.42218,-12.42218,-12.42218,-12.42218,0.04150,-12.42218,-12.42218,-12.42218,-12.42218,-12.42218,-12.42218,-12.42218,0.04150,-45.0000,-45.0000,-10.0000,-10.0000,-30.0000,-30.0000,-30.0000,-30.0000,-45.0000,-45.0000,-10.0000,-10.0000,-30.0000,-30.0000,-30.0000,-30.0000,-54.000,-54.000,-28.000,-28.000,-10.000,-10.000,-10.000,-10.000,-54.000,-54.000,-28.000,-28.000,-10.000,-10.000,-10.000,-10.000,0.0,0.0,0.0,0.0,0.0,0.0,0.0,0.0,0.0,0.0,0.0,0.0,0.0,0.0,0.0,0.0
1790303544.170922,10.080,-12.42218,-12.42218,-12.42218,-12.42218,-12.42218,-12.42218,-12.42218,0.04150,-12.42218,-12.42218,-12.42218,-12.42218,-12.42218,-12.42218,-12.42218,0.04150,-45.0000,-45.0000,-10.0000,-10.0000,-30.0000,-30.0000,-30.0000,-30.0000,-45.0000,-45.0000,-10.0000,-10.0000,-30.0000,-30.0000,-30.0000,-30.0000,-54.000,-54.000,-28.000,-28.000,-10.000,-10.000,-10.000,-10.000,-54.000,-54.000,-28.000,-28.000,-10.000,-10.000,-10.000,-10.000,0.0,0.0,0.0,0.0,0.0,0.0,0.0,0.0,0.0,0.0,0.0,0.0,0.0,0.0,0.0,0.0
1790303544.180744,10.090,-12.42218,-12.42218,-12.42218,-12.42218,-12.42218,-12.42218,-12.42218,0.04150,-12.42218,-12.42218,-12.42218,-12.42218,-12.42218,-12.42218,-12.42218,0.04150,-45.0000,-45.0000,-10.0000,-10.0000,-30.0000,-30.0000,-30.0000,-30.0000,-45.0000,-45.0000,-10.0000,-10.0000,-30.0000,-30.0000,-30.0000,-30.0000,-54.000,-54.000,-28.000,-28.000,-10.000,-10.000,-10.000,-10.000,-54.000,-54.000,-28.000,-28.000,-10.000,-10.000,-10.000,-10.000,0.0,0.0,0.0,0.0,0.0,0.0,0.0,0.0,0.0,0.0,0.0,0.0,0.0,0.0,0.0,0.0
1790303544.191030,10.100,-12.42218,-12.42218,-12.42218,-12.42218,-12.42218,-12.42218,-12.42218,0.04150,-12.42218,-12.42218,-12.42218,-12.42218,-12.42218,-12.42218,-12.42218,0.04150,-45.0000,-45.0000,-10.0000,-10.0000,-30.0000,-30.0000,-30.0000,-30.0000,-45.0000,-45.0000,-10.0000,-10.0000,-30.0000,-30.0000,-30.0000,-30.0000,-54.000,-54.000,-28.000,-28.000,-10.000,-10.000,-10.000,-10.000,-54.000,-54.000,-28.000,-28.000,-10.000,-10.000,-10.000,-10.000,0.0,0.0,0.0,0.0,0.0,0.0,0.0,0.0,0.0,0.0,0.0,0.0,0.0,0.0,0.0,0.0
1790303544.200740,10.110,-12.42218,-12.42218,-12.42218,-12.42218,-12.42218,-12.42218,-12.42218,0.04150,-12.42218,-12.42218,-12.42218,-12.42218,-12.42218,-12.42218,-12.42218,0.04150,-45.0000,-45.0000,-10.0000,-10.0000,-30.0000,-30.0000,-30.0000,-30.0000,-45.0000,-45.0000,-10.0000,-10.0000,-30.0000,-30.0000,-30.0000,-30.0000,-54.000,-54.000,-28.000,-28.000,-10.000,-10.000,-10.000,-10.000,-54.000,-54.000,-28.000,-28.000,-10.000,-10.000,-10.000,-10.000,0.0,0.0,0.0,0.0,0.0,0.0,0.0,0.0,0.0,0.0,0.0,0.0,0.0,0.0,0.0,0.0
1790303544.214396,10.123,-12.42218,-12.42218,-12.42218,-12.42218,-12.42218,-12.42218,-12.42218,0.04150,-12.42218,-12.42218,-12.42218,-12.42218,-12.42218,-12.42218,-12.42218,0.04150,-45.0000,-45.0000,-10.0000,-10.0000,-30.0000,-30.0000,-30.0000,-30.0000,-45.0000,-45.0000,-10.0000,-10.0000,-30.0000,-30.0000,-30.0000,-30.0000,-54.000,-54.000,-28.000,-28.000,-10.000,-10.000,-10.000,-10.000,-54.000,-54.000,-28.000,-28.000,-10.000,-10.000,-10.000,-10.000,0.0,0.0,0.0,0.0,0.0,0.0,0.0,0.0,0.0,0.0,0.0,0.0,0.0,0.0,0.0,0.0
1790303544.221054,10.130,-12.42218,-12.42218,-12.42218,-12.42218,-12.42218,-12.42218,-12.42218,0.04150,-12.42218,-12.42218,-12.42218,-12.42218,-12.42218,-12.42218,-12.42218,0.04150,-45.0000,-45.0000,-10.0000,-10.0000,-30.0000,-30.0000,-30.0000,-30.0000,-45.0000,-45.0000,-10.0000,-10.0000,-30.0000,-30.0000,-30.0000,-30.0000,-54.000,-54.000,-28.000,-28.000,-10.000,-10.000,-10.000,-10.000,-54.000,-54.000,-28.000,-28.000,-10.000,-10.000,-10.000,-10.000,0.0,0.0,0.0,0.0,0.0,0.0,0.0,0.0,0.0,0.0,0.0,0.0,0.0,0.0,0.0,0.0
1790303544.233078,10.142,-12.42218,-12.42218,-12.42218,-12.42218,-12.42218,-12.42218,-12.42218,0.04150,-12.42218,-12.42218,-12.42218,-12.42218,-12.42218,-12.42218,-12.42218,0.04150,-45.0000,-45.0000,-10.0000,-10.0000,-30.0000,-30.0000,-30.0000,-30.0000,-45.0000,-45.0000,-10.0000,-10.0000,-30.0000,-30.0000,-30.0000,-30.0000,-54.000,-54.000,-28.000,-28.000,-10.000,-10.000,-10.000,-10.000,-54.000,-54.000,-28.000,-28.000,-10.000,-10.000,-10.000,-10.000,0.0,0.0,0.0,0.0,0.0,0.0,0.0,0.0,0.0,0.0,0.0,0.0,0.0,0.0,0.0,0.0
1790303544.240308,10.149,-12.42218,-12.42218,-12.42218,-12.42218,-12.42218,-12.42218,-12.42218,0.04150,-12.42218,-12.42218,-12.42218,-12.42218,-12.42218,-12.42218,-12.42218,0.04150,-45.0000,-45.0000,-10.0000,-10.0000,-30.0000,-30.0000,-30.0000,-30.0000,-45.0000,-45.0000,-10.0000,-10.0000,-30.0000,-30.0000,-30.0000,-30.0000,-54.000,-54.000,-28.000,-28.000,-10.000,-10.000,-10.000,-10.000,-54.000,-54.000,-28.000,-28.000,-10.000,-10.000,-10.000,-10.000,0.0,0.0,0.0,0.0,0.0,0.0,0.0,0.0,0.0,0.0,0.0,0.0,0.0,0.0,0.0,0.0
1790303544.250935,10.160,-12.42218,-12.42218,-12.42218,-12.42218,-12.42218,-12.42218,-12.42218,0.04150,-12.42218,-12.42218,-12.42218,-12.42218,-12.42218,-12.42218,-12.42218,0.04150,-45.0000,-45.0000,-10.0000,-10.0000,-30.0000,-30.0000,-30.0000,-30.0000,-45.0000,-45.0000,-10.0000,-10.0000,-30.0000,-30.0000,-30.0000,-30.0000,-54.000,-54.000,-28.000,-28.000,-10.000,-10.000,-10.000,-10.000,-54.000,-54.000,-28.000,-28.000,-10.000,-10.000,-10.000,-10.000,0.0,0.0,0.0,0.0,0.0,0.0,0.0,0.0,0.0,0.0,0.0,0.0,0.0,0.0,0.0,0.0
1790303544.261109,10.170,-12.42218,-12.42218,-12.42218,-12.42218,-12.42218,-12.42218,-12.42218,0.04150,-12.42218,-12.42218,-12.42218,-12.42218,-12.42218,-12.42218,-12.42218,0.04150,-45.0000,-45.0000,-10.0000,-10.0000,-30.0000,-30.0000,-30.0000,-27.6557,-45.0000,-45.0000,-10.0000,-10.0000,-30.0000,-30.0000,-30.0000,-30.0000,-54.000,-54.000,-28.000,-28.000,-10.000,-10.000,-10.000,-4.999,-54.000,-54.000,-28.000,-28.000,-10.000,-10.000,-10.000,-10.000,0.0,0.0,0.0,0.0,0.0,0.0,0.0,0.0,0.0,0.0,0.0,0.0,0.0,0.0,0.0,0.0
1790303544.270874,10.180,-12.42218,-12.42218,-12.42218,-12.42218,-12.42218,-12.42218,-12.42218,0.04150,-12.42218,-12.42218,-12.42218,-12.42218,-12.42218,-12.42218,-12.42218,0.04150,-45.0000,-45.0000,-10.0000,-10.0000,-30.0000,-30.0000,-30.0000,-27.6557,-45.0000,-45.0000,-10.0000,-10.0000,-30.0000,-30.0000,-30.0000,-30.0000,-54.000,-54.000,-28.000,-28.000,-10.000,-10.000,-10.000,-4.999,-54.000,-54.000,-28.000,-28.000,-10.000,-10.000,-10.000,-10.000,0.0,0.0,0.0,0.0,0.0,0.0,0.0,0.0,0.0,0.0,0.0,0.0,0.0,0.0,0.0,0.0
1790303544.280301,10.189,-12.42218,-12.42218,-12.42218,-12.42218,-12.42218,-12.42218,-12.42218,0.04150,-12.42218,-12.42218,-12.42218,-12.42218,-12.42218,-12.42218,-12.42218,0.04150,-45.0000,-45.0000,-10.0000,-10.0000,-30.0000,-30.0000,-30.0000,-27.6557,-45.0000,-45.0000,-10.0000,-10.0000,-30.0000,-30.0000,-30.0000,-30.0000,-54.000,-54.000,-28.000,-28.000,-10.000,-10.000,-10.000,-4.999,-54.000,-54.000,-28.000,-28.000,-10.000,-10.000,-10.000,-10.000,0.0,0.0,0.0,0.0,0.0,0.0,0.0,0.0,0.0,0.0,0.0,0.0,0.0,0.0,0.0,0.0
1790303544.291662,10.201,-12.42218,-12.42218,-12.42218,-12.42218,-12.42218,-12.42218,-12.42218,0.04150,-12.42218,-12.42218,-12.42218,-12.42218,-12.42218,-12.42218,-12.42218,0.04150,-45.0000,-45.0000,-10.0000,-10.0000,-30.0000,-30.0000,-30.0000,-30.0000,-45.0000,-45.0000,-10.0000,-10.0000,-30.0000,-30.0000,-30.0000,-30.0000,-54.000,-54.000,-28.000,-28.000,-10.000,-10.000,-10.000,-10.000,-54.000,-54.000,-28.000,-28.000,-10.000,-10.000,-10.000,-10.000,0.0,0.0,0.0,0.0,0.0,0.0,0.0,0.0,0.0,0.0,0.0,0.0,0.0,0.0,0.0,0.0
1790303544.300635,10.210,-12.42218,-12.42218,-12.42218,-12.42218,-12.42218,-12.42218,-12.42218,0.04150,-12.42218,-12.42218,-12.42218,-12.42218,-12.42218,-12.42218,-12.42218,0.04150,-45.0000,-45.0000,-10.0000,-10.0000,-30.0000,-30.0000,-30.0000,-30.0000,-45.0000,-45.0000,-10.0000,-10.0000,-30.0000,-30.0000,-30.0000,-30.0000,-54.000,-54.000,-28.000,-28.000,-10.000,-10.000,-10.000,-10.000,-54.000,-54.000,-28.000,-28.000,-10.000,-10.000,-10.000,-10.000,0.0,0.0,0.0,0.0,0.0,0.0,0.0,0.0,0.0,0.0,0.0,0.0,0.0,0.0,0.0,0.0
1790303544.310847,10.220,-12.42218,-12.42218,-12.42218,-12.42218,-12.42218,-12.42218,-12.42218,0.04150,-12.42218,-12.42218,-12.42218,-12.42218,-12.42218,-12.42218,-12.42218,0.04150,-45.0000,-45.0000,-10.0000,-10.0000,-30.0000,-30.0000,-30.0000,-30.0000,-45.0000,-45.0000,-10.0000,-10.0000,-30.0000,-30.0000,-30.0000,-30.0000,-54.000,-54.000,-28.000,-28.000,-10.000,-10.000,-10.000,-10.000,-54.000,-54.000,-28.000,-28.000,-10.000,-10.000,-10.000,-10.000,0.0,0.0,0.0,0.0,0.0,0.0,0.0,0.0,0.0,0.0,0.0,0.0,0.0,0.0,0.0,0.0
1790303544.320315,10.229,-12.42218,-12.42218,-12.42218,-12.42218,-12.42218,-12.42218,-12.42218,0.04150,-12.42218,-12.42218,-12.42218,-12.42218,-12.42218,-12.42218,-12.42218,0.04150,-45.0000,-45.0000,-10.0000,-10.0000,-30.0000,-30.0000,-30.0000,-30.0000,-45.0000,-45.0000,-10.0000,-10.0000,-30.0000,-30.0000,-30.0000,-27.6557,-54.000,-54.000,-28.000,-28.000,-10.000,-10.000,-10.000,-10.000,-54.000,-54.000,-28.000,-28.000,-10.000,-10.000,-10.000,-4.999,0.0,0.0,0.0,0.0,0.0,0.0,0.0,0.0,0.0,0.0,0.0,0.0,0.0,0.0,0.0,0.0
1790303544.330782,10.240,-12.42218,-12.42218,-12.42218,-12.42218,-12.42218,-12.42218,-12.42218,0.04150,-12.42218,-12.42218,-12.42218,-12.42218,-12.42218,-12.42218,-12.42218,0.04150,-45.0000,-45.0000,-10.0000,-10.0000,-30.0000,-30.0000,-30.0000,-30.0000,-45.0000,-45.0000,-10.0000,-10.0000,-30.0000,-30.0000,-30.0000,-27.6557,-54.000,-54.000,-28.000,-28.000,-10.000,-10.000,-10.000,-10.000,-54.000,-54.000,-28.000,-28.000,-10.000,-10.000,-10.000,-4.999,0.0,0.0,0.0,0.0,0.0,0.0,0.0,0.0,0.0,0.0,0.0,0.0,0.0,0.0,0.0,0.0
1790303544.340324,10.249,-12.42218,-12.42218,-12.42218,-12.42218,-12.42218,-12.42218,-12.42218,0.04150,-12.42218,-12.42218,-12.42218,-12.42218,-12.42218,-12.42218,-12.42218,0.04150,-45.0000,-45.0000,-10.0000,-10.0000,-30.0000,-30.0000,-30.0000,-30.0000,-45.0000,-45.0000,-10.0000,-10.0000,-30.0000,-30.0000,-30.0000,-30.0000,-54.000,-54.000,-28.000,-28.000,-10.000,-10.000,-10.000,-10.000,-54.000,-54.000,-28.000,-28.000,-10.000,-10.000,-10.000,-10.000,0.0,0.0,0.0,0.0,0.0,0.0,0.0,0.0,0.0,0.0,0.0,0.0,0.0,0.0,0.0,0.0
1790303544.350865,10.260,-12.42218,-12.42218,-12.42218,-12.42218,-12.42218,-12.42218,-12.42218,0.04150,-12.42218,-12.42218,-12.42218,-12.42218,-12.42218,-12.42218,-12.42218,0.04150,-45.0000,-45.0000,-10.0000,-10.0000,-30.0000,-30.0000,-30.0000,-30.0000,-45.0000,-45.0000,-10.0000,-10.0000,-30.0000,-30.0000,-30.0000,-30.0000,-54.000,-54.000,-28.000,-28.000,-10.000,-10.000,-10.000,-10.000,-54.000,-54.000,-28.000,-28.000,-10.000,-10.000,-10.000,-10.000,0.0,0.0,0.0,0.0,0.0,0.0,0.0,0.0,0.0,0.0,0.0,0.0,0.0,0.0,0.0,0.0
1790303544.360635,10.270,-12.42218,-12.42218,-12.42218,-12.42218,-12.42218,-12.42218,-12.42218,0.04150,-12.42218,-12.42218,-12.42218,-12.42218,-12.42218,-12.42218,-12.42218,0.04150,-45.0000,-45.0000,-10.0000,-10.0000,-30.0000,-30.0000,-30.0000,-30.0000,-45.0000,-45.0000,-10.0000,-10.0000,-30.0000,-30.0000,-30.0000,-30.0000,-54.000,-54.000,-28.000,-28.000,-10.000,-10.000,-10.000,-10.000,-54.000,-54.000,-28.000,-28.000,-10.000,-10.000,-10.000,-10.000,0.0,0.0,0.0,0.0,0.0,0.0,0.0,0.0,0.0,0.0,0.0,0.0,0.0,0.0,0.0,0.0
1790303544.370873,10.280,-12.42218,-12.42218,-12.42218,-12.42218,-12.42218,-12.42218,-12.42218,0.04150,-12.42218,-12.42218,-12.42218,-12.42218,-12.42218,-12.42218,-12.42218,0.04150,-45.0000,-45.0000,-10.0000,-10.0000,-30.0000,-30.0000,-30.0000,-30.0000,-45.0000,-45.0000,-10.0000,-10.0000,-30.0000,-30.0000,-30.0000,-30.0000,-54.000,-54.000,-28.000,-28.000,-10.000,-10.000,-10.000,-10.000,-54.000,-54.000,-28.000,-28.000,-10.000,-10.000,-10.000,-10.000,0.0,0.0,0.0,0.0,0.0,0.0,0.0,0.0,0.0,0.0,0.0,0.0,0.0,0.0,0.0,0.0
1790303544.380702,10.290,-12.42218,-12.42218,-12.42218,-12.42218,-12.42218,-12.42218,-12.42218,0.04150,-12.42218,-12.42218,-12.42218,-12.42218,-12.42218,-12.42218,-12.42218,0.04150,-45.0000,-45.0000,-10.0000,-10.0000,-30.0000,-30.0000,-30.0000,-30.0000,-45.0000,-45.0000,-10.0000,-10.0000,-30.0000,-30.0000,-30.0000,-30.0000,-54.000,-54.000,-28.000,-28.000,-10.000,-10.000,-10.000,-10.000,-54.000,-54.000,-28.000,-28.000,-10.000,-10.000,-10.000,-10.000,0.0,0.0,0.0,0.0,0.0,0.0,0.0,0.0,0.0,0.0,0.0,0.0,0.0,0.0,0.0,0.0
1790303544.391056,10.300,-12.42218,-12.42218,-12.42218,-12.42218,-12.42218,-12.42218,-12.42218,0.04150,-12.42218,-12.42218,-12.42218,-12.42218,-12.42218,-12.42218,-12.42218,0.04150,-45.0000,-45.0000,-10.0000,-10.0000,-30.0000,-30.0000,-30.0000,-30.0000,-45.0000,-45.0000,-10.0000,-10.0000,-30.0000,-30.0000,-30.0000,-30.0000,-54.000,-54.000,-28.000,-28.000,-10.000,-10.000,-10.000,-10.000,-54.000,-54.000,-28.000,-28.000,-10.000,-10.000,-10.000,-10.000,0.0,0.0,0.0,0.0,0.0,0.0,0.0,0.0,0.0,0.0,0.0,0.0,0.0,0.0,0.0,0.0
1790303544.400086,10.309,-12.42218,-12.42218,-12.42218,-12.42218,-12.42218,-12.42218,-12.42218,0.04150,-12.42218,-12.42218,-12.42218,-12.42218,-12.42218,-12.42218,-12.42218,0.04150,-45.0000,-45.0000,-10.0000,-10.0000,-30.0000,-30.0000,-30.0000,-30.0000,-45.0000,-45.0000,-10.0000,-10.0000,-30.0000,-30.0000,-30.0000,-30.0000,-54.000,-54.000,-28.000,-28.000,-10.000,-10.000,-10.000,-10.000,-54.000,-54.000,-28.000,-28.000,-10.000,-10.000,-10.000,-10.000,0.0,0.0,0.0,0.0,0.0,0.0,0.0,0.0,0.0,0.0,0.0,0.0,0.0,0.0,0.0,0.0
1790303544.410163,10.319,-12.42218,-12.42218,-12.42218,-12.42218,-12.42218,-12.42218,-12.42218,0.04150,-12.42218,-12.42218,-12.42218,-12.42218,-12.42218,-12.42218,-12.42218,0.04150,-45.0000,-45.0000,-10.0000,-10.0000,-30.0000,-30.0000,-30.0000,-30.0000,-45.0000,-45.0000,-10.0000,-10.0000,-30.0000,-30.0000,-30.0000,-30.0000,-54.000,-54.000,-28.000,-28.000,-10.000,-10.000,-10.000,-10.000,-54.000,-54.000,-28.000,-28.000,-10.000,-10.000,-10.000,-10.000,0.0,0.0,0.0,0.0,0.0,0.0,0.0,0.0,0.0,0.0,0.0,0.0,0.0,0.0,0.0,0.0
1790303544.420161,10.329,-12.42218,-12.42218,-12.42218,-12.42218,-12.42218,-12.42218,-12.42218,0.04150,-12.42218,-12.42218,-12.42218,-12.42218,-12.42218,-12.42218,-12.42218,0.04150,-45.0000,-45.0000,-10.0000,-10.0000,-30.0000,-30.0000,-30.0000,-30.0000,-45.0000,-45.0000,-10.0000,-10.0000,-30.0000,-30.0000,-30.0000,-30.0000,-54.000,-54.000,-28.000,-28.000,-10.000,-10.000,-10.000,-10.000,-54.000,-54.000,-28.000,-28.000,-10.000,-10.000,-10.000,-10.000,0.0,0.0,0.0,0.0,0.0,0.0,0.0,0.0,0.0,0.0,0.0,0.0,0.0,0.0,0.0,0.0
1790303544.430908,10.340,-12.42218,-12.42218,-12.42218,-12.42218,-12.42218,-12.42218,-12.42218,0.04150,-12.42218,-12.42218,-12.42218,-12.42218,-12.42218,-12.42218,-12.42218,0.04150,-45.0000,-45.0000,-10.0000,-10.0000,-30.0000,-30.0000,-30.0000,-30.0000,-45.0000,-45.0000,-10.0000,-10.0000,-30.0000,-30.0000,-30.0000,-30.0000,-54.000,-54.000,-28.000,-28.000,-10.000,-10.000,-10.000,-10.000,-54.000,-54.000,-28.000,-28.000,-10.000,-10.000,-10.000,-10.000,0.0,0.0,0.0,0.0,0.0,0.0,0.0,0.0,0.0,0.0,0.0,0.0,0.0,0.0,0.0,0.0
1790303544.440244,10.349,-12.42218,-12.42218,-12.42218,-12.42218,-12.42218,-12.42218,-12.42218,0.04150,-12.42218,-12.42218,-12.42218,-12.42218,-12.42218,-12.42218,-12.42218,0.04150,-45.0000,-45.0000,-10.0000,-10.0000,-30.0000,-30.0000,-30.0000,-30.0000,-45.0000,-45.0000,-10.0000,-10.0000,-30.0000,-30.0000,-30.0000,-30.0000,-54.000,-54.000,-28.000,-28.000,-10.000,-10.000,-10.000,-10.000,-54.000,-54.000,-28.000,-28.000,-10.000,-10.000,-10.000,-10.000,0.0,0.0,0.0,0.0,0.0,0.0,0.0,0.0,0.0,0.0,0.0,0.0,0.0,0.0,0.0,0.0
1790303544.450439,10.359,-12.42218,-12.42218,-12.42218,-12.42218,-12.42218,-12.42218,-12.42218,0.04150,-12.42218,-12.42218,-12.42218,-12.42218,-12.42218,-12.42218,-12.42218,0.04150,-45.0000,-45.0000,-10.0000,-10.0000,-30.0000,-30.0000,-30.0000,-30.0000,-45.0000,-45.0000,-10.0000,-10.0000,-30.0000,-30.0000,-30.0000,-30.0000,-54.000,-54.000,-28.000,-28.000,-10.000,-10.000,-10.000,-10.000,-54.000,-54.000,-28.000,-28.000,-10.000,-10.000,-10.000,-10.000,0.0,0.0,0.0,0.0,0.0,0.0,0.0,0.0,0.0,0.0,0.0,0.0,0.0,0.0,0.0,0.0
1790303544.460826,10.370,-12.42218,-12.42218,-12.42218,-12.42218,-12.42218,-12.42218,-12.42218,0.04150,-12.42218,-12.42218,-12.42218,-12.42218,-12.42218,-12.42218,-12.42218,0.04150,-45.0000,-45.0000,-10.0000,-10.0000,-30.0000,-30.0000,-30.0000,-30.0000,-45.0000,-45.0000,-10.0000,-10.0000,-30.0000,-30.0000,-30.0000,-30.0000,-54.000,-54.000,-28.000,-28.000,-10.000,-10.000,-10.000,-10.000,-54.000,-54.000,-28.000,-28.000,-10.000,-10.000,-10.000,-10.000,0.0,0.0,0.0,0.0,0.0,0.0,0.0,0.0,0.0,0.0,0.0,0.0,0.0,0.0,0.0,0.0
1790303544.470493,10.379,-12.42218,-12.42218,-12.42218,-12.42218,-12.42218,-12.42218,-12.42218,0.04150,-12.42218,-12.42218,-12.42218,-12.42218,-12.42218,-12.42218,-12.42218,0.04150,-45.0000,-45.0000,-10.0000,-10.0000,-30.0000,-30.0000,-30.0000,-30.0000,-45.0000,-45.0000,-10.0000,-10.0000,-30.0000,-30.0000,-30.0000,-30.0000,-54.000,-54.000,-28.000,-28.000,-10.000,-10.000,-10.000,-10.000,-54.000,-54.000,-28.000,-28.000,-10.000,-10.000,-10.000,-10.000,0.0,0.0,0.0,0.0,0.0,0.0,0.0,0.0,0.0,0.0,0.0,0.0,0.0,0.0,0.0,0.0
1790303544.480637,10.390,-12.42218,-12.42218,-12.42218,-12.42218,-12.42218,-12.42218,-12.42218,0.04150,-12.42218,-12.42218,-12.42218,-12.42218,-12.42218,-12.42218,-12.42218,0.04150,-45.0000,-45.0000,-10.0000,-10.0000,-30.0000,-30.0000,-30.0000,-30.0000,-45.0000,-45.0000,-10.0000,-10.0000,-30.0000,-30.0000,-30.0000,-30.0000,-54.000,-54.000,-28.000,-28.000,-10.000,-10.000,-10.000,-10.000,-54.000,-54.000,-28.000,-28.000,-10.000,-10.000,-10.000,-10.000,0.0,0.0,0.0,0.0,0.0,0.0,0.0,0.0,0.0,0.0,0.0,0.0,0.0,0.0,0.0,0.0
1790303544.490475,10.399,-12.42218,-12.42218,-12.42218,-12.42218,-12.42218,-12.42218,-12.42218,0.04150,-12.42218,-12.42218,-12.42218,-12.42218,-12.42218,-12.42218,-12.42218,0.04150,-45.0000,-45.0000,-10.0000,-10.0000,-30.0000,-30.0000,-30.0000,-30.0000,-45.0000,-45.0000,-10.0000,-10.0000,-30.0000,-30.0000,-30.0000,-30.0000,-54.000,-54.000,-28.000,-28.000,-10.000,-10.000,-10.000,-10.000,-54.000,-54.000,-28.000,-28.000,-10.000,-10.000,-10.000,-10.000,0.0,0.0,0.0,0.0,0.0,0.0,0.0,0.0,0.0,0.0,0.0,0.0,0.0,0.0,0.0,0.0
1790303544.500373,10.409,-12.42218,-12.42218,-12.42218,-12.42218,-12.42218,-12.42218,-12.42218,0.04150,-12.42218,-12.42218,-12.42218,-12.42218,-12.42218,-12.42218,-12.42218,0.04150,-45.0000,-45.0000,-10.0000,-10.0000,-30.0000,-30.0000,-30.0000,-30.0000,-45.0000,-45.0000,-10.0000,-10.0000,-30.0000,-30.0000,-30.0000,-30.0000,-54.000,-54.000,-28.000,-28.000,-10.000,-10.000,-10.000,-10.000,-54.000,-54.000,-28.000,-28.000,-10.000,-10.000,-10.000,-10.000,0.0,0.0,0.0,0.0,0.0,0.0,0.0,0.0,0.0,0.0,0.0,0.0,0.0,0.0,0.0,0.0
1790303544.510959,10.420,-12.42218,-12.42218,-12.42218,-12.42218,-12.42218,-12.42218,-12.42218,0.04150,-12.42218,-12.42218,-12.42218,-12.42218,-12.42218,-12.42218,-12.42218,0.04150,-45.0000,-45.0000,-10.0000,-10.0000,-30.0000,-30.0000,-30.0000,-30.0000,-45.0000,-45.0000,-10.0000,-10.0000,-30.0000,-30.0000,-30.0000,-30.0000,-54.000,-54.000,-28.000,-28.000,-10.000,-10.000,-10.000,-10.000,-54.000,-54.000,-28.000,-28.000,-10.000,-10.000,-10.000,-10.000,0.0,0.0,0.0,0.0,0.0,0.0,0.0,0.0,0.0,0.0,0.0,0.0,0.0,0.0,0.0,0.0
1790303544.520904,10.430,-12.42218,-12.42218,-12.42218,-12.42218,-12.42218,-12.42218,-12.42218,0.04150,-12.42218,-12.42218,-12.42218,-12.42218,-12.42218,-12.42218,-12.42218,0.04150,-45.0000,-45.0000,-10.0000,-10.0000,-30.0000,-30.0000,-30.0000,-30.0000,-45.0000,-45.0000,-10.0000,-10.0000,-30.0000,-30.0000,-30.0000,-30.0000,-54.000,-54.000,-28.000,-28.000,-10.000,-10.000,-10.000,-10.000,-54.000,-54.000,-28.000,-28.000,-10.000,-10.000,-10.000,-10.000,0.0,0.0,0.0,0.0,0.0,0.0,0.0,0.0,0.0,0.0,0.0,0.0,0.0,0.0,0.0,0.0
1790303544.530435,10.439,-12.42218,-12.42218,-12.42218,-12.42218,-12.42218,-12.42218,-12.42218,0.04150,-12.42218,-12.42218,-12.42218,-12.42218,-12.42218,-12.42218,-12.42218,0.04150,-45.0000,-45.0000,-10.0000,-10.0000,-30.0000,-30.0000,-30.0000,-30.0000,-45.0000,-45.0000,-10.0000,-10.0000,-30.0000,-30.0000,-30.0000,-30.0000,-54.000,-54.000,-28.000,-28.000,-10.000,-10.000,-10.000,-10.000,-54.000,-54.000,-28.000,-28.000,-10.000,-10.000,-10.000,-10.000,0.0,0.0,0.0,0.0,0.0,0.0,0.0,0.0,0.0,0.0,0.0,0.0,0.0,0.0,0.0,0.0
1790303544.540698,10.450,-12.42218,-12.42218,-12.42218,-12.42218,-12.42218,-12.42218,-12.42218,0.04150,-12.42218,-12.42218,-12.42218,-12.42218,-12.42218,-12.42218,-12.42218,0.04150,-45.0000,-45.0000,-10.0000,-10.0000,-30.0000,-30.0000,-30.0000,-30.0000,-45.0000,-45.0000,-10.0000,-10.0000,-30.0000,-30.0000,-30.0000,-30.0000,-54.000,-54.000,-28.000,-28.000,-10.000,-10.000,-10.000,-10.000,-54.000,-54.000,-28.000,-28.000,-10.000,-10.000,-10.000,-10.000,0.0,0.0,0.0,0.0,0.0,0.0,0.0,0.0,0.0,0.0,0.0,0.0,0.0,0.0,0.0,0.0
1790303544.552123,10.461,-12.42218,-12.42218,-12.42218,-12.42218,-12.42218,-12.42218,-12.42218,0.04150,-12.42218,-12.42218,-12.42218,-12.42218,-12.42218,-12.42218,-12.42218,0.04150,-45.0000,-45.0000,-10.0000,-10.0000,-30.0000,-30.0000,-30.0000,-30.0000,-45.0000,-45.0000,-10.0000,-10.0000,-30.0000,-30.0000,-30.0000,-30.0000,-54.000,-54.000,-28.000,-28.000,-10.000,-10.000,-10.000,-10.000,-54.000,-54.000,-28.000,-28.000,-10.000,-10.000,-10.000,-10.000,0.0,0.0,0.0,0.0,0.0,0.0,0.0,0.0,0.0,0.0,0.0,0.0,0.0,0.0,0.0,0.0
1790303544.560755,10.470,-12.42218,-12.42218,-12.42218,-12.42218,-12.42218,-12.42218,-12.42218,0.04150,-12.42218,-12.42218,-12.42218,-12.42218,-12.42218,-12.42218,-12.42218,0.04150,-45.0000,-45.0000,-10.0000,-10.0000,-30.0000,-30.0000,-30.0000,-30.0000,-45.0000,-45.0000,-10.0000,-10.0000,-30.0000,-30.0000,-30.0000,-30.0000,-54.000,-54.000,-28.000,-28.000,-10.000,-10.000,-10.000,-10.000,-54.000,-54.000,-28.000,-28.000,-10.000,-10.000,-10.000,-10.000,0.0,0.0,0.0,0.0,0.0,0.0,0.0,0.0,0.0,0.0,0.0,0.0,0.0,0.0,0.0,0.0
1790303544.574506,10.483,-12.42218,-12.42218,-12.42218,-12.42218,-12.42218,-12.42218,-12.42218,0.04150,-12.42218,-12.42218,-12.42218,-12.42218,-12.42218,-12.42218,-12.42218,0.04150,-45.0000,-45.0000,-10.0000,-10.0000,-30.0000,-30.0000,-30.0000,-30.0000,-45.0000,-45.0000,-10.0000,-10.0000,-30.0000,-30.0000,-30.0000,-30.0000,-54.000,-54.000,-28.000,-28.000,-10.000,-10.000,-10.000,-10.000,-54.000,-54.000,-28.000,-28.000,-10.000,-10.000,-10.000,-10.000,0.0,0.0,0.0,0.0,0.0,0.0,0.0,0.0,0.0,0.0,0.0,0.0,0.0,0.0,0.0,0.0
1790303544.580234,10.489,-12.42218,-12.42218,-12.42218,-12.42218,-12.42218,-12.42218,-12.42218,0.04150,-12.42218,-12.42218,-12.42218,-12.42218,-12.42218,-12.42218,-12.42218,0.04150,-45.0000,-45.0000,-10.0000,-10.0000,-30.0000,-30.0000,-30.0000,-30.0000,-45.0000,-45.0000,-10.0000,-10.0000,-30.0000,-30.0000,-30.0000,-30.0000,-54.000,-54.000,-28.000,-28.000,-10.000,-10.000,-10.000,-10.000,-54.000,-54.000,-28.000,-28.000,-10.000,-10.000,-10.000,-10.000,0.0,0.0,0.0,0.0,0.0,0.0,0.0,0.0,0.0,0.0,0.0,0.0,0.0,0.0,0.0,0.0
1790303544.590855,10.500,-12.42218,-12.42218,-12.42218,-12.42218,-12.42218,-12.42218,-12.42218,0.04150,-12.42218,-12.42218,-12.42218,-12.42218,-12.42218,-12.42218,-12.42218,0.04150,-45.0000,-45.0000,-10.0000,-10.0000,-30.0000,-30.0000,-30.0000,-30.0000,-45.0000,-45.0000,-10.0000,-10.0000,-30.0000,-30.0000,-30.0000,-30.0000,-54.000,-54.000,-28.000,-28.000,-10.000,-10.000,-10.000,-10.000,-54.000,-54.000,-28.000,-28.000,-10.000,-10.000,-10.000,-10.000,0.0,0.0,0.0,0.0,0.0,0.0,0.0,0.0,0.0,0.0,0.0,0.0,0.0,0.0,0.0,0.0
1790303544.600618,10.509,-12.42218,-12.42218,-12.42218,-12.42218,-12.42218,-12.42218,-12.42218,0.04150,-12.42218,-12.42218,-12.42218,-12.42218,-12.42218,-12.42218,-12.42218,0.04150,-45.0000,-45.0000,-10.0000,-10.0000,-30.0000,-30.0000,-30.0000,-30.0000,-45.0000,-45.0000,-10.0000,-10.0000,-30.0000,-30.0000,-30.0000,-30.0000,-54.000,-54.000,-28.000,-28.000,-10.000,-10.000,-10.000,-10.000,-54.000,-54.000,-28.000,-28.000,-10.000,-10.000,-10.000,-10.000,0.0,0.0,0.0,0.0,0.0,0.0,0.0,0.0,0.0,0.0,0.0,0.0,0.0,0.0,0.0,0.0
1790303544.610818,10.520,-12.42218,-12.42218,-12.42218,-12.42218,-12.42218,-12.42218,-12.42218,0.04150,-12.42218,-12.42218,-12.42218,-12.42218,-12.42218,-12.42218,-12.42218,0.04150,-45.0000,-45.0000,-10.0000,-10.0000,-30.0000,-30.0000,-30.0000,-30.0000,-45.0000,-45.0000,-10.0000,-10.0000,-30.0000,-30.0000,-30.0000,-30.0000,-54.000,-54.000,-28.000,-28.000,-10.000,-10.000,-10.000,-10.000,-54.000,-54.000,-28.000,-28.000,-10.000,-10.000,-10.000,-10.000,0.0,0.0,0.0,0.0,0.0,0.0,0.0,0.0,0.0,0.0,0.0,0.0,0.0,0.0,0.0,0.0
1790303544.620633,10.530,-12.42218,-12.42218,-12.42218,-12.42218,-12.42218,-12.42218,-12.42218,0.04150,-12.42218,-12.42218,-12.42218,-12.42218,-12.42218,-12.42218,-12.42218,0.04150,-45.0000,-45.0000,-10.0000,-10.0000,-30.0000,-30.0000,-30.0000,-30.0000,-45.0000,-45.0000,-10.0000,-10.0000,-30.0000,-30.0000,-30.0000,-30.0000,-54.000,-54.000,-28.000,-28.000,-10.000,-10.000,-10.000,-10.000,-54.000,-54.000,-28.000,-28.000,-10.000,-10.000,-10.000,-10.000,0.0,0.0,0.0,0.0,0.0,0.0,0.0,0.0,0.0,0.0,0.0,0.0,0.0,0.0,0.0,0.0
1790303544.631806,10.541,-12.42218,-12.42218,-12.42218,-12.42218,-12.42218,-12.42218,-12.42218,0.04150,-12.42218,-12.42218,-12.42218,-12.42218,-12.42218,-12.42218,-12.42218,0.04150,-45.0000,-45.0000,-10.0000,-10.0000,-30.0000,-30.0000,-30.0000,-30.0000,-45.0000,-45.0000,-10.0000,-10.0000,-30.0000,-30.0000,-30.0000,-30.0000,-54.000,-54.000,-28.000,-28.000,-10.000,-10.000,-10.000,-10.000,-54.000,-54.000,-28.000,-28.000,-10.000,-10.000,-10.000,-10.000,0.0,0.0,0.0,0.0,0.0,0.0,0.0,0.0,0.0,0.0,0.0,0.0,0.0,0.0,0.0,0.0
1790303544.640622,10.550,-12.42218,-12.42218,-12.42218,-12.42218,-12.42218,-12.42218,-12.42218,0.04150,-12.42218,-12.42218,-12.42218,-12.42218,-12.42218,-12.42218,-12.42218,0.04150,-45.0000,-45.0000,-10.0000,-10.0000,-30.0000,-30.0000,-30.0000,-30.0000,-45.0000,-45.0000,-10.0000,-10.0000,-30.0000,-30.0000,-30.0000,-30.0000,-54.000,-54.000,-28.000,-28.000,-10.000,-10.000,-10.000,-10.000,-54.000,-54.000,-28.000,-28.000,-10.000,-10.000,-10.000,-10.000,0.0,0.0,0.0,0.0,0.0,0.0,0.0,0.0,0.0,0.0,0.0,0.0,0.0,0.0,0.0,0.0
1790303544.650493,10.559,-12.42218,-12.42218,-12.42218,-12.42218,-12.42218,-12.42218,-12.42218,0.04150,-12.42218,-12.42218,-12.42218,-12.42218,-12.42218,-12.42218,-12.42218,0.04150,-45.0000,-45.0000,-10.0000,-10.0000,-30.0000,-30.0000,-30.0000,-30.0000,-45.0000,-45.0000,-10.0000,-10.0000,-30.0000,-30.0000,-30.0000,-30.0000,-54.000,-54.000,-28.000,-28.000,-10.000,-10.000,-10.000,-10.000,-54.000,-54.000,-28.000,-28.000,-10.000,-10.000,-10.000,-10.000,0.0,0.0,0.0,0.0,0.0,0.0,0.0,0.0,0.0,0.0,0.0,0.0,0.0,0.0,0.0,0.0
1790303544.660248,10.569,-12.42218,-12.42218,-12.42218,-12.42218,-12.42218,-12.42218,-12.42218,0.04150,-12.42218,-12.42218,-12.42218,-12.42218,-12.42218,-12.42218,-12.42218,0.04150,-45.0000,-45.0000,-10.0000,-10.0000,-30.0000,-30.0000,-30.0000,-30.0000,-45.0000,-45.0000,-10.0000,-10.0000,-30.0000,-30.0000,-30.0000,-30.0000,-54.000,-54.000,-28.000,-28.000,-10.000,-10.000,-10.000,-10.000,-54.000,-54.000,-28.000,-28.000,-10.000,-10.000,-10.000,-10.000,0.0,0.0,0.0,0.0,0.0,0.0,0.0,0.0,0.0,0.0,0.0,0.0,0.0,0.0,0.0,0.0
1790303544.670481,10.579,-12.42218,-12.42218,-12.42218,-12.42218,-12.42218,-12.42218,-12.42218,0.04150,-12.42218,-12.42218,-12.42218,-12.42218,-12.42218,-12.42218,-12.42218,0.04150,-45.0000,-45.0000,-10.0000,-10.0000,-30.0000,-30.0000,-30.0000,-30.0000,-45.0000,-45.0000,-10.0000,-10.0000,-30.0000,-30.0000,-30.0000,-30.0000,-54.000,-54.000,-28.000,-28.000,-10.000,-10.000,-10.000,-10.000,-54.000,-54.000,-28.000,-28.000,-10.000,-10.000,-10.000,-10.000,0.0,0.0,0.0,0.0,0.0,0.0,0.0,0.0,0.0,0.0,0.0,0.0,0.0,0.0,0.0,0.0
1790303544.680236,10.589,-12.42218,-12.42218,-12.42218,-12.42218,-12.42218,-12.42218,-12.42218,0.04150,-12.42218,-12.42218,-12.42218,-12.42218,-12.42218,-12.42218,-12.42218,0.04150,-45.0000,-45.0000,-10.0000,-10.0000,-30.0000,-30.0000,-30.0000,-30.0000,-45.0000,-45.0000,-10.0000,-10.0000,-30.0000,-30.0000,-30.0000,-30.0000,-54.000,-54.000,-28.000,-28.000,-10.000,-10.000,-10.000,-10.000,-54.000,-54.000,-28.000,-28.000,-10.000,-10.000,-10.000,-10.000,0.0,0.0,0.0,0.0,0.0,0.0,0.0,0.0,0.0,0.0,0.0,0.0,0.0,0.0,0.0,0.0
1790303544.691629,10.601,-12.42218,-12.42218,-12.42218,-12.42218,-12.42218,-12.42218,-12.42218,0.04150,-12.42218,-12.42218,-12.42218,-12.42218,-12.42218,-12.42218,-12.42218,0.04150,-45.0000,-45.0000,-10.0000,-10.0000,-30.0000,-30.0000,-30.0000,-30.0000,-45.0000,-45.0000,-10.0000,-10.0000,-30.0000,-30.0000,-30.0000,-30.0000,-54.000,-54.000,-28.000,-28.000,-10.000,-10.000,-10.000,-10.000,-54.000,-54.000,-28.000,-28.000,-10.000,-10.000,-10.000,-10.000,0.0,0.0,0.0,0.0,0.0,0.0,0.0,0.0,0.0,0.0,0.0,0.0,0.0,0.0,0.0,0.0
1790303544.700216,10.609,-12.42218,-12.42218,-12.42218,-12.42218,-12.42218,-12.42218,-12.42218,0.04150,-12.42218,-12.42218,-12.42218,-12.42218,-12.42218,-12.42218,-12.42218,0.04150,-45.0000,-45.0000,-10.0000,-10.0000,-30.0000,-30.0000,-30.0000,-30.0000,-45.0000,-45.0000,-10.0000,-10.0000,-30.0000,-30.0000,-30.0000,-30.0000,-54.000,-54.000,-28.000,-28.000,-10.000,-10.000,-10.000,-10.000,-54.000,-54.000,-28.000,-28.000,-10.000,-10.000,-10.000,-10.000,0.0,0.0,0.0,0.0,0.0,0.0,0.0,0.0,0.0,0.0,0.0,0.0,0.0,0.0,0.0,0.0
1790303544.710602,10.619,-12.42218,-12.42218,-12.42218,-12.42218,-12.42218,-12.42218,-12.42218,0.04150,-12.42218,-12.42218,-12.42218,-12.42218,-12.42218,-12.42218,-12.42218,0.04150,-45.0000,-45.0000,-10.0000,-10.0000,-30.0000,-30.0000,-30.0000,-30.0000,-45.0000,-45.0000,-10.0000,-10.0000,-30.0000,-30.0000,-30.0000,-30.0000,-54.000,-54.000,-28.000,-28.000,-10.000,-10.000,-10.000,-10.000,-54.000,-54.000,-28.000,-28.000,-10.000,-10.000,-10.000,-10.000,0.0,0.0,0.0,0.0,0.0,0.0,0.0,0.0,0.0,0.0,0.0,0.0,0.0,0.0,0.0,0.0
1790303544.720576,10.629,-12.42218,-12.42218,-12.42218,-12.42218,-12.42218,-12.42218,-12.42218,0.04150,-12.42218,-12.42218,-12.42218,-12.42218,-12.42218,-12.42218,-12.42218,0.04150,-45.0000,-45.0000,-10.0000,-10.0000,-30.0000,-30.0000,-30.0000,-30.0000,-45.0000,-45.0000,-10.0000,-10.0000,-30.0000,-30.0000,-30.0000,-30.0000,-54.000,-54.000,-28.000,-28.000,-10.000,-10.000,-10.000,-10.000,-54.000,-54.000,-28.000,-28.000,-10.000,-10.000,-10.000,-10.000,0.0,0.0,0.0,0.0,0.0,0.0,0.0,0.0,0.0,0.0,0.0,0.0,0.0,0.0,0.0,0.0
1790303544.730427,10.639,-12.42218,-12.42218,-12.42218,-12.42218,-12.42218,-12.42218,-12.42218,0.04150,-12.42218,-12.42218,-12.42218,-12.42218,-12.42218,-12.42218,-12.42218,0.04150,-45.0000,-45.0000,-10.0000,-10.0000,-30.0000,-30.0000,-30.0000,-30.0000,-45.0000,-45.0000,-10.0000,-10.0000,-30.0000,-30.0000,-30.0000,-30.0000,-54.000,-54.000,-28.000,-28.000,-10.000,-10.000,-10.000,-10.000,-54.000,-54.000,-28.000,-28.000,-10.000,-10.000,-10.000,-10.000,0.0,0.0,0.0,0.0,0.0,0.0,0.0,0.0,0.0,0.0,0.0,0.0,0.0,0.0,0.0,0.0
1790303544.740617,10.649,-12.42218,-12.42218,-12.42218,-12.42218,-12.42218,-12.42218,-12.42218,0.04150,-12.42218,-12.42218,-12.42218,-12.42218,-12.42218,-12.42218,-12.42218,0.04150,-45.0000,-45.0000,-10.0000,-10.0000,-30.0000,-30.0000,-30.0000,-30.0000,-45.0000,-45.0000,-10.0000,-10.0000,-30.0000,-30.0000,-30.0000,-30.0000,-54.000,-54.000,-28.000,-28.000,-10.000,-10.000,-10.000,-10.000,-54.000,-54.000,-28.000,-28.000,-10.000,-10.000,-10.000,-10.000,0.0,0.0,0.0,0.0,0.0,0.0,0.0,0.0,0.0,0.0,0.0,0.0,0.0,0.0,0.0,0.0
1790303544.750872,10.660,-12.42218,-12.42218,-12.42218,-12.42218,-12.42218,-12.42218,-12.42218,0.04150,-12.42218,-12.42218,-12.42218,-12.42218,-12.42218,-12.42218,-12.42218,0.04150,-45.0000,-45.0000,-10.0000,-10.0000,-30.0000,-30.0000,-30.0000,-30.0000,-45.0000,-45.0000,-10.0000,-10.0000,-30.0000,-30.0000,-30.0000,-30.0000,-54.000,-54.000,-28.000,-28.000,-10.000,-10.000,-10.000,-10.000,-54.000,-54.000,-28.000,-28.000,-10.000,-10.000,-10.000,-10.000,0.0,0.0,0.0,0.0,0.0,0.0,0.0,0.0,0.0,0.0,0.0,0.0,0.0,0.0,0.0,0.0
1790303544.760649,10.670,-12.42218,-12.42218,-12.42218,-12.42218,-12.42218,-12.42218,-12.42218,0.04150,-12.42218,-12.42218,-12.42218,-12.42218,-12.42218,-12.42218,-12.42218,0.04150,-45.0000,-45.0000,-10.0000,-10.0000,-30.0000,-30.0000,-30.0000,-30.0000,-45.0000,-45.0000,-10.0000,-10.0000,-30.0000,-30.0000,-30.0000,-30.0000,-54.000,-54.000,-28.000,-28.000,-10.000,-10.000,-10.000,-10.000,-54.000,-54.000,-28.000,-28.000,-10.000,-10.000,-10.000,-10.000,0.0,0.0,0.0,0.0,0.0,0.0,0.0,0.0,0.0,0.0,0.0,0.0,0.0,0.0,0.0,0.0
1790303544.770841,10.680,-12.42218,-12.42218,-12.42218,-12.42218,-12.42218,-12.42218,-12.42218,0.04150,-12.42218,-12.42218,-12.42218,-12.42218,-12.42218,-12.42218,-12.42218,0.04150,-45.0000,-45.0000,-10.0000,-10.0000,-30.0000,-30.0000,-30.0000,-30.0000,-45.0000,-45.0000,-10.0000,-10.0000,-30.0000,-30.0000,-30.0000,-30.0000,-54.000,-54.000,-28.000,-28.000,-10.000,-10.000,-10.000,-10.000,-54.000,-54.000,-28.000,-28.000,-10.000,-10.000,-10.000,-10.000,0.0,0.0,0.0,0.0,0.0,0.0,0.0,0.0,0.0,0.0,0.0,0.0,0.0,0.0,0.0,0.0
1790303544.780641,10.690,-12.42218,-12.42218,-12.42218,-12.42218,-12.42218,-12.42218,-12.42218,0.04150,-12.42218,-12.42218,-12.42218,-12.42218,-12.42218,-12.42218,-12.42218,0.04150,-45.0000,-45.0000,-10.0000,-10.0000,-30.0000,-30.0000,-30.0000,-30.0000,-45.0000,-45.0000,-10.0000,-10.0000,-30.0000,-30.0000,-30.0000,-30.0000,-54.000,-54.000,-28.000,-28.000,-10.000,-10.000,-10.000,-10.000,-54.000,-54.000,-28.000,-28.000,-10.000,-10.000,-10.000,-10.000,0.0,0.0,0.0,0.0,0.0,0.0,0.0,0.0,0.0,0.0,0.0,0.0,0.0,0.0,0.0,0.0
1790303544.790191,10.699,-12.42218,-12.42218,-12.42218,-12.42218,-12.42218,-12.42218,-12.42218,0.04150,-12.42218,-12.42218,-12.42218,-12.42218,-12.42218,-12.42218,-12.42218,0.04150,-45.0000,-45.0000,-10.0000,-10.0000,-30.0000,-30.0000,-30.0000,-30.0000,-45.0000,-45.0000,-10.0000,-10.0000,-30.0000,-30.0000,-30.0000,-30.0000,-54.000,-54.000,-28.000,-28.000,-10.000,-10.000,-10.000,-10.000,-54.000,-54.000,-28.000,-28.000,-10.000,-10.000,-10.000,-10.000,0.0,0.0,0.0,0.0,0.0,0.0,0.0,0.0,0.0,0.0,0.0,0.0,0.0,0.0,0.0,0.0
1790303544.800236,10.709,-12.42218,-12.42218,-12.42218,-12.42218,-12.42218,-12.42218,-12.42218,0.04150,-12.42218,-12.42218,-12.42218,-12.42218,-12.42218,-12.42218,-12.42218,0.04150,-45.0000,-45.0000,-10.0000,-10.0000,-30.0000,-30.0000,-30.0000,-30.0000,-45.0000,-45.0000,-10.0000,-10.0000,-30.0000,-30.0000,-30.0000,-30.0000,-54.000,-54.000,-28.000,-28.000,-10.000,-10.000,-10.000,-10.000,-54.000,-54.000,-28.000,-28.000,-10.000,-10.000,-10.000,-10.000,0.0,0.0,0.0,0.0,0.0,0.0,0.0,0.0,0.0,0.0,0.0,0.0,0.0,0.0,0.0,0.0
1790303544.811306,10.720,-12.42218,-12.42218,-12.42218,-12.42218,-12.42218,-12.42218,-12.42218,0.04150,-12.42218,-12.42218,-12.42218,-12.42218,-12.42218,-12.42218,-12.42218,0.04150,-45.0000,-45.0000,-10.0000,-10.0000,-30.0000,-30.0000,-30.0000,-30.0000,-45.0000,-45.0000,-10.0000,-10.0000,-30.0000,-30.0000,-30.0000,-30.0000,-54.000,-54.000,-28.000,-28.000,-10.000,-10.000,-10.000,-10.000,-54.000,-54.000,-28.000,-28.000,-10.000,-10.000,-10.000,-10.000,0.0,0.0,0.0,0.0,0.0,0.0,0.0,0.0,0.0,0.0,0.0,0.0,0.0,0.0,0.0,0.0
1790303544.820822,10.730,-12.42218,-12.42218,-12.42218,-12.42218,-12.42218,-12.42218,-12.42218,0.04150,-12.42218,-12.42218,-12.42218,-12.42218,-12.42218,-12.42218,-12.42218,0.04150,-45.0000,-45.0000,-10.0000,-10.0000,-30.0000,-30.0000,-30.0000,-30.0000,-45.0000,-45.0000,-10.0000,-10.0000,-30.0000,-30.0000,-30.0000,-30.0000,-54.000,-54.000,-28.000,-28.000,-10.000,-10.000,-10.000,-10.000,-54.000,-54.000,-28.000,-28.000,-10.000,-10.000,-10.000,-10.000,0.0,0.0,0.0,0.0,0.0,0.0,0.0,0.0,0.0,0.0,0.0,0.0,0.0,0.0,0.0,0.0
1790303544.830463,10.739,-12.42218,-12.42218,-12.42218,-12.42218,-12.42218,-12.42218,-12.42218,0.04150,-12.42218,-12.42218,-12.42218,-12.42218,-12.42218,-12.42218,-12.42218,0.04150,-45.0000,-45.0000,-10.0000,-10.0000,-30.0000,-30.0000,-30.0000,-30.0000,-45.0000,-45.0000,-10.0000,-10.0000,-30.0000,-30.0000,-30.0000,-30.0000,-54.000,-54.000,-28.000,-28.000,-10.000,-10.000,-10.000,-10.000,-54.000,-54.000,-28.000,-28.000,-10.000,-10.000,-10.000,-10.000,0.0,0.0,0.0,0.0,0.0,0.0,0.0,0.0,0.0,0.0,0.0,0.0,0.0,0.0,0.0,0.0
1790303544.840241,10.749,-12.42218,-12.42218,-12.42218,-12.42218,-12.42218,-12.42218,-12.42218,0.04150,-12.42218,-12.42218,-12.42218,-12.42218,-12.42218,-12.42218,-12.42218,0.04150,-45.0000,-45.0000,-10.0000,-10.0000,-30.0000,-30.0000,-30.0000,-30.0000,-45.0000,-45.0000,-10.0000,-10.0000,-30.0000,-30.0000,-30.0000,-30.0000,-54.000,-54.000,-28.000,-28.000,-10.000,-10.000,-10.000,-10.000,-54.000,-54.000,-28.000,-28.000,-10.000,-10.000,-10.000,-10.000,0.0,0.0,0.0,0.0,0.0,0.0,0.0,0.0,0.0,0.0,0.0,0.0,0.0,0.0,0.0,0.0
1790303544.850864,10.760,-12.42218,-12.42218,-12.42218,-12.42218,-12.42218,-12.42218,-12.42218,0.04150,-12.42218,-12.42218,-12.42218,-12.42218,-12.42218,-12.42218,-12.42218,0.04150,-45.0000,-45.0000,-10.0000,-10.0000,-30.0000,-30.0000,-30.0000,-30.0000,-45.0000,-45.0000,-10.0000,-10.0000,-30.0000,-30.0000,-30.0000,-30.0000,-54.000,-54.000,-28.000,-28.000,-10.000,-10.000,-10.000,-10.000,-54.000,-54.000,-28.000,-28.000,-10.000,-10.000,-10.000,-10.000,0.0,0.0,0.0,0.0,0.0,0.0,0.0,0.0,0.0,0.0,0.0,0.0,0.0,0.0,0.0,0.0
1790303544.860622,10.770,-12.42218,-12.42218,-12.42218,-12.42218,-12.42218,-12.42218,-12.42218,0.04150,-12.42218,-12.42218,-12.42218,-12.42218,-12.42218,-12.42218,-12.42218,0.04150,-45.0000,-45.0000,-10.0000,-10.0000,-30.0000,-30.0000,-30.0000,-30.0000,-45.0000,-45.0000,-10.0000,-10.0000,-30.0000,-30.0000,-30.0000,-30.0000,-54.000,-54.000,-28.000,-28.000,-10.000,-10.000,-10.000,-10.000,-54.000,-54.000,-28.000,-28.000,-10.000,-10.000,-10.000,-10.000,0.0,0.0,0.0,0.0,0.0,0.0,0.0,0.0,0.0,0.0,0.0,0.0,0.0,0.0,0.0,0.0
1790303544.870472,10.779,-12.42218,-12.42218,-12.42218,-12.42218,-12.42218,-12.42218,-12.42218,0.04150,-12.42218,-12.42218,-12.42218,-12.42218,-12.42218,-12.42218,-12.42218,0.04150,-45.0000,-45.0000,-10.0000,-10.0000,-30.0000,-30.0000,-30.0000,-30.0000,-45.0000,-45.0000,-10.0000,-10.0000,-30.0000,-30.0000,-30.0000,-30.0000,-54.000,-54.000,-28.000,-28.000,-10.000,-10.000,-10.000,-10.000,-54.000,-54.000,-28.000,-28.000,-10.000,-10.000,-10.000,-10.000,0.0,0.0,0.0,0.0,0.0,0.0,0.0,0.0,0.0,0.0,0.0,0.0,0.0,0.0,0.0,0.0
1790303544.880692,10.790,-12.42218,-12.42218,-12.42218,-12.42218,-12.42218,-12.42218,-12.42218,0.04150,-12.42218,-12.42218,-12.42218,-12.42218,-12.42218,-12.42218,-12.42218,0.04150,-45.0000,-45.0000,-10.0000,-10.0000,-30.0000,-30.0000,-30.0000,-30.0000,-45.0000,-45.0000,-10.0000,-10.0000,-30.0000,-30.0000,-30.0000,-30.0000,-54.000,-54.000,-28.000,-28.000,-10.000,-10.000,-10.000,-10.000,-54.000,-54.000,-28.000,-28.000,-10.000,-10.000,-10.000,-10.000,0.0,0.0,0.0,0.0,0.0,0.0,0.0,0.0,0.0,0.0,0.0,0.0,0.0,0.0,0.0,0.0
1790303544.890388,10.799,-12.42218,-12.42218,-12.42218,-12.42218,-12.42218,-12.42218,-12.42218,0.04150,-12.42218,-12.42218,-12.42218,-12.42218,-12.42218,-12.42218,-12.42218,0.04150,-45.0000,-45.0000,-10.0000,-10.0000,-30.0000,-30.0000,-30.0000,-30.0000,-45.0000,-45.0000,-10.0000,-10.0000,-30.0000,-30.0000,-30.0000,-30.0000,-54.000,-54.000,-28.000,-28.000,-10.000,-10.000,-10.000,-10.000,-54.000,-54.000,-28.000,-28.000,-10.000,-10.000,-10.000,-10.000,0.0,0.0,0.0,0.0,0.0,0.0,0.0,0.0,0.0,0.0,0.0,0.0,0.0,0.0,0.0,0.0
1790303544.900651,10.810,-12.42218,-12.42218,-12.42218,-12.42218,-12.42218,-12.42218,-12.42218,0.04150,-12.42218,-12.42218,-12.42218,-12.42218,-12.42218,-12.42218,-12.42218,0.04150,-45.0000,-45.0000,-10.0000,-10.0000,-30.0000,-30.0000,-30.0000,-30.0000,-45.0000,-45.0000,-10.0000,-10.0000,-30.0000,-30.0000,-30.0000,-30.0000,-54.000,-54.000,-28.000,-28.000,-10.000,-10.000,-10.000,-10.000,-54.000,-54.000,-28.000,-28.000,-10.000,-10.000,-10.000,-10.000,0.0,0.0,0.0,0.0,0.0,0.0,0.0,0.0,0.0,0.0,0.0,0.0,0.0,0.0,0.0,0.0
1790303544.910962,10.820,-12.42218,-12.42218,-12.42218,-12.42218,-12.42218,-12.42218,-12.42218,0.04150,-12.42218,-12.42218,-12.42218,-12.42218,-12.42218,-12.42218,-12.42218,0.04150,-45.0000,-45.0000,-10.0000,-10.0000,-30.0000,-30.0000,-30.0000,-30.0000,-45.0000,-45.0000,-10.0000,-10.0000,-30.0000,-30.0000,-30.0000,-30.0000,-54.000,-54.000,-28.000,-28.000,-10.000,-10.000,-10.000,-10.000,-54.000,-54.000,-28.000,-28.000,-10.000,-10.000,-10.000,-10.000,0.0,0.0,0.0,0.0,0.0,0.0,0.0,0.0,0.0,0.0,0.0,0.0,0.0,0.0,0.0,0.0
1790303544.920632,10.830,-12.42218,-12.42218,-12.42218,-12.42218,-12.42218,-12.42218,-12.42218,0.04150,-12.42218,-12.42218,-12.42218,-12.42218,-12.42218,-12.42218,-12.42218,0.04150,-45.0000,-45.0000,-10.0000,-10.0000,-30.0000,-30.0000,-30.0000,-30.0000,-45.0000,-45.0000,-10.0000,-10.0000,-30.0000,-30.0000,-30.0000,-30.0000,-54.000,-54.000,-28.000,-28.000,-10.000,-10.000,-10.000,-10.000,-54.000,-54.000,-28.000,-28.000,-10.000,-10.000,-10.000,-10.000,0.0,0.0,0.0,0.0,0.0,0.0,0.0,0.0,0.0,0.0,0.0,0.0,0.0,0.0,0.0,0.0
1790303544.930812,10.840,-12.42218,-12.42218,-12.42218,-12.42218,-12.42218,-12.42218,-12.42218,0.04150,-12.42218,-12.42218,-12.42218,-12.42218,-12.42218,-12.42218,-12.42218,0.04150,-45.0000,-45.0000,-10.0000,-10.0000,-30.0000,-30.0000,-30.0000,-30.0000,-45.0000,-45.0000,-10.0000,-10.0000,-30.0000,-30.0000,-30.0000,-30.0000,-54.000,-54.000,-28.000,-28.000,-10.000,-10.000,-10.000,-10.000,-54.000,-54.000,-28.000,-28.000,-10.000,-10.000,-10.000,-10.000,0.0,0.0,0.0,0.0,0.0,0.0,0.0,0.0,0.0,0.0,0.0,0.0,0.0,0.0,0.0,0.0
1790303544.940616,10.849,-12.42218,-12.42218,-12.42218,-12.42218,-12.42218,-12.42218,-12.42218,0.04150,-12.42218,-12.42218,-12.42218,-12.42218,-12.42218,-12.42218,-12.42218,0.04150,-45.0000,-45.0000,-10.0000,-10.0000,-30.0000,-30.0000,-30.0000,-30.0000,-45.0000,-45.0000,-10.0000,-10.0000,-30.0000,-30.0000,-30.0000,-30.0000,-54.000,-54.000,-28.000,-28.000,-10.000,-10.000,-10.000,-10.000,-54.000,-54.000,-28.000,-28.000,-10.000,-10.000,-10.000,-10.000,0.0,0.0,0.0,0.0,0.0,0.0,0.0,0.0,0.0,0.0,0.0,0.0,0.0,0.0,0.0,0.0
1790303544.950874,10.860,-12.42218,-12.42218,-12.42218,-12.42218,-12.42218,-12.42218,-12.42218,0.04150,-12.42218,-12.42218,-12.42218,-12.42218,-12.42218,-12.42218,-12.42218,0.04150,-45.0000,-45.0000,-10.0000,-10.0000,-30.0000,-30.0000,-30.0000,-30.0000,-45.0000,-45.0000,-10.0000,-10.0000,-30.0000,-30.0000,-30.0000,-30.0000,-54.000,-54.000,-28.000,-28.000,-10.000,-10.000,-10.000,-10.000,-54.000,-54.000,-28.000,-28.000,-10.000,-10.000,-10.000,-10.000,0.0,0.0,0.0,0.0,0.0,0.0,0.0,0.0,0.0,0.0,0.0,0.0,0.0,0.0,0.0,0.0
1790303544.960321,10.869,-12.42218,-12.42218,-12.42218,-12.42218,-12.42218,-12.42218,-12.42218,0.04150,-12.42218,-12.42218,-12.42218,-12.42218,-12.42218,-12.42218,-12.42218,0.04150,-45.0000,-45.0000,-10.0000,-10.0000,-30.0000,-30.0000,-30.0000,-30.0000,-45.0000,-45.0000,-10.0000,-10.0000,-30.0000,-30.0000,-30.0000,-30.0000,-54.000,-54.000,-28.000,-28.000,-10.000,-10.000,-10.000,-10.000,-54.000,-54.000,-28.000,-28.000,-10.000,-10.000,-10.000,-10.000,0.0,0.0,0.0,0.0,0.0,0.0,0.0,0.0,0.0,0.0,0.0,0.0,0.0,0.0,0.0,0.0
1790303544.970872,10.880,-12.42218,-12.42218,-12.42218,-12.42218,-12.42218,-12.42218,-12.42218,0.04150,-12.42218,-12.42218,-12.42218,-12.42218,-12.42218,-12.42218,-12.42218,0.04150,-45.0000,-45.0000,-10.0000,-10.0000,-30.0000,-30.0000,-30.0000,-30.0000,-45.0000,-45.0000,-10.0000,-10.0000,-30.0000,-30.0000,-30.0000,-30.0000,-54.000,-54.000,-28.000,-28.000,-10.000,-10.000,-10.000,-10.000,-54.000,-54.000,-28.000,-28.000,-10.000,-10.000,-10.000,-10.000,0.0,0.0,0.0,0.0,0.0,0.0,0.0,0.0,0.0,0.0,0.0,0.0,0.0,0.0,0.0,0.0
1790303544.980273,10.889,-12.42218,-12.42218,-12.42218,-12.42218,-12.42218,-12.42218,-12.42218,0.04150,-12.42218,-12.42218,-12.42218,-12.42218,-12.42218,-12.42218,-12.42218,0.04150,-45.0000,-45.0000,-10.0000,-10.0000,-30.0000,-30.0000,-30.0000,-30.0000,-45.0000,-45.0000,-10.0000,-10.0000,-30.0000,-30.0000,-30.0000,-30.0000,-54.000,-54.000,-28.000,-28.000,-10.000,-10.000,-10.000,-10.000,-54.000,-54.000,-28.000,-28.000,-10.000,-10.000,-10.000,-10.000,0.0,0.0,0.0,0.0,0.0,0.0,0.0,0.0,0.0,0.0,0.0,0.0,0.0,0.0,0.0,0.0
1790303544.992397,10.901,-12.42218,-12.42218,-12.42218,-12.42218,-12.42218,-12.42218,-12.42218,0.04150,-12.42218,-12.42218,-12.42218,-12.42218,-12.42218,-12.42218,-12.42218,0.04150,-45.0000,-45.0000,-10.0000,-10.0000,-30.0000,-30.0000,-30.0000,-30.0000,-45.0000,-45.0000,-10.0000,-10.0000,-30.0000,-30.0000,-30.0000,-30.0000,-54.000,-54.000,-28.000,-28.000,-10.000,-10.000,-10.000,-10.000,-54.000,-54.000,-28.000,-28.000,-10.000,-10.000,-10.000,-10.000,0.0,0.0,0.0,0.0,0.0,0.0,0.0,0.0,0.0,0.0,0.0,0.0,0.0,0.0,0.0,0.0
1790303545.000715,10.910,-12.42218,-12.42218,-12.42218,-12.42218,-12.42218,-12.42218,-12.42218,0.04150,-12.42218,-12.42218,-12.42218,-12.42218,-12.42218,-12.42218,-12.42218,0.04150,-45.0000,-45.0000,-10.0000,-10.0000,-30.0000,-30.0000,-30.0000,-30.0000,-45.0000,-45.0000,-10.0000,-10.0000,-30.0000,-30.0000,-30.0000,-30.0000,-54.000,-54.000,-28.000,-28.000,-10.000,-10.000,-10.000,-10.000,-54.000,-54.000,-28.000,-28.000,-10.000,-10.000,-10.000,-10.000,0.0,0.0,0.0,0.0,0.0,0.0,0.0,0.0,0.0,0.0,0.0,0.0,0.0,0.0,0.0,0.0
1790303545.010885,10.920,-12.42218,-12.42218,-12.42218,-12.42218,-12.42218,-12.42218,-12.42218,0.04150,-12.42218,-12.42218,-12.42218,-12.42218,-12.42218,-12.42218,-12.42218,0.04150,-45.0000,-45.0000,-10.0000,-10.0000,-30.0000,-30.0000,-30.0000,-30.0000,-45.0000,-45.0000,-10.0000,-10.0000,-30.0000,-30.0000,-30.0000,-30.0000,-54.000,-54.000,-28.000,-28.000,-10.000,-10.000,-10.000,-10.000,-54.000,-54.000,-28.000,-28.000,-10.000,-10.000,-10.000,-10.000,0.0,0.0,0.0,0.0,0.0,0.0,0.0,0.0,0.0,0.0,0.0,0.0,0.0,0.0,0.0,0.0
1790303545.020818,10.930,-12.42218,-12.42218,-12.42218,-12.42218,-12.42218,-12.42218,-12.42218,0.04150,-12.42218,-12.42218,-12.42218,-12.42218,-12.42218,-12.42218,-12.42218,0.04150,-45.0000,-45.0000,-10.0000,-10.0000,-30.0000,-30.0000,-30.0000,-30.0000,-45.0000,-45.0000,-10.0000,-10.0000,-30.0000,-30.0000,-30.0000,-30.0000,-54.000,-54.000,-28.000,-28.000,-10.000,-10.000,-10.000,-10.000,-54.000,-54.000,-28.000,-28.000,-10.000,-10.000,-10.000,-10.000,0.0,0.0,0.0,0.0,0.0,0.0,0.0,0.0,0.0,0.0,0.0,0.0,0.0,0.0,0.0,0.0
1790303545.030721,10.940,-12.42218,-12.42218,-12.42218,-12.42218,-12.42218,-12.42218,-12.42218,0.04150,-12.42218,-12.42218,-12.42218,-12.42218,-12.42218,-12.42218,-12.42218,0.04150,-45.0000,-45.0000,-10.0000,-10.0000,-30.0000,-30.0000,-30.0000,-30.0000,-45.0000,-45.0000,-10.0000,-10.0000,-30.0000,-30.0000,-30.0000,-30.0000,-54.000,-54.000,-28.000,-28.000,-10.000,-10.000,-10.000,-10.000,-54.000,-54.000,-28.000,-28.000,-10.000,-10.000,-10.000,-10.000,0.0,0.0,0.0,0.0,0.0,0.0,0.0,0.0,0.0,0.0,0.0,0.0,0.0,0.0,0.0,0.0
1790303545.040184,10.949,-12.42218,-12.42218,-12.42218,-12.42218,-12.42218,-12.42218,-12.42218,0.04150,-12.42218,-12.42218,-12.42218,-12.42218,-12.42218,-12.42218,-12.42218,0.04150,-45.0000,-45.0000,-10.0000,-10.0000,-30.0000,-30.0000,-30.0000,-30.0000,-45.0000,-45.0000,-10.0000,-10.0000,-30.0000,-30.0000,-30.0000,-30.0000,-54.000,-54.000,-28.000,-28.000,-10.000,-10.000,-10.000,-10.000,-54.000,-54.000,-28.000,-28.000,-10.000,-10.000,-10.000,-10.000,0.0,0.0,0.0,0.0,0.0,0.0,0.0,0.0,0.0,0.0,0.0,0.0,0.0,0.0,0.0,0.0
1790303545.052154,10.961,-12.42218,-12.42218,-12.42218,-12.42218,-12.42218,-12.42218,-12.42218,0.04150,-12.42218,-12.42218,-12.42218,-12.42218,-12.42218,-12.42218,-12.42218,0.04150,-45.0000,-45.0000,-10.0000,-10.0000,-30.0000,-30.0000,-30.0000,-30.0000,-45.0000,-45.0000,-10.0000,-10.0000,-30.0000,-30.0000,-30.0000,-30.0000,-54.000,-54.000,-28.000,-28.000,-10.000,-10.000,-10.000,-10.000,-54.000,-54.000,-28.000,-28.000,-10.000,-10.000,-10.000,-10.000,0.0,0.0,0.0,0.0,0.0,0.0,0.0,0.0,0.0,0.0,0.0,0.0,0.0,0.0,0.0,0.0
1790303545.060675,10.970,-12.42218,-12.42218,-12.42218,-12.42218,-12.42218,-12.42218,-12.42218,0.04150,-12.42218,-12.42218,-12.42218,-12.42218,-12.42218,-12.42218,-12.42218,0.04150,-45.0000,-45.0000,-10.0000,-10.0000,-30.0000,-30.0000,-30.0000,-30.0000,-45.0000,-45.0000,-10.0000,-10.0000,-30.0000,-30.0000,-30.0000,-30.0000,-54.000,-54.000,-28.000,-28.000,-10.000,-10.000,-10.000,-10.000,-54.000,-54.000,-28.000,-28.000,-10.000,-10.000,-10.000,-10.000,0.0,0.0,0.0,0.0,0.0,0.0,0.0,0.0,0.0,0.0,0.0,0.0,0.0,0.0,0.0,0.0
1790303545.070419,10.979,-12.42218,-12.42218,-12.42218,-12.42218,-12.42218,-12.42218,-12.42218,0.04150,-12.42218,-12.42218,-12.42218,-12.42218,-12.42218,-12.42218,-12.42218,0.04150,-45.0000,-45.0000,-10.0000,-10.0000,-30.0000,-30.0000,-30.0000,-30.0000,-45.0000,-45.0000,-10.0000,-10.0000,-30.0000,-30.0000,-30.0000,-30.0000,-54.000,-54.000,-28.000,-28.000,-10.000,-10.000,-10.000,-10.000,-54.000,-54.000,-28.000,-28.000,-10.000,-10.000,-10.000,-10.000,0.0,0.0,0.0,0.0,0.0,0.0,0.0,0.0,0.0,0.0,0.0,0.0,0.0,0.0,0.0,0.0
1790303545.080233,10.989,-12.42218,-12.42218,-12.42218,-12.42218,-12.42218,-12.42218,-12.42218,0.04150,-12.42218,-12.42218,-12.42218,-12.42218,-12.42218,-12.42218,-12.42218,0.04150,-45.0000,-45.0000,-10.0000,-10.0000,-30.0000,-30.0000,-30.0000,-30.0000,-45.0000,-45.0000,-10.0000,-10.0000,-30.0000,-30.0000,-30.0000,-30.0000,-54.000,-54.000,-28.000,-28.000,-10.000,-10.000,-10.000,-10.000,-54.000,-54.000,-28.000,-28.000,-10.000,-10.000,-10.000,-10.000,0.0,0.0,0.0,0.0,0.0,0.0,0.0,0.0,0.0,0.0,0.0,0.0,0.0,0.0,0.0,0.0
1790303545.091817,11.001,-12.42218,-12.42218,-12.42218,-12.42218,-12.42218,-12.42218,-12.42218,0.04150,-12.42218,-12.42218,-12.42218,-12.42218,-12.42218,-12.42218,-12.42218,0.04150,-45.0000,-45.0000,-10.0000,-10.0000,-30.0000,-30.0000,-30.0000,-30.0000,-45.0000,-45.0000,-10.0000,-10.0000,-30.0000,-30.0000,-30.0000,-30.0000,-54.000,-54.000,-28.000,-28.000,-10.000,-10.000,-10.000,-10.000,-54.000,-54.000,-28.000,-28.000,-10.000,-10.000,-10.000,-10.000,0.0,0.0,0.0,0.0,0.0,0.0,0.0,0.0,0.0,0.0,0.0,0.0,0.0,0.0,0.0,0.0
1790303545.100259,11.009,-12.42218,-12.42218,-12.42218,-12.42218,-12.42218,-12.42218,-12.42218,0.04150,-12.42218,-12.42218,-12.42218,-12.42218,-12.42218,-12.42218,-12.42218,0.04150,-45.0000,-45.0000,-10.0000,-10.0000,-30.0000,-30.0000,-30.0000,-30.0000,-45.0000,-45.0000,-10.0000,-10.0000,-30.0000,-30.0000,-30.0000,-30.0000,-54.000,-54.000,-28.000,-28.000,-10.000,-10.000,-10.000,-10.000,-54.000,-54.000,-28.000,-28.000,-10.000,-10.000,-10.000,-10.000,0.0,0.0,0.0,0.0,0.0,0.0,0.0,0.0,0.0,0.0,0.0,0.0,0.0,0.0,0.0,0.0
1790303545.110904,11.020,-12.42218,-12.42218,-12.42218,-12.42218,-12.42218,-12.42218,-12.42218,0.04150,-12.42218,-12.42218,-12.42218,-12.42218,-12.42218,-12.42218,-12.42218,0.04150,-45.0000,-45.0000,-10.0000,-10.0000,-30.0000,-30.0000,-30.0000,-30.0000,-45.0000,-45.0000,-10.0000,-10.0000,-30.0000,-30.0000,-30.0000,-30.0000,-54.000,-54.000,-28.000,-28.000,-10.000,-10.000,-10.000,-10.000,-54.000,-54.000,-28.000,-28.000,-10.000,-10.000,-10.000,-10.000,0.0,0.0,0.0,0.0,0.0,0.0,0.0,0.0,0.0,0.0,0.0,0.0,0.0,0.0,0.0,0.0
1790303545.120680,11.030,-12.42218,-12.42218,-12.42218,-12.42218,-12.42218,-12.42218,-12.42218,0.04150,-12.42218,-12.42218,-12.42218,-12.42218,-12.42218,-12.42218,-12.42218,0.04150,-45.0000,-45.0000,-10.0000,-10.0000,-30.0000,-30.0000,-30.0000,-30.0000,-45.0000,-45.0000,-10.0000,-10.0000,-30.0000,-30.0000,-30.0000,-30.0000,-54.000,-54.000,-28.000,-28.000,-10.000,-10.000,-10.000,-10.000,-54.000,-54.000,-28.000,-28.000,-10.000,-10.000,-10.000,-10.000,0.0,0.0,0.0,0.0,0.0,0.0,0.0,0.0,0.0,0.0,0.0,0.0,0.0,0.0,0.0,0.0
1790303545.130976,11.040,-12.42218,-12.42218,-12.42218,-12.42218,-12.42218,-12.42218,-12.42218,0.04150,-12.42218,-12.42218,-12.42218,-12.42218,-12.42218,-12.42218,-12.42218,0.04150,-45.0000,-45.0000,-10.0000,-10.0000,-30.0000,-30.0000,-30.0000,-30.0000,-45.0000,-45.0000,-10.0000,-10.0000,-30.0000,-30.0000,-30.0000,-30.0000,-54.000,-54.000,-28.000,-28.000,-10.000,-10.000,-10.000,-10.000,-54.000,-54.000,-28.000,-28.000,-10.000,-10.000,-10.000,-10.000,0.0,0.0,0.0,0.0,0.0,0.0,0.0,0.0,0.0,0.0,0.0,0.0,0.0,0.0,0.0,0.0
1790303545.140388,11.049,-12.42218,-12.42218,-12.42218,-12.42218,-12.42218,-12.42218,-12.42218,0.04150,-12.42218,-12.42218,-12.42218,-12.42218,-12.42218,-12.42218,-12.42218,0.04150,-45.0000,-45.0000,-10.0000,-10.0000,-30.0000,-30.0000,-30.0000,-30.0000,-45.0000,-45.0000,-10.0000,-10.0000,-30.0000,-30.0000,-30.0000,-30.0000,-54.000,-54.000,-28.000,-28.000,-10.000,-10.000,-10.000,-10.000,-54.000,-54.000,-28.000,-28.000,-10.000,-10.000,-10.000,-10.000,0.0,0.0,0.0,0.0,0.0,0.0,0.0,0.0,0.0,0.0,0.0,0.0,0.0,0.0,0.0,0.0
1790303545.150856,11.060,-12.42218,-12.42218,-12.42218,-12.42218,-12.42218,-12.42218,-12.42218,0.04150,-12.42218,-12.42218,-12.42218,-12.42218,-12.42218,-12.42218,-12.42218,0.04150,-45.0000,-45.0000,-10.0000,-10.0000,-30.0000,-30.0000,-30.0000,-30.0000,-45.0000,-45.0000,-10.0000,-10.0000,-30.0000,-30.0000,-30.0000,-30.0000,-54.000,-54.000,-28.000,-28.000,-10.000,-10.000,-10.000,-10.000,-54.000,-54.000,-28.000,-28.000,-10.000,-10.000,-10.000,-10.000,0.0,0.0,0.0,0.0,0.0,0.0,0.0,0.0,0.0,0.0,0.0,0.0,0.0,0.0,0.0,0.0
1790303545.160897,11.070,-12.42218,-12.42218,-12.42218,-12.42218,-12.42218,-12.42218,-12.42218,0.04150,-12.42218,-12.42218,-12.42218,-12.42218,-12.42218,-12.42218,-12.42218,0.04150,-45.0000,-45.0000,-10.0000,-10.0000,-30.0000,-30.0000,-30.0000,-30.0000,-45.0000,-45.0000,-10.0000,-10.0000,-30.0000,-30.0000,-30.0000,-30.0000,-54.000,-54.000,-28.000,-28.000,-10.000,-10.000,-10.000,-10.000,-54.000,-54.000,-28.000,-28.000,-10.000,-10.000,-10.000,-10.000,0.0,0.0,0.0,0.0,0.0,0.0,0.0,0.0,0.0,0.0,0.0,0.0,0.0,0.0,0.0,0.0
1790303545.170878,11.080,-12.42218,-12.42218,-12.42218,-12.42218,-12.42218,-12.42218,-12.42218,0.04150,-12.42218,-12.42218,-12.42218,-12.42218,-12.42218,-12.42218,-12.42218,0.04150,-45.0000,-45.0000,-10.0000,-10.0000,-30.0000,-30.0000,-30.0000,-30.0000,-45.0000,-45.0000,-10.0000,-10.0000,-30.0000,-30.0000,-30.0000,-30.0000,-54.000,-54.000,-28.000,-28.000,-10.000,-10.000,-10.000,-10.000,-54.000,-54.000,-28.000,-28.000,-10.000,-10.000,-10.000,-10.000,0.0,0.0,0.0,0.0,0.0,0.0,0.0,0.0,0.0,0.0,0.0,0.0,0.0,0.0,0.0,0.0
1790303545.180935,11.090,-12.42218,-12.42218,-12.42218,-12.42218,-12.42218,-12.42218,-12.42218,0.04150,-12.42218,-12.42218,-12.42218,-12.42218,-12.42218,-12.42218,-12.42218,0.04150,-45.0000,-45.0000,-10.0000,-10.0000,-30.0000,-30.0000,-30.0000,-30.0000,-45.0000,-45.0000,-10.0000,-10.0000,-30.0000,-30.0000,-30.0000,-30.0000,-54.000,-54.000,-28.000,-28.000,-10.000,-10.000,-10.000,-10.000,-54.000,-54.000,-28.000,-28.000,-10.000,-10.000,-10.000,-10.000,0.0,0.0,0.0,0.0,0.0,0.0,0.0,0.0,0.0,0.0,0.0,0.0,0.0,0.0,0.0,0.0
1790303545.190861,11.100,-12.42218,-12.42218,-12.42218,-12.42218,-12.42218,-12.42218,-12.42218,0.04150,-12.42218,-12.42218,-12.42218,-12.42218,-12.42218,-12.42218,-12.42218,0.04150,-45.0000,-45.0000,-10.0000,-10.0000,-30.0000,-30.0000,-30.0000,-30.0000,-45.0000,-45.0000,-10.0000,-10.0000,-30.0000,-30.0000,-30.0000,-30.0000,-54.000,-54.000,-28.000,-28.000,-10.000,-10.000,-10.000,-10.000,-54.000,-54.000,-28.000,-28.000,-10.000,-10.000,-10.000,-10.000,0.0,0.0,0.0,0.0,0.0,0.0,0.0,0.0,0.0,0.0,0.0,0.0,0.0,0.0,0.0,0.0
1790303545.200646,11.110,-12.42218,-12.42218,-12.42218,-12.42218,-12.42218,-12.42218,-12.42218,0.04150,-12.42218,-12.42218,-12.42218,-12.42218,-12.42218,-12.42218,-12.42218,0.04150,-45.0000,-45.0000,-10.0000,-10.0000,-30.0000,-30.0000,-30.0000,-30.0000,-45.0000,-45.0000,-10.0000,-10.0000,-30.0000,-30.0000,-30.0000,-30.0000,-54.000,-54.000,-28.000,-28.000,-10.000,-10.000,-10.000,-10.000,-54.000,-54.000,-28.000,-28.000,-10.000,-10.000,-10.000,-10.000,0.0,0.0,0.0,0.0,0.0,0.0,0.0,0.0,0.0,0.0,0.0,0.0,0.0,0.0,0.0,0.0
1790303545.210856,11.120,-12.42218,-12.42218,-12.42218,-12.42218,-12.42218,-12.42218,-12.42218,0.04150,-12.42218,-12.42218,-12.42218,-12.42218,-12.42218,-12.42218,-12.42218,0.04150,-45.0000,-45.0000,-10.0000,-10.0000,-30.0000,-30.0000,-30.0000,-30.0000,-45.0000,-45.0000,-10.0000,-10.0000,-30.0000,-30.0000,-30.0000,-30.0000,-54.000,-54.000,-28.000,-28.000,-10.000,-10.000,-10.000,-10.000,-54.000,-54.000,-28.000,-28.000,-10.000,-10.000,-10.000,-10.000,0.0,0.0,0.0,0.0,0.0,0.0,0.0,0.0,0.0,0.0,0.0,0.0,0.0,0.0,0.0,0.0
1790303545.220726,11.130,-12.42218,-12.42218,-12.42218,-12.42218,-12.42218,-12.42218,-12.42218,0.04150,-12.42218,-12.42218,-12.42218,-12.42218,-12.42218,-12.42218,-12.42218,0.04150,-45.0000,-45.0000,-10.0000,-10.0000,-30.0000,-30.0000,-30.0000,-30.0000,-45.0000,-45.0000,-10.0000,-10.0000,-30.0000,-30.0000,-30.0000,-30.0000,-54.000,-54.000,-28.000,-28.000,-10.000,-10.000,-10.000,-10.000,-54.000,-54.000,-28.000,-28.000,-10.000,-10.000,-10.000,-10.000,0.0,0.0,0.0,0.0,0.0,0.0,0.0,0.0,0.0,0.0,0.0,0.0,0.0,0.0,0.0,0.0
1790303545.231072,11.140,-12.42218,-12.42218,-12.42218,-12.42218,-12.42218,-12.42218,-12.42218,0.04150,-12.42218,-12.42218,-12.42218,-12.42218,-12.42218,-12.42218,-12.42218,0.04150,-45.0000,-45.0000,-10.0000,-10.0000,-30.0000,-30.0000,-30.0000,-30.0000,-45.0000,-45.0000,-10.0000,-10.0000,-30.0000,-30.0000,-30.0000,-30.0000,-54.000,-54.000,-28.000,-28.000,-10.000,-10.000,-10.000,-10.000,-54.000,-54.000,-28.000,-28.000,-10.000,-10.000,-10.000,-10.000,0.0,0.0,0.0,0.0,0.0,0.0,0.0,0.0,0.0,0.0,0.0,0.0,0.0,0.0,0.0,0.0
1790303545.240208,11.149,-12.42218,-12.42218,-12.42218,-12.42218,-12.42218,-12.42218,-12.42218,0.04150,-12.42218,-12.42218,-12.42218,-12.42218,-12.42218,-12.42218,-12.42218,0.04150,-45.0000,-45.0000,-10.0000,-10.0000,-30.0000,-30.0000,-30.0000,-30.0000,-45.0000,-45.0000,-10.0000,-10.0000,-30.0000,-30.0000,-30.0000,-30.0000,-54.000,-54.000,-28.000,-28.000,-10.000,-10.000,-10.000,-10.000,-54.000,-54.000,-28.000,-28.000,-10.000,-10.000,-10.000,-10.000,0.0,0.0,0.0,0.0,0.0,0.0,0.0,0.0,0.0,0.0,0.0,0.0,0.0,0.0,0.0,0.0
1790303545.250849,11.160,-12.42218,-12.42218,-12.42218,-12.42218,-12.42218,-12.42218,-12.42218,0.04150,-12.42218,-12.42218,-12.42218,-12.42218,-12.42218,-12.42218,-12.42218,0.04150,-45.0000,-45.0000,-10.0000,-10.0000,-30.0000,-30.0000,-30.0000,-30.0000,-45.0000,-45.0000,-10.0000,-10.0000,-30.0000,-30.0000,-30.0000,-30.0000,-54.000,-54.000,-28.000,-28.000,-10.000,-10.000,-10.000,-10.000,-54.000,-54.000,-28.000,-28.000,-10.000,-10.000,-10.000,-10.000,0.0,0.0,0.0,0.0,0.0,0.0,0.0,0.0,0.0,0.0,0.0,0.0,0.0,0.0,0.0,0.0
1790303545.260777,11.170,-12.42218,-12.42218,-12.42218,-12.42218,-12.42218,-12.42218,-12.42218,0.04150,-12.42218,-12.42218,-12.42218,-12.42218,-12.42218,-12.42218,-12.42218,0.04150,-45.0000,-45.0000,-10.0000,-10.0000,-30.0000,-30.0000,-30.0000,-30.0000,-45.0000,-45.0000,-10.0000,-10.0000,-30.0000,-30.0000,-30.0000,-30.0000,-54.000,-54.000,-28.000,-28.000,-10.000,-10.000,-10.000,-10.000,-54.000,-54.000,-28.000,-28.000,-10.000,-10.000,-10.000,-10.000,0.0,0.0,0.0,0.0,0.0,0.0,0.0,0.0,0.0,0.0,0.0,0.0,0.0,0.0,0.0,0.0
1790303545.270907,11.180,-12.42218,-12.42218,-12.42218,-12.42218,-12.42218,-12.42218,-12.42218,0.04150,-12.42218,-12.42218,-12.42218,-12.42218,-12.42218,-12.42218,-12.42218,0.04150,-45.0000,-45.0000,-10.0000,-10.0000,-30.0000,-30.0000,-30.0000,-30.0000,-45.0000,-45.0000,-10.0000,-10.0000,-30.0000,-30.0000,-30.0000,-30.0000,-54.000,-54.000,-28.000,-28.000,-10.000,-10.000,-10.000,-10.000,-54.000,-54.000,-28.000,-28.000,-10.000,-10.000,-10.000,-10.000,0.0,0.0,0.0,0.0,0.0,0.0,0.0,0.0,0.0,0.0,0.0,0.0,0.0,0.0,0.0,0.0
1790303545.280720,11.190,-12.42218,-12.42218,-12.42218,-12.42218,-12.42218,-12.42218,-12.42218,0.04150,-12.42218,-12.42218,-12.42218,-12.42218,-12.42218,-12.42218,-12.42218,0.04150,-45.0000,-45.0000,-10.0000,-10.0000,-30.0000,-30.0000,-30.0000,-27.6557,-45.0000,-45.0000,-10.0000,-10.0000,-30.0000,-30.0000,-30.0000,-30.0000,-54.000,-54.000,-28.000,-28.000,-10.000,-10.000,-10.000,-4.999,-54.000,-54.000,-28.000,-28.000,-10.000,-10.000,-10.000,-10.000,0.0,0.0,0.0,0.0,0.0,0.0,0.0,0.0,0.0,0.0,0.0,0.0,0.0,0.0,0.0,0.0
1790303545.290941,11.200,-12.42218,-12.42218,-12.42218,-12.42218,-12.42218,-12.42218,-12.42218,0.04150,-12.42218,-12.42218,-12.42218,-12.42218,-12.42218,-12.42218,-12.42218,0.04150,-45.0000,-45.0000,-10.0000,-10.0000,-30.0000,-30.0000,-30.0000,-27.6557,-45.0000,-45.0000,-10.0000,-10.0000,-30.0000,-30.0000,-30.0000,-30.0000,-54.000,-54.000,-28.000,-28.000,-10.000,-10.000,-10.000,-4.999,-54.000,-54.000,-28.000,-28.000,-10.000,-10.000,-10.000,-10.000,0.0,0.0,0.0,0.0,0.0,0.0,0.0,0.0,0.0,0.0,0.0,0.0,0.0,0.0,0.0,0.0
1790303545.300366,11.209,-12.42218,-12.42218,-12.42218,-12.42218,-12.42218,-12.42218,-12.42218,0.04150,-12.42218,-12.42218,-12.42218,-12.42218,-12.42218,-12.42218,-12.42218,0.04150,-45.0000,-45.0000,-10.0000,-10.0000,-30.0000,-30.0000,-30.0000,-27.6557,-45.0000,-45.0000,-10.0000,-10.0000,-30.0000,-30.0000,-30.0000,-30.0000,-54.000,-54.000,-28.000,-28.000,-10.000,-10.000,-10.000,-4.999,-54.000,-54.000,-28.000,-28.000,-10.000,-10.000,-10.000,-10.000,0.0,0.0,0.0,0.0,0.0,0.0,0.0,0.0,0.0,0.0,0.0,0.0,0.0,0.0,0.0,0.0
1790303545.310872,11.220,-12.42218,-12.42218,-12.42218,-12.42218,-12.42218,-12.42218,-12.42218,0.04150,-12.42218,-12.42218,-12.42218,-12.42218,-12.42218,-12.42218,-12.42218,0.04150,-45.0000,-45.0000,-10.0000,-10.0000,-30.0000,-30.0000,-30.0000,-27.6557,-45.0000,-45.0000,-10.0000,-10.0000,-30.0000,-30.0000,-30.0000,-30.0000,-54.000,-54.000,-28.000,-28.000,-10.000,-10.000,-10.000,-4.999,-54.000,-54.000,-28.000,-28.000,-10.000,-10.000,-10.000,-10.000,0.0,0.0,0.0,0.0,0.0,0.0,0.0,0.0,0.0,0.0,0.0,0.0,0.0,0.0,0.0,0.0
1790303545.320238,11.229,-12.42218,-12.42218,-12.42218,-12.42218,-12.42218,-12.42218,-12.42218,0.04150,-12.42218,-12.42218,-12.42218,-12.42218,-12.42218,-12.42218,-12.42218,0.04150,-45.0000,-45.0000,-10.0000,-10.0000,-30.0000,-30.0000,-30.0000,-30.0000,-45.0000,-45.0000,-10.0000,-10.0000,-30.0000,-30.0000,-30.0000,-30.0000,-54.000,-54.000,-28.000,-28.000,-10.000,-10.000,-10.000,-10.000,-54.000,-54.000,-28.000,-28.000,-10.000,-10.000,-10.000,-10.000,0.0,0.0,0.0,0.0,0.0,0.0,0.0,0.0,0.0,0.0,0.0,0.0,0.0,0.0,0.0,0.0
1790303545.330657,11.240,-12.42218,-12.42218,-12.42218,-12.42218,-12.42218,-12.42218,-12.42218,0.04150,-12.42218,-12.42218,-12.42218,-12.42218,-12.42218,-12.42218,-12.42218,0.04150,-45.0000,-45.0000,-10.0000,-10.0000,-30.0000,-30.0000,-30.0000,-30.0000,-45.0000,-45.0000,-10.0000,-10.0000,-30.0000,-30.0000,-30.0000,-30.0000,-54.000,-54.000,-28.000,-28.000,-10.000,-10.000,-10.000,-10.000,-54.000,-54.000,-28.000,-28.000,-10.000,-10.000,-10.000,-10.000,0.0,0.0,0.0,0.0,0.0,0.0,0.0,0.0,0.0,0.0,0.0,0.0,0.0,0.0,0.0,0.0
1790303545.340589,11.249,-12.42218,-12.42218,-12.42218,-12.42218,-12.42218,-12.42218,-12.42218,0.04150,-12.42218,-12.42218,-12.42218,-12.42218,-12.42218,-12.42218,-12.42218,0.04150,-45.0000,-45.0000,-10.0000,-10.0000,-30.0000,-30.0000,-30.0000,-30.0000,-45.0000,-45.0000,-10.0000,-10.0000,-30.0000,-30.0000,-30.0000,-27.6557,-54.000,-54.000,-28.000,-28.000,-10.000,-10.000,-10.000,-10.000,-54.000,-54.000,-28.000,-28.000,-10.000,-10.000,-10.000,-4.999,0.0,0.0,0.0,0.0,0.0,0.0,0.0,0.0,0.0,0.0,0.0,0.0,0.0,0.0,0.0,0.0
1790303545.350923,11.260,-12.42218,-12.42218,-12.42218,-12.42218,-12.42218,-12.42218,-12.42218,0.04150,-12.42218,-12.42218,-12.42218,-12.42218,-12.42218,-12.42218,-12.42218,0.04150,-45.0000,-45.0000,-10.0000,-10.0000,-30.0000,-30.0000,-30.0000,-30.0000,-45.0000,-45.0000,-10.0000,-10.0000,-30.0000,-30.0000,-30.0000,-27.6557,-54.000,-54.000,-28.000,-28.000,-10.000,-10.000,-10.000,-10.000,-54.000,-54.000,-28.000,-28.000,-10.000,-10.000,-10.000,-4.999,0.0,0.0,0.0,0.0,0.0,0.0,0.0,0.0,0.0,0.0,0.0,0.0,0.0,0.0,0.0,0.0
1790303545.360607,11.269,-12.42218,-12.42218,-12.42218,-12.42218,-12.42218,-12.42218,-12.42218,0.04150,-12.42218,-12.42218,-12.42218,-12.42218,-12.42218,-12.42218,-12.42218,0.04150,-45.0000,-45.0000,-10.0000,-10.0000,-30.0000,-30.0000,-30.0000,-30.0000,-45.0000,-45.0000,-10.0000,-10.0000,-30.0000,-30.0000,-30.0000,-27.6557,-54.000,-54.000,-28.000,-28.000,-10.000,-10.000,-10.000,-10.000,-54.000,-54.000,-28.000,-28.000,-10.000,-10.000,-10.000,-4.999,0.0,0.0,0.0,0.0,0.0,0.0,0.0,0.0,0.0,0.0,0.0,0.0,0.0,0.0,0.0,0.0
1790303545.370677,11.280,-12.42218,-12.42218,-12.42218,-12.42218,-12.42218,-12.42218,-12.42218,0.04150,-12.42218,-12.42218,-12.42218,-12.42218,-12.42218,-12.42218,-12.42218,0.04150,-45.0000,-45.0000,-10.0000,-10.0000,-30.0000,-30.0000,-30.0000,-30.0000,-45.0000,-45.0000,-10.0000,-10.0000,-30.0000,-30.0000,-30.0000,-30.0000,-54.000,-54.000,-28.000,-28.000,-10.000,-10.000,-10.000,-10.000,-54.000,-54.000,-28.000,-28.000,-10.000,-10.000,-10.000,-10.000,0.0,0.0,0.0,0.0,0.0,0.0,0.0,0.0,0.0,0.0,0.0,0.0,0.0,0.0,0.0,0.0
1790303545.380261,11.289,-12.42218,-12.42218,-12.42218,-12.42218,-12.42218,-12.42218,-12.42218,0.04150,-12.42218,-12.42218,-12.42218,-12.42218,-12.42218,-12.42218,-12.42218,0.04150,-45.0000,-45.0000,-10.0000,-10.0000,-30.0000,-30.0000,-30.0000,-30.0000,-45.0000,-45.0000,-10.0000,-10.0000,-30.0000,-30.0000,-30.0000,-30.0000,-54.000,-54.000,-28.000,-28.000,-10.000,-10.000,-10.000,-10.000,-54.000,-54.000,-28.000,-28.000,-10.000,-10.000,-10.000,-10.000,0.0,0.0,0.0,0.0,0.0,0.0,0.0,0.0,0.0,0.0,0.0,0.0,0.0,0.0,0.0,0.0
1790303545.390849,11.300,-12.42218,-12.42218,-12.42218,-12.42218,-12.42218,-12.42218,-12.42218,0.04150,-12.42218,-12.42218,-12.42218,-12.42218,-12.42218,-12.42218,-12.42218,0.04150,-45.0000,-45.0000,-10.0000,-10.0000,-30.0000,-30.0000,-30.0000,-30.0000,-45.0000,-45.0000,-10.0000,-10.0000,-30.0000,-30.0000,-30.0000,-30.0000,-54.000,-54.000,-28.000,-28.000,-10.000,-10.000,-10.000,-10.000,-54.000,-54.000,-28.000,-28.000,-10.000,-10.000,-10.000,-10.000,0.0,0.0,0.0,0.0,0.0,0.0,0.0,0.0,0.0,0.0,0.0,0.0,0.0,0.0,0.0,0.0
1790303545.400662,11.310,-12.42218,-12.42218,-12.42218,-12.42218,-12.42218,-12.42218,-12.42218,0.04150,-12.42218,-12.42218,-12.42218,-12.42218,-12.42218,-12.42218,-12.42218,0.04150,-45.0000,-45.0000,-10.0000,-10.0000,-30.0000,-30.0000,-30.0000,-30.0000,-45.0000,-45.0000,-10.0000,-10.0000,-30.0000,-30.0000,-30.0000,-30.0000,-54.000,-54.000,-28.000,-28.000,-10.000,-10.000,-10.000,-10.000,-54.000,-54.000,-28.000,-28.000,-10.000,-10.000,-10.000,-10.000,0.0,0.0,0.0,0.0,0.0,0.0,0.0,0.0,0.0,0.0,0.0,0.0,0.0,0.0,0.0,0.0
1790303545.410453,11.319,-12.42218,-12.42218,-12.42218,-12.42218,-12.42218,-12.42218,-12.42218,0.04150,-12.42218,-12.42218,-12.42218,-12.42218,-12.42218,-12.42218,-12.42218,0.04150,-45.0000,-45.0000,-10.0000,-10.0000,-30.0000,-30.0000,-30.0000,-30.0000,-45.0000,-45.0000,-10.0000,-10.0000,-30.0000,-30.0000,-30.0000,-30.0000,-54.000,-54.000,-28.000,-28.000,-10.000,-10.000,-10.000,-10.000,-54.000,-54.000,-28.000,-28.000,-10.000,-10.000,-10.000,-10.000,0.0,0.0,0.0,0.0,0.0,0.0,0.0,0.0,0.0,0.0,0.0,0.0,0.0,0.0,0.0,0.0
1790303545.420631,11.330,-12.42218,-12.42218,-12.42218,-12.42218,-12.42218,-12.42218,-12.42218,0.04150,-12.42218,-12.42218,-12.42218,-12.42218,-12.42218,-12.42218,-12.42218,0.04150,-45.0000,-45.0000,-10.0000,-10.0000,-30.0000,-30.0000,-30.0000,-30.0000,-45.0000,-45.0000,-10.0000,-10.0000,-30.0000,-30.0000,-30.0000,-30.0000,-54.000,-54.000,-28.000,-28.000,-10.000,-10.000,-10.000,-10.000,-54.000,-54.000,-28.000,-28.000,-10.000,-10.000,-10.000,-10.000,0.0,0.0,0.0,0.0,0.0,0.0,0.0,0.0,0.0,0.0,0.0,0.0,0.0,0.0,0.0,0.0
1790303545.431174,11.340,-12.42218,-12.42218,-12.42218,-12.42218,-12.42218,-12.42218,-12.42218,0.04150,-12.42218,-12.42218,-12.42218,-12.42218,-12.42218,-12.42218,-12.42218,0.04150,-45.0000,-45.0000,-10.0000,-10.0000,-30.0000,-30.0000,-30.0000,-30.0000,-45.0000,-45.0000,-10.0000,-10.0000,-30.0000,-30.0000,-30.0000,-30.0000,-54.000,-54.000,-28.000,-28.000,-10.000,-10.000,-10.000,-10.000,-54.000,-54.000,-28.000,-28.000,-10.000,-10.000,-10.000,-10.000,0.0,0.0,0.0,0.0,0.0,0.0,0.0,0.0,0.0,0.0,0.0,0.0,0.0,0.0,0.0,0.0
1790303545.440712,11.350,-12.42218,-12.42218,-12.42218,-12.42218,-12.42218,-12.42218,-12.42218,0.04150,-12.42218,-12.42218,-12.42218,-12.42218,-12.42218,-12.42218,-12.42218,0.04150,-45.0000,-45.0000,-10.0000,-10.0000,-30.0000,-30.0000,-30.0000,-30.0000,-45.0000,-45.0000,-10.0000,-10.0000,-30.0000,-30.0000,-30.0000,-30.0000,-54.000,-54.000,-28.000,-28.000,-10.000,-10.000,-10.000,-10.000,-54.000,-54.000,-28.000,-28.000,-10.000,-10.000,-10.000,-10.000,0.0,0.0,0.0,0.0,0.0,0.0,0.0,0.0,0.0,0.0,0.0,0.0,0.0,0.0,0.0,0.0
1790303545.450870,11.360,-12.42218,-12.42218,-12.42218,-12.42218,-12.42218,-12.42218,-12.42218,0.04150,-12.42218,-12.42218,-12.42218,-12.42218,-12.42218,-12.42218,-12.42218,0.04150,-45.0000,-45.0000,-10.0000,-10.0000,-30.0000,-30.0000,-30.0000,-30.0000,-45.0000,-45.0000,-10.0000,-10.0000,-30.0000,-30.0000,-30.0000,-30.0000,-54.000,-54.000,-28.000,-28.000,-10.000,-10.000,-10.000,-10.000,-54.000,-54.000,-28.000,-28.000,-10.000,-10.000,-10.000,-10.000,0.0,0.0,0.0,0.0,0.0,0.0,0.0,0.0,0.0,0.0,0.0,0.0,0.0,0.0,0.0,0.0
1790303545.460298,11.369,-12.42218,-12.42218,-12.42218,-12.42218,-12.42218,-12.42218,-12.42218,0.04150,-12.42218,-12.42218,-12.42218,-12.42218,-12.42218,-12.42218,-12.42218,0.04150,-45.0000,-45.0000,-10.0000,-10.0000,-30.0000,-30.0000,-30.0000,-30.0000,-45.0000,-45.0000,-10.0000,-10.0000,-30.0000,-30.0000,-30.0000,-30.0000,-54.000,-54.000,-28.000,-28.000,-10.000,-10.000,-10.000,-10.000,-54.000,-54.000,-28.000,-28.000,-10.000,-10.000,-10.000,-10.000,0.0,0.0,0.0,0.0,0.0,0.0,0.0,0.0,0.0,0.0,0.0,0.0,0.0,0.0,0.0,0.0
1790303545.471571,11.380,-12.42218,-12.42218,-12.42218,-12.42218,-12.42218,-12.42218,-12.42218,0.04150,-12.42218,-12.42218,-12.42218,-12.42218,-12.42218,-12.42218,-12.42218,0.04150,-45.0000,-45.0000,-10.0000,-10.0000,-30.0000,-30.0000,-30.0000,-30.0000,-45.0000,-45.0000,-10.0000,-10.0000,-30.0000,-30.0000,-30.0000,-30.0000,-54.000,-54.000,-28.000,-28.000,-10.000,-10.000,-10.000,-10.000,-54.000,-54.000,-28.000,-28.000,-10.000,-10.000,-10.000,-10.000,0.0,0.0,0.0,0.0,0.0,0.0,0.0,0.0,0.0,0.0,0.0,0.0,0.0,0.0,0.0,0.0
1790303545.480642,11.390,-12.42218,-12.42218,-12.42218,-12.42218,-12.42218,-12.42218,-12.42218,0.04150,-12.42218,-12.42218,-12.42218,-12.42218,-12.42218,-12.42218,-12.42218,0.04150,-45.0000,-45.0000,-10.0000,-10.0000,-30.0000,-30.0000,-30.0000,-30.0000,-45.0000,-45.0000,-10.0000,-10.0000,-30.0000,-30.0000,-30.0000,-30.0000,-54.000,-54.000,-28.000,-28.000,-10.000,-10.000,-10.000,-10.000,-54.000,-54.000,-28.000,-28.000,-10.000,-10.000,-10.000,-10.000,0.0,0.0,0.0,0.0,0.0,0.0,0.0,0.0,0.0,0.0,0.0,0.0,0.0,0.0,0.0,0.0
1790303545.490618,11.399,-12.42218,-12.42218,-12.42218,-12.42218,-12.42218,-12.42218,-12.42218,0.04150,-12.42218,-12.42218,-12.42218,-12.42218,-12.42218,-12.42218,-12.42218,0.04150,-45.0000,-45.0000,-10.0000,-10.0000,-30.0000,-30.0000,-30.0000,-30.0000,-45.0000,-45.0000,-10.0000,-10.0000,-30.0000,-30.0000,-30.0000,-30.0000,-54.000,-54.000,-28.000,-28.000,-10.000,-10.000,-10.000,-10.000,-54.000,-54.000,-28.000,-28.000,-10.000,-10.000,-10.000,-10.000,0.0,0.0,0.0,0.0,0.0,0.0,0.0,0.0,0.0,0.0,0.0,0.0,0.0,0.0,0.0,0.0
1790303545.500223,11.409,-12.42218,-12.42218,-12.42218,-12.42218,-12.42218,-12.42218,-12.42218,0.04150,-12.42218,-12.42218,-12.42218,-12.42218,-12.42218,-12.42218,-12.42218,0.04150,-45.0000,-45.0000,-10.0000,-10.0000,-30.0000,-30.0000,-30.0000,-30.0000,-45.0000,-45.0000,-10.0000,-10.0000,-30.0000,-30.0000,-30.0000,-30.0000,-54.000,-54.000,-28.000,-28.000,-10.000,-10.000,-10.000,-10.000,-54.000,-54.000,-28.000,-28.000,-10.000,-10.000,-10.000,-10.000,0.0,0.0,0.0,0.0,0.0,0.0,0.0,0.0,0.0,0.0,0.0,0.0,0.0,0.0,0.0,0.0
1790303545.510898,11.420,-12.42218,-12.42218,-12.42218,-12.42218,-12.42218,-12.42218,-12.42218,0.04150,-12.42218,-12.42218,-12.42218,-12.42218,-12.42218,-12.42218,-12.42218,0.04150,-45.0000,-45.0000,-10.0000,-10.0000,-30.0000,-30.0000,-30.0000,-30.0000,-45.0000,-45.0000,-10.0000,-10.0000,-30.0000,-30.0000,-30.0000,-30.0000,-54.000,-54.000,-28.000,-28.000,-10.000,-10.000,-10.000,-10.000,-54.000,-54.000,-28.000,-28.000,-10.000,-10.000,-10.000,-10.000,0.0,0.0,0.0,0.0,0.0,0.0,0.0,0.0,0.0,0.0,0.0,0.0,0.0,0.0,0.0,0.0
1790303545.520631,11.430,-12.42218,-12.42218,-12.42218,-12.42218,-12.42218,-12.42218,-12.42218,0.04150,-12.42218,-12.42218,-12.42218,-12.42218,-12.42218,-12.42218,-12.42218,0.04150,-45.0000,-45.0000,-10.0000,-10.0000,-30.0000,-30.0000,-30.0000,-30.0000,-45.0000,-45.0000,-10.0000,-10.0000,-30.0000,-30.0000,-30.0000,-30.0000,-54.000,-54.000,-28.000,-28.000,-10.000,-10.000,-10.000,-10.000,-54.000,-54.000,-28.000,-28.000,-10.000,-10.000,-10.000,-10.000,0.0,0.0,0.0,0.0,0.0,0.0,0.0,0.0,0.0,0.0,0.0,0.0,0.0,0.0,0.0,0.0
1790303545.530869,11.440,-12.42218,-12.42218,-12.42218,-12.42218,-12.42218,-12.42218,-12.42218,0.04150,-12.42218,-12.42218,-12.42218,-12.42218,-12.42218,-12.42218,-12.42218,0.04150,-45.0000,-45.0000,-10.0000,-10.0000,-30.0000,-30.0000,-30.0000,-30.0000,-45.0000,-45.0000,-10.0000,-10.0000,-30.0000,-30.0000,-30.0000,-30.0000,-54.000,-54.000,-28.000,-28.000,-10.000,-10.000,-10.000,-10.000,-54.000,-54.000,-28.000,-28.000,-10.000,-10.000,-10.000,-10.000,0.0,0.0,0.0,0.0,0.0,0.0,0.0,0.0,0.0,0.0,0.0,0.0,0.0,0.0,0.0,0.0
1790303545.541144,11.450,-12.42218,-12.42218,-12.42218,-12.42218,-12.42218,-12.42218,-12.42218,0.04150,-12.42218,-12.42218,-12.42218,-12.42218,-12.42218,-12.42218,-12.42218,0.04150,-45.0000,-45.0000,-10.0000,-10.0000,-30.0000,-30.0000,-30.0000,-30.0000,-45.0000,-45.0000,-10.0000,-10.0000,-30.0000,-30.0000,-30.0000,-30.0000,-54.000,-54.000,-28.000,-28.000,-10.000,-10.000,-10.000,-10.000,-54.000,-54.000,-28.000,-28.000,-10.000,-10.000,-10.000,-10.000,0.0,0.0,0.0,0.0,0.0,0.0,0.0,0.0,0.0,0.0,0.0,0.0,0.0,0.0,0.0,0.0
1790303545.550418,11.459,-12.42218,-12.42218,-12.42218,-12.42218,-12.42218,-12.42218,-12.42218,0.04150,-12.42218,-12.42218,-12.42218,-12.42218,-12.42218,-12.42218,-12.42218,0.04150,-45.0000,-45.0000,-10.0000,-10.0000,-30.0000,-30.0000,-30.0000,-30.0000,-45.0000,-45.0000,-10.0000,-10.0000,-30.0000,-30.0000,-30.0000,-30.0000,-54.000,-54.000,-28.000,-28.000,-10.000,-10.000,-10.000,-10.000,-54.000,-54.000,-28.000,-28.000,-10.000,-10.000,-10.000,-10.000,0.0,0.0,0.0,0.0,0.0,0.0,0.0,0.0,0.0,0.0,0.0,0.0,0.0,0.0,0.0,0.0
1790303545.560684,11.470,-12.42218,-12.42218,-12.42218,-12.42218,-12.42218,-12.42218,-12.42218,0.04150,-12.42218,-12.42218,-12.42218,-12.42218,-12.42218,-12.42218,-12.42218,0.04150,-45.0000,-45.0000,-10.0000,-10.0000,-30.0000,-30.0000,-30.0000,-30.0000,-45.0000,-45.0000,-10.0000,-10.0000,-30.0000,-30.0000,-30.0000,-30.0000,-54.000,-54.000,-28.000,-28.000,-10.000,-10.000,-10.000,-10.000,-54.000,-54.000,-28.000,-28.000,-10.000,-10.000,-10.000,-10.000,0.0,0.0,0.0,0.0,0.0,0.0,0.0,0.0,0.0,0.0,0.0,0.0,0.0,0.0,0.0,0.0
1790303545.570897,11.480,-12.42218,-12.42218,-12.42218,-12.42218,-12.42218,-12.42218,-12.42218,0.04150,-12.42218,-12.42218,-12.42218,-12.42218,-12.42218,-12.42218,-12.42218,0.04150,-45.0000,-45.0000,-10.0000,-10.0000,-30.0000,-30.0000,-30.0000,-30.0000,-45.0000,-45.0000,-10.0000,-10.0000,-30.0000,-30.0000,-30.0000,-30.0000,-54.000,-54.000,-28.000,-28.000,-10.000,-10.000,-10.000,-10.000,-54.000,-54.000,-28.000,-28.000,-10.000,-10.000,-10.000,-10.000,0.0,0.0,0.0,0.0,0.0,0.0,0.0,0.0,0.0,0.0,0.0,0.0,0.0,0.0,0.0,0.0
1790303545.580626,11.490,-12.42218,-12.42218,-12.42218,-12.42218,-12.42218,-12.42218,-12.42218,0.04150,-12.42218,-12.42218,-12.42218,-12.42218,-12.42218,-12.42218,-12.42218,0.04150,-45.0000,-45.0000,-10.0000,-10.0000,-30.0000,-30.0000,-30.0000,-30.0000,-45.0000,-45.0000,-10.0000,-10.0000,-30.0000,-30.0000,-30.0000,-30.0000,-54.000,-54.000,-28.000,-28.000,-10.000,-10.000,-10.000,-10.000,-54.000,-54.000,-28.000,-28.000,-10.000,-10.000,-10.000,-10.000,0.0,0.0,0.0,0.0,0.0,0.0,0.0,0.0,0.0,0.0,0.0,0.0,0.0,0.0,0.0,0.0
1790303545.590918,11.500,-12.42218,-12.42218,-12.42218,-12.42218,-12.42218,-12.42218,-12.42218,0.04150,-12.42218,-12.42218,-12.42218,-12.42218,-12.42218,-12.42218,-12.42218,0.04150,-45.0000,-45.0000,-10.0000,-10.0000,-30.0000,-30.0000,-30.0000,-30.0000,-45.0000,-45.0000,-10.0000,-10.0000,-30.0000,-30.0000,-30.0000,-30.0000,-54.000,-54.000,-28.000,-28.000,-10.000,-10.000,-10.000,-10.000,-54.000,-54.000,-28.000,-28.000,-10.000,-10.000,-10.000,-10.000,0.0,0.0,0.0,0.0,0.0,0.0,0.0,0.0,0.0,0.0,0.0,0.0,0.0,0.0,0.0,0.0
1790303545.600837,11.510,-12.42218,-12.42218,-12.42218,-12.42218,-12.42218,-12.42218,-12.42218,0.04150,-12.42218,-12.42218,-12.42218,-12.42218,-12.42218,-12.42218,-12.42218,0.04150,-45.0000,-45.0000,-10.0000,-10.0000,-30.0000,-30.0000,-30.0000,-30.0000,-45.0000,-45.0000,-10.0000,-10.0000,-30.0000,-30.0000,-30.0000,-30.0000,-54.000,-54.000,-28.000,-28.000,-10.000,-10.000,-10.000,-10.000,-54.000,-54.000,-28.000,-28.000,-10.000,-10.000,-10.000,-10.000,0.0,0.0,0.0,0.0,0.0,0.0,0.0,0.0,0.0,0.0,0.0,0.0,0.0,0.0,0.0,0.0
1790303545.610830,11.520,-12.42218,-12.42218,-12.42218,-12.42218,-12.42218,-12.42218,-12.42218,0.04150,-12.42218,-12.42218,-12.42218,-12.42218,-12.42218,-12.42218,-12.42218,0.04150,-45.0000,-45.0000,-10.0000,-10.0000,-30.0000,-30.0000,-30.0000,-30.0000,-45.0000,-45.0000,-10.0000,-10.0000,-30.0000,-30.0000,-30.0000,-30.0000,-54.000,-54.000,-28.000,-28.000,-10.000,-10.000,-10.000,-10.000,-54.000,-54.000,-28.000,-28.000,-10.000,-10.000,-10.000,-10.000,0.0,0.0,0.0,0.0,0.0,0.0,0.0,0.0,0.0,0.0,0.0,0.0,0.0,0.0,0.0,0.0
1790303545.620683,11.530,-12.42218,-12.42218,-12.42218,-12.42218,-12.42218,-12.42218,-12.42218,0.04150,-12.42218,-12.42218,-12.42218,-12.42218,-12.42218,-12.42218,-12.42218,0.04150,-45.0000,-45.0000,-10.0000,-10.0000,-30.0000,-30.0000,-30.0000,-30.0000,-45.0000,-45.0000,-10.0000,-10.0000,-30.0000,-30.0000,-30.0000,-30.0000,-54.000,-54.000,-28.000,-28.000,-10.000,-10.000,-10.000,-10.000,-54.000,-54.000,-28.000,-28.000,-10.000,-10.000,-10.000,-10.000,0.0,0.0,0.0,0.0,0.0,0.0,0.0,0.0,0.0,0.0,0.0,0.0,0.0,0.0,0.0,0.0
1790303545.630868,11.540,-12.42218,-12.42218,-12.42218,-12.42218,-12.42218,-12.42218,-12.42218,0.04150,-12.42218,-12.42218,-12.42218,-12.42218,-12.42218,-12.42218,-12.42218,0.04150,-45.0000,-45.0000,-10.0000,-10.0000,-30.0000,-30.0000,-30.0000,-30.0000,-45.0000,-45.0000,-10.0000,-10.0000,-30.0000,-30.0000,-30.0000,-30.0000,-54.000,-54.000,-28.000,-28.000,-10.000,-10.000,-10.000,-10.000,-54.000,-54.000,-28.000,-28.000,-10.000,-10.000,-10.000,-10.000,0.0,0.0,0.0,0.0,0.0,0.0,0.0,0.0,0.0,0.0,0.0,0.0,0.0,0.0,0.0,0.0
1790303545.640681,11.550,-12.42218,-12.42218,-12.42218,-12.42218,-12.42218,-12.42218,-12.42218,0.04150,-12.42218,-12.42218,-12.42218,-12.42218,-12.42218,-12.42218,-12.42218,0.04150,-45.0000,-45.0000,-10.0000,-10.0000,-30.0000,-30.0000,-30.0000,-30.0000,-45.0000,-45.0000,-10.0000,-10.0000,-30.0000,-30.0000,-30.0000,-30.0000,-54.000,-54.000,-28.000,-28.000,-10.000,-10.000,-10.000,-10.000,-54.000,-54.000,-28.000,-28.000,-10.000,-10.000,-10.000,-10.000,0.0,0.0,0.0,0.0,0.0,0.0,0.0,0.0,0.0,0.0,0.0,0.0,0.0,0.0,0.0,0.0
1790303545.650916,11.560,-12.42218,-12.42218,-12.42218,-12.42218,-12.42218,-12.42218,-12.42218,0.04150,-12.42218,-12.42218,-12.42218,-12.42218,-12.42218,-12.42218,-12.42218,0.04150,-45.0000,-45.0000,-10.0000,-10.0000,-30.0000,-30.0000,-30.0000,-30.0000,-45.0000,-45.0000,-10.0000,-10.0000,-30.0000,-30.0000,-30.0000,-30.0000,-54.000,-54.000,-28.000,-28.000,-10.000,-10.000,-10.000,-10.000,-54.000,-54.000,-28.000,-28.000,-10.000,-10.000,-10.000,-10.000,0.0,0.0,0.0,0.0,0.0,0.0,0.0,0.0,0.0,0.0,0.0,0.0,0.0,0.0,0.0,0.0
1790303545.660729,11.570,-12.42218,-12.42218,-12.42218,-12.42218,-12.42218,-12.42218,-12.42218,0.04150,-12.42218,-12.42218,-12.42218,-12.42218,-12.42218,-12.42218,-12.42218,0.04150,-45.0000,-45.0000,-10.0000,-10.0000,-30.0000,-30.0000,-30.0000,-30.0000,-45.0000,-45.0000,-10.0000,-10.0000,-30.0000,-30.0000,-30.0000,-30.0000,-54.000,-54.000,-28.000,-28.000,-10.000,-10.000,-10.000,-10.000,-54.000,-54.000,-28.000,-28.000,-10.000,-10.000,-10.000,-10.000,0.0,0.0,0.0,0.0,0.0,0.0,0.0,0.0,0.0,0.0,0.0,0.0,0.0,0.0,0.0,0.0
1790303545.671009,11.580,-12.42218,-12.42218,-12.42218,-12.42218,-12.42218,-12.42218,-12.42218,0.04150,-12.42218,-12.42218,-12.42218,-12.42218,-12.42218,-12.42218,-12.42218,0.04150,-45.0000,-45.0000,-10.0000,-10.0000,-30.0000,-30.0000,-30.0000,-30.0000,-45.0000,-45.0000,-10.0000,-10.0000,-30.0000,-30.0000,-30.0000,-30.0000,-54.000,-54.000,-28.000,-28.000,-10.000,-10.000,-10.000,-10.000,-54.000,-54.000,-28.000,-28.000,-10.000,-10.000,-10.000,-10.000,0.0,0.0,0.0,0.0,0.0,0.0,0.0,0.0,0.0,0.0,0.0,0.0,0.0,0.0,0.0,0.0
1790303545.680859,11.590,-12.42218,-12.42218,-12.42218,-12.42218,-12.42218,-12.42218,-12.42218,0.04150,-12.42218,-12.42218,-12.42218,-12.42218,-12.42218,-12.42218,-12.42218,0.04150,-45.0000,-45.0000,-10.0000,-10.0000,-30.0000,-30.0000,-30.0000,-30.0000,-45.0000,-45.0000,-10.0000,-10.0000,-30.0000,-30.0000,-30.0000,-30.0000,-54.000,-54.000,-28.000,-28.000,-10.000,-10.000,-10.000,-10.000,-54.000,-54.000,-28.000,-28.000,-10.000,-10.000,-10.000,-10.000,0.0,0.0,0.0,0.0,0.0,0.0,0.0,0.0,0.0,0.0,0.0,0.0,0.0,0.0,0.0,0.0
1790303545.690646,11.600,-12.42218,-12.42218,-12.42218,-12.42218,-12.42218,-12.42218,-12.42218,0.04150,-12.42218,-12.42218,-12.42218,-12.42218,-12.42218,-12.42218,-12.42218,0.04150,-45.0000,-45.0000,-10.0000,-10.0000,-30.0000,-30.0000,-30.0000,-30.0000,-45.0000,-45.0000,-10.0000,-10.0000,-30.0000,-30.0000,-30.0000,-30.0000,-54.000,-54.000,-28.000,-28.000,-10.000,-10.000,-10.000,-10.000,-54.000,-54.000,-28.000,-28.000,-10.000,-10.000,-10.000,-10.000,0.0,0.0,0.0,0.0,0.0,0.0,0.0,0.0,0.0,0.0,0.0,0.0,0.0,0.0,0.0,0.0
1790303545.700306,11.609,-12.42218,-12.42218,-12.42218,-12.42218,-12.42218,-12.42218,-12.42218,0.04150,-12.42218,-12.42218,-12.42218,-12.42218,-12.42218,-12.42218,-12.42218,0.04150,-45.0000,-45.0000,-10.0000,-10.0000,-30.0000,-30.0000,-30.0000,-30.0000,-45.0000,-45.0000,-10.0000,-10.0000,-30.0000,-30.0000,-30.0000,-30.0000,-54.000,-54.000,-28.000,-28.000,-10.000,-10.000,-10.000,-10.000,-54.000,-54.000,-28.000,-28.000,-10.000,-10.000,-10.000,-10.000,0.0,0.0,0.0,0.0,0.0,0.0,0.0,0.0,0.0,0.0,0.0,0.0,0.0,0.0,0.0,0.0
1790303545.710955,11.620,-12.42218,-12.42218,-12.42218,-12.42218,-12.42218,-12.42218,-12.42218,0.04150,-12.42218,-12.42218,-12.42218,-12.42218,-12.42218,-12.42218,-12.42218,0.04150,-45.0000,-45.0000,-10.0000,-10.0000,-30.0000,-30.0000,-30.0000,-30.0000,-45.0000,-45.0000,-10.0000,-10.0000,-30.0000,-30.0000,-30.0000,-30.0000,-54.000,-54.000,-28.000,-28.000,-10.000,-10.000,-10.000,-10.000,-54.000,-54.000,-28.000,-28.000,-10.000,-10.000,-10.000,-10.000,0.0,0.0,0.0,0.0,0.0,0.0,0.0,0.0,0.0,0.0,0.0,0.0,0.0,0.0,0.0,0.0
1790303545.720700,11.630,-12.42218,-12.42218,-12.42218,-12.42218,-12.42218,-12.42218,-12.42218,0.04150,-12.42218,-12.42218,-12.42218,-12.42218,-12.42218,-12.42218,-12.42218,0.04150,-45.0000,-45.0000,-10.0000,-10.0000,-30.0000,-30.0000,-30.0000,-30.0000,-45.0000,-45.0000,-10.0000,-10.0000,-30.0000,-30.0000,-30.0000,-30.0000,-54.000,-54.000,-28.000,-28.000,-10.000,-10.000,-10.000,-10.000,-54.000,-54.000,-28.000,-28.000,-10.000,-10.000,-10.000,-10.000,0.0,0.0,0.0,0.0,0.0,0.0,0.0,0.0,0.0,0.0,0.0,0.0,0.0,0.0,0.0,0.0
1790303545.732132,11.641,-12.42218,-12.42218,-12.42218,-12.42218,-12.42218,-12.42218,-12.42218,0.04150,-12.42218,-12.42218,-12.42218,-12.42218,-12.42218,-12.42218,-12.42218,0.04150,-45.0000,-45.0000,-10.0000,-10.0000,-30.0000,-30.0000,-30.0000,-30.0000,-45.0000,-45.0000,-10.0000,-10.0000,-30.0000,-30.0000,-30.0000,-30.0000,-54.000,-54.000,-28.000,-28.000,-10.000,-10.000,-10.000,-10.000,-54.000,-54.000,-28.000,-28.000,-10.000,-10.000,-10.000,-10.000,0.0,0.0,0.0,0.0,0.0,0.0,0.0,0.0,0.0,0.0,0.0,0.0,0.0,0.0,0.0,0.0
1790303545.740691,11.650,-12.42218,-12.42218,-12.42218,-12.42218,-12.42218,-12.42218,-12.42218,0.04150,-12.42218,-12.42218,-12.42218,-12.42218,-12.42218,-12.42218,-12.42218,0.04150,-45.0000,-45.0000,-10.0000,-10.0000,-30.0000,-30.0000,-30.0000,-30.0000,-45.0000,-45.0000,-10.0000,-10.0000,-30.0000,-30.0000,-30.0000,-30.0000,-54.000,-54.000,-28.000,-28.000,-10.000,-10.000,-10.000,-10.000,-54.000,-54.000,-28.000,-28.000,-10.000,-10.000,-10.000,-10.000,0.0,0.0,0.0,0.0,0.0,0.0,0.0,0.0,0.0,0.0,0.0,0.0,0.0,0.0,0.0,0.0
1790303545.750872,11.660,-12.42218,-12.42218,-12.42218,-12.42218,-12.42218,-12.42218,-12.42218,0.04150,-12.42218,-12.42218,-12.42218,-12.42218,-12.42218,-12.42218,-12.42218,0.04150,-45.0000,-45.0000,-10.0000,-10.0000,-30.0000,-30.0000,-30.0000,-30.0000,-45.0000,-45.0000,-10.0000,-10.0000,-30.0000,-30.0000,-30.0000,-30.0000,-54.000,-54.000,-28.000,-28.000,-10.000,-10.000,-10.000,-10.000,-54.000,-54.000,-28.000,-28.000,-10.000,-10.000,-10.000,-10.000,0.0,0.0,0.0,0.0,0.0,0.0,0.0,0.0,0.0,0.0,0.0,0.0,0.0,0.0,0.0,0.0
1790303545.760787,11.670,-12.42218,-12.42218,-12.42218,-12.42218,-12.42218,-12.42218,-12.42218,0.04150,-12.42218,-12.42218,-12.42218,-12.42218,-12.42218,-12.42218,-12.42218,0.04150,-45.0000,-45.0000,-10.0000,-10.0000,-30.0000,-30.0000,-30.0000,-30.0000,-45.0000,-45.0000,-10.0000,-10.0000,-30.0000,-30.0000,-30.0000,-30.0000,-54.000,-54.000,-28.000,-28.000,-10.000,-10.000,-10.000,-10.000,-54.000,-54.000,-28.000,-28.000,-10.000,-10.000,-10.000,-10.000,0.0,0.0,0.0,0.0,0.0,0.0,0.0,0.0,0.0,0.0,0.0,0.0,0.0,0.0,0.0,0.0
1790303545.770751,11.680,-12.42218,-12.42218,-12.42218,-12.42218,-12.42218,-12.42218,-12.42218,0.04150,-12.42218,-12.42218,-12.42218,-12.42218,-12.42218,-12.42218,-12.42218,0.04150,-45.0000,-45.0000,-10.0000,-10.0000,-30.0000,-30.0000,-30.0000,-30.0000,-45.0000,-45.0000,-10.0000,-10.0000,-30.0000,-30.0000,-30.0000,-30.0000,-54.000,-54.000,-28.000,-28.000,-10.000,-10.000,-10.000,-10.000,-54.000,-54.000,-28.000,-28.000,-10.000,-10.000,-10.000,-10.000,0.0,0.0,0.0,0.0,0.0,0.0,0.0,0.0,0.0,0.0,0.0,0.0,0.0,0.0,0.0,0.0
1790303545.780278,11.689,-12.42218,-12.42218,-12.42218,-12.42218,-12.42218,-12.42218,-12.42218,0.04150,-12.42218,-12.42218,-12.42218,-12.42218,-12.42218,-12.42218,-12.42218,0.04150,-45.0000,-45.0000,-10.0000,-10.0000,-30.0000,-30.0000,-30.0000,-30.0000,-45.0000,-45.0000,-10.0000,-10.0000,-30.0000,-30.0000,-30.0000,-30.0000,-54.000,-54.000,-28.000,-28.000,-10.000,-10.000,-10.000,-10.000,-54.000,-54.000,-28.000,-28.000,-10.000,-10.000,-10.000,-10.000,0.0,0.0,0.0,0.0,0.0,0.0,0.0,0.0,0.0,0.0,0.0,0.0,0.0,0.0,0.0,0.0
1790303545.790496,11.699,-12.42218,-12.42218,-12.42218,-12.42218,-12.42218,-12.42218,-12.42218,0.04150,-12.42218,-12.42218,-12.42218,-12.42218,-12.42218,-12.42218,-12.42218,0.04150,-45.0000,-45.0000,-10.0000,-10.0000,-30.0000,-30.0000,-30.0000,-30.0000,-45.0000,-45.0000,-10.0000,-10.0000,-30.0000,-30.0000,-30.0000,-30.0000,-54.000,-54.000,-28.000,-28.000,-10.000,-10.000,-10.000,-10.000,-54.000,-54.000,-28.000,-28.000,-10.000,-10.000,-10.000,-10.000,0.0,0.0,0.0,0.0,0.0,0.0,0.0,0.0,0.0,0.0,0.0,0.0,0.0,0.0,0.0,0.0
1790303545.800677,11.710,-12.42218,-12.42218,-12.42218,-12.42218,-12.42218,-12.42218,-12.42218,0.04150,-12.42218,-12.42218,-12.42218,-12.42218,-12.42218,-12.42218,-12.42218,0.04150,-45.0000,-45.0000,-10.0000,-10.0000,-30.0000,-30.0000,-30.0000,-30.0000,-45.0000,-45.0000,-10.0000,-10.0000,-30.0000,-30.0000,-30.0000,-30.0000,-54.000,-54.000,-28.000,-28.000,-10.000,-10.000,-10.000,-10.000,-54.000,-54.000,-28.000,-28.000,-10.000,-10.000,-10.000,-10.000,0.0,0.0,0.0,0.0,0.0,0.0,0.0,0.0,0.0,0.0,0.0,0.0,0.0,0.0,0.0,0.0
1790303545.810467,11.719,-12.42218,-12.42218,-12.42218,-12.42218,-12.42218,-12.42218,-12.42218,0.04150,-12.42218,-12.42218,-12.42218,-12.42218,-12.42218,-12.42218,-12.42218,0.04150,-45.0000,-45.0000,-10.0000,-10.0000,-30.0000,-30.0000,-30.0000,-30.0000,-45.0000,-45.0000,-10.0000,-10.0000,-30.0000,-30.0000,-30.0000,-30.0000,-54.000,-54.000,-28.000,-28.000,-10.000,-10.000,-10.000,-10.000,-54.000,-54.000,-28.000,-28.000,-10.000,-10.000,-10.000,-10.000,0.0,0.0,0.0,0.0,0.0,0.0,0.0,0.0,0.0,0.0,0.0,0.0,0.0,0.0,0.0,0.0
1790303545.820714,11.730,-12.42218,-12.42218,-12.42218,-12.42218,-12.42218,-12.42218,-12.42218,0.04150,-12.42218,-12.42218,-12.42218,-12.42218,-12.42218,-12.42218,-12.42218,0.04150,-45.0000,-45.0000,-10.0000,-10.0000,-30.0000,-30.0000,-30.0000,-30.0000,-45.0000,-45.0000,-10.0000,-10.0000,-30.0000,-30.0000,-30.0000,-30.0000,-54.000,-54.000,-28.000,-28.000,-10.000,-10.000,-10.000,-10.000,-54.000,-54.000,-28.000,-28.000,-10.000,-10.000,-10.000,-10.000,0.0,0.0,0.0,0.0,0.0,0.0,0.0,0.0,0.0,0.0,0.0,0.0,0.0,0.0,0.0,0.0
1790303545.830498,11.739,-12.42218,-12.42218,-12.42218,-12.42218,-12.42218,-12.42218,-12.42218,0.04150,-12.42218,-12.42218,-12.42218,-12.42218,-12.42218,-12.42218,-12.42218,0.04150,-45.0000,-45.0000,-10.0000,-10.0000,-30.0000,-30.0000,-30.0000,-30.0000,-45.0000,-45.0000,-10.0000,-10.0000,-30.0000,-30.0000,-30.0000,-30.0000,-54.000,-54.000,-28.000,-28.000,-10.000,-10.000,-10.000,-10.000,-54.000,-54.000,-28.000,-28.000,-10.000,-10.000,-10.000,-10.000,0.0,0.0,0.0,0.0,0.0,0.0,0.0,0.0,0.0,0.0,0.0,0.0,0.0,0.0,0.0,0.0
1790303545.840312,11.749,-12.42218,-12.42218,-12.42218,-12.42218,-12.42218,-12.42218,-12.42218,0.04150,-12.42218,-12.42218,-12.42218,-12.42218,-12.42218,-12.42218,-12.42218,0.04150,-45.0000,-45.0000,-10.0000,-10.0000,-30.0000,-30.0000,-30.0000,-30.0000,-45.0000,-45.0000,-10.0000,-10.0000,-30.0000,-30.0000,-30.0000,-30.0000,-54.000,-54.000,-28.000,-28.000,-10.000,-10.000,-10.000,-10.000,-54.000,-54.000,-28.000,-28.000,-10.000,-10.000,-10.000,-10.000,0.0,0.0,0.0,0.0,0.0,0.0,0.0,0.0,0.0,0.0,0.0,0.0,0.0,0.0,0.0,0.0
1790303545.850862,11.760,-12.42218,-12.42218,-12.42218,-12.42218,-12.42218,-12.42218,-12.42218,0.04150,-12.42218,-12.42218,-12.42218,-12.42218,-12.42218,-12.42218,-12.42218,0.04150,-45.0000,-45.0000,-10.0000,-10.0000,-30.0000,-30.0000,-30.0000,-30.0000,-45.0000,-45.0000,-10.0000,-10.0000,-30.0000,-30.0000,-30.0000,-30.0000,-54.000,-54.000,-28.000,-28.000,-10.000,-10.000,-10.000,-10.000,-54.000,-54.000,-28.000,-28.000,-10.000,-10.000,-10.000,-10.000,0.0,0.0,0.0,0.0,0.0,0.0,0.0,0.0,0.0,0.0,0.0,0.0,0.0,0.0,0.0,0.0
1790303545.860697,11.770,-12.42218,-12.42218,-12.42218,-12.42218,-12.42218,-12.42218,-12.42218,0.04150,-12.42218,-12.42218,-12.42218,-12.42218,-12.42218,-12.42218,-12.42218,0.04150,-45.0000,-45.0000,-10.0000,-10.0000,-30.0000,-30.0000,-30.0000,-30.0000,-45.0000,-45.0000,-10.0000,-10.0000,-30.0000,-30.0000,-30.0000,-30.0000,-54.000,-54.000,-28.000,-28.000,-10.000,-10.000,-10.000,-10.000,-54.000,-54.000,-28.000,-28.000,-10.000,-10.000,-10.000,-10.000,0.0,0.0,0.0,0.0,0.0,0.0,0.0,0.0,0.0,0.0,0.0,0.0,0.0,0.0,0.0,0.0
1790303545.871057,11.780,-12.42218,-12.42218,-12.42218,-12.42218,-12.42218,-12.42218,-12.42218,0.04150,-12.42218,-12.42218,-12.42218,-12.42218,-12.42218,-12.42218,-12.42218,0.04150,-45.0000,-45.0000,-10.0000,-10.0000,-30.0000,-30.0000,-30.0000,-30.0000,-45.0000,-45.0000,-10.0000,-10.0000,-30.0000,-30.0000,-30.0000,-30.0000,-54.000,-54.000,-28.000,-28.000,-10.000,-10.000,-10.000,-10.000,-54.000,-54.000,-28.000,-28.000,-10.000,-10.000,-10.000,-10.000,0.0,0.0,0.0,0.0,0.0,0.0,0.0,0.0,0.0,0.0,0.0,0.0,0.0,0.0,0.0,0.0
1790303545.880235,11.789,-12.42218,-12.42218,-12.42218,-12.42218,-12.42218,-12.42218,-12.42218,0.04150,-12.42218,-12.42218,-12.42218,-12.42218,-12.42218,-12.42218,-12.42218,0.04150,-45.0000,-45.0000,-10.0000,-10.0000,-30.0000,-30.0000,-30.0000,-30.0000,-45.0000,-45.0000,-10.0000,-10.0000,-30.0000,-30.0000,-30.0000,-30.0000,-54.000,-54.000,-28.000,-28.000,-10.000,-10.000,-10.000,-10.000,-54.000,-54.000,-28.000,-28.000,-10.000,-10.000,-10.000,-10.000,0.0,0.0,0.0,0.0,0.0,0.0,0.0,0.0,0.0,0.0,0.0,0.0,0.0,0.0,0.0,0.0
1790303545.890938,11.800,-12.42218,-12.42218,-12.42218,-12.42218,-12.42218,-12.42218,-12.42218,0.04150,-12.42218,-12.42218,-12.42218,-12.42218,-12.42218,-12.42218,-12.42218,0.04150,-45.0000,-45.0000,-10.0000,-10.0000,-30.0000,-30.0000,-30.0000,-30.0000,-45.0000,-45.0000,-10.0000,-10.0000,-30.0000,-30.0000,-30.0000,-30.0000,-54.000,-54.000,-28.000,-28.000,-10.000,-10.000,-10.000,-10.000,-54.000,-54.000,-28.000,-28.000,-10.000,-10.000,-10.000,-10.000,0.0,0.0,0.0,0.0,0.0,0.0,0.0,0.0,0.0,0.0,0.0,0.0,0.0,0.0,0.0,0.0
1790303545.900706,11.810,-12.42218,-12.42218,-12.42218,-12.42218,-12.42218,-12.42218,-12.42218,0.04150,-12.42218,-12.42218,-12.42218,-12.42218,-12.42218,-12.42218,-12.42218,0.04150,-45.0000,-45.0000,-10.0000,-10.0000,-30.0000,-30.0000,-30.0000,-30.0000,-45.0000,-45.0000,-10.0000,-10.0000,-30.0000,-30.0000,-30.0000,-30.0000,-54.000,-54.000,-28.000,-28.000,-10.000,-10.000,-10.000,-10.000,-54.000,-54.000,-28.000,-28.000,-10.000,-10.000,-10.000,-10.000,0.0,0.0,0.0,0.0,0.0,0.0,0.0,0.0,0.0,0.0,0.0,0.0,0.0,0.0,0.0,0.0
1790303545.911006,11.820,-12.42218,-12.42218,-12.42218,-12.42218,-12.42218,-12.42218,-12.42218,0.04150,-12.42218,-12.42218,-12.42218,-12.42218,-12.42218,-12.42218,-12.42218,0.04150,-45.0000,-45.0000,-10.0000,-10.0000,-30.0000,-30.0000,-30.0000,-30.0000,-45.0000,-45.0000,-10.0000,-10.0000,-30.0000,-30.0000,-30.0000,-30.0000,-54.000,-54.000,-28.000,-28.000,-10.000,-10.000,-10.000,-10.000,-54.000,-54.000,-28.000,-28.000,-10.000,-10.000,-10.000,-10.000,0.0,0.0,0.0,0.0,0.0,0.0,0.0,0.0,0.0,0.0,0.0,0.0,0.0,0.0,0.0,0.0
1790303545.920624,11.830,-12.42218,-12.42218,-12.42218,-12.42218,-12.42218,-12.42218,-12.42218,0.04150,-12.42218,-12.42218,-12.42218,-12.42218,-12.42218,-12.42218,-12.42218,0.04150,-45.0000,-45.0000,-10.0000,-10.0000,-30.0000,-30.0000,-30.0000,-30.0000,-45.0000,-45.0000,-10.0000,-10.0000,-30.0000,-30.0000,-30.0000,-30.0000,-54.000,-54.000,-28.000,-28.000,-10.000,-10.000,-10.000,-10.000,-54.000,-54.000,-28.000,-28.000,-10.000,-10.000,-10.000,-10.000,0.0,0.0,0.0,0.0,0.0,0.0,0.0,0.0,0.0,0.0,0.0,0.0,0.0,0.0,0.0,0.0
1790303545.930757,11.840,-12.42218,-12.42218,-12.42218,-12.42218,-12.42218,-12.42218,-12.42218,0.04150,-12.42218,-12.42218,-12.42218,-12.42218,-12.42218,-12.42218,-12.42218,0.04150,-45.0000,-45.0000,-10.0000,-10.0000,-30.0000,-30.0000,-30.0000,-30.0000,-45.0000,-45.0000,-10.0000,-10.0000,-30.0000,-30.0000,-30.0000,-30.0000,-54.000,-54.000,-28.000,-28.000,-10.000,-10.000,-10.000,-10.000,-54.000,-54.000,-28.000,-28.000,-10.000,-10.000,-10.000,-10.000,0.0,0.0,0.0,0.0,0.0,0.0,0.0,0.0,0.0,0.0,0.0,0.0,0.0,0.0,0.0,0.0
1790303545.940307,11.849,-12.42218,-12.42218,-12.42218,-12.42218,-12.42218,-12.42218,-12.42218,0.04150,-12.42218,-12.42218,-12.42218,-12.42218,-12.42218,-12.42218,-12.42218,0.04150,-45.0000,-45.0000,-10.0000,-10.0000,-30.0000,-30.0000,-30.0000,-30.0000,-45.0000,-45.0000,-10.0000,-10.0000,-30.0000,-30.0000,-30.0000,-30.0000,-54.000,-54.000,-28.000,-28.000,-10.000,-10.000,-10.000,-10.000,-54.000,-54.000,-28.000,-28.000,-10.000,-10.000,-10.000,-10.000,0.0,0.0,0.0,0.0,0.0,0.0,0.0,0.0,0.0,0.0,0.0,0.0,0.0,0.0,0.0,0.0
1790303545.950522,11.859,-12.42218,-12.42218,-12.42218,-12.42218,-12.42218,-12.42218,-12.42218,0.04150,-12.42218,-12.42218,-12.42218,-12.42218,-12.42218,-12.42218,-12.42218,0.04150,-45.0000,-45.0000,-10.0000,-10.0000,-30.0000,-30.0000,-30.0000,-30.0000,-45.0000,-45.0000,-10.0000,-10.0000,-30.0000,-30.0000,-30.0000,-30.0000,-54.000,-54.000,-28.000,-28.000,-10.000,-10.000,-10.000,-10.000,-54.000,-54.000,-28.000,-28.000,-10.000,-10.000,-10.000,-10.000,0.0,0.0,0.0,0.0,0.0,0.0,0.0,0.0,0.0,0.0,0.0,0.0,0.0,0.0,0.0,0.0
1790303545.960265,11.869,-12.42218,-12.42218,-12.42218,-12.42218,-12.42218,-12.42218,-12.42218,0.04150,-12.42218,-12.42218,-12.42218,-12.42218,-12.42218,-12.42218,-12.42218,0.04150,-45.0000,-45.0000,-10.0000,-10.0000,-30.0000,-30.0000,-30.0000,-30.0000,-45.0000,-45.0000,-10.0000,-10.0000,-30.0000,-30.0000,-30.0000,-30.0000,-54.000,-54.000,-28.000,-28.000,-10.000,-10.000,-10.000,-10.000,-54.000,-54.000,-28.000,-28.000,-10.000,-10.000,-10.000,-10.000,0.0,0.0,0.0,0.0,0.0,0.0,0.0,0.0,0.0,0.0,0.0,0.0,0.0,0.0,0.0,0.0
1790303545.971113,11.880,-12.42218,-12.42218,-12.42218,-12.42218,-12.42218,-12.42218,-12.42218,0.04150,-12.42218,-12.42218,-12.42218,-12.42218,-12.42218,-12.42218,-12.42218,0.04150,-45.0000,-45.0000,-10.0000,-10.0000,-30.0000,-30.0000,-30.0000,-30.0000,-45.0000,-45.0000,-10.0000,-10.0000,-30.0000,-30.0000,-30.0000,-30.0000,-54.000,-54.000,-28.000,-28.000,-10.000,-10.000,-10.000,-10.000,-54.000,-54.000,-28.000,-28.000,-10.000,-10.000,-10.000,-10.000,0.0,0.0,0.0,0.0,0.0,0.0,0.0,0.0,0.0,0.0,0.0,0.0,0.0,0.0,0.0,0.0
1790303545.982413,11.891,-12.42218,-12.42218,-12.42218,-12.42218,-12.42218,-12.42218,-12.42218,0.04150,-12.42218,-12.42218,-12.42218,-12.42218,-12.42218,-12.42218,-12.42218,0.04150,-45.0000,-45.0000,-10.0000,-10.0000,-30.0000,-30.0000,-30.0000,-30.0000,-45.0000,-45.0000,-10.0000,-10.0000,-30.0000,-30.0000,-30.0000,-30.0000,-54.000,-54.000,-28.000,-28.000,-10.000,-10.000,-10.000,-10.000,-54.000,-54.000,-28.000,-28.000,-10.000,-10.000,-10.000,-10.000,0.0,0.0,0.0,0.0,0.0,0.0,0.0,0.0,0.0,0.0,0.0,0.0,0.0,0.0,0.0,0.0
1790303545.990499,11.899,-12.42218,-12.42218,-12.42218,-12.42218,-12.42218,-12.42218,-12.42218,0.04150,-12.42218,-12.42218,-12.42218,-12.42218,-12.42218,-12.42218,-12.42218,0.04150,-45.0000,-45.0000,-10.0000,-10.0000,-30.0000,-30.0000,-30.0000,-30.0000,-45.0000,-45.0000,-10.0000,-10.0000,-30.0000,-30.0000,-30.0000,-30.0000,-54.000,-54.000,-28.000,-28.000,-10.000,-10.000,-10.000,-10.000,-54.000,-54.000,-28.000,-28.000,-10.000,-10.000,-10.000,-10.000,0.0,0.0,0.0,0.0,0.0,0.0,0.0,0.0,0.0,0.0,0.0,0.0,0.0,0.0,0.0,0.0
1790303546.000718,11.910,-12.42218,-12.42218,-12.42218,-12.42218,-12.42218,-12.42218,-12.42218,0.04150,-12.42218,-12.42218,-12.42218,-12.42218,-12.42218,-12.42218,-12.42218,0.04150,-45.0000,-45.0000,-10.0000,-10.0000,-30.0000,-30.0000,-30.0000,-30.0000,-45.0000,-45.0000,-10.0000,-10.0000,-30.0000,-30.0000,-30.0000,-30.0000,-54.000,-54.000,-28.000,-28.000,-10.000,-10.000,-10.000,-10.000,-54.000,-54.000,-28.000,-28.000,-10.000,-10.000,-10.000,-10.000,0.0,0.0,0.0,0.0,0.0,0.0,0.0,0.0,0.0,0.0,0.0,0.0,0.0,0.0,0.0,0.0
1790303546.010470,11.919,-12.42218,-12.42218,-12.42218,-12.42218,-12.42218,-12.42218,-12.42218,0.04150,-12.42218,-12.42218,-12.42218,-12.42218,-12.42218,-12.42218,-12.42218,0.04150,-45.0000,-45.0000,-10.0000,-10.0000,-30.0000,-30.0000,-30.0000,-30.0000,-45.0000,-45.0000,-10.0000,-10.0000,-30.0000,-30.0000,-30.0000,-30.0000,-54.000,-54.000,-28.000,-28.000,-10.000,-10.000,-10.000,-10.000,-54.000,-54.000,-28.000,-28.000,-10.000,-10.000,-10.000,-10.000,0.0,0.0,0.0,0.0,0.0,0.0,0.0,0.0,0.0,0.0,0.0,0.0,0.0,0.0,0.0,0.0
1790303546.020567,11.929,-12.42218,-12.42218,-12.42218,-12.42218,-12.42218,-12.42218,-12.42218,0.04150,-12.42218,-12.42218,-12.42218,-12.42218,-12.42218,-12.42218,-12.42218,0.04150,-45.0000,-45.0000,-10.0000,-10.0000,-30.0000,-30.0000,-30.0000,-30.0000,-45.0000,-45.0000,-10.0000,-10.0000,-30.0000,-30.0000,-30.0000,-30.0000,-54.000,-54.000,-28.000,-28.000,-10.000,-10.000,-10.000,-10.000,-54.000,-54.000,-28.000,-28.000,-10.000,-10.000,-10.000,-10.000,0.0,0.0,0.0,0.0,0.0,0.0,0.0,0.0,0.0,0.0,0.0,0.0,0.0,0.0,0.0,0.0
1790303546.032903,11.942,-12.42218,-12.42218,-12.42218,-12.42218,-12.42218,-12.42218,-12.42218,0.04150,-12.42218,-12.42218,-12.42218,-12.42218,-12.42218,-12.42218,-12.42218,0.04150,-45.0000,-45.0000,-10.0000,-10.0000,-30.0000,-30.0000,-30.0000,-30.0000,-45.0000,-45.0000,-10.0000,-10.0000,-30.0000,-30.0000,-30.0000,-30.0000,-54.000,-54.000,-28.000,-28.000,-10.000,-10.000,-10.000,-10.000,-54.000,-54.000,-28.000,-28.000,-10.000,-10.000,-10.000,-10.000,0.0,0.0,0.0,0.0,0.0,0.0,0.0,0.0,0.0,0.0,0.0,0.0,0.0,0.0,0.0,0.0
1790303546.040386,11.949,-12.42218,-12.42218,-12.42218,-12.42218,-12.42218,-12.42218,-12.42218,0.04150,-12.42218,-12.42218,-12.42218,-12.42218,-12.42218,-12.42218,-12.42218,0.04150,-45.0000,-45.0000,-10.0000,-10.0000,-30.0000,-30.0000,-30.0000,-30.0000,-45.0000,-45.0000,-10.0000,-10.0000,-30.0000,-30.0000,-30.0000,-30.0000,-54.000,-54.000,-28.000,-28.000,-10.000,-10.000,-10.000,-10.000,-54.000,-54.000,-28.000,-28.000,-10.000,-10.000,-10.000,-10.000,0.0,0.0,0.0,0.0,0.0,0.0,0.0,0.0,0.0,0.0,0.0,0.0,0.0,0.0,0.0,0.0
1790303546.050366,11.959,-12.42218,-12.42218,-12.42218,-12.42218,-12.42218,-12.42218,-12.42218,0.04150,-12.42218,-12.42218,-12.42218,-12.42218,-12.42218,-12.42218,-12.42218,0.04150,-45.0000,-45.0000,-10.0000,-10.0000,-30.0000,-30.0000,-30.0000,-30.0000,-45.0000,-45.0000,-10.0000,-10.0000,-30.0000,-30.0000,-30.0000,-30.0000,-54.000,-54.000,-28.000,-28.000,-10.000,-10.000,-10.000,-10.000,-54.000,-54.000,-28.000,-28.000,-10.000,-10.000,-10.000,-10.000,0.0,0.0,0.0,0.0,0.0,0.0,0.0,0.0,0.0,0.0,0.0,0.0,0.0,0.0,0.0,0.0
1790303546.066315,11.975,-12.42218,-12.42218,-12.42218,-12.42218,-12.42218,-12.42218,-12.42218,0.04150,-12.42218,-12.42218,-12.42218,-12.42218,-12.42218,-12.42218,-12.42218,0.04150,-45.0000,-45.0000,-10.0000,-10.0000,-30.0000,-30.0000,-30.0000,-30.0000,-45.0000,-45.0000,-10.0000,-10.0000,-30.0000,-30.0000,-30.0000,-30.0000,-54.000,-54.000,-28.000,-28.000,-10.000,-10.000,-10.000,-10.000,-54.000,-54.000,-28.000,-28.000,-10.000,-10.000,-10.000,-10.000,0.0,0.0,0.0,0.0,0.0,0.0,0.0,0.0,0.0,0.0,0.0,0.0,0.0,0.0,0.0,0.0
1790303546.070062,11.979,-12.42218,-12.42218,-12.42218,-12.42218,-12.42218,-12.42218,-12.42218,0.04150,-12.42218,-12.42218,-12.42218,-12.42218,-12.42218,-12.42218,-12.42218,0.04150,-45.0000,-45.0000,-10.0000,-10.0000,-30.0000,-30.0000,-30.0000,-30.0000,-45.0000,-45.0000,-10.0000,-10.0000,-30.0000,-30.0000,-30.0000,-30.0000,-54.000,-54.000,-28.000,-28.000,-10.000,-10.000,-10.000,-10.000,-54.000,-54.000,-28.000,-28.000,-10.000,-10.000,-10.000,-10.000,0.0,0.0,0.0,0.0,0.0,0.0,0.0,0.0,0.0,0.0,0.0,0.0,0.0,0.0,0.0,0.0
1790303546.080199,11.989,-12.42218,-12.42218,-12.42218,-12.42218,-12.42218,-12.42218,-12.42218,0.04150,-12.42218,-12.42218,-12.42218,-12.42218,-12.42218,-12.42218,-12.42218,0.04150,-45.0000,-45.0000,-10.0000,-10.0000,-30.0000,-30.0000,-30.0000,-30.0000,-45.0000,-45.0000,-10.0000,-10.0000,-30.0000,-30.0000,-30.0000,-30.0000,-54.000,-54.000,-28.000,-28.000,-10.000,-10.000,-10.000,-10.000,-54.000,-54.000,-28.000,-28.000,-10.000,-10.000,-10.000,-10.000,0.0,0.0,0.0,0.0,0.0,0.0,0.0,0.0,0.0,0.0,0.0,0.0,0.0,0.0,0.0,0.0
1790303546.090178,11.999,-12.42218,-12.42218,-12.42218,-12.42218,-12.42218,-12.42218,-12.42218,0.04150,-12.42218,-12.42218,-12.42218,-12.42218,-12.42218,-12.42218,-12.42218,0.04150,-45.0000,-45.0000,-10.0000,-10.0000,-30.0000,-30.0000,-30.0000,-30.0000,-45.0000,-45.0000,-10.0000,-10.0000,-30.0000,-30.0000,-30.0000,-30.0000,-54.000,-54.000,-28.000,-28.000,-10.000,-10.000,-10.000,-10.000,-54.000,-54.000,-28.000,-28.000,-10.000,-10.000,-10.000,-10.000,0.0,0.0,0.0,0.0,0.0,0.0,0.0,0.0,0.0,0.0,0.0,0.0,0.0,0.0,0.0,0.0
1790303546.105452,12.014,-12.42218,-12.42218,-12.42218,-12.42218,-12.42218,-12.42218,-12.42218,0.04150,-12.42218,-12.42218,-12.42218,-12.42218,-12.42218,-12.42218,-12.42218,0.04150,-45.0000,-45.0000,-10.0000,-10.0000,-30.0000,-30.0000,-30.0000,-30.0000,-45.0000,-45.0000,-10.0000,-10.0000,-30.0000,-30.0000,-30.0000,-30.0000,-54.000,-54.000,-28.000,-28.000,-10.000,-10.000,-10.000,-10.000,-54.000,-54.000,-28.000,-28.000,-10.000,-10.000,-10.000,-10.000,0.0,0.0,0.0,0.0,0.0,0.0,0.0,0.0,0.0,0.0,0.0,0.0,0.0,0.0,0.0,0.0
1790303546.110446,12.019,-12.42218,-12.42218,-12.42218,-12.42218,-12.42218,-12.42218,-12.42218,0.04150,-12.42218,-12.42218,-12.42218,-12.42218,-12.42218,-12.42218,-12.42218,0.04150,-45.0000,-45.0000,-10.0000,-10.0000,-30.0000,-30.0000,-30.0000,-30.0000,-45.0000,-45.0000,-10.0000,-10.0000,-30.0000,-30.0000,-30.0000,-30.0000,-54.000,-54.000,-28.000,-28.000,-10.000,-10.000,-10.000,-10.000,-54.000,-54.000,-28.000,-28.000,-10.000,-10.000,-10.000,-10.000,0.0,0.0,0.0,0.0,0.0,0.0,0.0,0.0,0.0,0.0,0.0,0.0,0.0,0.0,0.0,0.0
1790303546.120677,12.030,-12.42218,-12.42218,-12.42218,-12.42218,-12.42218,-12.42218,-12.42218,0.04150,-12.42218,-12.42218,-12.42218,-12.42218,-12.42218,-12.42218,-12.42218,0.04150,-45.0000,-45.0000,-10.0000,-10.0000,-30.0000,-30.0000,-30.0000,-30.0000,-45.0000,-45.0000,-10.0000,-10.0000,-30.0000,-30.0000,-30.0000,-30.0000,-54.000,-54.000,-28.000,-28.000,-10.000,-10.000,-10.000,-10.000,-54.000,-54.000,-28.000,-28.000,-10.000,-10.000,-10.000,-10.000,0.0,0.0,0.0,0.0,0.0,0.0,0.0,0.0,0.0,0.0,0.0,0.0,0.0,0.0,0.0,0.0
1790303546.130784,12.040,-12.42218,-12.42218,-12.42218,-12.42218,-12.42218,-12.42218,-12.42218,0.04150,-12.42218,-12.42218,-12.42218,-12.42218,-12.42218,-12.42218,-12.42218,0.04150,-45.0000,-45.0000,-10.0000,-10.0000,-30.0000,-30.0000,-30.0000,-30.0000,-45.0000,-45.0000,-10.0000,-10.0000,-30.0000,-30.0000,-30.0000,-30.0000,-54.000,-54.000,-28.000,-28.000,-10.000,-10.000,-10.000,-10.000,-54.000,-54.000,-28.000,-28.000,-10.000,-10.000,-10.000,-10.000,0.0,0.0,0.0,0.0,0.0,0.0,0.0,0.0,0.0,0.0,0.0,0.0,0.0,0.0,0.0,0.0
1790303546.140090,12.049,-12.42218,-12.42218,-12.42218,-12.42218,-12.42218,-12.42218,-12.42218,0.04150,-12.42218,-12.42218,-12.42218,-12.42218,-12.42218,-12.42218,-12.42218,0.04150,-45.0000,-45.0000,-10.0000,-10.0000,-30.0000,-30.0000,-30.0000,-30.0000,-45.0000,-45.0000,-10.0000,-10.0000,-30.0000,-30.0000,-30.0000,-30.0000,-54.000,-54.000,-28.000,-28.000,-10.000,-10.000,-10.000,-10.000,-54.000,-54.000,-28.000,-28.000,-10.000,-10.000,-10.000,-10.000,0.0,0.0,0.0,0.0,0.0,0.0,0.0,0.0,0.0,0.0,0.0,0.0,0.0,0.0,0.0,0.0
1790303546.150388,12.059,-12.42218,-12.42218,-12.42218,-12.42218,-12.42218,-12.42218,-12.42218,0.04150,-12.42218,-12.42218,-12.42218,-12.42218,-12.42218,-12.42218,-12.42218,0.04150,-45.0000,-45.0000,-10.0000,-10.0000,-30.0000,-30.0000,-30.0000,-30.0000,-45.0000,-45.0000,-10.0000,-10.0000,-30.0000,-30.0000,-30.0000,-30.0000,-54.000,-54.000,-28.000,-28.000,-10.000,-10.000,-10.000,-10.000,-54.000,-54.000,-28.000,-28.000,-10.000,-10.000,-10.000,-10.000,0.0,0.0,0.0,0.0,0.0,0.0,0.0,0.0,0.0,0.0,0.0,0.0,0.0,0.0,0.0,0.0
1790303546.160100,12.069,-12.42218,-12.42218,-12.42218,-12.42218,-12.42218,-12.42218,-12.42218,0.04150,-12.42218,-12.42218,-12.42218,-12.42218,-12.42218,-12.42218,-12.42218,0.04150,-45.0000,-45.0000,-10.0000,-10.0000,-30.0000,-30.0000,-30.0000,-30.0000,-45.0000,-45.0000,-10.0000,-10.0000,-30.0000,-30.0000,-30.0000,-30.0000,-54.000,-54.000,-28.000,-28.000,-10.000,-10.000,-10.000,-10.000,-54.000,-54.000,-28.000,-28.000,-10.000,-10.000,-10.000,-10.000,0.0,0.0,0.0,0.0,0.0,0.0,0.0,0.0,0.0,0.0,0.0,0.0,0.0,0.0,0.0,0.0
1790303546.170065,12.079,-12.42218,-12.42218,-12.42218,-12.42218,-12.42218,-12.42218,-12.42218,0.04150,-12.42218,-12.42218,-12.42218,-12.42218,-12.42218,-12.42218,-12.42218,0.04150,-45.0000,-45.0000,-10.0000,-10.0000,-30.0000,-30.0000,-30.0000,-30.0000,-45.0000,-45.0000,-10.0000,-10.0000,-30.0000,-30.0000,-30.0000,-30.0000,-54.000,-54.000,-28.000,-28.000,-10.000,-10.000,-10.000,-10.000,-54.000,-54.000,-28.000,-28.000,-10.000,-10.000,-10.000,-10.000,0.0,0.0,0.0,0.0,0.0,0.0,0.0,0.0,0.0,0.0,0.0,0.0,0.0,0.0,0.0,0.0
1790303546.181005,12.090,-12.42218,-12.42218,-12.42218,-12.42218,-12.42218,-12.42218,-12.42218,0.04150,-12.42218,-12.42218,-12.42218,-12.42218,-12.42218,-12.42218,-12.42218,0.04150,-45.0000,-45.0000,-10.0000,-10.0000,-30.0000,-30.0000,-30.0000,-30.0000,-45.0000,-45.0000,-10.0000,-10.0000,-30.0000,-30.0000,-30.0000,-30.0000,-54.000,-54.000,-28.000,-28.000,-10.000,-10.000,-10.000,-10.000,-54.000,-54.000,-28.000,-28.000,-10.000,-10.000,-10.000,-10.000,0.0,0.0,0.0,0.0,0.0,0.0,0.0,0.0,0.0,0.0,0.0,0.0,0.0,0.0,0.0,0.0
1790303546.190408,12.099,-12.42218,-12.42218,-12.42218,-12.42218,-12.42218,-12.42218,-12.42218,0.04150,-12.42218,-12.42218,-12.42218,-12.42218,-12.42218,-12.42218,-12.42218,0.04150,-45.0000,-45.0000,-10.0000,-10.0000,-30.0000,-30.0000,-30.0000,-30.0000,-45.0000,-45.0000,-10.0000,-10.0000,-30.0000,-30.0000,-30.0000,-30.0000,-54.000,-54.000,-28.000,-28.000,-10.000,-10.000,-10.000,-10.000,-54.000,-54.000,-28.000,-28.000,-10.000,-10.000,-10.000,-10.000,0.0,0.0,0.0,0.0,0.0,0.0,0.0,0.0,0.0,0.0,0.0,0.0,0.0,0.0,0.0,0.0
1790303546.200557,12.109,-12.42218,-12.42218,-12.42218,-12.42218,-12.42218,-12.42218,-12.42218,0.04150,-12.42218,-12.42218,-12.42218,-12.42218,-12.42218,-12.42218,-12.42218,0.04150,-45.0000,-45.0000,-10.0000,-10.0000,-30.0000,-30.0000,-30.0000,-30.0000,-45.0000,-45.0000,-10.0000,-10.0000,-30.0000,-30.0000,-30.0000,-30.0000,-54.000,-54.000,-28.000,-28.000,-10.000,-10.000,-10.000,-10.000,-54.000,-54.000,-28.000,-28.000,-10.000,-10.000,-10.000,-10.000,0.0,0.0,0.0,0.0,0.0,0.0,0.0,0.0,0.0,0.0,0.0,0.0,0.0,0.0,0.0,0.0
1790303546.210789,12.120,-12.42218,-12.42218,-12.42218,-12.42218,-12.42218,-12.42218,-12.42218,0.04150,-12.42218,-12.42218,-12.42218,-12.42218,-12.42218,-12.42218,-12.42218,0.04150,-45.0000,-45.0000,-10.0000,-10.0000,-30.0000,-30.0000,-30.0000,-30.0000,-45.0000,-45.0000,-10.0000,-10.0000,-30.0000,-30.0000,-30.0000,-30.0000,-54.000,-54.000,-28.000,-28.000,-10.000,-10.000,-10.000,-10.000,-54.000,-54.000,-28.000,-28.000,-10.000,-10.000,-10.000,-10.000,0.0,0.0,0.0,0.0,0.0,0.0,0.0,0.0,0.0,0.0,0.0,0.0,0.0,0.0,0.0,0.0
1790303546.220196,12.129,-12.42218,-12.42218,-12.42218,-12.42218,-12.42218,-12.42218,-12.42218,0.04150,-12.42218,-12.42218,-12.42218,-12.42218,-12.42218,-12.42218,-12.42218,0.04150,-45.0000,-45.0000,-10.0000,-10.0000,-30.0000,-30.0000,-30.0000,-30.0000,-45.0000,-45.0000,-10.0000,-10.0000,-30.0000,-30.0000,-30.0000,-30.0000,-54.000,-54.000,-28.000,-28.000,-10.000,-10.000,-10.000,-10.000,-54.000,-54.000,-28.000,-28.000,-10.000,-10.000,-10.000,-10.000,0.0,0.0,0.0,0.0,0.0,0.0,0.0,0.0,0.0,0.0,0.0,0.0,0.0,0.0,0.0,0.0
1790303546.230866,12.140,-12.42218,-12.42218,-12.42218,-12.42218,-12.42218,-12.42218,-12.42218,0.04150,-12.42218,-12.42218,-12.42218,-12.42218,-12.42218,-12.42218,-12.42218,0.04150,-45.0000,-45.0000,-10.0000,-10.0000,-30.0000,-30.0000,-30.0000,-30.0000,-45.0000,-45.0000,-10.0000,-10.0000,-30.0000,-30.0000,-30.0000,-30.0000,-54.000,-54.000,-28.000,-28.000,-10.000,-10.000,-10.000,-10.000,-54.000,-54.000,-28.000,-28.000,-10.000,-10.000,-10.000,-10.000,0.0,0.0,0.0,0.0,0.0,0.0,0.0,0.0,0.0,0.0,0.0,0.0,0.0,0.0,0.0,0.0
1790303546.240569,12.149,-12.42218,-12.42218,-12.42218,-12.42218,-12.42218,-12.42218,-12.42218,0.04150,-12.42218,-12.42218,-12.42218,-12.42218,-12.42218,-12.42218,-12.42218,0.04150,-45.0000,-45.0000,-10.0000,-10.0000,-30.0000,-30.0000,-30.0000,-30.0000,-45.0000,-45.0000,-10.0000,-10.0000,-30.0000,-30.0000,-30.0000,-30.0000,-54.000,-54.000,-28.000,-28.000,-10.000,-10.000,-10.000,-10.000,-54.000,-54.000,-28.000,-28.000,-10.000,-10.000,-10.000,-10.000,0.0,0.0,0.0,0.0,0.0,0.0,0.0,0.0,0.0,0.0,0.0,0.0,0.0,0.0,0.0,0.0
1790303546.250398,12.159,-12.42218,-12.42218,-12.42218,-12.42218,-12.42218,-12.42218,-12.42218,0.04150,-12.42218,-12.42218,-12.42218,-12.42218,-12.42218,-12.42218,-12.42218,0.04150,-45.0000,-45.0000,-10.0000,-10.0000,-30.0000,-30.0000,-30.0000,-30.0000,-45.0000,-45.0000,-10.0000,-10.0000,-30.0000,-30.0000,-30.0000,-30.0000,-54.000,-54.000,-28.000,-28.000,-10.000,-10.000,-10.000,-10.000,-54.000,-54.000,-28.000,-28.000,-10.000,-10.000,-10.000,-10.000,0.0,0.0,0.0,0.0,0.0,0.0,0.0,0.0,0.0,0.0,0.0,0.0,0.0,0.0,0.0,0.0
1790303546.260598,12.169,-12.42218,-12.42218,-12.42218,-12.42218,-12.42218,-12.42218,-12.42218,0.04150,-12.42218,-12.42218,-12.42218,-12.42218,-12.42218,-12.42218,-12.42218,0.04150,-45.0000,-45.0000,-10.0000,-10.0000,-30.0000,-30.0000,-30.0000,-30.0000,-45.0000,-45.0000,-10.0000,-10.0000,-30.0000,-30.0000,-30.0000,-30.0000,-54.000,-54.000,-28.000,-28.000,-10.000,-10.000,-10.000,-10.000,-54.000,-54.000,-28.000,-28.000,-10.000,-10.000,-10.000,-10.000,0.0,0.0,0.0,0.0,0.0,0.0,0.0,0.0,0.0,0.0,0.0,0.0,0.0,0.0,0.0,0.0
1790303546.271036,12.180,-12.42218,-12.42218,-12.42218,-12.42218,-12.42218,-12.42218,-12.42218,0.04150,-12.42218,-12.42218,-12.42218,-12.42218,-12.42218,-12.42218,-12.42218,0.04150,-45.0000,-45.0000,-10.0000,-10.0000,-30.0000,-30.0000,-30.0000,-30.0000,-45.0000,-45.0000,-10.0000,-10.0000,-30.0000,-30.0000,-30.0000,-30.0000,-54.000,-54.000,-28.000,-28.000,-10.000,-10.000,-10.000,-10.000,-54.000,-54.000,-28.000,-28.000,-10.000,-10.000,-10.000,-10.000,0.0,0.0,0.0,0.0,0.0,0.0,0.0,0.0,0.0,0.0,0.0,0.0,0.0,0.0,0.0,0.0
1790303546.280201,12.189,-12.42218,-12.42218,-12.42218,-12.42218,-12.42218,-12.42218,-12.42218,0.04150,-12.42218,-12.42218,-12.42218,-12.42218,-12.42218,-12.42218,-12.42218,0.04150,-45.0000,-45.0000,-10.0000,-10.0000,-30.0000,-30.0000,-30.0000,-30.0000,-45.0000,-45.0000,-10.0000,-10.0000,-30.0000,-30.0000,-30.0000,-30.0000,-54.000,-54.000,-28.000,-28.000,-10.000,-10.000,-10.000,-10.000,-54.000,-54.000,-28.000,-28.000,-10.000,-10.000,-10.000,-10.000,0.0,0.0,0.0,0.0,0.0,0.0,0.0,0.0,0.0,0.0,0.0,0.0,0.0,0.0,0.0,0.0
1790303546.290848,12.200,-12.42218,-12.42218,-12.42218,-12.42218,-12.42218,-12.42218,-12.42218,0.04150,-12.42218,-12.42218,-12.42218,-12.42218,-12.42218,-12.42218,-12.42218,0.04150,-45.0000,-45.0000,-10.0000,-10.0000,-30.0000,-30.0000,-30.0000,-30.0000,-45.0000,-45.0000,-10.0000,-10.0000,-30.0000,-30.0000,-30.0000,-30.0000,-54.000,-54.000,-28.000,-28.000,-10.000,-10.000,-10.000,-10.000,-54.000,-54.000,-28.000,-28.000,-10.000,-10.000,-10.000,-10.000,0.0,0.0,0.0,0.0,0.0,0.0,0.0,0.0,0.0,0.0,0.0,0.0,0.0,0.0,0.0,0.0
1790303546.300735,12.210,-12.42218,-12.42218,-12.42218,-12.42218,-12.42218,-12.42218,-12.42218,0.04150,-12.42218,-12.42218,-12.42218,-12.42218,-12.42218,-12.42218,-12.42218,0.04150,-45.0000,-45.0000,-10.0000,-10.0000,-30.0000,-30.0000,-30.0000,-27.6557,-45.0000,-45.0000,-10.0000,-10.0000,-30.0000,-30.0000,-30.0000,-30.0000,-54.000,-54.000,-28.000,-28.000,-10.000,-10.000,-10.000,-4.999,-54.000,-54.000,-28.000,-28.000,-10.000,-10.000,-10.000,-10.000,0.0,0.0,0.0,0.0,0.0,0.0,0.0,0.0,0.0,0.0,0.0,0.0,0.0,0.0,0.0,0.0
1790303546.310434,12.219,-12.42218,-12.42218,-12.42218,-12.42218,-12.42218,-12.42218,-12.42218,0.04150,-12.42218,-12.42218,-12.42218,-12.42218,-12.42218,-12.42218,-12.42218,0.04150,-45.0000,-45.0000,-10.0000,-10.0000,-30.0000,-30.0000,-30.0000,-27.6557,-45.0000,-45.0000,-10.0000,-10.0000,-30.0000,-30.0000,-30.0000,-30.0000,-54.000,-54.000,-28.000,-28.000,-10.000,-10.000,-10.000,-4.999,-54.000,-54.000,-28.000,-28.000,-10.000,-10.000,-10.000,-10.000,0.0,0.0,0.0,0.0,0.0,0.0,0.0,0.0,0.0,0.0,0.0,0.0,0.0,0.0,0.0,0.0
1790303546.320739,12.230,-12.42218,-12.42218,-12.42218,-12.42218,-12.42218,-12.42218,-12.42218,0.04150,-12.42218,-12.42218,-12.42218,-12.42218,-12.42218,-12.42218,-12.42218,0.04150,-45.0000,-45.0000,-10.0000,-10.0000,-30.0000,-30.0000,-30.0000,-27.6557,-45.0000,-45.0000,-10.0000,-10.0000,-30.0000,-30.0000,-30.0000,-30.0000,-54.000,-54.000,-28.000,-28.000,-10.000,-10.000,-10.000,-4.999,-54.000,-54.000,-28.000,-28.000,-10.000,-10.000,-10.000,-10.000,0.0,0.0,0.0,0.0,0.0,0.0,0.0,0.0,0.0,0.0,0.0,0.0,0.0,0.0,0.0,0.0
1790303546.334226,12.243,-12.42218,-12.42218,-12.42218,-12.42218,-12.42218,-12.42218,-12.42218,0.04150,-12.42218,-12.42218,-12.42218,-12.42218,-12.42218,-12.42218,-12.42218,0.04150,-45.0000,-45.0000,-10.0000,-10.0000,-30.0000,-30.0000,-30.0000,-27.6557,-45.0000,-45.0000,-10.0000,-10.0000,-30.0000,-30.0000,-30.0000,-30.0000,-54.000,-54.000,-28.000,-28.000,-10.000,-10.000,-10.000,-4.999,-54.000,-54.000,-28.000,-28.000,-10.000,-10.000,-10.000,-10.000,0.0,0.0,0.0,0.0,0.0,0.0,0.0,0.0,0.0,0.0,0.0,0.0,0.0,0.0,0.0,0.0
1790303546.341527,12.250,-12.42218,-12.42218,-12.42218,-12.42218,-12.42218,-12.42218,-12.42218,0.04150,-12.42218,-12.42218,-12.42218,-12.42218,-12.42218,-12.42218,-12.42218,0.04150,-45.0000,-45.0000,-10.0000,-10.0000,-30.0000,-30.0000,-30.0000,-27.6557,-45.0000,-45.0000,-10.0000,-10.0000,-30.0000,-30.0000,-30.0000,-30.0000,-54.000,-54.000,-28.000,-28.000,-10.000,-10.000,-10.000,-4.999,-54.000,-54.000,-28.000,-28.000,-10.000,-10.000,-10.000,-10.000,0.0,0.0,0.0,0.0,0.0,0.0,0.0,0.0,0.0,0.0,0.0,0.0,0.0,0.0,0.0,0.0
1790303546.351851,12.261,-12.42218,-12.42218,-12.42218,-12.42218,-12.42218,-12.42218,-12.42218,0.04150,-12.42218,-12.42218,-12.42218,-12.42218,-12.42218,-12.42218,-12.42218,0.04150,-45.0000,-45.0000,-10.0000,-10.0000,-30.0000,-30.0000,-30.0000,-30.0000,-45.0000,-45.0000,-10.0000,-10.0000,-30.0000,-30.0000,-30.0000,-30.0000,-54.000,-54.000,-28.000,-28.000,-10.000,-10.000,-10.000,-10.000,-54.000,-54.000,-28.000,-28.000,-10.000,-10.000,-10.000,-10.000,0.0,0.0,0.0,0.0,0.0,0.0,0.0,0.0,0.0,0.0,0.0,0.0,0.0,0.0,0.0,0.0
1790303546.360251,12.269,-12.42218,-12.42218,-12.42218,-12.42218,-12.42218,-12.42218,-12.42218,0.04150,-12.42218,-12.42218,-12.42218,-12.42218,-12.42218,-12.42218,-12.42218,0.04150,-45.0000,-45.0000,-10.0000,-10.0000,-30.0000,-30.0000,-30.0000,-30.0000,-45.0000,-45.0000,-10.0000,-10.0000,-30.0000,-30.0000,-30.0000,-30.0000,-54.000,-54.000,-28.000,-28.000,-10.000,-10.000,-10.000,-10.000,-54.000,-54.000,-28.000,-28.000,-10.000,-10.000,-10.000,-10.000,0.0,0.0,0.0,0.0,0.0,0.0,0.0,0.0,0.0,0.0,0.0,0.0,0.0,0.0,0.0,0.0
1790303546.370898,12.280,-12.42218,-12.42218,-12.42218,-12.42218,-12.42218,-12.42218,-12.42218,0.04150,-12.42218,-12.42218,-12.42218,-12.42218,-12.42218,-12.42218,-12.42218,0.04150,-45.0000,-45.0000,-10.0000,-10.0000,-30.0000,-30.0000,-30.0000,-30.0000,-45.0000,-45.0000,-10.0000,-10.0000,-30.0000,-30.0000,-30.0000,-30.0000,-54.000,-54.000,-28.000,-28.000,-10.000,-10.000,-10.000,-10.000,-54.000,-54.000,-28.000,-28.000,-10.000,-10.000,-10.000,-10.000,0.0,0.0,0.0,0.0,0.0,0.0,0.0,0.0,0.0,0.0,0.0,0.0,0.0,0.0,0.0,0.0
1790303546.381248,12.290,-12.42218,-12.42218,-12.42218,-12.42218,-12.42218,-12.42218,-12.42218,0.04150,-12.42218,-12.42218,-12.42218,-12.42218,-12.42218,-12.42218,-12.42218,0.04150,-45.0000,-45.0000,-10.0000,-10.0000,-30.0000,-30.0000,-30.0000,-30.0000,-45.0000,-45.0000,-10.0000,-10.0000,-30.0000,-30.0000,-30.0000,-30.0000,-54.000,-54.000,-28.000,-28.000,-10.000,-10.000,-10.000,-10.000,-54.000,-54.000,-28.000,-28.000,-10.000,-10.000,-10.000,-10.000,0.0,0.0,0.0,0.0,0.0,0.0,0.0,0.0,0.0,0.0,0.0,0.0,0.0,0.0,0.0,0.0
1790303546.390630,12.300,-12.42218,-12.42218,-12.42218,-12.42218,-12.42218,-12.42218,-12.42218,0.04150,-12.42218,-12.42218,-12.42218,-12.42218,-12.42218,-12.42218,-12.42218,0.04150,-45.0000,-45.0000,-10.0000,-10.0000,-30.0000,-30.0000,-30.0000,-30.0000,-45.0000,-45.0000,-10.0000,-10.0000,-30.0000,-30.0000,-30.0000,-27.6557,-54.000,-54.000,-28.000,-28.000,-10.000,-10.000,-10.000,-10.000,-54.000,-54.000,-28.000,-28.000,-10.000,-10.000,-10.000,-4.999,0.0,0.0,0.0,0.0,0.0,0.0,0.0,0.0,0.0,0.0,0.0,0.0,0.0,0.0,0.0,0.0
1790303546.400636,12.310,-12.42218,-12.42218,-12.42218,-12.42218,-12.42218,-12.42218,-12.42218,0.04150,-12.42218,-12.42218,-12.42218,-12.42218,-12.42218,-12.42218,-12.42218,0.04150,-45.0000,-45.0000,-10.0000,-10.0000,-30.0000,-30.0000,-30.0000,-30.0000,-45.0000,-45.0000,-10.0000,-10.0000,-30.0000,-30.0000,-30.0000,-27.6557,-54.000,-54.000,-28.000,-28.000,-10.000,-10.000,-10.000,-10.000,-54.000,-54.000,-28.000,-28.000,-10.000,-10.000,-10.000,-4.999,0.0,0.0,0.0,0.0,0.0,0.0,0.0,0.0,0.0,0.0,0.0,0.0,0.0,0.0,0.0,0.0
1790303546.410911,12.320,-12.42218,-12.42218,-12.42218,-12.42218,-12.42218,-12.42218,-12.42218,0.04150,-12.42218,-12.42218,-12.42218,-12.42218,-12.42218,-12.42218,-12.42218,0.04150,-45.0000,-45.0000,-10.0000,-10.0000,-30.0000,-30.0000,-30.0000,-30.0000,-45.0000,-45.0000,-10.0000,-10.0000,-30.0000,-30.0000,-30.0000,-30.0000,-54.000,-54.000,-28.000,-28.000,-10.000,-10.000,-10.000,-10.000,-54.000,-54.000,-28.000,-28.000,-10.000,-10.000,-10.000,-10.000,0.0,0.0,0.0,0.0,0.0,0.0,0.0,0.0,0.0,0.0,0.0,0.0,0.0,0.0,0.0,0.0
1790303546.420309,12.329,-12.42218,-12.42218,-12.42218,-12.42218,-12.42218,-12.42218,-12.42218,0.04150,-12.42218,-12.42218,-12.42218,-12.42218,-12.42218,-12.42218,-12.42218,0.04150,-45.0000,-45.0000,-10.0000,-10.0000,-30.0000,-30.0000,-30.0000,-30.0000,-45.0000,-45.0000,-10.0000,-10.0000,-30.0000,-30.0000,-30.0000,-30.0000,-54.000,-54.000,-28.000,-28.000,-10.000,-10.000,-10.000,-10.000,-54.000,-54.000,-28.000,-28.000,-10.000,-10.000,-10.000,-10.000,0.0,0.0,0.0,0.0,0.0,0.0,0.0,0.0,0.0,0.0,0.0,0.0,0.0,0.0,0.0,0.0
1790303546.431516,12.340,-12.42218,-12.42218,-12.42218,-12.42218,-12.42218,-12.42218,-12.42218,0.04150,-12.42218,-12.42218,-12.42218,-12.42218,-12.42218,-12.42218,-12.42218,0.04150,-45.0000,-45.0000,-10.0000,-10.0000,-30.0000,-30.0000,-30.0000,-30.0000,-45.0000,-45.0000,-10.0000,-10.0000,-30.0000,-30.0000,-30.0000,-30.0000,-54.000,-54.000,-28.000,-28.000,-10.000,-10.000,-10.000,-10.000,-54.000,-54.000,-28.000,-28.000,-10.000,-10.000,-10.000,-10.000,0.0,0.0,0.0,0.0,0.0,0.0,0.0,0.0,0.0,0.0,0.0,0.0,0.0,0.0,0.0,0.0
1790303546.440658,12.350,-12.42218,-12.42218,-12.42218,-12.42218,-12.42218,-12.42218,-12.42218,0.04150,-12.42218,-12.42218,-12.42218,-12.42218,-12.42218,-12.42218,-12.42218,0.04150,-45.0000,-45.0000,-10.0000,-10.0000,-30.0000,-30.0000,-30.0000,-30.0000,-45.0000,-45.0000,-10.0000,-10.0000,-30.0000,-30.0000,-30.0000,-30.0000,-54.000,-54.000,-28.000,-28.000,-10.000,-10.000,-10.000,-10.000,-54.000,-54.000,-28.000,-28.000,-10.000,-10.000,-10.000,-10.000,0.0,0.0,0.0,0.0,0.0,0.0,0.0,0.0,0.0,0.0,0.0,0.0,0.0,0.0,0.0,0.0
1790303546.452079,12.361,-12.42218,-12.42218,-12.42218,-12.42218,-12.42218,-12.42218,-12.42218,0.04150,-12.42218,-12.42218,-12.42218,-12.42218,-12.42218,-12.42218,-12.42218,0.04150,-45.0000,-45.0000,-10.0000,-10.0000,-30.0000,-30.0000,-30.0000,-30.0000,-45.0000,-45.0000,-10.0000,-10.0000,-30.0000,-30.0000,-30.0000,-30.0000,-54.000,-54.000,-28.000,-28.000,-10.000,-10.000,-10.000,-10.000,-54.000,-54.000,-28.000,-28.000,-10.000,-10.000,-10.000,-10.000,0.0,0.0,0.0,0.0,0.0,0.0,0.0,0.0,0.0,0.0,0.0,0.0,0.0,0.0,0.0,0.0
1790303546.460855,12.370,-12.42218,-12.42218,-12.42218,-12.42218,-12.42218,-12.42218,-12.42218,0.04150,-12.42218,-12.42218,-12.42218,-12.42218,-12.42218,-12.42218,-12.42218,0.04150,-45.0000,-45.0000,-10.0000,-10.0000,-30.0000,-30.0000,-30.0000,-30.0000,-45.0000,-45.0000,-10.0000,-10.0000,-30.0000,-30.0000,-30.0000,-30.0000,-54.000,-54.000,-28.000,-28.000,-10.000,-10.000,-10.000,-10.000,-54.000,-54.000,-28.000,-28.000,-10.000,-10.000,-10.000,-10.000,0.0,0.0,0.0,0.0,0.0,0.0,0.0,0.0,0.0,0.0,0.0,0.0,0.0,0.0,0.0,0.0
1790303546.471194,12.380,-12.42218,-12.42218,-12.42218,-12.42218,-12.42218,-12.42218,-12.42218,0.04150,-12.42218,-12.42218,-12.42218,-12.42218,-12.42218,-12.42218,-12.42218,0.04150,-45.0000,-45.0000,-10.0000,-10.0000,-30.0000,-30.0000,-30.0000,-30.0000,-45.0000,-45.0000,-10.0000,-10.0000,-30.0000,-30.0000,-30.0000,-30.0000,-54.000,-54.000,-28.000,-28.000,-10.000,-10.000,-10.000,-10.000,-54.000,-54.000,-28.000,-28.000,-10.000,-10.000,-10.000,-10.000,0.0,0.0,0.0,0.0,0.0,0.0,0.0,0.0,0.0,0.0,0.0,0.0,0.0,0.0,0.0,0.0
1790303546.480651,12.390,-12.42218,-12.42218,-12.42218,-12.42218,-12.42218,-12.42218,-12.42218,0.04150,-12.42218,-12.42218,-12.42218,-12.42218,-12.42218,-12.42218,-12.42218,0.04150,-45.0000,-45.0000,-10.0000,-10.0000,-30.0000,-30.0000,-30.0000,-30.0000,-45.0000,-45.0000,-10.0000,-10.0000,-30.0000,-30.0000,-30.0000,-30.0000,-54.000,-54.000,-28.000,-28.000,-10.000,-10.000,-10.000,-10.000,-54.000,-54.000,-28.000,-28.000,-10.000,-10.000,-10.000,-10.000,0.0,0.0,0.0,0.0,0.0,0.0,0.0,0.0,0.0,0.0,0.0,0.0,0.0,0.0,0.0,0.0
1790303546.490971,12.400,-12.42218,-12.42218,-12.42218,-12.42218,-12.42218,-12.42218,-12.42218,0.04150,-12.42218,-12.42218,-12.42218,-12.42218,-12.42218,-12.42218,-12.42218,0.04150,-45.0000,-45.0000,-10.0000,-10.0000,-30.0000,-30.0000,-30.0000,-30.0000,-45.0000,-45.0000,-10.0000,-10.0000,-30.0000,-30.0000,-30.0000,-30.0000,-54.000,-54.000,-28.000,-28.000,-10.000,-10.000,-10.000,-10.000,-54.000,-54.000,-28.000,-28.000,-10.000,-10.000,-10.000,-10.000,0.0,0.0,0.0,0.0,0.0,0.0,0.0,0.0,0.0,0.0,0.0,0.0,0.0,0.0,0.0,0.0
1790303546.500677,12.410,-12.42218,-12.42218,-12.42218,-12.42218,-12.42218,-12.42218,-12.42218,0.04150,-12.42218,-12.42218,-12.42218,-12.42218,-12.42218,-12.42218,-12.42218,0.04150,-45.0000,-45.0000,-10.0000,-10.0000,-30.0000,-30.0000,-30.0000,-30.0000,-45.0000,-45.0000,-10.0000,-10.0000,-30.0000,-30.0000,-30.0000,-30.0000,-54.000,-54.000,-28.000,-28.000,-10.000,-10.000,-10.000,-10.000,-54.000,-54.000,-28.000,-28.000,-10.000,-10.000,-10.000,-10.000,0.0,0.0,0.0,0.0,0.0,0.0,0.0,0.0,0.0,0.0,0.0,0.0,0.0,0.0,0.0,0.0
1790303546.510940,12.420,-12.42218,-12.42218,-12.42218,-12.42218,-12.42218,-12.42218,-12.42218,0.04150,-12.42218,-12.42218,-12.42218,-12.42218,-12.42218,-12.42218,-12.42218,0.04150,-45.0000,-45.0000,-10.0000,-10.0000,-30.0000,-30.0000,-30.0000,-30.0000,-45.0000,-45.0000,-10.0000,-10.0000,-30.0000,-30.0000,-30.0000,-30.0000,-54.000,-54.000,-28.000,-28.000,-10.000,-10.000,-10.000,-10.000,-54.000,-54.000,-28.000,-28.000,-10.000,-10.000,-10.000,-10.000,0.0,0.0,0.0,0.0,0.0,0.0,0.0,0.0,0.0,0.0,0.0,0.0,0.0,0.0,0.0,0.0
1790303546.520575,12.429,-12.42218,-12.42218,-12.42218,-12.42218,-12.42218,-12.42218,-12.42218,0.04150,-12.42218,-12.42218,-12.42218,-12.42218,-12.42218,-12.42218,-12.42218,0.04150,-45.0000,-45.0000,-10.0000,-10.0000,-30.0000,-30.0000,-30.0000,-30.0000,-45.0000,-45.0000,-10.0000,-10.0000,-30.0000,-30.0000,-30.0000,-30.0000,-54.000,-54.000,-28.000,-28.000,-10.000,-10.000,-10.000,-10.000,-54.000,-54.000,-28.000,-28.000,-10.000,-10.000,-10.000,-10.000,0.0,0.0,0.0,0.0,0.0,0.0,0.0,0.0,0.0,0.0,0.0,0.0,0.0,0.0,0.0,0.0
1790303546.530833,12.440,-12.42218,-12.42218,-12.42218,-12.42218,-12.42218,-12.42218,-12.42218,0.04150,-12.42218,-12.42218,-12.42218,-12.42218,-12.42218,-12.42218,-12.42218,0.04150,-45.0000,-45.0000,-10.0000,-10.0000,-30.0000,-30.0000,-30.0000,-30.0000,-45.0000,-45.0000,-10.0000,-10.0000,-30.0000,-30.0000,-30.0000,-30.0000,-54.000,-54.000,-28.000,-28.000,-10.000,-10.000,-10.000,-10.000,-54.000,-54.000,-28.000,-28.000,-10.000,-10.000,-10.000,-10.000,0.0,0.0,0.0,0.0,0.0,0.0,0.0,0.0,0.0,0.0,0.0,0.0,0.0,0.0,0.0,0.0
1790303546.540704,12.450,-12.42218,-12.42218,-12.42218,-12.42218,-12.42218,-12.42218,-12.42218,0.04150,-12.42218,-12.42218,-12.42218,-12.42218,-12.42218,-12.42218,-12.42218,0.04150,-45.0000,-45.0000,-10.0000,-10.0000,-30.0000,-30.0000,-30.0000,-30.0000,-45.0000,-45.0000,-10.0000,-10.0000,-30.0000,-30.0000,-30.0000,-30.0000,-54.000,-54.000,-28.000,-28.000,-10.000,-10.000,-10.000,-10.000,-54.000,-54.000,-28.000,-28.000,-10.000,-10.000,-10.000,-10.000,0.0,0.0,0.0,0.0,0.0,0.0,0.0,0.0,0.0,0.0,0.0,0.0,0.0,0.0,0.0,0.0
1790303546.550449,12.459,-12.42218,-12.42218,-12.42218,-12.42218,-12.42218,-12.42218,-12.42218,0.04150,-12.42218,-12.42218,-12.42218,-12.42218,-12.42218,-12.42218,-12.42218,0.04150,-45.0000,-45.0000,-10.0000,-10.0000,-30.0000,-30.0000,-30.0000,-30.0000,-45.0000,-45.0000,-10.0000,-10.0000,-30.0000,-30.0000,-30.0000,-30.0000,-54.000,-54.000,-28.000,-28.000,-10.000,-10.000,-10.000,-10.000,-54.000,-54.000,-28.000,-28.000,-10.000,-10.000,-10.000,-10.000,0.0,0.0,0.0,0.0,0.0,0.0,0.0,0.0,0.0,0.0,0.0,0.0,0.0,0.0,0.0,0.0
1790303546.560672,12.470,-12.42218,-12.42218,-12.42218,-12.42218,-12.42218,-12.42218,-12.42218,0.04150,-12.42218,-12.42218,-12.42218,-12.42218,-12.42218,-12.42218,-12.42218,0.04150,-45.0000,-45.0000,-10.0000,-10.0000,-30.0000,-30.0000,-30.0000,-30.0000,-45.0000,-45.0000,-10.0000,-10.0000,-30.0000,-30.0000,-30.0000,-30.0000,-54.000,-54.000,-28.000,-28.000,-10.000,-10.000,-10.000,-10.000,-54.000,-54.000,-28.000,-28.000,-10.000,-10.000,-10.000,-10.000,0.0,0.0,0.0,0.0,0.0,0.0,0.0,0.0,0.0,0.0,0.0,0.0,0.0,0.0,0.0,0.0
1790303546.570819,12.480,-12.42218,-12.42218,-12.42218,-12.42218,-12.42218,-12.42218,-12.42218,0.04150,-12.42218,-12.42218,-12.42218,-12.42218,-12.42218,-12.42218,-12.42218,0.04150,-45.0000,-45.0000,-10.0000,-10.0000,-30.0000,-30.0000,-30.0000,-30.0000,-45.0000,-45.0000,-10.0000,-10.0000,-30.0000,-30.0000,-30.0000,-30.0000,-54.000,-54.000,-28.000,-28.000,-10.000,-10.000,-10.000,-10.000,-54.000,-54.000,-28.000,-28.000,-10.000,-10.000,-10.000,-10.000,0.0,0.0,0.0,0.0,0.0,0.0,0.0,0.0,0.0,0.0,0.0,0.0,0.0,0.0,0.0,0.0
1790303546.580638,12.490,-12.42218,-12.42218,-12.42218,-12.42218,-12.42218,-12.42218,-12.42218,0.04150,-12.42218,-12.42218,-12.42218,-12.42218,-12.42218,-12.42218,-12.42218,0.04150,-45.0000,-45.0000,-10.0000,-10.0000,-30.0000,-30.0000,-30.0000,-30.0000,-45.0000,-45.0000,-10.0000,-10.0000,-30.0000,-30.0000,-30.0000,-30.0000,-54.000,-54.000,-28.000,-28.000,-10.000,-10.000,-10.000,-10.000,-54.000,-54.000,-28.000,-28.000,-10.000,-10.000,-10.000,-10.000,0.0,0.0,0.0,0.0,0.0,0.0,0.0,0.0,0.0,0.0,0.0,0.0,0.0,0.0,0.0,0.0
1790303546.590852,12.500,-12.42218,-12.42218,-12.42218,-12.42218,-12.42218,-12.42218,-12.42218,0.04150,-12.42218,-12.42218,-12.42218,-12.42218,-12.42218,-12.42218,-12.42218,0.04150,-45.0000,-45.0000,-10.0000,-10.0000,-30.0000,-30.0000,-30.0000,-30.0000,-45.0000,-45.0000,-10.0000,-10.0000,-30.0000,-30.0000,-30.0000,-30.0000,-54.000,-54.000,-28.000,-28.000,-10.000,-10.000,-10.000,-10.000,-54.000,-54.000,-28.000,-28.000,-10.000,-10.000,-10.000,-10.000,0.0,0.0,0.0,0.0,0.0,0.0,0.0,0.0,0.0,0.0,0.0,0.0,0.0,0.0,0.0,0.0
1790303546.600609,12.509,-12.42218,-12.42218,-12.42218,-12.42218,-12.42218,-12.42218,-12.42218,0.04150,-12.42218,-12.42218,-12.42218,-12.42218,-12.42218,-12.42218,-12.42218,0.04150,-45.0000,-45.0000,-10.0000,-10.0000,-30.0000,-30.0000,-30.0000,-30.0000,-45.0000,-45.0000,-10.0000,-10.0000,-30.0000,-30.0000,-30.0000,-30.0000,-54.000,-54.000,-28.000,-28.000,-10.000,-10.000,-10.000,-10.000,-54.000,-54.000,-28.000,-28.000,-10.000,-10.000,-10.000,-10.000,0.0,0.0,0.0,0.0,0.0,0.0,0.0,0.0,0.0,0.0,0.0,0.0,0.0,0.0,0.0,0.0
1790303546.611027,12.520,-12.42218,-12.42218,-12.42218,-12.42218,-12.42218,-12.42218,-12.42218,0.04150,-12.42218,-12.42218,-12.42218,-12.42218,-12.42218,-12.42218,-12.42218,0.04150,-45.0000,-45.0000,-10.0000,-10.0000,-30.0000,-30.0000,-30.0000,-30.0000,-45.0000,-45.0000,-10.0000,-10.0000,-30.0000,-30.0000,-30.0000,-30.0000,-54.000,-54.000,-28.000,-28.000,-10.000,-10.000,-10.000,-10.000,-54.000,-54.000,-28.000,-28.000,-10.000,-10.000,-10.000,-10.000,0.0,0.0,0.0,0.0,0.0,0.0,0.0,0.0,0.0,0.0,0.0,0.0,0.0,0.0,0.0,0.0
1790303546.620711,12.530,-12.42218,-12.42218,-12.42218,-12.42218,-12.42218,-12.42218,-12.42218,0.04150,-12.42218,-12.42218,-12.42218,-12.42218,-12.42218,-12.42218,-12.42218,0.04150,-45.0000,-45.0000,-10.0000,-10.0000,-30.0000,-30.0000,-30.0000,-30.0000,-45.0000,-45.0000,-10.0000,-10.0000,-30.0000,-30.0000,-30.0000,-30.0000,-54.000,-54.000,-28.000,-28.000,-10.000,-10.000,-10.000,-10.000,-54.000,-54.000,-28.000,-28.000,-10.000,-10.000,-10.000,-10.000,0.0,0.0,0.0,0.0,0.0,0.0,0.0,0.0,0.0,0.0,0.0,0.0,0.0,0.0,0.0,0.0
1790303546.630800,12.540,-12.42218,-12.42218,-12.42218,-12.42218,-12.42218,-12.42218,-12.42218,0.04150,-12.42218,-12.42218,-12.42218,-12.42218,-12.42218,-12.42218,-12.42218,0.04150,-45.0000,-45.0000,-10.0000,-10.0000,-30.0000,-30.0000,-30.0000,-30.0000,-45.0000,-45.0000,-10.0000,-10.0000,-30.0000,-30.0000,-30.0000,-30.0000,-54.000,-54.000,-28.000,-28.000,-10.000,-10.000,-10.000,-10.000,-54.000,-54.000,-28.000,-28.000,-10.000,-10.000,-10.000,-10.000,0.0,0.0,0.0,0.0,0.0,0.0,0.0,0.0,0.0,0.0,0.0,0.0,0.0,0.0,0.0,0.0
1790303546.640651,12.550,-12.42218,-12.42218,-12.42218,-12.42218,-12.42218,-12.42218,-12.42218,0.04150,-12.42218,-12.42218,-12.42218,-12.42218,-12.42218,-12.42218,-12.42218,0.04150,-45.0000,-45.0000,-10.0000,-10.0000,-30.0000,-30.0000,-30.0000,-30.0000,-45.0000,-45.0000,-10.0000,-10.0000,-30.0000,-30.0000,-30.0000,-30.0000,-54.000,-54.000,-28.000,-28.000,-10.000,-10.000,-10.000,-10.000,-54.000,-54.000,-28.000,-28.000,-10.000,-10.000,-10.000,-10.000,0.0,0.0,0.0,0.0,0.0,0.0,0.0,0.0,0.0,0.0,0.0,0.0,0.0,0.0,0.0,0.0
1790303546.650888,12.560,-12.42218,-12.42218,-12.42218,-12.42218,-12.42218,-12.42218,-12.42218,0.04150,-12.42218,-12.42218,-12.42218,-12.42218,-12.42218,-12.42218,-12.42218,0.04150,-45.0000,-45.0000,-10.0000,-10.0000,-30.0000,-30.0000,-30.0000,-30.0000,-45.0000,-45.0000,-10.0000,-10.0000,-30.0000,-30.0000,-30.0000,-30.0000,-54.000,-54.000,-28.000,-28.000,-10.000,-10.000,-10.000,-10.000,-54.000,-54.000,-28.000,-28.000,-10.000,-10.000,-10.000,-10.000,0.0,0.0,0.0,0.0,0.0,0.0,0.0,0.0,0.0,0.0,0.0,0.0,0.0,0.0,0.0,0.0
1790303546.661168,12.570,-12.42218,-12.42218,-12.42218,-12.42218,-12.42218,-12.42218,-12.42218,0.04150,-12.42218,-12.42218,-12.42218,-12.42218,-12.42218,-12.42218,-12.42218,0.04150,-45.0000,-45.0000,-10.0000,-10.0000,-30.0000,-30.0000,-30.0000,-30.0000,-45.0000,-45.0000,-10.0000,-10.0000,-30.0000,-30.0000,-30.0000,-30.0000,-54.000,-54.000,-28.000,-28.000,-10.000,-10.000,-10.000,-10.000,-54.000,-54.000,-28.000,-28.000,-10.000,-10.000,-10.000,-10.000,0.0,0.0,0.0,0.0,0.0,0.0,0.0,0.0,0.0,0.0,0.0,0.0,0.0,0.0,0.0,0.0
1790303546.670563,12.579,-12.42218,-12.42218,-12.42218,-12.42218,-12.42218,-12.42218,-12.42218,0.04150,-12.42218,-12.42218,-12.42218,-12.42218,-12.42218,-12.42218,-12.42218,0.04150,-45.0000,-45.0000,-10.0000,-10.0000,-30.0000,-30.0000,-30.0000,-30.0000,-45.0000,-45.0000,-10.0000,-10.0000,-30.0000,-30.0000,-30.0000,-30.0000,-54.000,-54.000,-28.000,-28.000,-10.000,-10.000,-10.000,-10.000,-54.000,-54.000,-28.000,-28.000,-10.000,-10.000,-10.000,-10.000,0.0,0.0,0.0,0.0,0.0,0.0,0.0,0.0,0.0,0.0,0.0,0.0,0.0,0.0,0.0,0.0
1790303546.680286,12.589,-12.42218,-12.42218,-12.42218,-12.42218,-12.42218,-12.42218,-12.42218,0.04150,-12.42218,-12.42218,-12.42218,-12.42218,-12.42218,-12.42218,-12.42218,0.04150,-45.0000,-45.0000,-10.0000,-10.0000,-30.0000,-30.0000,-30.0000,-30.0000,-45.0000,-45.0000,-10.0000,-10.0000,-30.0000,-30.0000,-30.0000,-30.0000,-54.000,-54.000,-28.000,-28.000,-10.000,-10.000,-10.000,-10.000,-54.000,-54.000,-28.000,-28.000,-10.000,-10.000,-10.000,-10.000,0.0,0.0,0.0,0.0,0.0,0.0,0.0,0.0,0.0,0.0,0.0,0.0,0.0,0.0,0.0,0.0
1790303546.690852,12.600,-12.42218,-12.42218,-12.42218,-12.42218,-12.42218,-12.42218,-12.42218,0.04150,-12.42218,-12.42218,-12.42218,-12.42218,-12.42218,-12.42218,-12.42218,0.04150,-45.0000,-45.0000,-10.0000,-10.0000,-30.0000,-30.0000,-30.0000,-30.0000,-45.0000,-45.0000,-10.0000,-10.0000,-30.0000,-30.0000,-30.0000,-30.0000,-54.000,-54.000,-28.000,-28.000,-10.000,-10.000,-10.000,-10.000,-54.000,-54.000,-28.000,-28.000,-10.000,-10.000,-10.000,-10.000,0.0,0.0,0.0,0.0,0.0,0.0,0.0,0.0,0.0,0.0,0.0,0.0,0.0,0.0,0.0,0.0
1790303546.700782,12.610,-12.42218,-12.42218,-12.42218,-12.42218,-12.42218,-12.42218,-12.42218,0.04150,-12.42218,-12.42218,-12.42218,-12.42218,-12.42218,-12.42218,-12.42218,0.04150,-45.0000,-45.0000,-10.0000,-10.0000,-30.0000,-30.0000,-30.0000,-30.0000,-45.0000,-45.0000,-10.0000,-10.0000,-30.0000,-30.0000,-30.0000,-30.0000,-54.000,-54.000,-28.000,-28.000,-10.000,-10.000,-10.000,-10.000,-54.000,-54.000,-28.000,-28.000,-10.000,-10.000,-10.000,-10.000,0.0,0.0,0.0,0.0,0.0,0.0,0.0,0.0,0.0,0.0,0.0,0.0,0.0,0.0,0.0,0.0
1790303546.711015,12.620,-12.42218,-12.42218,-12.42218,-12.42218,-12.42218,-12.42218,-12.42218,0.04150,-12.42218,-12.42218,-12.42218,-12.42218,-12.42218,-12.42218,-12.42218,0.04150,-45.0000,-45.0000,-10.0000,-10.0000,-30.0000,-30.0000,-30.0000,-30.0000,-45.0000,-45.0000,-10.0000,-10.0000,-30.0000,-30.0000,-30.0000,-30.0000,-54.000,-54.000,-28.000,-28.000,-10.000,-10.000,-10.000,-10.000,-54.000,-54.000,-28.000,-28.000,-10.000,-10.000,-10.000,-10.000,0.0,0.0,0.0,0.0,0.0,0.0,0.0,0.0,0.0,0.0,0.0,0.0,0.0,0.0,0.0,0.0
1790303546.724273,12.633,-12.42218,-12.42218,-12.42218,-12.42218,-12.42218,-12.42218,-12.42218,0.04150,-12.42218,-12.42218,-12.42218,-12.42218,-12.42218,-12.42218,-12.42218,0.04150,-45.0000,-45.0000,-10.0000,-10.0000,-30.0000,-30.0000,-30.0000,-30.0000,-45.0000,-45.0000,-10.0000,-10.0000,-30.0000,-30.0000,-30.0000,-30.0000,-54.000,-54.000,-28.000,-28.000,-10.000,-10.000,-10.000,-10.000,-54.000,-54.000,-28.000,-28.000,-10.000,-10.000,-10.000,-10.000,0.0,0.0,0.0,0.0,0.0,0.0,0.0,0.0,0.0,0.0,0.0,0.0,0.0,0.0,0.0,0.0
1790303546.731117,12.640,-12.42218,-12.42218,-12.42218,-12.42218,-12.42218,-12.42218,-12.42218,0.04150,-12.42218,-12.42218,-12.42218,-12.42218,-12.42218,-12.42218,-12.42218,0.04150,-45.0000,-45.0000,-10.0000,-10.0000,-30.0000,-30.0000,-30.0000,-30.0000,-45.0000,-45.0000,-10.0000,-10.0000,-30.0000,-30.0000,-30.0000,-30.0000,-54.000,-54.000,-28.000,-28.000,-10.000,-10.000,-10.000,-10.000,-54.000,-54.000,-28.000,-28.000,-10.000,-10.000,-10.000,-10.000,0.0,0.0,0.0,0.0,0.0,0.0,0.0,0.0,0.0,0.0,0.0,0.0,0.0,0.0,0.0,0.0
1790303546.740330,12.649,-12.42218,-12.42218,-12.42218,-12.42218,-12.42218,-12.42218,-12.42218,0.04150,-12.42218,-12.42218,-12.42218,-12.42218,-12.42218,-12.42218,-12.42218,0.04150,-45.0000,-45.0000,-10.0000,-10.0000,-30.0000,-30.0000,-30.0000,-30.0000,-45.0000,-45.0000,-10.0000,-10.0000,-30.0000,-30.0000,-30.0000,-30.0000,-54.000,-54.000,-28.000,-28.000,-10.000,-10.000,-10.000,-10.000,-54.000,-54.000,-28.000,-28.000,-10.000,-10.000,-10.000,-10.000,0.0,0.0,0.0,0.0,0.0,0.0,0.0,0.0,0.0,0.0,0.0,0.0,0.0,0.0,0.0,0.0
1790303546.750970,12.660,-12.42218,-12.42218,-12.42218,-12.42218,-12.42218,-12.42218,-12.42218,0.04150,-12.42218,-12.42218,-12.42218,-12.42218,-12.42218,-12.42218,-12.42218,0.04150,-45.0000,-45.0000,-10.0000,-10.0000,-30.0000,-30.0000,-30.0000,-30.0000,-45.0000,-45.0000,-10.0000,-10.0000,-30.0000,-30.0000,-30.0000,-30.0000,-54.000,-54.000,-28.000,-28.000,-10.000,-10.000,-10.000,-10.000,-54.000,-54.000,-28.000,-28.000,-10.000,-10.000,-10.000,-10.000,0.0,0.0,0.0,0.0,0.0,0.0,0.0,0.0,0.0,0.0,0.0,0.0,0.0,0.0,0.0,0.0
1790303546.760823,12.670,-12.42218,-12.42218,-12.42218,-12.42218,-12.42218,-12.42218,-12.42218,0.04150,-12.42218,-12.42218,-12.42218,-12.42218,-12.42218,-12.42218,-12.42218,0.04150,-45.0000,-45.0000,-10.0000,-10.0000,-30.0000,-30.0000,-30.0000,-30.0000,-45.0000,-45.0000,-10.0000,-10.0000,-30.0000,-30.0000,-30.0000,-30.0000,-54.000,-54.000,-28.000,-28.000,-10.000,-10.000,-10.000,-10.000,-54.000,-54.000,-28.000,-28.000,-10.000,-10.000,-10.000,-10.000,0.0,0.0,0.0,0.0,0.0,0.0,0.0,0.0,0.0,0.0,0.0,0.0,0.0,0.0,0.0,0.0
1790303546.770491,12.679,-12.42218,-12.42218,-12.42218,-12.42218,-12.42218,-12.42218,-12.42218,0.04150,-12.42218,-12.42218,-12.42218,-12.42218,-12.42218,-12.42218,-12.42218,0.04150,-45.0000,-45.0000,-10.0000,-10.0000,-30.0000,-30.0000,-30.0000,-30.0000,-45.0000,-45.0000,-10.0000,-10.0000,-30.0000,-30.0000,-30.0000,-30.0000,-54.000,-54.000,-28.000,-28.000,-10.000,-10.000,-10.000,-10.000,-54.000,-54.000,-28.000,-28.000,-10.000,-10.000,-10.000,-10.000,0.0,0.0,0.0,0.0,0.0,0.0,0.0,0.0,0.0,0.0,0.0,0.0,0.0,0.0,0.0,0.0
1790303546.780746,12.690,-12.42218,-12.42218,-12.42218,-12.42218,-12.42218,-12.42218,-12.42218,0.04150,-12.42218,-12.42218,-12.42218,-12.42218,-12.42218,-12.42218,-12.42218,0.04150,-45.0000,-45.0000,-10.0000,-10.0000,-30.0000,-30.0000,-30.0000,-30.0000,-45.0000,-45.0000,-10.0000,-10.0000,-30.0000,-30.0000,-30.0000,-30.0000,-54.000,-54.000,-28.000,-28.000,-10.000,-10.000,-10.000,-10.000,-54.000,-54.000,-28.000,-28.000,-10.000,-10.000,-10.000,-10.000,0.0,0.0,0.0,0.0,0.0,0.0,0.0,0.0,0.0,0.0,0.0,0.0,0.0,0.0,0.0,0.0
1790303546.790933,12.700,-12.42218,-12.42218,-12.42218,-12.42218,-12.42218,-12.42218,-12.42218,0.04150,-12.42218,-12.42218,-12.42218,-12.42218,-12.42218,-12.42218,-12.42218,0.04150,-45.0000,-45.0000,-10.0000,-10.0000,-30.0000,-30.0000,-30.0000,-30.0000,-45.0000,-45.0000,-10.0000,-10.0000,-30.0000,-30.0000,-30.0000,-30.0000,-54.000,-54.000,-28.000,-28.000,-10.000,-10.000,-10.000,-10.000,-54.000,-54.000,-28.000,-28.000,-10.000,-10.000,-10.000,-10.000,0.0,0.0,0.0,0.0,0.0,0.0,0.0,0.0,0.0,0.0,0.0,0.0,0.0,0.0,0.0,0.0
1790303546.800596,12.709,-12.42218,-12.42218,-12.42218,-12.42218,-12.42218,-12.42218,-12.42218,0.04150,-12.42218,-12.42218,-12.42218,-12.42218,-12.42218,-12.42218,-12.42218,0.04150,-45.0000,-45.0000,-10.0000,-10.0000,-30.0000,-30.0000,-30.0000,-30.0000,-45.0000,-45.0000,-10.0000,-10.0000,-30.0000,-30.0000,-30.0000,-30.0000,-54.000,-54.000,-28.000,-28.000,-10.000,-10.000,-10.000,-10.000,-54.000,-54.000,-28.000,-28.000,-10.000,-10.000,-10.000,-10.000,0.0,0.0,0.0,0.0,0.0,0.0,0.0,0.0,0.0,0.0,0.0,0.0,0.0,0.0,0.0,0.0
1790303546.810573,12.719,-12.42218,-12.42218,-12.42218,-12.42218,-12.42218,-12.42218,-12.42218,0.04150,-12.42218,-12.42218,-12.42218,-12.42218,-12.42218,-12.42218,-12.42218,0.04150,-45.0000,-45.0000,-10.0000,-10.0000,-30.0000,-30.0000,-30.0000,-30.0000,-45.0000,-45.0000,-10.0000,-10.0000,-30.0000,-30.0000,-30.0000,-30.0000,-54.000,-54.000,-28.000,-28.000,-10.000,-10.000,-10.000,-10.000,-54.000,-54.000,-28.000,-28.000,-10.000,-10.000,-10.000,-10.000,0.0,0.0,0.0,0.0,0.0,0.0,0.0,0.0,0.0,0.0,0.0,0.0,0.0,0.0,0.0,0.0
1790303546.820707,12.730,-12.42218,-12.42218,-12.42218,-12.42218,-12.42218,-12.42218,-12.42218,0.04150,-12.42218,-12.42218,-12.42218,-12.42218,-12.42218,-12.42218,-12.42218,0.04150,-45.0000,-45.0000,-10.0000,-10.0000,-30.0000,-30.0000,-30.0000,-30.0000,-45.0000,-45.0000,-10.0000,-10.0000,-30.0000,-30.0000,-30.0000,-30.0000,-54.000,-54.000,-28.000,-28.000,-10.000,-10.000,-10.000,-10.000,-54.000,-54.000,-28.000,-28.000,-10.000,-10.000,-10.000,-10.000,0.0,0.0,0.0,0.0,0.0,0.0,0.0,0.0,0.0,0.0,0.0,0.0,0.0,0.0,0.0,0.0
1790303546.834983,12.744,-12.42218,-12.42218,-12.42218,-12.42218,-12.42218,-12.42218,-12.42218,0.04150,-12.42218,-12.42218,-12.42218,-12.42218,-12.42218,-12.42218,-12.42218,0.04150,-45.0000,-45.0000,-10.0000,-10.0000,-30.0000,-30.0000,-30.0000,-30.0000,-45.0000,-45.0000,-10.0000,-10.0000,-30.0000,-30.0000,-30.0000,-30.0000,-54.000,-54.000,-28.000,-28.000,-10.000,-10.000,-10.000,-10.000,-54.000,-54.000,-28.000,-28.000,-10.000,-10.000,-10.000,-10.000,0.0,0.0,0.0,0.0,0.0,0.0,0.0,0.0,0.0,0.0,0.0,0.0,0.0,0.0,0.0,0.0
1790303546.840300,12.749,-12.42218,-12.42218,-12.42218,-12.42218,-12.42218,-12.42218,-12.42218,0.04150,-12.42218,-12.42218,-12.42218,-12.42218,-12.42218,-12.42218,-12.42218,0.04150,-45.0000,-45.0000,-10.0000,-10.0000,-30.0000,-30.0000,-30.0000,-30.0000,-45.0000,-45.0000,-10.0000,-10.0000,-30.0000,-30.0000,-30.0000,-30.0000,-54.000,-54.000,-28.000,-28.000,-10.000,-10.000,-10.000,-10.000,-54.000,-54.000,-28.000,-28.000,-10.000,-10.000,-10.000,-10.000,0.0,0.0,0.0,0.0,0.0,0.0,0.0,0.0,0.0,0.0,0.0,0.0,0.0,0.0,0.0,0.0
1790303546.850715,12.760,-12.42218,-12.42218,-12.42218,-12.42218,-12.42218,-12.42218,-12.42218,0.04150,-12.42218,-12.42218,-12.42218,-12.42218,-12.42218,-12.42218,-12.42218,0.04150,-45.0000,-45.0000,-10.0000,-10.0000,-30.0000,-30.0000,-30.0000,-30.0000,-45.0000,-45.0000,-10.0000,-10.0000,-30.0000,-30.0000,-30.0000,-30.0000,-54.000,-54.000,-28.000,-28.000,-10.000,-10.000,-10.000,-10.000,-54.000,-54.000,-28.000,-28.000,-10.000,-10.000,-10.000,-10.000,0.0,0.0,0.0,0.0,0.0,0.0,0.0,0.0,0.0,0.0,0.0,0.0,0.0,0.0,0.0,0.0
1790303546.860687,12.770,-12.42218,-12.42218,-12.42218,-12.42218,-12.42218,-12.42218,-12.42218,0.04150,-12.42218,-12.42218,-12.42218,-12.42218,-12.42218,-12.42218,-12.42218,0.04150,-45.0000,-45.0000,-10.0000,-10.0000,-30.0000,-30.0000,-30.0000,-30.0000,-45.0000,-45.0000,-10.0000,-10.0000,-30.0000,-30.0000,-30.0000,-30.0000,-54.000,-54.000,-28.000,-28.000,-10.000,-10.000,-10.000,-10.000,-54.000,-54.000,-28.000,-28.000,-10.000,-10.000,-10.000,-10.000,0.0,0.0,0.0,0.0,0.0,0.0,0.0,0.0,0.0,0.0,0.0,0.0,0.0,0.0,0.0,0.0
1790303546.870938,12.780,-12.42218,-12.42218,-12.42218,-12.42218,-12.42218,-12.42218,-12.42218,0.04150,-12.42218,-12.42218,-12.42218,-12.42218,-12.42218,-12.42218,-12.42218,0.04150,-45.0000,-45.0000,-10.0000,-10.0000,-30.0000,-30.0000,-30.0000,-30.0000,-45.0000,-45.0000,-10.0000,-10.0000,-30.0000,-30.0000,-30.0000,-30.0000,-54.000,-54.000,-28.000,-28.000,-10.000,-10.000,-10.000,-10.000,-54.000,-54.000,-28.000,-28.000,-10.000,-10.000,-10.000,-10.000,0.0,0.0,0.0,0.0,0.0,0.0,0.0,0.0,0.0,0.0,0.0,0.0,0.0,0.0,0.0,0.0
1790303546.880835,12.790,-12.42218,-12.42218,-12.42218,-12.42218,-12.42218,-12.42218,-12.42218,0.04150,-12.42218,-12.42218,-12.42218,-12.42218,-12.42218,-12.42218,-12.42218,0.04150,-45.0000,-45.0000,-10.0000,-10.0000,-30.0000,-30.0000,-30.0000,-30.0000,-45.0000,-45.0000,-10.0000,-10.0000,-30.0000,-30.0000,-30.0000,-30.0000,-54.000,-54.000,-28.000,-28.000,-10.000,-10.000,-10.000,-10.000,-54.000,-54.000,-28.000,-28.000,-10.000,-10.000,-10.000,-10.000,0.0,0.0,0.0,0.0,0.0,0.0,0.0,0.0,0.0,0.0,0.0,0.0,0.0,0.0,0.0,0.0
1790303546.890794,12.800,-12.42218,-12.42218,-12.42218,-12.42218,-12.42218,-12.42218,-12.42218,0.04150,-12.42218,-12.42218,-12.42218,-12.42218,-12.42218,-12.42218,-12.42218,0.04150,-45.0000,-45.0000,-10.0000,-10.0000,-30.0000,-30.0000,-30.0000,-30.0000,-45.0000,-45.0000,-10.0000,-10.0000,-30.0000,-30.0000,-30.0000,-30.0000,-54.000,-54.000,-28.000,-28.000,-10.000,-10.000,-10.000,-10.000,-54.000,-54.000,-28.000,-28.000,-10.000,-10.000,-10.000,-10.000,0.0,0.0,0.0,0.0,0.0,0.0,0.0,0.0,0.0,0.0,0.0,0.0,0.0,0.0,0.0,0.0
1790303546.900834,12.810,-12.42218,-12.42218,-12.42218,-12.42218,-12.42218,-12.42218,-12.42218,0.04150,-12.42218,-12.42218,-12.42218,-12.42218,-12.42218,-12.42218,-12.42218,0.04150,-45.0000,-45.0000,-10.0000,-10.0000,-30.0000,-30.0000,-30.0000,-30.0000,-45.0000,-45.0000,-10.0000,-10.0000,-30.0000,-30.0000,-30.0000,-30.0000,-54.000,-54.000,-28.000,-28.000,-10.000,-10.000,-10.000,-10.000,-54.000,-54.000,-28.000,-28.000,-10.000,-10.000,-10.000,-10.000,0.0,0.0,0.0,0.0,0.0,0.0,0.0,0.0,0.0,0.0,0.0,0.0,0.0,0.0,0.0,0.0
1790303546.911305,12.820,-12.42218,-12.42218,-12.42218,-12.42218,-12.42218,-12.42218,-12.42218,0.04150,-12.42218,-12.42218,-12.42218,-12.42218,-12.42218,-12.42218,-12.42218,0.04150,-45.0000,-45.0000,-10.0000,-10.0000,-30.0000,-30.0000,-30.0000,-30.0000,-45.0000,-45.0000,-10.0000,-10.0000,-30.0000,-30.0000,-30.0000,-30.0000,-54.000,-54.000,-28.000,-28.000,-10.000,-10.000,-10.000,-10.000,-54.000,-54.000,-28.000,-28.000,-10.000,-10.000,-10.000,-10.000,0.0,0.0,0.0,0.0,0.0,0.0,0.0,0.0,0.0,0.0,0.0,0.0,0.0,0.0,0.0,0.0
1790303546.920648,12.830,-12.42218,-12.42218,-12.42218,-12.42218,-12.42218,-12.42218,-12.42218,0.04150,-12.42218,-12.42218,-12.42218,-12.42218,-12.42218,-12.42218,-12.42218,0.04150,-45.0000,-45.0000,-10.0000,-10.0000,-30.0000,-30.0000,-30.0000,-30.0000,-45.0000,-45.0000,-10.0000,-10.0000,-30.0000,-30.0000,-30.0000,-30.0000,-54.000,-54.000,-28.000,-28.000,-10.000,-10.000,-10.000,-10.000,-54.000,-54.000,-28.000,-28.000,-10.000,-10.000,-10.000,-10.000,0.0,0.0,0.0,0.0,0.0,0.0,0.0,0.0,0.0,0.0,0.0,0.0,0.0,0.0,0.0,0.0
1790303546.930967,12.840,-12.42218,-12.42218,-12.42218,-12.42218,-12.42218,-12.42218,-12.42218,0.04150,-12.42218,-12.42218,-12.42218,-12.42218,-12.42218,-12.42218,-12.42218,0.04150,-45.0000,-45.0000,-10.0000,-10.0000,-30.0000,-30.0000,-30.0000,-30.0000,-45.0000,-45.0000,-10.0000,-10.0000,-30.0000,-30.0000,-30.0000,-30.0000,-54.000,-54.000,-28.000,-28.000,-10.000,-10.000,-10.000,-10.000,-54.000,-54.000,-28.000,-28.000,-10.000,-10.000,-10.000,-10.000,0.0,0.0,0.0,0.0,0.0,0.0,0.0,0.0,0.0,0.0,0.0,0.0,0.0,0.0,0.0,0.0
1790303546.944702,12.854,-12.42218,-12.42218,-12.42218,-12.42218,-12.42218,-12.42218,-12.42218,0.04150,-12.42218,-12.42218,-12.42218,-12.42218,-12.42218,-12.42218,-12.42218,0.04150,-45.0000,-45.0000,-10.0000,-10.0000,-30.0000,-30.0000,-30.0000,-30.0000,-45.0000,-45.0000,-10.0000,-10.0000,-30.0000,-30.0000,-30.0000,-30.0000,-54.000,-54.000,-28.000,-28.000,-10.000,-10.000,-10.000,-10.000,-54.000,-54.000,-28.000,-28.000,-10.000,-10.000,-10.000,-10.000,0.0,0.0,0.0,0.0,0.0,0.0,0.0,0.0,0.0,0.0,0.0,0.0,0.0,0.0,0.0,0.0
1790303546.951452,12.860,-12.42218,-12.42218,-12.42218,-12.42218,-12.42218,-12.42218,-12.42218,0.04150,-12.42218,-12.42218,-12.42218,-12.42218,-12.42218,-12.42218,-12.42218,0.04150,-45.0000,-45.0000,-10.0000,-10.0000,-30.0000,-30.0000,-30.0000,-30.0000,-45.0000,-45.0000,-10.0000,-10.0000,-30.0000,-30.0000,-30.0000,-30.0000,-54.000,-54.000,-28.000,-28.000,-10.000,-10.000,-10.000,-10.000,-54.000,-54.000,-28.000,-28.000,-10.000,-10.000,-10.000,-10.000,0.0,0.0,0.0,0.0,0.0,0.0,0.0,0.0,0.0,0.0,0.0,0.0,0.0,0.0,0.0,0.0
1790303546.961430,12.870,-12.42218,-12.42218,-12.42218,-12.42218,-12.42218,-12.42218,-12.42218,0.04150,-12.42218,-12.42218,-12.42218,-12.42218,-12.42218,-12.42218,-12.42218,0.04150,-45.0000,-45.0000,-10.0000,-10.0000,-30.0000,-30.0000,-30.0000,-30.0000,-45.0000,-45.0000,-10.0000,-10.0000,-30.0000,-30.0000,-30.0000,-30.0000,-54.000,-54.000,-28.000,-28.000,-10.000,-10.000,-10.000,-10.000,-54.000,-54.000,-28.000,-28.000,-10.000,-10.000,-10.000,-10.000,0.0,0.0,0.0,0.0,0.0,0.0,0.0,0.0,0.0,0.0,0.0,0.0,0.0,0.0,0.0,0.0
1790303546.970453,12.879,-12.42218,-12.42218,-12.42218,-12.42218,-12.42218,-12.42218,-12.42218,0.04150,-12.42218,-12.42218,-12.42218,-12.42218,-12.42218,-12.42218,-12.42218,0.04150,-45.0000,-45.0000,-10.0000,-10.0000,-30.0000,-30.0000,-30.0000,-30.0000,-45.0000,-45.0000,-10.0000,-10.0000,-30.0000,-30.0000,-30.0000,-30.0000,-54.000,-54.000,-28.000,-28.000,-10.000,-10.000,-10.000,-10.000,-54.000,-54.000,-28.000,-28.000,-10.000,-10.000,-10.000,-10.000,0.0,0.0,0.0,0.0,0.0,0.0,0.0,0.0,0.0,0.0,0.0,0.0,0.0,0.0,0.0,0.0
1790303546.980626,12.890,-12.42218,-12.42218,-12.42218,-12.42218,-12.42218,-12.42218,-12.42218,0.04150,-12.42218,-12.42218,-12.42218,-12.42218,-12.42218,-12.42218,-12.42218,0.04150,-45.0000,-45.0000,-10.0000,-10.0000,-30.0000,-30.0000,-30.0000,-30.0000,-45.0000,-45.0000,-10.0000,-10.0000,-30.0000,-30.0000,-30.0000,-30.0000,-54.000,-54.000,-28.000,-28.000,-10.000,-10.000,-10.000,-10.000,-54.000,-54.000,-28.000,-28.000,-10.000,-10.000,-10.000,-10.000,0.0,0.0,0.0,0.0,0.0,0.0,0.0,0.0,0.0,0.0,0.0,0.0,0.0,0.0,0.0,0.0
1790303546.990834,12.900,-12.42218,-12.42218,-12.42218,-12.42218,-12.42218,-12.42218,-12.42218,0.04150,-12.42218,-12.42218,-12.42218,-12.42218,-12.42218,-12.42218,-12.42218,0.04150,-45.0000,-45.0000,-10.0000,-10.0000,-30.0000,-30.0000,-30.0000,-30.0000,-45.0000,-45.0000,-10.0000,-10.0000,-30.0000,-30.0000,-30.0000,-30.0000,-54.000,-54.000,-28.000,-28.000,-10.000,-10.000,-10.000,-10.000,-54.000,-54.000,-28.000,-28.000,-10.000,-10.000,-10.000,-10.000,0.0,0.0,0.0,0.0,0.0,0.0,0.0,0.0,0.0,0.0,0.0,0.0,0.0,0.0,0.0,0.0
1790303547.000710,12.910,-12.42218,-12.42218,-12.42218,-12.42218,-12.42218,-12.42218,-12.42218,0.04150,-12.42218,-12.42218,-12.42218,-12.42218,-12.42218,-12.42218,-12.42218,0.04150,-45.0000,-45.0000,-10.0000,-10.0000,-30.0000,-30.0000,-30.0000,-30.0000,-45.0000,-45.0000,-10.0000,-10.0000,-30.0000,-30.0000,-30.0000,-30.0000,-54.000,-54.000,-28.000,-28.000,-10.000,-10.000,-10.000,-10.000,-54.000,-54.000,-28.000,-28.000,-10.000,-10.000,-10.000,-10.000,0.0,0.0,0.0,0.0,0.0,0.0,0.0,0.0,0.0,0.0,0.0,0.0,0.0,0.0,0.0,0.0
1790303547.010739,12.920,-12.42218,-12.42218,-12.42218,-12.42218,-12.42218,-12.42218,-12.42218,0.04150,-12.42218,-12.42218,-12.42218,-12.42218,-12.42218,-12.42218,-12.42218,0.04150,-45.0000,-45.0000,-10.0000,-10.0000,-30.0000,-30.0000,-30.0000,-30.0000,-45.0000,-45.0000,-10.0000,-10.0000,-30.0000,-30.0000,-30.0000,-30.0000,-54.000,-54.000,-28.000,-28.000,-10.000,-10.000,-10.000,-10.000,-54.000,-54.000,-28.000,-28.000,-10.000,-10.000,-10.000,-10.000,0.0,0.0,0.0,0.0,0.0,0.0,0.0,0.0,0.0,0.0,0.0,0.0,0.0,0.0,0.0,0.0
1790303547.020631,12.930,-12.42218,-12.42218,-12.42218,-12.42218,-12.42218,-12.42218,-12.42218,0.04150,-12.42218,-12.42218,-12.42218,-12.42218,-12.42218,-12.42218,-12.42218,0.04150,-45.0000,-45.0000,-10.0000,-10.0000,-30.0000,-30.0000,-30.0000,-30.0000,-45.0000,-45.0000,-10.0000,-10.0000,-30.0000,-30.0000,-30.0000,-30.0000,-54.000,-54.000,-28.000,-28.000,-10.000,-10.000,-10.000,-10.000,-54.000,-54.000,-28.000,-28.000,-10.000,-10.000,-10.000,-10.000,0.0,0.0,0.0,0.0,0.0,0.0,0.0,0.0,0.0,0.0,0.0,0.0,0.0,0.0,0.0,0.0
1790303547.030898,12.940,-12.42218,-12.42218,-12.42218,-12.42218,-12.42218,-12.42218,-12.42218,0.04150,-12.42218,-12.42218,-12.42218,-12.42218,-12.42218,-12.42218,-12.42218,0.04150,-45.0000,-45.0000,-10.0000,-10.0000,-30.0000,-30.0000,-30.0000,-30.0000,-45.0000,-45.0000,-10.0000,-10.0000,-30.0000,-30.0000,-30.0000,-30.0000,-54.000,-54.000,-28.000,-28.000,-10.000,-10.000,-10.000,-10.000,-54.000,-54.000,-28.000,-28.000,-10.000,-10.000,-10.000,-10.000,0.0,0.0,0.0,0.0,0.0,0.0,0.0,0.0,0.0,0.0,0.0,0.0,0.0,0.0,0.0,0.0
1790303547.040684,12.950,-12.42218,-12.42218,-12.42218,-12.42218,-12.42218,-12.42218,-12.42218,0.04150,-12.42218,-12.42218,-12.42218,-12.42218,-12.42218,-12.42218,-12.42218,0.04150,-45.0000,-45.0000,-10.0000,-10.0000,-30.0000,-30.0000,-30.0000,-30.0000,-45.0000,-45.0000,-10.0000,-10.0000,-30.0000,-30.0000,-30.0000,-30.0000,-54.000,-54.000,-28.000,-28.000,-10.000,-10.000,-10.000,-10.000,-54.000,-54.000,-28.000,-28.000,-10.000,-10.000,-10.000,-10.000,0.0,0.0,0.0,0.0,0.0,0.0,0.0,0.0,0.0,0.0,0.0,0.0,0.0,0.0,0.0,0.0
1790303547.050896,12.960,-12.42218,-12.42218,-12.42218,-12.42218,-12.42218,-12.42218,-12.42218,0.04150,-12.42218,-12.42218,-12.42218,-12.42218,-12.42218,-12.42218,-12.42218,0.04150,-45.0000,-45.0000,-10.0000,-10.0000,-30.0000,-30.0000,-30.0000,-30.0000,-45.0000,-45.0000,-10.0000,-10.0000,-30.0000,-30.0000,-30.0000,-30.0000,-54.000,-54.000,-28.000,-28.000,-10.000,-10.000,-10.000,-10.000,-54.000,-54.000,-28.000,-28.000,-10.000,-10.000,-10.000,-10.000,0.0,0.0,0.0,0.0,0.0,0.0,0.0,0.0,0.0,0.0,0.0,0.0,0.0,0.0,0.0,0.0
1790303547.061170,12.970,-12.42218,-12.42218,-12.42218,-12.42218,-12.42218,-12.42218,-12.42218,0.04150,-12.42218,-12.42218,-12.42218,-12.42218,-12.42218,-12.42218,-12.42218,0.04150,-45.0000,-45.0000,-10.0000,-10.0000,-30.0000,-30.0000,-30.0000,-30.0000,-45.0000,-45.0000,-10.0000,-10.0000,-30.0000,-30.0000,-30.0000,-30.0000,-54.000,-54.000,-28.000,-28.000,-10.000,-10.000,-10.000,-10.000,-54.000,-54.000,-28.000,-28.000,-10.000,-10.000,-10.000,-10.000,0.0,0.0,0.0,0.0,0.0,0.0,0.0,0.0,0.0,0.0,0.0,0.0,0.0,0.0,0.0,0.0
1790303547.071055,12.980,-12.42218,-12.42218,-12.42218,-12.42218,-12.42218,-12.42218,-12.42218,0.04150,-12.42218,-12.42218,-12.42218,-12.42218,-12.42218,-12.42218,-12.42218,0.04150,-45.0000,-45.0000,-10.0000,-10.0000,-30.0000,-30.0000,-30.0000,-30.0000,-45.0000,-45.0000,-10.0000,-10.0000,-30.0000,-30.0000,-30.0000,-30.0000,-54.000,-54.000,-28.000,-28.000,-10.000,-10.000,-10.000,-10.000,-54.000,-54.000,-28.000,-28.000,-10.000,-10.000,-10.000,-10.000,0.0,0.0,0.0,0.0,0.0,0.0,0.0,0.0,0.0,0.0,0.0,0.0,0.0,0.0,0.0,0.0
1790303547.080820,12.990,-12.42218,-12.42218,-12.42218,-12.42218,-12.42218,-12.42218,-12.42218,0.04150,-12.42218,-12.42218,-12.42218,-12.42218,-12.42218,-12.42218,-12.42218,0.04150,-45.0000,-45.0000,-10.0000,-10.0000,-30.0000,-30.0000,-30.0000,-30.0000,-45.0000,-45.0000,-10.0000,-10.0000,-30.0000,-30.0000,-30.0000,-30.0000,-54.000,-54.000,-28.000,-28.000,-10.000,-10.000,-10.000,-10.000,-54.000,-54.000,-28.000,-28.000,-10.000,-10.000,-10.000,-10.000,0.0,0.0,0.0,0.0,0.0,0.0,0.0,0.0,0.0,0.0,0.0,0.0,0.0,0.0,0.0,0.0
1790303547.090989,13.000,-12.42218,-12.42218,-12.42218,-12.42218,-12.42218,-12.42218,-12.42218,0.04150,-12.42218,-12.42218,-12.42218,-12.42218,-12.42218,-12.42218,-12.42218,0.04150,-45.0000,-45.0000,-10.0000,-10.0000,-30.0000,-30.0000,-30.0000,-30.0000,-45.0000,-45.0000,-10.0000,-10.0000,-30.0000,-30.0000,-30.0000,-30.0000,-54.000,-54.000,-28.000,-28.000,-10.000,-10.000,-10.000,-10.000,-54.000,-54.000,-28.000,-28.000,-10.000,-10.000,-10.000,-10.000,0.0,0.0,0.0,0.0,0.0,0.0,0.0,0.0,0.0,0.0,0.0,0.0,0.0,0.0,0.0,0.0
1790303547.100771,13.010,-12.42218,-12.42218,-12.42218,-12.42218,-12.42218,-12.42218,-12.42218,0.04150,-12.42218,-12.42218,-12.42218,-12.42218,-12.42218,-12.42218,-12.42218,0.04150,-45.0000,-45.0000,-10.0000,-10.0000,-30.0000,-30.0000,-30.0000,-30.0000,-45.0000,-45.0000,-10.0000,-10.0000,-30.0000,-30.0000,-30.0000,-30.0000,-54.000,-54.000,-28.000,-28.000,-10.000,-10.000,-10.000,-10.000,-54.000,-54.000,-28.000,-28.000,-10.000,-10.000,-10.000,-10.000,0.0,0.0,0.0,0.0,0.0,0.0,0.0,0.0,0.0,0.0,0.0,0.0,0.0,0.0,0.0,0.0
1790303547.111299,13.020,-12.42218,-12.42218,-12.42218,-12.42218,-12.42218,-12.42218,-12.42218,0.04150,-12.42218,-12.42218,-12.42218,-12.42218,-12.42218,-12.42218,-12.42218,0.04150,-45.0000,-45.0000,-10.0000,-10.0000,-30.0000,-30.0000,-30.0000,-30.0000,-45.0000,-45.0000,-10.0000,-10.0000,-30.0000,-30.0000,-30.0000,-30.0000,-54.000,-54.000,-28.000,-28.000,-10.000,-10.000,-10.000,-10.000,-54.000,-54.000,-28.000,-28.000,-10.000,-10.000,-10.000,-10.000,0.0,0.0,0.0,0.0,0.0,0.0,0.0,0.0,0.0,0.0,0.0,0.0,0.0,0.0,0.0,0.0
1790303547.120704,13.030,-12.42218,-12.42218,-12.42218,-12.42218,-12.42218,-12.42218,-12.42218,0.04150,-12.42218,-12.42218,-12.42218,-12.42218,-12.42218,-12.42218,-12.42218,0.04150,-45.0000,-45.0000,-10.0000,-10.0000,-30.0000,-30.0000,-30.0000,-30.0000,-45.0000,-45.0000,-10.0000,-10.0000,-30.0000,-30.0000,-30.0000,-30.0000,-54.000,-54.000,-28.000,-28.000,-10.000,-10.000,-10.000,-10.000,-54.000,-54.000,-28.000,-28.000,-10.000,-10.000,-10.000,-10.000,0.0,0.0,0.0,0.0,0.0,0.0,0.0,0.0,0.0,0.0,0.0,0.0,0.0,0.0,0.0,0.0
1790303547.130670,13.040,-12.42218,-12.42218,-12.42218,-12.42218,-12.42218,-12.42218,-12.42218,0.04150,-12.42218,-12.42218,-12.42218,-12.42218,-12.42218,-12.42218,-12.42218,0.04150,-45.0000,-45.0000,-10.0000,-10.0000,-30.0000,-30.0000,-30.0000,-30.0000,-45.0000,-45.0000,-10.0000,-10.0000,-30.0000,-30.0000,-30.0000,-30.0000,-54.000,-54.000,-28.000,-28.000,-10.000,-10.000,-10.000,-10.000,-54.000,-54.000,-28.000,-28.000,-10.000,-10.000,-10.000,-10.000,0.0,0.0,0.0,0.0,0.0,0.0,0.0,0.0,0.0,0.0,0.0,0.0,0.0,0.0,0.0,0.0
1790303547.140756,13.050,-12.42218,-12.42218,-12.42218,-12.42218,-12.42218,-12.42218,-12.42218,0.04150,-12.42218,-12.42218,-12.42218,-12.42218,-12.42218,-12.42218,-12.42218,0.04150,-45.0000,-45.0000,-10.0000,-10.0000,-30.0000,-30.0000,-30.0000,-30.0000,-45.0000,-45.0000,-10.0000,-10.0000,-30.0000,-30.0000,-30.0000,-30.0000,-54.000,-54.000,-28.000,-28.000,-10.000,-10.000,-10.000,-10.000,-54.000,-54.000,-28.000,-28.000,-10.000,-10.000,-10.000,-10.000,0.0,0.0,0.0,0.0,0.0,0.0,0.0,0.0,0.0,0.0,0.0,0.0,0.0,0.0,0.0,0.0
1790303547.150909,13.060,-12.42218,-12.42218,-12.42218,-12.42218,-12.42218,-12.42218,-12.42218,0.04150,-12.42218,-12.42218,-12.42218,-12.42218,-12.42218,-12.42218,-12.42218,0.04150,-45.0000,-45.0000,-10.0000,-10.0000,-30.0000,-30.0000,-30.0000,-30.0000,-45.0000,-45.0000,-10.0000,-10.0000,-30.0000,-30.0000,-30.0000,-30.0000,-54.000,-54.000,-28.000,-28.000,-10.000,-10.000,-10.000,-10.000,-54.000,-54.000,-28.000,-28.000,-10.000,-10.000,-10.000,-10.000,0.0,0.0,0.0,0.0,0.0,0.0,0.0,0.0,0.0,0.0,0.0,0.0,0.0,0.0,0.0,0.0
1790303547.164644,13.074,-12.42218,-12.42218,-12.42218,-12.42218,-12.42218,-12.42218,-12.42218,0.04150,-12.42218,-12.42218,-12.42218,-12.42218,-12.42218,-12.42218,-12.42218,0.04150,-45.0000,-45.0000,-10.0000,-10.0000,-30.0000,-30.0000,-30.0000,-30.0000,-45.0000,-45.0000,-10.0000,-10.0000,-30.0000,-30.0000,-30.0000,-30.0000,-54.000,-54.000,-28.000,-28.000,-10.000,-10.000,-10.000,-10.000,-54.000,-54.000,-28.000,-28.000,-10.000,-10.000,-10.000,-10.000,0.0,0.0,0.0,0.0,0.0,0.0,0.0,0.0,0.0,0.0,0.0,0.0,0.0,0.0,0.0,0.0
1790303547.173478,13.082,-12.42218,-12.42218,-12.42218,-12.42218,-12.42218,-12.42218,-12.42218,0.04150,-12.42218,-12.42218,-12.42218,-12.42218,-12.42218,-12.42218,-12.42218,0.04150,-45.0000,-45.0000,-10.0000,-10.0000,-30.0000,-30.0000,-30.0000,-30.0000,-45.0000,-45.0000,-10.0000,-10.0000,-30.0000,-30.0000,-30.0000,-30.0000,-54.000,-54.000,-28.000,-28.000,-10.000,-10.000,-10.000,-10.000,-54.000,-54.000,-28.000,-28.000,-10.000,-10.000,-10.000,-10.000,0.0,0.0,0.0,0.0,0.0,0.0,0.0,0.0,0.0,0.0,0.0,0.0,0.0,0.0,0.0,0.0
1790303547.184047,13.093,-12.42218,-12.42218,-12.42218,-12.42218,-12.42218,-12.42218,-12.42218,0.04150,-12.42218,-12.42218,-12.42218,-12.42218,-12.42218,-12.42218,-12.42218,0.04150,-45.0000,-45.0000,-10.0000,-10.0000,-30.0000,-30.0000,-30.0000,-30.0000,-45.0000,-45.0000,-10.0000,-10.0000,-30.0000,-30.0000,-30.0000,-30.0000,-54.000,-54.000,-28.000,-28.000,-10.000,-10.000,-10.000,-10.000,-54.000,-54.000,-28.000,-28.000,-10.000,-10.000,-10.000,-10.000,0.0,0.0,0.0,0.0,0.0,0.0,0.0,0.0,0.0,0.0,0.0,0.0,0.0,0.0,0.0,0.0
1790303547.190725,13.100,-12.42218,-12.42218,-12.42218,-12.42218,-12.42218,-12.42218,-12.42218,0.04150,-12.42218,-12.42218,-12.42218,-12.42218,-12.42218,-12.42218,-12.42218,0.04150,-45.0000,-45.0000,-10.0000,-10.0000,-30.0000,-30.0000,-30.0000,-30.0000,-45.0000,-45.0000,-10.0000,-10.0000,-30.0000,-30.0000,-30.0000,-30.0000,-54.000,-54.000,-28.000,-28.000,-10.000,-10.000,-10.000,-10.000,-54.000,-54.000,-28.000,-28.000,-10.000,-10.000,-10.000,-10.000,0.0,0.0,0.0,0.0,0.0,0.0,0.0,0.0,0.0,0.0,0.0,0.0,0.0,0.0,0.0,0.0
1790303547.204449,13.113,-12.42218,-12.42218,-12.42218,-12.42218,-12.42218,-12.42218,-12.42218,0.04150,-12.42218,-12.42218,-12.42218,-12.42218,-12.42218,-12.42218,-12.42218,0.04150,-45.0000,-45.0000,-10.0000,-10.0000,-30.0000,-30.0000,-30.0000,-30.0000,-45.0000,-45.0000,-10.0000,-10.0000,-30.0000,-30.0000,-30.0000,-30.0000,-54.000,-54.000,-28.000,-28.000,-10.000,-10.000,-10.000,-10.000,-54.000,-54.000,-28.000,-28.000,-10.000,-10.000,-10.000,-10.000,0.0,0.0,0.0,0.0,0.0,0.0,0.0,0.0,0.0,0.0,0.0,0.0,0.0,0.0,0.0,0.0
1790303547.210498,13.119,-12.42218,-12.42218,-12.42218,-12.42218,-12.42218,-12.42218,-12.42218,0.04150,-12.42218,-12.42218,-12.42218,-12.42218,-12.42218,-12.42218,-12.42218,0.04150,-45.0000,-45.0000,-10.0000,-10.0000,-30.0000,-30.0000,-30.0000,-30.0000,-45.0000,-45.0000,-10.0000,-10.0000,-30.0000,-30.0000,-30.0000,-30.0000,-54.000,-54.000,-28.000,-28.000,-10.000,-10.000,-10.000,-10.000,-54.000,-54.000,-28.000,-28.000,-10.000,-10.000,-10.000,-10.000,0.0,0.0,0.0,0.0,0.0,0.0,0.0,0.0,0.0,0.0,0.0,0.0,0.0,0.0,0.0,0.0
1790303547.220723,13.130,-12.42218,-12.42218,-12.42218,-12.42218,-12.42218,-12.42218,-12.42218,0.04150,-12.42218,-12.42218,-12.42218,-12.42218,-12.42218,-12.42218,-12.42218,0.04150,-45.0000,-45.0000,-10.0000,-10.0000,-30.0000,-30.0000,-30.0000,-30.0000,-45.0000,-45.0000,-10.0000,-10.0000,-30.0000,-30.0000,-30.0000,-30.0000,-54.000,-54.000,-28.000,-28.000,-10.000,-10.000,-10.000,-10.000,-54.000,-54.000,-28.000,-28.000,-10.000,-10.000,-10.000,-10.000,0.0,0.0,0.0,0.0,0.0,0.0,0.0,0.0,0.0,0.0,0.0,0.0,0.0,0.0,0.0,0.0
1790303547.231149,13.140,-12.42218,-12.42218,-12.42218,-12.42218,-12.42218,-12.42218,-12.42218,0.04150,-12.42218,-12.42218,-12.42218,-12.42218,-12.42218,-12.42218,-12.42218,0.04150,-45.0000,-45.0000,-10.0000,-10.0000,-30.0000,-30.0000,-30.0000,-30.0000,-45.0000,-45.0000,-10.0000,-10.0000,-30.0000,-30.0000,-30.0000,-30.0000,-54.000,-54.000,-28.000,-28.000,-10.000,-10.000,-10.000,-10.000,-54.000,-54.000,-28.000,-28.000,-10.000,-10.000,-10.000,-10.000,0.0,0.0,0.0,0.0,0.0,0.0,0.0,0.0,0.0,0.0,0.0,0.0,0.0,0.0,0.0,0.0
1790303547.240399,13.149,-12.42218,-12.42218,-12.42218,-12.42218,-12.42218,-12.42218,-12.42218,0.04150,-12.42218,-12.42218,-12.42218,-12.42218,-12.42218,-12.42218,-12.42218,0.04150,-45.0000,-45.0000,-10.0000,-10.0000,-30.0000,-30.0000,-30.0000,-30.0000,-45.0000,-45.0000,-10.0000,-10.0000,-30.0000,-30.0000,-30.0000,-30.0000,-54.000,-54.000,-28.000,-28.000,-10.000,-10.000,-10.000,-10.000,-54.000,-54.000,-28.000,-28.000,-10.000,-10.000,-10.000,-10.000,0.0,0.0,0.0,0.0,0.0,0.0,0.0,0.0,0.0,0.0,0.0,0.0,0.0,0.0,0.0,0.0
1790303547.250475,13.159,-12.42218,-12.42218,-12.42218,-12.42218,-12.42218,-12.42218,-12.42218,0.04150,-12.42218,-12.42218,-12.42218,-12.42218,-12.42218,-12.42218,-12.42218,0.04150,-45.0000,-45.0000,-10.0000,-10.0000,-30.0000,-30.0000,-30.0000,-30.0000,-45.0000,-45.0000,-10.0000,-10.0000,-30.0000,-30.0000,-30.0000,-30.0000,-54.000,-54.000,-28.000,-28.000,-10.000,-10.000,-10.000,-10.000,-54.000,-54.000,-28.000,-28.000,-10.000,-10.000,-10.000,-10.000,0.0,0.0,0.0,0.0,0.0,0.0,0.0,0.0,0.0,0.0,0.0,0.0,0.0,0.0,0.0,0.0
1790303547.260237,13.169,-12.42218,-12.42218,-12.42218,-12.42218,-12.42218,-12.42218,-12.42218,0.04150,-12.42218,-12.42218,-12.42218,-12.42218,-12.42218,-12.42218,-12.42218,0.04150,-45.0000,-45.0000,-10.0000,-10.0000,-30.0000,-30.0000,-30.0000,-30.0000,-45.0000,-45.0000,-10.0000,-10.0000,-30.0000,-30.0000,-30.0000,-30.0000,-54.000,-54.000,-28.000,-28.000,-10.000,-10.000,-10.000,-10.000,-54.000,-54.000,-28.000,-28.000,-10.000,-10.000,-10.000,-10.000,0.0,0.0,0.0,0.0,0.0,0.0,0.0,0.0,0.0,0.0,0.0,0.0,0.0,0.0,0.0,0.0
1790303547.270780,13.180,-12.42218,-12.42218,-12.42218,-12.42218,-12.42218,-12.42218,-12.42218,0.04150,-12.42218,-12.42218,-12.42218,-12.42218,-12.42218,-12.42218,-12.42218,0.04150,-45.0000,-45.0000,-10.0000,-10.0000,-30.0000,-30.0000,-30.0000,-30.0000,-45.0000,-45.0000,-10.0000,-10.0000,-30.0000,-30.0000,-30.0000,-30.0000,-54.000,-54.000,-28.000,-28.000,-10.000,-10.000,-10.000,-10.000,-54.000,-54.000,-28.000,-28.000,-10.000,-10.000,-10.000,-10.000,0.0,0.0,0.0,0.0,0.0,0.0,0.0,0.0,0.0,0.0,0.0,0.0,0.0,0.0,0.0,0.0
1790303547.280183,13.189,-12.42218,-12.42218,-12.42218,-12.42218,-12.42218,-12.42218,-12.42218,0.04150,-12.42218,-12.42218,-12.42218,-12.42218,-12.42218,-12.42218,-12.42218,0.04150,-45.0000,-45.0000,-10.0000,-10.0000,-30.0000,-30.0000,-30.0000,-30.0000,-45.0000,-45.0000,-10.0000,-10.0000,-30.0000,-30.0000,-30.0000,-30.0000,-54.000,-54.000,-28.000,-28.000,-10.000,-10.000,-10.000,-10.000,-54.000,-54.000,-28.000,-28.000,-10.000,-10.000,-10.000,-10.000,0.0,0.0,0.0,0.0,0.0,0.0,0.0,0.0,0.0,0.0,0.0,0.0,0.0,0.0,0.0,0.0
1790303547.291081,13.200,-12.42218,-12.42218,-12.42218,-12.42218,-12.42218,-12.42218,-12.42218,0.04150,-12.42218,-12.42218,-12.42218,-12.42218,-12.42218,-12.42218,-12.42218,0.04150,-45.0000,-45.0000,-10.0000,-10.0000,-30.0000,-30.0000,-30.0000,-30.0000,-45.0000,-45.0000,-10.0000,-10.0000,-30.0000,-30.0000,-30.0000,-30.0000,-54.000,-54.000,-28.000,-28.000,-10.000,-10.000,-10.000,-10.000,-54.000,-54.000,-28.000,-28.000,-10.000,-10.000,-10.000,-10.000,0.0,0.0,0.0,0.0,0.0,0.0,0.0,0.0,0.0,0.0,0.0,0.0,0.0,0.0,0.0,0.0
1790303547.300732,13.210,-12.42218,-12.42218,-12.42218,-12.42218,-12.42218,-12.42218,-12.42218,0.04150,-12.42218,-12.42218,-12.42218,-12.42218,-12.42218,-12.42218,-12.42218,0.04150,-45.0000,-45.0000,-10.0000,-10.0000,-30.0000,-30.0000,-30.0000,-30.0000,-45.0000,-45.0000,-10.0000,-10.0000,-30.0000,-30.0000,-30.0000,-30.0000,-54.000,-54.000,-28.000,-28.000,-10.000,-10.000,-10.000,-10.000,-54.000,-54.000,-28.000,-28.000,-10.000,-10.000,-10.000,-10.000,0.0,0.0,0.0,0.0,0.0,0.0,0.0,0.0,0.0,0.0,0.0,0.0,0.0,0.0,0.0,0.0
1790303547.310810,13.220,-12.42218,-12.42218,-12.42218,-12.42218,-12.42218,-12.42218,-12.42218,0.04150,-12.42218,-12.42218,-12.42218,-12.42218,-12.42218,-12.42218,-12.42218,0.04150,-45.0000,-45.0000,-10.0000,-10.0000,-30.0000,-30.0000,-30.0000,-30.0000,-45.0000,-45.0000,-10.0000,-10.0000,-30.0000,-30.0000,-30.0000,-30.0000,-54.000,-54.000,-28.000,-28.000,-10.000,-10.000,-10.000,-10.000,-54.000,-54.000,-28.000,-28.000,-10.000,-10.000,-10.000,-10.000,0.0,0.0,0.0,0.0,0.0,0.0,0.0,0.0,0.0,0.0,0.0,0.0,0.0,0.0,0.0,0.0
1790303547.320605,13.229,-12.42218,-12.42218,-12.42218,-12.42218,-12.42218,-12.42218,-12.42218,0.04150,-12.42218,-12.42218,-12.42218,-12.42218,-12.42218,-12.42218,-12.42218,0.04150,-45.0000,-45.0000,-10.0000,-10.0000,-30.0000,-30.0000,-30.0000,-27.6557,-45.0000,-45.0000,-10.0000,-10.0000,-30.0000,-30.0000,-30.0000,-30.0000,-54.000,-54.000,-28.000,-28.000,-10.000,-10.000,-10.000,-4.999,-54.000,-54.000,-28.000,-28.000,-10.000,-10.000,-10.000,-10.000,0.0,0.0,0.0,0.0,0.0,0.0,0.0,0.0,0.0,0.0,0.0,0.0,0.0,0.0,0.0,0.0
1790303547.330874,13.240,-12.42218,-12.42218,-12.42218,-12.42218,-12.42218,-12.42218,-12.42218,0.04150,-12.42218,-12.42218,-12.42218,-12.42218,-12.42218,-12.42218,-12.42218,0.04150,-45.0000,-45.0000,-10.0000,-10.0000,-30.0000,-30.0000,-30.0000,-27.6557,-45.0000,-45.0000,-10.0000,-10.0000,-30.0000,-30.0000,-30.0000,-30.0000,-54.000,-54.000,-28.000,-28.000,-10.000,-10.000,-10.000,-4.999,-54.000,-54.000,-28.000,-28.000,-10.000,-10.000,-10.000,-10.000,0.0,0.0,0.0,0.0,0.0,0.0,0.0,0.0,0.0,0.0,0.0,0.0,0.0,0.0,0.0,0.0
1790303547.340181,13.249,-12.42218,-12.42218,-12.42218,-12.42218,-12.42218,-12.42218,-12.42218,0.04150,-12.42218,-12.42218,-12.42218,-12.42218,-12.42218,-12.42218,-12.42218,0.04150,-45.0000,-45.0000,-10.0000,-10.0000,-30.0000,-30.0000,-30.0000,-27.6557,-45.0000,-45.0000,-10.0000,-10.0000,-30.0000,-30.0000,-30.0000,-30.0000,-54.000,-54.000,-28.000,-28.000,-10.000,-10.000,-10.000,-4.999,-54.000,-54.000,-28.000,-28.000,-10.000,-10.000,-10.000,-10.000,0.0,0.0,0.0,0.0,0.0,0.0,0.0,0.0,0.0,0.0,0.0,0.0,0.0,0.0,0.0,0.0
1790303547.350857,13.260,-12.42218,-12.42218,-12.42218,-12.42218,-12.42218,-12.42218,-12.42218,0.04150,-12.42218,-12.42218,-12.42218,-12.42218,-12.42218,-12.42218,-12.42218,0.04150,-45.0000,-45.0000,-10.0000,-10.0000,-30.0000,-30.0000,-30.0000,-30.0000,-45.0000,-45.0000,-10.0000,-10.0000,-30.0000,-30.0000,-30.0000,-30.0000,-54.000,-54.000,-28.000,-28.000,-10.000,-10.000,-10.000,-10.000,-54.000,-54.000,-28.000,-28.000,-10.000,-10.000,-10.000,-10.000,0.0,0.0,0.0,0.0,0.0,0.0,0.0,0.0,0.0,0.0,0.0,0.0,0.0,0.0,0.0,0.0
1790303547.360209,13.269,-12.42218,-12.42218,-12.42218,-12.42218,-12.42218,-12.42218,-12.42218,0.04150,-12.42218,-12.42218,-12.42218,-12.42218,-12.42218,-12.42218,-12.42218,0.04150,-45.0000,-45.0000,-10.0000,-10.0000,-30.0000,-30.0000,-30.0000,-30.0000,-45.0000,-45.0000,-10.0000,-10.0000,-30.0000,-30.0000,-30.0000,-30.0000,-54.000,-54.000,-28.000,-28.000,-10.000,-10.000,-10.000,-10.000,-54.000,-54.000,-28.000,-28.000,-10.000,-10.000,-10.000,-10.000,0.0,0.0,0.0,0.0,0.0,0.0,0.0,0.0,0.0,0.0,0.0,0.0,0.0,0.0,0.0,0.0
1790303547.370157,13.279,-12.42218,-12.42218,-12.42218,-12.42218,-12.42218,-12.42218,-12.42218,0.04150,-12.42218,-12.42218,-12.42218,-12.42218,-12.42218,-12.42218,-12.42218,0.04150,-45.0000,-45.0000,-10.0000,-10.0000,-30.0000,-30.0000,-30.0000,-30.0000,-45.0000,-45.0000,-10.0000,-10.0000,-30.0000,-30.0000,-30.0000,-30.0000,-54.000,-54.000,-28.000,-28.000,-10.000,-10.000,-10.000,-10.000,-54.000,-54.000,-28.000,-28.000,-10.000,-10.000,-10.000,-10.000,0.0,0.0,0.0,0.0,0.0,0.0,0.0,0.0,0.0,0.0,0.0,0.0,0.0,0.0,0.0,0.0
1790303547.380166,13.289,-12.42218,-12.42218,-12.42218,-12.42218,-12.42218,-12.42218,-12.42218,0.04150,-12.42218,-12.42218,-12.42218,-12.42218,-12.42218,-12.42218,-12.42218,0.04150,-45.0000,-45.0000,-10.0000,-10.0000,-30.0000,-30.0000,-30.0000,-30.0000,-45.0000,-45.0000,-10.0000,-10.0000,-30.0000,-30.0000,-30.0000,-27.6557,-54.000,-54.000,-28.000,-28.000,-10.000,-10.000,-10.000,-10.000,-54.000,-54.000,-28.000,-28.000,-10.000,-10.000,-10.000,-4.999,0.0,0.0,0.0,0.0,0.0,0.0,0.0,0.0,0.0,0.0,0.0,0.0,0.0,0.0,0.0,0.0
1790303547.390837,13.300,-12.42218,-12.42218,-12.42218,-12.42218,-12.42218,-12.42218,-12.42218,0.04150,-12.42218,-12.42218,-12.42218,-12.42218,-12.42218,-12.42218,-12.42218,0.04150,-45.0000,-45.0000,-10.0000,-10.0000,-30.0000,-30.0000,-30.0000,-30.0000,-45.0000,-45.0000,-10.0000,-10.0000,-30.0000,-30.0000,-30.0000,-27.6557,-54.000,-54.000,-28.000,-28.000,-10.000,-10.000,-10.000,-10.000,-54.000,-54.000,-28.000,-28.000,-10.000,-10.000,-10.000,-4.999,0.0,0.0,0.0,0.0,0.0,0.0,0.0,0.0,0.0,0.0,0.0,0.0,0.0,0.0,0.0,0.0
1790303547.400187,13.309,-12.42218,-12.42218,-12.42218,-12.42218,-12.42218,-12.42218,-12.42218,0.04150,-12.42218,-12.42218,-12.42218,-12.42218,-12.42218,-12.42218,-12.42218,0.04150,-45.0000,-45.0000,-10.0000,-10.0000,-30.0000,-30.0000,-30.0000,-30.0000,-45.0000,-45.0000,-10.0000,-10.0000,-30.0000,-30.0000,-30.0000,-30.0000,-54.000,-54.000,-28.000,-28.000,-10.000,-10.000,-10.000,-10.000,-54.000,-54.000,-28.000,-28.000,-10.000,-10.000,-10.000,-10.000,0.0,0.0,0.0,0.0,0.0,0.0,0.0,0.0,0.0,0.0,0.0,0.0,0.0,0.0,0.0,0.0
1790303547.410454,13.319,-12.42218,-12.42218,-12.42218,-12.42218,-12.42218,-12.42218,-12.42218,0.04150,-12.42218,-12.42218,-12.42218,-12.42218,-12.42218,-12.42218,-12.42218,0.04150,-45.0000,-45.0000,-10.0000,-10.0000,-30.0000,-30.0000,-30.0000,-30.0000,-45.0000,-45.0000,-10.0000,-10.0000,-30.0000,-30.0000,-30.0000,-30.0000,-54.000,-54.000,-28.000,-28.000,-10.000,-10.000,-10.000,-10.000,-54.000,-54.000,-28.000,-28.000,-10.000,-10.000,-10.000,-10.000,0.0,0.0,0.0,0.0,0.0,0.0,0.0,0.0,0.0,0.0,0.0,0.0,0.0,0.0,0.0,0.0
1790303547.420199,13.329,-12.42218,-12.42218,-12.42218,-12.42218,-12.42218,-12.42218,-12.42218,0.04150,-12.42218,-12.42218,-12.42218,-12.42218,-12.42218,-12.42218,-12.42218,0.04150,-45.0000,-45.0000,-10.0000,-10.0000,-30.0000,-30.0000,-30.0000,-30.0000,-45.0000,-45.0000,-10.0000,-10.0000,-30.0000,-30.0000,-30.0000,-30.0000,-54.000,-54.000,-28.000,-28.000,-10.000,-10.000,-10.000,-10.000,-54.000,-54.000,-28.000,-28.000,-10.000,-10.000,-10.000,-10.000,0.0,0.0,0.0,0.0,0.0,0.0,0.0,0.0,0.0,0.0,0.0,0.0,0.0,0.0,0.0,0.0
1790303547.430822,13.340,-12.42218,-12.42218,-12.42218,-12.42218,-12.42218,-12.42218,-12.42218,0.04150,-12.42218,-12.42218,-12.42218,-12.42218,-12.42218,-12.42218,-12.42218,0.04150,-45.0000,-45.0000,-10.0000,-10.0000,-30.0000,-30.0000,-30.0000,-30.0000,-45.0000,-45.0000,-10.0000,-10.0000,-30.0000,-30.0000,-30.0000,-30.0000,-54.000,-54.000,-28.000,-28.000,-10.000,-10.000,-10.000,-10.000,-54.000,-54.000,-28.000,-28.000,-10.000,-10.000,-10.000,-10.000,0.0,0.0,0.0,0.0,0.0,0.0,0.0,0.0,0.0,0.0,0.0,0.0,0.0,0.0,0.0,0.0
1790303547.441005,13.350,-12.42218,-12.42218,-12.42218,-12.42218,-12.42218,-12.42218,-12.42218,0.04150,-12.42218,-12.42218,-12.42218,-12.42218,-12.42218,-12.42218,-12.42218,0.04150,-45.0000,-45.0000,-10.0000,-10.0000,-30.0000,-30.0000,-30.0000,-30.0000,-45.0000,-45.0000,-10.0000,-10.0000,-30.0000,-30.0000,-30.0000,-30.0000,-54.000,-54.000,-28.000,-28.000,-10.000,-10.000,-10.000,-10.000,-54.000,-54.000,-28.000,-28.000,-10.000,-10.000,-10.000,-10.000,0.0,0.0,0.0,0.0,0.0,0.0,0.0,0.0,0.0,0.0,0.0,0.0,0.0,0.0,0.0,0.0
1790303547.450801,13.360,-12.42218,-12.42218,-12.42218,-12.42218,-12.42218,-12.42218,-12.42218,0.04150,-12.42218,-12.42218,-12.42218,-12.42218,-12.42218,-12.42218,-12.42218,0.04150,-45.0000,-45.0000,-10.0000,-10.0000,-30.0000,-30.0000,-30.0000,-30.0000,-45.0000,-45.0000,-10.0000,-10.0000,-30.0000,-30.0000,-30.0000,-30.0000,-54.000,-54.000,-28.000,-28.000,-10.000,-10.000,-10.000,-10.000,-54.000,-54.000,-28.000,-28.000,-10.000,-10.000,-10.000,-10.000,0.0,0.0,0.0,0.0,0.0,0.0,0.0,0.0,0.0,0.0,0.0,0.0,0.0,0.0,0.0,0.0
1790303547.461792,13.371,-12.42218,-12.42218,-12.42218,-12.42218,-12.42218,-12.42218,-12.42218,0.04150,-12.42218,-12.42218,-12.42218,-12.42218,-12.42218,-12.42218,-12.42218,0.04150,-45.0000,-45.0000,-10.0000,-10.0000,-30.0000,-30.0000,-30.0000,-30.0000,-45.0000,-45.0000,-10.0000,-10.0000,-30.0000,-30.0000,-30.0000,-30.0000,-54.000,-54.000,-28.000,-28.000,-10.000,-10.000,-10.000,-10.000,-54.000,-54.000,-28.000,-28.000,-10.000,-10.000,-10.000,-10.000,0.0,0.0,0.0,0.0,0.0,0.0,0.0,0.0,0.0,0.0,0.0,0.0,0.0,0.0,0.0,0.0
1790303547.471214,13.380,-12.42218,-12.42218,-12.42218,-12.42218,-12.42218,-12.42218,-12.42218,0.04150,-12.42218,-12.42218,-12.42218,-12.42218,-12.42218,-12.42218,-12.42218,0.04150,-45.0000,-45.0000,-10.0000,-10.0000,-30.0000,-30.0000,-30.0000,-30.0000,-45.0000,-45.0000,-10.0000,-10.0000,-30.0000,-30.0000,-30.0000,-30.0000,-54.000,-54.000,-28.000,-28.000,-10.000,-10.000,-10.000,-10.000,-54.000,-54.000,-28.000,-28.000,-10.000,-10.000,-10.000,-10.000,0.0,0.0,0.0,0.0,0.0,0.0,0.0,0.0,0.0,0.0,0.0,0.0,0.0,0.0,0.0,0.0
1790303547.480615,13.389,-12.42218,-12.42218,-12.42218,-12.42218,-12.42218,-12.42218,-12.42218,0.04150,-12.42218,-12.42218,-12.42218,-12.42218,-12.42218,-12.42218,-12.42218,0.04150,-45.0000,-45.0000,-10.0000,-10.0000,-30.0000,-30.0000,-30.0000,-30.0000,-45.0000,-45.0000,-10.0000,-10.0000,-30.0000,-30.0000,-30.0000,-30.0000,-54.000,-54.000,-28.000,-28.000,-10.000,-10.000,-10.000,-10.000,-54.000,-54.000,-28.000,-28.000,-10.000,-10.000,-10.000,-10.000,0.0,0.0,0.0,0.0,0.0,0.0,0.0,0.0,0.0,0.0,0.0,0.0,0.0,0.0,0.0,0.0
1790303547.490433,13.399,-12.42218,-12.42218,-12.42218,-12.42218,-12.42218,-12.42218,-12.42218,0.04150,-12.42218,-12.42218,-12.42218,-12.42218,-12.42218,-12.42218,-12.42218,0.04150,-45.0000,-45.0000,-10.0000,-10.0000,-30.0000,-30.0000,-30.0000,-30.0000,-45.0000,-45.0000,-10.0000,-10.0000,-30.0000,-30.0000,-30.0000,-30.0000,-54.000,-54.000,-28.000,-28.000,-10.000,-10.000,-10.000,-10.000,-54.000,-54.000,-28.000,-28.000,-10.000,-10.000,-10.000,-10.000,0.0,0.0,0.0,0.0,0.0,0.0,0.0,0.0,0.0,0.0,0.0,0.0,0.0,0.0,0.0,0.0
1790303547.500993,13.410,-12.42218,-12.42218,-12.42218,-12.42218,-12.42218,-12.42218,-12.42218,0.04150,-12.42218,-12.42218,-12.42218,-12.42218,-12.42218,-12.42218,-12.42218,0.04150,-45.0000,-45.0000,-10.0000,-10.0000,-30.0000,-30.0000,-30.0000,-30.0000,-45.0000,-45.0000,-10.0000,-10.0000,-30.0000,-30.0000,-30.0000,-30.0000,-54.000,-54.000,-28.000,-28.000,-10.000,-10.000,-10.000,-10.000,-54.000,-54.000,-28.000,-28.000,-10.000,-10.000,-10.000,-10.000,0.0,0.0,0.0,0.0,0.0,0.0,0.0,0.0,0.0,0.0,0.0,0.0,0.0,0.0,0.0,0.0
1790303547.510588,13.419,-12.42218,-12.42218,-12.42218,-12.42218,-12.42218,-12.42218,-12.42218,0.04150,-12.42218,-12.42218,-12.42218,-12.42218,-12.42218,-12.42218,-12.42218,0.04150,-45.0000,-45.0000,-10.0000,-10.0000,-30.0000,-30.0000,-30.0000,-30.0000,-45.0000,-45.0000,-10.0000,-10.0000,-30.0000,-30.0000,-30.0000,-30.0000,-54.000,-54.000,-28.000,-28.000,-10.000,-10.000,-10.000,-10.000,-54.000,-54.000,-28.000,-28.000,-10.000,-10.000,-10.000,-10.000,0.0,0.0,0.0,0.0,0.0,0.0,0.0,0.0,0.0,0.0,0.0,0.0,0.0,0.0,0.0,0.0
1790303547.520246,13.429,-12.42218,-12.42218,-12.42218,-12.42218,-12.42218,-12.42218,-12.42218,0.04150,-12.42218,-12.42218,-12.42218,-12.42218,-12.42218,-12.42218,-12.42218,0.04150,-45.0000,-45.0000,-10.0000,-10.0000,-30.0000,-30.0000,-30.0000,-30.0000,-45.0000,-45.0000,-10.0000,-10.0000,-30.0000,-30.0000,-30.0000,-30.0000,-54.000,-54.000,-28.000,-28.000,-10.000,-10.000,-10.000,-10.000,-54.000,-54.000,-28.000,-28.000,-10.000,-10.000,-10.000,-10.000,0.0,0.0,0.0,0.0,0.0,0.0,0.0,0.0,0.0,0.0,0.0,0.0,0.0,0.0,0.0,0.0
1790303547.530407,13.439,-12.42218,-12.42218,-12.42218,-12.42218,-12.42218,-12.42218,-12.42218,0.04150,-12.42218,-12.42218,-12.42218,-12.42218,-12.42218,-12.42218,-12.42218,0.04150,-45.0000,-45.0000,-10.0000,-10.0000,-30.0000,-30.0000,-30.0000,-30.0000,-45.0000,-45.0000,-10.0000,-10.0000,-30.0000,-30.0000,-30.0000,-30.0000,-54.000,-54.000,-28.000,-28.000,-10.000,-10.000,-10.000,-10.000,-54.000,-54.000,-28.000,-28.000,-10.000,-10.000,-10.000,-10.000,0.0,0.0,0.0,0.0,0.0,0.0,0.0,0.0,0.0,0.0,0.0,0.0,0.0,0.0,0.0,0.0
1790303547.540186,13.449,-12.42218,-12.42218,-12.42218,-12.42218,-12.42218,-12.42218,-12.42218,0.04150,-12.42218,-12.42218,-12.42218,-12.42218,-12.42218,-12.42218,-12.42218,0.04150,-45.0000,-45.0000,-10.0000,-10.0000,-30.0000,-30.0000,-30.0000,-30.0000,-45.0000,-45.0000,-10.0000,-10.0000,-30.0000,-30.0000,-30.0000,-30.0000,-54.000,-54.000,-28.000,-28.000,-10.000,-10.000,-10.000,-10.000,-54.000,-54.000,-28.000,-28.000,-10.000,-10.000,-10.000,-10.000,0.0,0.0,0.0,0.0,0.0,0.0,0.0,0.0,0.0,0.0,0.0,0.0,0.0,0.0,0.0,0.0
1790303547.550780,13.460,-12.42218,-12.42218,-12.42218,-12.42218,-12.42218,-12.42218,-12.42218,0.04150,-12.42218,-12.42218,-12.42218,-12.42218,-12.42218,-12.42218,-12.42218,0.04150,-45.0000,-45.0000,-10.0000,-10.0000,-30.0000,-30.0000,-30.0000,-30.0000,-45.0000,-45.0000,-10.0000,-10.0000,-30.0000,-30.0000,-30.0000,-30.0000,-54.000,-54.000,-28.000,-28.000,-10.000,-10.000,-10.000,-10.000,-54.000,-54.000,-28.000,-28.000,-10.000,-10.000,-10.000,-10.000,0.0,0.0,0.0,0.0,0.0,0.0,0.0,0.0,0.0,0.0,0.0,0.0,0.0,0.0,0.0,0.0
1790303547.560312,13.469,-12.42218,-12.42218,-12.42218,-12.42218,-12.42218,-12.42218,-12.42218,0.04150,-12.42218,-12.42218,-12.42218,-12.42218,-12.42218,-12.42218,-12.42218,0.04150,-45.0000,-45.0000,-10.0000,-10.0000,-30.0000,-30.0000,-30.0000,-30.0000,-45.0000,-45.0000,-10.0000,-10.0000,-30.0000,-30.0000,-30.0000,-30.0000,-54.000,-54.000,-28.000,-28.000,-10.000,-10.000,-10.000,-10.000,-54.000,-54.000,-28.000,-28.000,-10.000,-10.000,-10.000,-10.000,0.0,0.0,0.0,0.0,0.0,0.0,0.0,0.0,0.0,0.0,0.0,0.0,0.0,0.0,0.0,0.0
1790303547.570816,13.480,-12.42218,-12.42218,-12.42218,-12.42218,-12.42218,-12.42218,-12.42218,0.04150,-12.42218,-12.42218,-12.42218,-12.42218,-12.42218,-12.42218,-12.42218,0.04150,-45.0000,-45.0000,-10.0000,-10.0000,-30.0000,-30.0000,-30.0000,-30.0000,-45.0000,-45.0000,-10.0000,-10.0000,-30.0000,-30.0000,-30.0000,-30.0000,-54.000,-54.000,-28.000,-28.000,-10.000,-10.000,-10.000,-10.000,-54.000,-54.000,-28.000,-28.000,-10.000,-10.000,-10.000,-10.000,0.0,0.0,0.0,0.0,0.0,0.0,0.0,0.0,0.0,0.0,0.0,0.0,0.0,0.0,0.0,0.0
1790303547.580192,13.489,-12.42218,-12.42218,-12.42218,-12.42218,-12.42218,-12.42218,-12.42218,0.04150,-12.42218,-12.42218,-12.42218,-12.42218,-12.42218,-12.42218,-12.42218,0.04150,-45.0000,-45.0000,-10.0000,-10.0000,-30.0000,-30.0000,-30.0000,-30.0000,-45.0000,-45.0000,-10.0000,-10.0000,-30.0000,-30.0000,-30.0000,-30.0000,-54.000,-54.000,-28.000,-28.000,-10.000,-10.000,-10.000,-10.000,-54.000,-54.000,-28.000,-28.000,-10.000,-10.000,-10.000,-10.000,0.0,0.0,0.0,0.0,0.0,0.0,0.0,0.0,0.0,0.0,0.0,0.0,0.0,0.0,0.0,0.0
1790303547.591008,13.500,-12.42218,-12.42218,-12.42218,-12.42218,-12.42218,-12.42218,-12.42218,0.04150,-12.42218,-12.42218,-12.42218,-12.42218,-12.42218,-12.42218,-12.42218,0.04150,-45.0000,-45.0000,-10.0000,-10.0000,-30.0000,-30.0000,-30.0000,-30.0000,-45.0000,-45.0000,-10.0000,-10.0000,-30.0000,-30.0000,-30.0000,-30.0000,-54.000,-54.000,-28.000,-28.000,-10.000,-10.000,-10.000,-10.000,-54.000,-54.000,-28.000,-28.000,-10.000,-10.000,-10.000,-10.000,0.0,0.0,0.0,0.0,0.0,0.0,0.0,0.0,0.0,0.0,0.0,0.0,0.0,0.0,0.0,0.0
1790303547.600933,13.510,-12.42218,-12.42218,-12.42218,-12.42218,-12.42218,-12.42218,-12.42218,0.04150,-12.42218,-12.42218,-12.42218,-12.42218,-12.42218,-12.42218,-12.42218,0.04150,-45.0000,-45.0000,-10.0000,-10.0000,-30.0000,-30.0000,-30.0000,-30.0000,-45.0000,-45.0000,-10.0000,-10.0000,-30.0000,-30.0000,-30.0000,-30.0000,-54.000,-54.000,-28.000,-28.000,-10.000,-10.000,-10.000,-10.000,-54.000,-54.000,-28.000,-28.000,-10.000,-10.000,-10.000,-10.000,0.0,0.0,0.0,0.0,0.0,0.0,0.0,0.0,0.0,0.0,0.0,0.0,0.0,0.0,0.0,0.0
1790303547.610413,13.519,-12.42218,-12.42218,-12.42218,-12.42218,-12.42218,-12.42218,-12.42218,0.04150,-12.42218,-12.42218,-12.42218,-12.42218,-12.42218,-12.42218,-12.42218,0.04150,-45.0000,-45.0000,-10.0000,-10.0000,-30.0000,-30.0000,-30.0000,-30.0000,-45.0000,-45.0000,-10.0000,-10.0000,-30.0000,-30.0000,-30.0000,-30.0000,-54.000,-54.000,-28.000,-28.000,-10.000,-10.000,-10.000,-10.000,-54.000,-54.000,-28.000,-28.000,-10.000,-10.000,-10.000,-10.000,0.0,0.0,0.0,0.0,0.0,0.0,0.0,0.0,0.0,0.0,0.0,0.0,0.0,0.0,0.0,0.0
1790303547.620215,13.529,-12.42218,-12.42218,-12.42218,-12.42218,-12.42218,-12.42218,-12.42218,0.04150,-12.42218,-12.42218,-12.42218,-12.42218,-12.42218,-12.42218,-12.42218,0.04150,-45.0000,-45.0000,-10.0000,-10.0000,-30.0000,-30.0000,-30.0000,-30.0000,-45.0000,-45.0000,-10.0000,-10.0000,-30.0000,-30.0000,-30.0000,-30.0000,-54.000,-54.000,-28.000,-28.000,-10.000,-10.000,-10.000,-10.000,-54.000,-54.000,-28.000,-28.000,-10.000,-10.000,-10.000,-10.000,0.0,0.0,0.0,0.0,0.0,0.0,0.0,0.0,0.0,0.0,0.0,0.0,0.0,0.0,0.0,0.0
1790303547.630495,13.539,-12.42218,-12.42218,-12.42218,-12.42218,-12.42218,-12.42218,-12.42218,0.04150,-12.42218,-12.42218,-12.42218,-12.42218,-12.42218,-12.42218,-12.42218,0.04150,-45.0000,-45.0000,-10.0000,-10.0000,-30.0000,-30.0000,-30.0000,-30.0000,-45.0000,-45.0000,-10.0000,-10.0000,-30.0000,-30.0000,-30.0000,-30.0000,-54.000,-54.000,-28.000,-28.000,-10.000,-10.000,-10.000,-10.000,-54.000,-54.000,-28.000,-28.000,-10.000,-10.000,-10.000,-10.000,0.0,0.0,0.0,0.0,0.0,0.0,0.0,0.0,0.0,0.0,0.0,0.0,0.0,0.0,0.0,0.0
1790303547.640898,13.550,-12.42218,-12.42218,-12.42218,-12.42218,-12.42218,-12.42218,-12.42218,0.04150,-12.42218,-12.42218,-12.42218,-12.42218,-12.42218,-12.42218,-12.42218,0.04150,-45.0000,-45.0000,-10.0000,-10.0000,-30.0000,-30.0000,-30.0000,-30.0000,-45.0000,-45.0000,-10.0000,-10.0000,-30.0000,-30.0000,-30.0000,-30.0000,-54.000,-54.000,-28.000,-28.000,-10.000,-10.000,-10.000,-10.000,-54.000,-54.000,-28.000,-28.000,-10.000,-10.000,-10.000,-10.000,0.0,0.0,0.0,0.0,0.0,0.0,0.0,0.0,0.0,0.0,0.0,0.0,0.0,0.0,0.0,0.0
1790303547.650356,13.559,-12.42218,-12.42218,-12.42218,-12.42218,-12.42218,-12.42218,-12.42218,0.04150,-12.42218,-12.42218,-12.42218,-12.42218,-12.42218,-12.42218,-12.42218,0.04150,-45.0000,-45.0000,-10.0000,-10.0000,-30.0000,-30.0000,-30.0000,-30.0000,-45.0000,-45.0000,-10.0000,-10.0000,-30.0000,-30.0000,-30.0000,-30.0000,-54.000,-54.000,-28.000,-28.000,-10.000,-10.000,-10.000,-10.000,-54.000,-54.000,-28.000,-28.000,-10.000,-10.000,-10.000,-10.000,0.0,0.0,0.0,0.0,0.0,0.0,0.0,0.0,0.0,0.0,0.0,0.0,0.0,0.0,0.0,0.0
1790303547.660609,13.569,-12.42218,-12.42218,-12.42218,-12.42218,-12.42218,-12.42218,-12.42218,0.04150,-12.42218,-12.42218,-12.42218,-12.42218,-12.42218,-12.42218,-12.42218,0.04150,-45.0000,-45.0000,-10.0000,-10.0000,-30.0000,-30.0000,-30.0000,-30.0000,-45.0000,-45.0000,-10.0000,-10.0000,-30.0000,-30.0000,-30.0000,-30.0000,-54.000,-54.000,-28.000,-28.000,-10.000,-10.000,-10.000,-10.000,-54.000,-54.000,-28.000,-28.000,-10.000,-10.000,-10.000,-10.000,0.0,0.0,0.0,0.0,0.0,0.0,0.0,0.0,0.0,0.0,0.0,0.0,0.0,0.0,0.0,0.0
1790303547.670761,13.580,-12.42218,-12.42218,-12.42218,-12.42218,-12.42218,-12.42218,-12.42218,0.04150,-12.42218,-12.42218,-12.42218,-12.42218,-12.42218,-12.42218,-12.42218,0.04150,-45.0000,-45.0000,-10.0000,-10.0000,-30.0000,-30.0000,-30.0000,-30.0000,-45.0000,-45.0000,-10.0000,-10.0000,-30.0000,-30.0000,-30.0000,-30.0000,-54.000,-54.000,-28.000,-28.000,-10.000,-10.000,-10.000,-10.000,-54.000,-54.000,-28.000,-28.000,-10.000,-10.000,-10.000,-10.000,0.0,0.0,0.0,0.0,0.0,0.0,0.0,0.0,0.0,0.0,0.0,0.0,0.0,0.0,0.0,0.0
1790303547.680078,13.589,-12.42218,-12.42218,-12.42218,-12.42218,-12.42218,-12.42218,-12.42218,0.04150,-12.42218,-12.42218,-12.42218,-12.42218,-12.42218,-12.42218,-12.42218,0.04150,-45.0000,-45.0000,-10.0000,-10.0000,-30.0000,-30.0000,-30.0000,-30.0000,-45.0000,-45.0000,-10.0000,-10.0000,-30.0000,-30.0000,-30.0000,-30.0000,-54.000,-54.000,-28.000,-28.000,-10.000,-10.000,-10.000,-10.000,-54.000,-54.000,-28.000,-28.000,-10.000,-10.000,-10.000,-10.000,0.0,0.0,0.0,0.0,0.0,0.0,0.0,0.0,0.0,0.0,0.0,0.0,0.0,0.0,0.0,0.0
1790303547.690391,13.599,-12.42218,-12.42218,-12.42218,-12.42218,-12.42218,-12.42218,-12.42218,0.04150,-12.42218,-12.42218,-12.42218,-12.42218,-12.42218,-12.42218,-12.42218,0.04150,-45.0000,-45.0000,-10.0000,-10.0000,-30.0000,-30.0000,-30.0000,-30.0000,-45.0000,-45.0000,-10.0000,-10.0000,-30.0000,-30.0000,-30.0000,-30.0000,-54.000,-54.000,-28.000,-28.000,-10.000,-10.000,-10.000,-10.000,-54.000,-54.000,-28.000,-28.000,-10.000,-10.000,-10.000,-10.000,0.0,0.0,0.0,0.0,0.0,0.0,0.0,0.0,0.0,0.0,0.0,0.0,0.0,0.0,0.0,0.0
1790303547.700599,13.609,-12.42218,-12.42218,-12.42218,-12.42218,-12.42218,-12.42218,-12.42218,0.04150,-12.42218,-12.42218,-12.42218,-12.42218,-12.42218,-12.42218,-12.42218,0.04150,-45.0000,-45.0000,-10.0000,-10.0000,-30.0000,-30.0000,-30.0000,-30.0000,-45.0000,-45.0000,-10.0000,-10.0000,-30.0000,-30.0000,-30.0000,-30.0000,-54.000,-54.000,-28.000,-28.000,-10.000,-10.000,-10.000,-10.000,-54.000,-54.000,-28.000,-28.000,-10.000,-10.000,-10.000,-10.000,0.0,0.0,0.0,0.0,0.0,0.0,0.0,0.0,0.0,0.0,0.0,0.0,0.0,0.0,0.0,0.0
1790303547.710854,13.620,-12.42218,-12.42218,-12.42218,-12.42218,-12.42218,-12.42218,-12.42218,0.04150,-12.42218,-12.42218,-12.42218,-12.42218,-12.42218,-12.42218,-12.42218,0.04150,-45.0000,-45.0000,-10.0000,-10.0000,-30.0000,-30.0000,-30.0000,-30.0000,-45.0000,-45.0000,-10.0000,-10.0000,-30.0000,-30.0000,-30.0000,-30.0000,-54.000,-54.000,-28.000,-28.000,-10.000,-10.000,-10.000,-10.000,-54.000,-54.000,-28.000,-28.000,-10.000,-10.000,-10.000,-10.000,0.0,0.0,0.0,0.0,0.0,0.0,0.0,0.0,0.0,0.0,0.0,0.0,0.0,0.0,0.0,0.0
1790303547.720201,13.629,-12.42218,-12.42218,-12.42218,-12.42218,-12.42218,-12.42218,-12.42218,0.04150,-12.42218,-12.42218,-12.42218,-12.42218,-12.42218,-12.42218,-12.42218,0.04150,-45.0000,-45.0000,-10.0000,-10.0000,-30.0000,-30.0000,-30.0000,-30.0000,-45.0000,-45.0000,-10.0000,-10.0000,-30.0000,-30.0000,-30.0000,-30.0000,-54.000,-54.000,-28.000,-28.000,-10.000,-10.000,-10.000,-10.000,-54.000,-54.000,-28.000,-28.000,-10.000,-10.000,-10.000,-10.000,0.0,0.0,0.0,0.0,0.0,0.0,0.0,0.0,0.0,0.0,0.0,0.0,0.0,0.0,0.0,0.0
1790303547.730372,13.639,-12.42218,-12.42218,-12.42218,-12.42218,-12.42218,-12.42218,-12.42218,0.04150,-12.42218,-12.42218,-12.42218,-12.42218,-12.42218,-12.42218,-12.42218,0.04150,-45.0000,-45.0000,-10.0000,-10.0000,-30.0000,-30.0000,-30.0000,-30.0000,-45.0000,-45.0000,-10.0000,-10.0000,-30.0000,-30.0000,-30.0000,-30.0000,-54.000,-54.000,-28.000,-28.000,-10.000,-10.000,-10.000,-10.000,-54.000,-54.000,-28.000,-28.000,-10.000,-10.000,-10.000,-10.000,0.0,0.0,0.0,0.0,0.0,0.0,0.0,0.0,0.0,0.0,0.0,0.0,0.0,0.0,0.0,0.0
1790303547.740561,13.649,-12.42218,-12.42218,-12.42218,-12.42218,-12.42218,-12.42218,-12.42218,0.04150,-12.42218,-12.42218,-12.42218,-12.42218,-12.42218,-12.42218,-12.42218,0.04150,-45.0000,-45.0000,-10.0000,-10.0000,-30.0000,-30.0000,-30.0000,-30.0000,-45.0000,-45.0000,-10.0000,-10.0000,-30.0000,-30.0000,-30.0000,-30.0000,-54.000,-54.000,-28.000,-28.000,-10.000,-10.000,-10.000,-10.000,-54.000,-54.000,-28.000,-28.000,-10.000,-10.000,-10.000,-10.000,0.0,0.0,0.0,0.0,0.0,0.0,0.0,0.0,0.0,0.0,0.0,0.0,0.0,0.0,0.0,0.0
1790303547.750946,13.660,-12.42218,-12.42218,-12.42218,-12.42218,-12.42218,-12.42218,-12.42218,0.04150,-12.42218,-12.42218,-12.42218,-12.42218,-12.42218,-12.42218,-12.42218,0.04150,-45.0000,-45.0000,-10.0000,-10.0000,-30.0000,-30.0000,-30.0000,-30.0000,-45.0000,-45.0000,-10.0000,-10.0000,-30.0000,-30.0000,-30.0000,-30.0000,-54.000,-54.000,-28.000,-28.000,-10.000,-10.000,-10.000,-10.000,-54.000,-54.000,-28.000,-28.000,-10.000,-10.000,-10.000,-10.000,0.0,0.0,0.0,0.0,0.0,0.0,0.0,0.0,0.0,0.0,0.0,0.0,0.0,0.0,0.0,0.0
1790303547.760612,13.669,-12.42218,-12.42218,-12.42218,-12.42218,-12.42218,-12.42218,-12.42218,0.04150,-12.42218,-12.42218,-12.42218,-12.42218,-12.42218,-12.42218,-12.42218,0.04150,-45.0000,-45.0000,-10.0000,-10.0000,-30.0000,-30.0000,-30.0000,-30.0000,-45.0000,-45.0000,-10.0000,-10.0000,-30.0000,-30.0000,-30.0000,-30.0000,-54.000,-54.000,-28.000,-28.000,-10.000,-10.000,-10.000,-10.000,-54.000,-54.000,-28.000,-28.000,-10.000,-10.000,-10.000,-10.000,0.0,0.0,0.0,0.0,0.0,0.0,0.0,0.0,0.0,0.0,0.0,0.0,0.0,0.0,0.0,0.0
1790303547.771312,13.680,-12.42218,-12.42218,-12.42218,-12.42218,-12.42218,-12.42218,-12.42218,0.04150,-12.42218,-12.42218,-12.42218,-12.42218,-12.42218,-12.42218,-12.42218,0.04150,-45.0000,-45.0000,-10.0000,-10.0000,-30.0000,-30.0000,-30.0000,-30.0000,-45.0000,-45.0000,-10.0000,-10.0000,-30.0000,-30.0000,-30.0000,-30.0000,-54.000,-54.000,-28.000,-28.000,-10.000,-10.000,-10.000,-10.000,-54.000,-54.000,-28.000,-28.000,-10.000,-10.000,-10.000,-10.000,0.0,0.0,0.0,0.0,0.0,0.0,0.0,0.0,0.0,0.0,0.0,0.0,0.0,0.0,0.0,0.0
1790303547.780566,13.689,-12.42218,-12.42218,-12.42218,-12.42218,-12.42218,-12.42218,-12.42218,0.04150,-12.42218,-12.42218,-12.42218,-12.42218,-12.42218,-12.42218,-12.42218,0.04150,-45.0000,-45.0000,-10.0000,-10.0000,-30.0000,-30.0000,-30.0000,-30.0000,-45.0000,-45.0000,-10.0000,-10.0000,-30.0000,-30.0000,-30.0000,-30.0000,-54.000,-54.000,-28.000,-28.000,-10.000,-10.000,-10.000,-10.000,-54.000,-54.000,-28.000,-28.000,-10.000,-10.000,-10.000,-10.000,0.0,0.0,0.0,0.0,0.0,0.0,0.0,0.0,0.0,0.0,0.0,0.0,0.0,0.0,0.0,0.0
1790303547.790798,13.700,-12.42218,-12.42218,-12.42218,-12.42218,-12.42218,-12.42218,-12.42218,0.04150,-12.42218,-12.42218,-12.42218,-12.42218,-12.42218,-12.42218,-12.42218,0.04150,-45.0000,-45.0000,-10.0000,-10.0000,-30.0000,-30.0000,-30.0000,-30.0000,-45.0000,-45.0000,-10.0000,-10.0000,-30.0000,-30.0000,-30.0000,-30.0000,-54.000,-54.000,-28.000,-28.000,-10.000,-10.000,-10.000,-10.000,-54.000,-54.000,-28.000,-28.000,-10.000,-10.000,-10.000,-10.000,0.0,0.0,0.0,0.0,0.0,0.0,0.0,0.0,0.0,0.0,0.0,0.0,0.0,0.0,0.0,0.0
1790303547.802826,13.712,-12.42218,-12.42218,-12.42218,-12.42218,-12.42218,-12.42218,-12.42218,0.04150,-12.42218,-12.42218,-12.42218,-12.42218,-12.42218,-12.42218,-12.42218,0.04150,-45.0000,-45.0000,-10.0000,-10.0000,-30.0000,-30.0000,-30.0000,-30.0000,-45.0000,-45.0000,-10.0000,-10.0000,-30.0000,-30.0000,-30.0000,-30.0000,-54.000,-54.000,-28.000,-28.000,-10.000,-10.000,-10.000,-10.000,-54.000,-54.000,-28.000,-28.000,-10.000,-10.000,-10.000,-10.000,0.0,0.0,0.0,0.0,0.0,0.0,0.0,0.0,0.0,0.0,0.0,0.0,0.0,0.0,0.0,0.0
1790303547.810360,13.719,-12.42218,-12.42218,-12.42218,-12.42218,-12.42218,-12.42218,-12.42218,0.04150,-12.42218,-12.42218,-12.42218,-12.42218,-12.42218,-12.42218,-12.42218,0.04150,-45.0000,-45.0000,-10.0000,-10.0000,-30.0000,-30.0000,-30.0000,-30.0000,-45.0000,-45.0000,-10.0000,-10.0000,-30.0000,-30.0000,-30.0000,-30.0000,-54.000,-54.000,-28.000,-28.000,-10.000,-10.000,-10.000,-10.000,-54.000,-54.000,-28.000,-28.000,-10.000,-10.000,-10.000,-10.000,0.0,0.0,0.0,0.0,0.0,0.0,0.0,0.0,0.0,0.0,0.0,0.0,0.0,0.0,0.0,0.0
1790303547.820626,13.730,-12.42218,-12.42218,-12.42218,-12.42218,-12.42218,-12.42218,-12.42218,0.04150,-12.42218,-12.42218,-12.42218,-12.42218,-12.42218,-12.42218,-12.42218,0.04150,-45.0000,-45.0000,-10.0000,-10.0000,-30.0000,-30.0000,-30.0000,-30.0000,-45.0000,-45.0000,-10.0000,-10.0000,-30.0000,-30.0000,-30.0000,-30.0000,-54.000,-54.000,-28.000,-28.000,-10.000,-10.000,-10.000,-10.000,-54.000,-54.000,-28.000,-28.000,-10.000,-10.000,-10.000,-10.000,0.0,0.0,0.0,0.0,0.0,0.0,0.0,0.0,0.0,0.0,0.0,0.0,0.0,0.0,0.0,0.0
1790303547.830817,13.740,-12.42218,-12.42218,-12.42218,-12.42218,-12.42218,-12.42218,-12.42218,0.04150,-12.42218,-12.42218,-12.42218,-12.42218,-12.42218,-12.42218,-12.42218,0.04150,-45.0000,-45.0000,-10.0000,-10.0000,-30.0000,-30.0000,-30.0000,-30.0000,-45.0000,-45.0000,-10.0000,-10.0000,-30.0000,-30.0000,-30.0000,-30.0000,-54.000,-54.000,-28.000,-28.000,-10.000,-10.000,-10.000,-10.000,-54.000,-54.000,-28.000,-28.000,-10.000,-10.000,-10.000,-10.000,0.0,0.0,0.0,0.0,0.0,0.0,0.0,0.0,0.0,0.0,0.0,0.0,0.0,0.0,0.0,0.0
1790303547.840684,13.750,-12.42218,-12.42218,-12.42218,-12.42218,-12.42218,-12.42218,-12.42218,0.04150,-12.42218,-12.42218,-12.42218,-12.42218,-12.42218,-12.42218,-12.42218,0.04150,-45.0000,-45.0000,-10.0000,-10.0000,-30.0000,-30.0000,-30.0000,-30.0000,-45.0000,-45.0000,-10.0000,-10.0000,-30.0000,-30.0000,-30.0000,-30.0000,-54.000,-54.000,-28.000,-28.000,-10.000,-10.000,-10.000,-10.000,-54.000,-54.000,-28.000,-28.000,-10.000,-10.000,-10.000,-10.000,0.0,0.0,0.0,0.0,0.0,0.0,0.0,0.0,0.0,0.0,0.0,0.0,0.0,0.0,0.0,0.0
1790303547.850788,13.760,-12.42218,-12.42218,-12.42218,-12.42218,-12.42218,-12.42218,-12.42218,0.04150,-12.42218,-12.42218,-12.42218,-12.42218,-12.42218,-12.42218,-12.42218,0.04150,-45.0000,-45.0000,-10.0000,-10.0000,-30.0000,-30.0000,-30.0000,-30.0000,-45.0000,-45.0000,-10.0000,-10.0000,-30.0000,-30.0000,-30.0000,-30.0000,-54.000,-54.000,-28.000,-28.000,-10.000,-10.000,-10.000,-10.000,-54.000,-54.000,-28.000,-28.000,-10.000,-10.000,-10.000,-10.000,0.0,0.0,0.0,0.0,0.0,0.0,0.0,0.0,0.0,0.0,0.0,0.0,0.0,0.0,0.0,0.0
1790303547.860672,13.770,-12.42218,-12.42218,-12.42218,-12.42218,-12.42218,-12.42218,-12.42218,0.04150,-12.42218,-12.42218,-12.42218,-12.42218,-12.42218,-12.42218,-12.42218,0.04150,-45.0000,-45.0000,-10.0000,-10.0000,-30.0000,-30.0000,-30.0000,-30.0000,-45.0000,-45.0000,-10.0000,-10.0000,-30.0000,-30.0000,-30.0000,-30.0000,-54.000,-54.000,-28.000,-28.000,-10.000,-10.000,-10.000,-10.000,-54.000,-54.000,-28.000,-28.000,-10.000,-10.000,-10.000,-10.000,0.0,0.0,0.0,0.0,0.0,0.0,0.0,0.0,0.0,0.0,0.0,0.0,0.0,0.0,0.0,0.0
1790303547.870829,13.780,-12.42218,-12.42218,-12.42218,-12.42218,-12.42218,-12.42218,-12.42218,0.04150,-12.42218,-12.42218,-12.42218,-12.42218,-12.42218,-12.42218,-12.42218,0.04150,-45.0000,-45.0000,-10.0000,-10.0000,-30.0000,-30.0000,-30.0000,-30.0000,-45.0000,-45.0000,-10.0000,-10.0000,-30.0000,-30.0000,-30.0000,-30.0000,-54.000,-54.000,-28.000,-28.000,-10.000,-10.000,-10.000,-10.000,-54.000,-54.000,-28.000,-28.000,-10.000,-10.000,-10.000,-10.000,0.0,0.0,0.0,0.0,0.0,0.0,0.0,0.0,0.0,0.0,0.0,0.0,0.0,0.0,0.0,0.0
1790303547.880690,13.790,-12.42218,-12.42218,-12.42218,-12.42218,-12.42218,-12.42218,-12.42218,0.04150,-12.42218,-12.42218,-12.42218,-12.42218,-12.42218,-12.42218,-12.42218,0.04150,-45.0000,-45.0000,-10.0000,-10.0000,-30.0000,-30.0000,-30.0000,-30.0000,-45.0000,-45.0000,-10.0000,-10.0000,-30.0000,-30.0000,-30.0000,-30.0000,-54.000,-54.000,-28.000,-28.000,-10.000,-10.000,-10.000,-10.000,-54.000,-54.000,-28.000,-28.000,-10.000,-10.000,-10.000,-10.000,0.0,0.0,0.0,0.0,0.0,0.0,0.0,0.0,0.0,0.0,0.0,0.0,0.0,0.0,0.0,0.0
1790303547.891442,13.800,-12.42218,-12.42218,-12.42218,-12.42218,-12.42218,-12.42218,-12.42218,0.04150,-12.42218,-12.42218,-12.42218,-12.42218,-12.42218,-12.42218,-12.42218,0.04150,-45.0000,-45.0000,-10.0000,-10.0000,-30.0000,-30.0000,-30.0000,-30.0000,-45.0000,-45.0000,-10.0000,-10.0000,-30.0000,-30.0000,-30.0000,-30.0000,-54.000,-54.000,-28.000,-28.000,-10.000,-10.000,-10.000,-10.000,-54.000,-54.000,-28.000,-28.000,-10.000,-10.000,-10.000,-10.000,0.0,0.0,0.0,0.0,0.0,0.0,0.0,0.0,0.0,0.0,0.0,0.0,0.0,0.0,0.0,0.0
1790303547.900612,13.809,-12.42218,-12.42218,-12.42218,-12.42218,-12.42218,-12.42218,-12.42218,0.04150,-12.42218,-12.42218,-12.42218,-12.42218,-12.42218,-12.42218,-12.42218,0.04150,-45.0000,-45.0000,-10.0000,-10.0000,-30.0000,-30.0000,-30.0000,-30.0000,-45.0000,-45.0000,-10.0000,-10.0000,-30.0000,-30.0000,-30.0000,-30.0000,-54.000,-54.000,-28.000,-28.000,-10.000,-10.000,-10.000,-10.000,-54.000,-54.000,-28.000,-28.000,-10.000,-10.000,-10.000,-10.000,0.0,0.0,0.0,0.0,0.0,0.0,0.0,0.0,0.0,0.0,0.0,0.0,0.0,0.0,0.0,0.0
1790303547.910810,13.820,-12.42218,-12.42218,-12.42218,-12.42218,-12.42218,-12.42218,-12.42218,0.04150,-12.42218,-12.42218,-12.42218,-12.42218,-12.42218,-12.42218,-12.42218,0.04150,-45.0000,-45.0000,-10.0000,-10.0000,-30.0000,-30.0000,-30.0000,-30.0000,-45.0000,-45.0000,-10.0000,-10.0000,-30.0000,-30.0000,-30.0000,-30.0000,-54.000,-54.000,-28.000,-28.000,-10.000,-10.000,-10.000,-10.000,-54.000,-54.000,-28.000,-28.000,-10.000,-10.000,-10.000,-10.000,0.0,0.0,0.0,0.0,0.0,0.0,0.0,0.0,0.0,0.0,0.0,0.0,0.0,0.0,0.0,0.0
1790303547.920657,13.830,-12.42218,-12.42218,-12.42218,-12.42218,-12.42218,-12.42218,-12.42218,0.04150,-12.42218,-12.42218,-12.42218,-12.42218,-12.42218,-12.42218,-12.42218,0.04150,-45.0000,-45.0000,-10.0000,-10.0000,-30.0000,-30.0000,-30.0000,-30.0000,-45.0000,-45.0000,-10.0000,-10.0000,-30.0000,-30.0000,-30.0000,-30.0000,-54.000,-54.000,-28.000,-28.000,-10.000,-10.000,-10.000,-10.000,-54.000,-54.000,-28.000,-28.000,-10.000,-10.000,-10.000,-10.000,0.0,0.0,0.0,0.0,0.0,0.0,0.0,0.0,0.0,0.0,0.0,0.0,0.0,0.0,0.0,0.0
1790303547.930823,13.840,-12.42218,-12.42218,-12.42218,-12.42218,-12.42218,-12.42218,-12.42218,0.04150,-12.42218,-12.42218,-12.42218,-12.42218,-12.42218,-12.42218,-12.42218,0.04150,-45.0000,-45.0000,-10.0000,-10.0000,-30.0000,-30.0000,-30.0000,-30.0000,-45.0000,-45.0000,-10.0000,-10.0000,-30.0000,-30.0000,-30.0000,-30.0000,-54.000,-54.000,-28.000,-28.000,-10.000,-10.000,-10.000,-10.000,-54.000,-54.000,-28.000,-28.000,-10.000,-10.000,-10.000,-10.000,0.0,0.0,0.0,0.0,0.0,0.0,0.0,0.0,0.0,0.0,0.0,0.0,0.0,0.0,0.0,0.0
1790303547.940556,13.849,-12.42218,-12.42218,-12.42218,-12.42218,-12.42218,-12.42218,-12.42218,0.04150,-12.42218,-12.42218,-12.42218,-12.42218,-12.42218,-12.42218,-12.42218,0.04150,-45.0000,-45.0000,-10.0000,-10.0000,-30.0000,-30.0000,-30.0000,-30.0000,-45.0000,-45.0000,-10.0000,-10.0000,-30.0000,-30.0000,-30.0000,-30.0000,-54.000,-54.000,-28.000,-28.000,-10.000,-10.000,-10.000,-10.000,-54.000,-54.000,-28.000,-28.000,-10.000,-10.000,-10.000,-10.000,0.0,0.0,0.0,0.0,0.0,0.0,0.0,0.0,0.0,0.0,0.0,0.0,0.0,0.0,0.0,0.0
1790303547.950884,13.860,-12.42218,-12.42218,-12.42218,-12.42218,-12.42218,-12.42218,-12.42218,0.04150,-12.42218,-12.42218,-12.42218,-12.42218,-12.42218,-12.42218,-12.42218,0.04150,-45.0000,-45.0000,-10.0000,-10.0000,-30.0000,-30.0000,-30.0000,-30.0000,-45.0000,-45.0000,-10.0000,-10.0000,-30.0000,-30.0000,-30.0000,-30.0000,-54.000,-54.000,-28.000,-28.000,-10.000,-10.000,-10.000,-10.000,-54.000,-54.000,-28.000,-28.000,-10.000,-10.000,-10.000,-10.000,0.0,0.0,0.0,0.0,0.0,0.0,0.0,0.0,0.0,0.0,0.0,0.0,0.0,0.0,0.0,0.0
1790303547.960587,13.869,-12.42218,-12.42218,-12.42218,-12.42218,-12.42218,-12.42218,-12.42218,0.04150,-12.42218,-12.42218,-12.42218,-12.42218,-12.42218,-12.42218,-12.42218,0.04150,-45.0000,-45.0000,-10.0000,-10.0000,-30.0000,-30.0000,-30.0000,-30.0000,-45.0000,-45.0000,-10.0000,-10.0000,-30.0000,-30.0000,-30.0000,-30.0000,-54.000,-54.000,-28.000,-28.000,-10.000,-10.000,-10.000,-10.000,-54.000,-54.000,-28.000,-28.000,-10.000,-10.000,-10.000,-10.000,0.0,0.0,0.0,0.0,0.0,0.0,0.0,0.0,0.0,0.0,0.0,0.0,0.0,0.0,0.0,0.0
1790303547.970805,13.880,-12.42218,-12.42218,-12.42218,-12.42218,-12.42218,-12.42218,-12.42218,0.04150,-12.42218,-12.42218,-12.42218,-12.42218,-12.42218,-12.42218,-12.42218,0.04150,-45.0000,-45.0000,-10.0000,-10.0000,-30.0000,-30.0000,-30.0000,-30.0000,-45.0000,-45.0000,-10.0000,-10.0000,-30.0000,-30.0000,-30.0000,-30.0000,-54.000,-54.000,-28.000,-28.000,-10.000,-10.000,-10.000,-10.000,-54.000,-54.000,-28.000,-28.000,-10.000,-10.000,-10.000,-10.000,0.0,0.0,0.0,0.0,0.0,0.0,0.0,0.0,0.0,0.0,0.0,0.0,0.0,0.0,0.0,0.0
1790303547.980548,13.889,-12.42218,-12.42218,-12.42218,-12.42218,-12.42218,-12.42218,-12.42218,0.04150,-12.42218,-12.42218,-12.42218,-12.42218,-12.42218,-12.42218,-12.42218,0.04150,-45.0000,-45.0000,-10.0000,-10.0000,-30.0000,-30.0000,-30.0000,-30.0000,-45.0000,-45.0000,-10.0000,-10.0000,-30.0000,-30.0000,-30.0000,-30.0000,-54.000,-54.000,-28.000,-28.000,-10.000,-10.000,-10.000,-10.000,-54.000,-54.000,-28.000,-28.000,-10.000,-10.000,-10.000,-10.000,0.0,0.0,0.0,0.0,0.0,0.0,0.0,0.0,0.0,0.0,0.0,0.0,0.0,0.0,0.0,0.0
1790303547.990804,13.900,-12.42218,-12.42218,-12.42218,-12.42218,-12.42218,-12.42218,-12.42218,0.04150,-12.42218,-12.42218,-12.42218,-12.42218,-12.42218,-12.42218,-12.42218,0.04150,-45.0000,-45.0000,-10.0000,-10.0000,-30.0000,-30.0000,-30.0000,-30.0000,-45.0000,-45.0000,-10.0000,-10.0000,-30.0000,-30.0000,-30.0000,-30.0000,-54.000,-54.000,-28.000,-28.000,-10.000,-10.000,-10.000,-10.000,-54.000,-54.000,-28.000,-28.000,-10.000,-10.000,-10.000,-10.000,0.0,0.0,0.0,0.0,0.0,0.0,0.0,0.0,0.0,0.0,0.0,0.0,0.0,0.0,0.0,0.0
1790303548.000558,13.909,-12.42218,-12.42218,-12.42218,-12.42218,-12.42218,-12.42218,-12.42218,0.04150,-12.42218,-12.42218,-12.42218,-12.42218,-12.42218,-12.42218,-12.42218,0.04150,-45.0000,-45.0000,-10.0000,-10.0000,-30.0000,-30.0000,-30.0000,-30.0000,-45.0000,-45.0000,-10.0000,-10.0000,-30.0000,-30.0000,-30.0000,-30.0000,-54.000,-54.000,-28.000,-28.000,-10.000,-10.000,-10.000,-10.000,-54.000,-54.000,-28.000,-28.000,-10.000,-10.000,-10.000,-10.000,0.0,0.0,0.0,0.0,0.0,0.0,0.0,0.0,0.0,0.0,0.0,0.0,0.0,0.0,0.0,0.0
1790303548.010785,13.920,-12.42218,-12.42218,-12.42218,-12.42218,-12.42218,-12.42218,-12.42218,0.04150,-12.42218,-12.42218,-12.42218,-12.42218,-12.42218,-12.42218,-12.42218,0.04150,-45.0000,-45.0000,-10.0000,-10.0000,-30.0000,-30.0000,-30.0000,-30.0000,-45.0000,-45.0000,-10.0000,-10.0000,-30.0000,-30.0000,-30.0000,-30.0000,-54.000,-54.000,-28.000,-28.000,-10.000,-10.000,-10.000,-10.000,-54.000,-54.000,-28.000,-28.000,-10.000,-10.000,-10.000,-10.000,0.0,0.0,0.0,0.0,0.0,0.0,0.0,0.0,0.0,0.0,0.0,0.0,0.0,0.0,0.0,0.0
1790303548.020583,13.929,-12.42218,-12.42218,-12.42218,-12.42218,-12.42218,-12.42218,-12.42218,0.04150,-12.42218,-12.42218,-12.42218,-12.42218,-12.42218,-12.42218,-12.42218,0.04150,-45.0000,-45.0000,-10.0000,-10.0000,-30.0000,-30.0000,-30.0000,-30.0000,-45.0000,-45.0000,-10.0000,-10.0000,-30.0000,-30.0000,-30.0000,-30.0000,-54.000,-54.000,-28.000,-28.000,-10.000,-10.000,-10.000,-10.000,-54.000,-54.000,-28.000,-28.000,-10.000,-10.000,-10.000,-10.000,0.0,0.0,0.0,0.0,0.0,0.0,0.0,0.0,0.0,0.0,0.0,0.0,0.0,0.0,0.0,0.0
1790303548.031992,13.941,-12.42218,-12.42218,-12.42218,-12.42218,-12.42218,-12.42218,-12.42218,0.04150,-12.42218,-12.42218,-12.42218,-12.42218,-12.42218,-12.42218,-12.42218,0.04150,-45.0000,-45.0000,-10.0000,-10.0000,-30.0000,-30.0000,-30.0000,-30.0000,-45.0000,-45.0000,-10.0000,-10.0000,-30.0000,-30.0000,-30.0000,-30.0000,-54.000,-54.000,-28.000,-28.000,-10.000,-10.000,-10.000,-10.000,-54.000,-54.000,-28.000,-28.000,-10.000,-10.000,-10.000,-10.000,0.0,0.0,0.0,0.0,0.0,0.0,0.0,0.0,0.0,0.0,0.0,0.0,0.0,0.0,0.0,0.0
1790303548.040655,13.950,-12.42218,-12.42218,-12.42218,-12.42218,-12.42218,-12.42218,-12.42218,0.04150,-12.42218,-12.42218,-12.42218,-12.42218,-12.42218,-12.42218,-12.42218,0.04150,-45.0000,-45.0000,-10.0000,-10.0000,-30.0000,-30.0000,-30.0000,-30.0000,-45.0000,-45.0000,-10.0000,-10.0000,-30.0000,-30.0000,-30.0000,-30.0000,-54.000,-54.000,-28.000,-28.000,-10.000,-10.000,-10.000,-10.000,-54.000,-54.000,-28.000,-28.000,-10.000,-10.000,-10.000,-10.000,0.0,0.0,0.0,0.0,0.0,0.0,0.0,0.0,0.0,0.0,0.0,0.0,0.0,0.0,0.0,0.0
1790303548.050848,13.960,-12.42218,-12.42218,-12.42218,-12.42218,-12.42218,-12.42218,-12.42218,0.04150,-12.42218,-12.42218,-12.42218,-12.42218,-12.42218,-12.42218,-12.42218,0.04150,-45.0000,-45.0000,-10.0000,-10.0000,-30.0000,-30.0000,-30.0000,-30.0000,-45.0000,-45.0000,-10.0000,-10.0000,-30.0000,-30.0000,-30.0000,-30.0000,-54.000,-54.000,-28.000,-28.000,-10.000,-10.000,-10.000,-10.000,-54.000,-54.000,-28.000,-28.000,-10.000,-10.000,-10.000,-10.000,0.0,0.0,0.0,0.0,0.0,0.0,0.0,0.0,0.0,0.0,0.0,0.0,0.0,0.0,0.0,0.0
1790303548.060706,13.970,-12.42218,-12.42218,-12.42218,-12.42218,-12.42218,-12.42218,-12.42218,0.04150,-12.42218,-12.42218,-12.42218,-12.42218,-12.42218,-12.42218,-12.42218,0.04150,-45.0000,-45.0000,-10.0000,-10.0000,-30.0000,-30.0000,-30.0000,-30.0000,-45.0000,-45.0000,-10.0000,-10.0000,-30.0000,-30.0000,-30.0000,-30.0000,-54.000,-54.000,-28.000,-28.000,-10.000,-10.000,-10.000,-10.000,-54.000,-54.000,-28.000,-28.000,-10.000,-10.000,-10.000,-10.000,0.0,0.0,0.0,0.0,0.0,0.0,0.0,0.0,0.0,0.0,0.0,0.0,0.0,0.0,0.0,0.0
1790303548.070814,13.980,-12.42218,-12.42218,-12.42218,-12.42218,-12.42218,-12.42218,-12.42218,0.04150,-12.42218,-12.42218,-12.42218,-12.42218,-12.42218,-12.42218,-12.42218,0.04150,-45.0000,-45.0000,-10.0000,-10.0000,-30.0000,-30.0000,-30.0000,-30.0000,-45.0000,-45.0000,-10.0000,-10.0000,-30.0000,-30.0000,-30.0000,-30.0000,-54.000,-54.000,-28.000,-28.000,-10.000,-10.000,-10.000,-10.000,-54.000,-54.000,-28.000,-28.000,-10.000,-10.000,-10.000,-10.000,0.0,0.0,0.0,0.0,0.0,0.0,0.0,0.0,0.0,0.0,0.0,0.0,0.0,0.0,0.0,0.0
1790303548.080578,13.989,-12.42218,-12.42218,-12.42218,-12.42218,-12.42218,-12.42218,-12.42218,0.04150,-12.42218,-12.42218,-12.42218,-12.42218,-12.42218,-12.42218,-12.42218,0.04150,-45.0000,-45.0000,-10.0000,-10.0000,-30.0000,-30.0000,-30.0000,-30.0000,-45.0000,-45.0000,-10.0000,-10.0000,-30.0000,-30.0000,-30.0000,-30.0000,-54.000,-54.000,-28.000,-28.000,-10.000,-10.000,-10.000,-10.000,-54.000,-54.000,-28.000,-28.000,-10.000,-10.000,-10.000,-10.000,0.0,0.0,0.0,0.0,0.0,0.0,0.0,0.0,0.0,0.0,0.0,0.0,0.0,0.0,0.0,0.0
1790303548.090844,14.000,-12.42218,-12.42218,-12.42218,-12.42218,-12.42218,-12.42218,-12.42218,0.04150,-12.42218,-12.42218,-12.42218,-12.42218,-12.42218,-12.42218,-12.42218,0.04150,-45.0000,-45.0000,-10.0000,-10.0000,-30.0000,-30.0000,-30.0000,-30.0000,-45.0000,-45.0000,-10.0000,-10.0000,-30.0000,-30.0000,-30.0000,-30.0000,-54.000,-54.000,-28.000,-28.000,-10.000,-10.000,-10.000,-10.000,-54.000,-54.000,-28.000,-28.000,-10.000,-10.000,-10.000,-10.000,0.0,0.0,0.0,0.0,0.0,0.0,0.0,0.0,0.0,0.0,0.0,0.0,0.0,0.0,0.0,0.0
1790303548.100621,14.010,-12.42218,-12.42218,-12.42218,-12.42218,-12.42218,-12.42218,-12.42218,0.04150,-12.42218,-12.42218,-12.42218,-12.42218,-12.42218,-12.42218,-12.42218,0.04150,-45.0000,-45.0000,-10.0000,-10.0000,-30.0000,-30.0000,-30.0000,-30.0000,-45.0000,-45.0000,-10.0000,-10.0000,-30.0000,-30.0000,-30.0000,-30.0000,-54.000,-54.000,-28.000,-28.000,-10.000,-10.000,-10.000,-10.000,-54.000,-54.000,-28.000,-28.000,-10.000,-10.000,-10.000,-10.000,0.0,0.0,0.0,0.0,0.0,0.0,0.0,0.0,0.0,0.0,0.0,0.0,0.0,0.0,0.0,0.0
1790303548.110764,14.020,-12.42218,-12.42218,-12.42218,-12.42218,-12.42218,-12.42218,-12.42218,0.04150,-12.42218,-12.42218,-12.42218,-12.42218,-12.42218,-12.42218,-12.42218,0.04150,-45.0000,-45.0000,-10.0000,-10.0000,-30.0000,-30.0000,-30.0000,-30.0000,-45.0000,-45.0000,-10.0000,-10.0000,-30.0000,-30.0000,-30.0000,-30.0000,-54.000,-54.000,-28.000,-28.000,-10.000,-10.000,-10.000,-10.000,-54.000,-54.000,-28.000,-28.000,-10.000,-10.000,-10.000,-10.000,0.0,0.0,0.0,0.0,0.0,0.0,0.0,0.0,0.0,0.0,0.0,0.0,0.0,0.0,0.0,0.0
1790303548.120051,14.029,-12.42218,-12.42218,-12.42218,-12.42218,-12.42218,-12.42218,-12.42218,0.04150,-12.42218,-12.42218,-12.42218,-12.42218,-12.42218,-12.42218,-12.42218,0.04150,-45.0000,-45.0000,-10.0000,-10.0000,-30.0000,-30.0000,-30.0000,-30.0000,-45.0000,-45.0000,-10.0000,-10.0000,-30.0000,-30.0000,-30.0000,-30.0000,-54.000,-54.000,-28.000,-28.000,-10.000,-10.000,-10.000,-10.000,-54.000,-54.000,-28.000,-28.000,-10.000,-10.000,-10.000,-10.000,0.0,0.0,0.0,0.0,0.0,0.0,0.0,0.0,0.0,0.0,0.0,0.0,0.0,0.0,0.0,0.0
1790303548.130115,14.039,-12.42218,-12.42218,-12.42218,-12.42218,-12.42218,-12.42218,-12.42218,0.04150,-12.42218,-12.42218,-12.42218,-12.42218,-12.42218,-12.42218,-12.42218,0.04150,-45.0000,-45.0000,-10.0000,-10.0000,-30.0000,-30.0000,-30.0000,-30.0000,-45.0000,-45.0000,-10.0000,-10.0000,-30.0000,-30.0000,-30.0000,-30.0000,-54.000,-54.000,-28.000,-28.000,-10.000,-10.000,-10.000,-10.000,-54.000,-54.000,-28.000,-28.000,-10.000,-10.000,-10.000,-10.000,0.0,0.0,0.0,0.0,0.0,0.0,0.0,0.0,0.0,0.0,0.0,0.0,0.0,0.0,0.0,0.0
1790303548.141004,14.050,-12.42218,-12.42218,-12.42218,-12.42218,-12.42218,-12.42218,-12.42218,0.04150,-12.42218,-12.42218,-12.42218,-12.42218,-12.42218,-12.42218,-12.42218,0.04150,-45.0000,-45.0000,-10.0000,-10.0000,-30.0000,-30.0000,-30.0000,-30.0000,-45.0000,-45.0000,-10.0000,-10.0000,-30.0000,-30.0000,-30.0000,-30.0000,-54.000,-54.000,-28.000,-28.000,-10.000,-10.000,-10.000,-10.000,-54.000,-54.000,-28.000,-28.000,-10.000,-10.000,-10.000,-10.000,0.0,0.0,0.0,0.0,0.0,0.0,0.0,0.0,0.0,0.0,0.0,0.0,0.0,0.0,0.0,0.0
1790303548.150821,14.060,-12.42218,-12.42218,-12.42218,-12.42218,-12.42218,-12.42218,-12.42218,0.04150,-12.42218,-12.42218,-12.42218,-12.42218,-12.42218,-12.42218,-12.42218,0.04150,-45.0000,-45.0000,-10.0000,-10.0000,-30.0000,-30.0000,-30.0000,-30.0000,-45.0000,-45.0000,-10.0000,-10.0000,-30.0000,-30.0000,-30.0000,-30.0000,-54.000,-54.000,-28.000,-28.000,-10.000,-10.000,-10.000,-10.000,-54.000,-54.000,-28.000,-28.000,-10.000,-10.000,-10.000,-10.000,0.0,0.0,0.0,0.0,0.0,0.0,0.0,0.0,0.0,0.0,0.0,0.0,0.0,0.0,0.0,0.0
1790303548.160595,14.069,-12.42218,-12.42218,-12.42218,-12.42218,-12.42218,-12.42218,-12.42218,0.04150,-12.42218,-12.42218,-12.42218,-12.42218,-12.42218,-12.42218,-12.42218,0.04150,-45.0000,-45.0000,-10.0000,-10.0000,-30.0000,-30.0000,-30.0000,-30.0000,-45.0000,-45.0000,-10.0000,-10.0000,-30.0000,-30.0000,-30.0000,-30.0000,-54.000,-54.000,-28.000,-28.000,-10.000,-10.000,-10.000,-10.000,-54.000,-54.000,-28.000,-28.000,-10.000,-10.000,-10.000,-10.000,0.0,0.0,0.0,0.0,0.0,0.0,0.0,0.0,0.0,0.0,0.0,0.0,0.0,0.0,0.0,0.0
1790303548.170808,14.080,-12.42218,-12.42218,-12.42218,-12.42218,-12.42218,-12.42218,-12.42218,0.04150,-12.42218,-12.42218,-12.42218,-12.42218,-12.42218,-12.42218,-12.42218,0.04150,-45.0000,-45.0000,-10.0000,-10.0000,-30.0000,-30.0000,-30.0000,-30.0000,-45.0000,-45.0000,-10.0000,-10.0000,-30.0000,-30.0000,-30.0000,-30.0000,-54.000,-54.000,-28.000,-28.000,-10.000,-10.000,-10.000,-10.000,-54.000,-54.000,-28.000,-28.000,-10.000,-10.000,-10.000,-10.000,0.0,0.0,0.0,0.0,0.0,0.0,0.0,0.0,0.0,0.0,0.0,0.0,0.0,0.0,0.0,0.0
1790303548.180562,14.089,-12.42218,-12.42218,-12.42218,-12.42218,-12.42218,-12.42218,-12.42218,0.04150,-12.42218,-12.42218,-12.42218,-12.42218,-12.42218,-12.42218,-12.42218,0.04150,-45.0000,-45.0000,-10.0000,-10.0000,-30.0000,-30.0000,-30.0000,-30.0000,-45.0000,-45.0000,-10.0000,-10.0000,-30.0000,-30.0000,-30.0000,-30.0000,-54.000,-54.000,-28.000,-28.000,-10.000,-10.000,-10.000,-10.000,-54.000,-54.000,-28.000,-28.000,-10.000,-10.000,-10.000,-10.000,0.0,0.0,0.0,0.0,0.0,0.0,0.0,0.0,0.0,0.0,0.0,0.0,0.0,0.0,0.0,0.0
1790303548.190794,14.100,-12.42218,-12.42218,-12.42218,-12.42218,-12.42218,-12.42218,-12.42218,0.04150,-12.42218,-12.42218,-12.42218,-12.42218,-12.42218,-12.42218,-12.42218,0.04150,-45.0000,-45.0000,-10.0000,-10.0000,-30.0000,-30.0000,-30.0000,-30.0000,-45.0000,-45.0000,-10.0000,-10.0000,-30.0000,-30.0000,-30.0000,-30.0000,-54.000,-54.000,-28.000,-28.000,-10.000,-10.000,-10.000,-10.000,-54.000,-54.000,-28.000,-28.000,-10.000,-10.000,-10.000,-10.000,0.0,0.0,0.0,0.0,0.0,0.0,0.0,0.0,0.0,0.0,0.0,0.0,0.0,0.0,0.0,0.0
1790303548.200138,14.109,-12.42218,-12.42218,-12.42218,-12.42218,-12.42218,-12.42218,-12.42218,0.04150,-12.42218,-12.42218,-12.42218,-12.42218,-12.42218,-12.42218,-12.42218,0.04150,-45.0000,-45.0000,-10.0000,-10.0000,-30.0000,-30.0000,-30.0000,-30.0000,-45.0000,-45.0000,-10.0000,-10.0000,-30.0000,-30.0000,-30.0000,-30.0000,-54.000,-54.000,-28.000,-28.000,-10.000,-10.000,-10.000,-10.000,-54.000,-54.000,-28.000,-28.000,-10.000,-10.000,-10.000,-10.000,0.0,0.0,0.0,0.0,0.0,0.0,0.0,0.0,0.0,0.0,0.0,0.0,0.0,0.0,0.0,0.0
1790303548.210773,14.120,-12.42218,-12.42218,-12.42218,-12.42218,-12.42218,-12.42218,-12.42218,0.04150,-12.42218,-12.42218,-12.42218,-12.42218,-12.42218,-12.42218,-12.42218,0.04150,-45.0000,-45.0000,-10.0000,-10.0000,-30.0000,-30.0000,-30.0000,-30.0000,-45.0000,-45.0000,-10.0000,-10.0000,-30.0000,-30.0000,-30.0000,-30.0000,-54.000,-54.000,-28.000,-28.000,-10.000,-10.000,-10.000,-10.000,-54.000,-54.000,-28.000,-28.000,-10.000,-10.000,-10.000,-10.000,0.0,0.0,0.0,0.0,0.0,0.0,0.0,0.0,0.0,0.0,0.0,0.0,0.0,0.0,0.0,0.0
1790303548.220543,14.129,-12.42218,-12.42218,-12.42218,-12.42218,-12.42218,-12.42218,-12.42218,0.04150,-12.42218,-12.42218,-12.42218,-12.42218,-12.42218,-12.42218,-12.42218,0.04150,-45.0000,-45.0000,-10.0000,-10.0000,-30.0000,-30.0000,-30.0000,-30.0000,-45.0000,-45.0000,-10.0000,-10.0000,-30.0000,-30.0000,-30.0000,-30.0000,-54.000,-54.000,-28.000,-28.000,-10.000,-10.000,-10.000,-10.000,-54.000,-54.000,-28.000,-28.000,-10.000,-10.000,-10.000,-10.000,0.0,0.0,0.0,0.0,0.0,0.0,0.0,0.0,0.0,0.0,0.0,0.0,0.0,0.0,0.0,0.0
1790303548.230905,14.140,-12.42218,-12.42218,-12.42218,-12.42218,-12.42218,-12.42218,-12.42218,0.04150,-12.42218,-12.42218,-12.42218,-12.42218,-12.42218,-12.42218,-12.42218,0.04150,-45.0000,-45.0000,-10.0000,-10.0000,-30.0000,-30.0000,-30.0000,-30.0000,-45.0000,-45.0000,-10.0000,-10.0000,-30.0000,-30.0000,-30.0000,-30.0000,-54.000,-54.000,-28.000,-28.000,-10.000,-10.000,-10.000,-10.000,-54.000,-54.000,-28.000,-28.000,-10.000,-10.000,-10.000,-10.000,0.0,0.0,0.0,0.0,0.0,0.0,0.0,0.0,0.0,0.0,0.0,0.0,0.0,0.0,0.0,0.0
1790303548.240176,14.149,-12.42218,-12.42218,-12.42218,-12.42218,-12.42218,-12.42218,-12.42218,0.04150,-12.42218,-12.42218,-12.42218,-12.42218,-12.42218,-12.42218,-12.42218,0.04150,-45.0000,-45.0000,-10.0000,-10.0000,-30.0000,-30.0000,-30.0000,-30.0000,-45.0000,-45.0000,-10.0000,-10.0000,-30.0000,-30.0000,-30.0000,-30.0000,-54.000,-54.000,-28.000,-28.000,-10.000,-10.000,-10.000,-10.000,-54.000,-54.000,-28.000,-28.000,-10.000,-10.000,-10.000,-10.000,0.0,0.0,0.0,0.0,0.0,0.0,0.0,0.0,0.0,0.0,0.0,0.0,0.0,0.0,0.0,0.0
1790303548.250821,14.160,-12.42218,-12.42218,-12.42218,-12.42218,-12.42218,-12.42218,-12.42218,0.04150,-12.42218,-12.42218,-12.42218,-12.42218,-12.42218,-12.42218,-12.42218,0.04150,-45.0000,-45.0000,-10.0000,-10.0000,-30.0000,-30.0000,-30.0000,-30.0000,-45.0000,-45.0000,-10.0000,-10.0000,-30.0000,-30.0000,-30.0000,-30.0000,-54.000,-54.000,-28.000,-28.000,-10.000,-10.000,-10.000,-10.000,-54.000,-54.000,-28.000,-28.000,-10.000,-10.000,-10.000,-10.000,0.0,0.0,0.0,0.0,0.0,0.0,0.0,0.0,0.0,0.0,0.0,0.0,0.0,0.0,0.0,0.0
1790303548.260615,14.169,-12.42218,-12.42218,-12.42218,-12.42218,-12.42218,-12.42218,-12.42218,0.04150,-12.42218,-12.42218,-12.42218,-12.42218,-12.42218,-12.42218,-12.42218,0.04150,-45.0000,-45.0000,-10.0000,-10.0000,-30.0000,-30.0000,-30.0000,-30.0000,-45.0000,-45.0000,-10.0000,-10.0000,-30.0000,-30.0000,-30.0000,-30.0000,-54.000,-54.000,-28.000,-28.000,-10.000,-10.000,-10.000,-10.000,-54.000,-54.000,-28.000,-28.000,-10.000,-10.000,-10.000,-10.000,0.0,0.0,0.0,0.0,0.0,0.0,0.0,0.0,0.0,0.0,0.0,0.0,0.0,0.0,0.0,0.0
1790303548.270815,14.180,-12.42218,-12.42218,-12.42218,-12.42218,-12.42218,-12.42218,-12.42218,0.04150,-12.42218,-12.42218,-12.42218,-12.42218,-12.42218,-12.42218,-12.42218,0.04150,-45.0000,-45.0000,-10.0000,-10.0000,-30.0000,-30.0000,-30.0000,-30.0000,-45.0000,-45.0000,-10.0000,-10.0000,-30.0000,-30.0000,-30.0000,-30.0000,-54.000,-54.000,-28.000,-28.000,-10.000,-10.000,-10.000,-10.000,-54.000,-54.000,-28.000,-28.000,-10.000,-10.000,-10.000,-10.000,0.0,0.0,0.0,0.0,0.0,0.0,0.0,0.0,0.0,0.0,0.0,0.0,0.0,0.0,0.0,0.0
1790303548.280251,14.189,-12.42218,-12.42218,-12.42218,-12.42218,-12.42218,-12.42218,-12.42218,0.04150,-12.42218,-12.42218,-12.42218,-12.42218,-12.42218,-12.42218,-12.42218,0.04150,-45.0000,-45.0000,-10.0000,-10.0000,-30.0000,-30.0000,-30.0000,-30.0000,-45.0000,-45.0000,-10.0000,-10.0000,-30.0000,-30.0000,-30.0000,-30.0000,-54.000,-54.000,-28.000,-28.000,-10.000,-10.000,-10.000,-10.000,-54.000,-54.000,-28.000,-28.000,-10.000,-10.000,-10.000,-10.000,0.0,0.0,0.0,0.0,0.0,0.0,0.0,0.0,0.0,0.0,0.0,0.0,0.0,0.0,0.0,0.0
1790303548.290807,14.200,-12.42218,-12.42218,-12.42218,-12.42218,-12.42218,-12.42218,-12.42218,0.04150,-12.42218,-12.42218,-12.42218,-12.42218,-12.42218,-12.42218,-12.42218,0.04150,-45.0000,-45.0000,-10.0000,-10.0000,-30.0000,-30.0000,-30.0000,-30.0000,-45.0000,-45.0000,-10.0000,-10.0000,-30.0000,-30.0000,-30.0000,-30.0000,-54.000,-54.000,-28.000,-28.000,-10.000,-10.000,-10.000,-10.000,-54.000,-54.000,-28.000,-28.000,-10.000,-10.000,-10.000,-10.000,0.0,0.0,0.0,0.0,0.0,0.0,0.0,0.0,0.0,0.0,0.0,0.0,0.0,0.0,0.0,0.0
1790303548.300611,14.209,-12.42218,-12.42218,-12.42218,-12.42218,-12.42218,-12.42218,-12.42218,0.04150,-12.42218,-12.42218,-12.42218,-12.42218,-12.42218,-12.42218,-12.42218,0.04150,-45.0000,-45.0000,-10.0000,-10.0000,-30.0000,-30.0000,-30.0000,-30.0000,-45.0000,-45.0000,-10.0000,-10.0000,-30.0000,-30.0000,-30.0000,-30.0000,-54.000,-54.000,-28.000,-28.000,-10.000,-10.000,-10.000,-10.000,-54.000,-54.000,-28.000,-28.000,-10.000,-10.000,-10.000,-10.000,0.0,0.0,0.0,0.0,0.0,0.0,0.0,0.0,0.0,0.0,0.0,0.0,0.0,0.0,0.0,0.0
1790303548.310757,14.220,-12.42218,-12.42218,-12.42218,-12.42218,-12.42218,-12.42218,-12.42218,0.04150,-12.42218,-12.42218,-12.42218,-12.42218,-12.42218,-12.42218,-12.42218,0.04150,-45.0000,-45.0000,-10.0000,-10.0000,-30.0000,-30.0000,-30.0000,-30.0000,-45.0000,-45.0000,-10.0000,-10.0000,-30.0000,-30.0000,-30.0000,-30.0000,-54.000,-54.000,-28.000,-28.000,-10.000,-10.000,-10.000,-10.000,-54.000,-54.000,-28.000,-28.000,-10.000,-10.000,-10.000,-10.000,0.0,0.0,0.0,0.0,0.0,0.0,0.0,0.0,0.0,0.0,0.0,0.0,0.0,0.0,0.0,0.0
1790303548.320161,14.229,-12.42218,-12.42218,-12.42218,-12.42218,-12.42218,-12.42218,-12.42218,0.04150,-12.42218,-12.42218,-12.42218,-12.42218,-12.42218,-12.42218,-12.42218,0.04150,-45.0000,-45.0000,-10.0000,-10.0000,-30.0000,-30.0000,-30.0000,-30.0000,-45.0000,-45.0000,-10.0000,-10.0000,-30.0000,-30.0000,-30.0000,-30.0000,-54.000,-54.000,-28.000,-28.000,-10.000,-10.000,-10.000,-10.000,-54.000,-54.000,-28.000,-28.000,-10.000,-10.000,-10.000,-10.000,0.0,0.0,0.0,0.0,0.0,0.0,0.0,0.0,0.0,0.0,0.0,0.0,0.0,0.0,0.0,0.0
1790303548.330800,14.240,-12.42218,-12.42218,-12.42218,-12.42218,-12.42218,-12.42218,-12.42218,0.04150,-12.42218,-12.42218,-12.42218,-12.42218,-12.42218,-12.42218,-12.42218,0.04150,-45.0000,-45.0000,-10.0000,-10.0000,-30.0000,-30.0000,-30.0000,-30.0000,-45.0000,-45.0000,-10.0000,-10.0000,-30.0000,-30.0000,-30.0000,-30.0000,-54.000,-54.000,-28.000,-28.000,-10.000,-10.000,-10.000,-10.000,-54.000,-54.000,-28.000,-28.000,-10.000,-10.000,-10.000,-10.000,0.0,0.0,0.0,0.0,0.0,0.0,0.0,0.0,0.0,0.0,0.0,0.0,0.0,0.0,0.0,0.0
1790303548.340559,14.249,-12.42218,-12.42218,-12.42218,-12.42218,-12.42218,-12.42218,-12.42218,0.04150,-12.42218,-12.42218,-12.42218,-12.42218,-12.42218,-12.42218,-12.42218,0.04150,-45.0000,-45.0000,-10.0000,-10.0000,-30.0000,-30.0000,-30.0000,-30.0000,-45.0000,-45.0000,-10.0000,-10.0000,-30.0000,-30.0000,-30.0000,-30.0000,-54.000,-54.000,-28.000,-28.000,-10.000,-10.000,-10.000,-10.000,-54.000,-54.000,-28.000,-28.000,-10.000,-10.000,-10.000,-10.000,0.0,0.0,0.0,0.0,0.0,0.0,0.0,0.0,0.0,0.0,0.0,0.0,0.0,0.0,0.0,0.0
1790303548.350358,14.259,-12.42218,-12.42218,-12.42218,-12.42218,-12.42218,-12.42218,-12.42218,0.04150,-12.42218,-12.42218,-12.42218,-12.42218,-12.42218,-12.42218,-12.42218,0.04150,-45.0000,-45.0000,-10.0000,-10.0000,-30.0000,-30.0000,-30.0000,-27.6557,-45.0000,-45.0000,-10.0000,-10.0000,-30.0000,-30.0000,-30.0000,-30.0000,-54.000,-54.000,-28.000,-28.000,-10.000,-10.000,-10.000,-4.999,-54.000,-54.000,-28.000,-28.000,-10.000,-10.000,-10.000,-10.000,0.0,0.0,0.0,0.0,0.0,0.0,0.0,0.0,0.0,0.0,0.0,0.0,0.0,0.0,0.0,0.0
1790303548.360389,14.269,-12.42218,-12.42218,-12.42218,-12.42218,-12.42218,-12.42218,-12.42218,0.04150,-12.42218,-12.42218,-12.42218,-12.42218,-12.42218,-12.42218,-12.42218,0.04150,-45.0000,-45.0000,-10.0000,-10.0000,-30.0000,-30.0000,-30.0000,-27.6557,-45.0000,-45.0000,-10.0000,-10.0000,-30.0000,-30.0000,-30.0000,-30.0000,-54.000,-54.000,-28.000,-28.000,-10.000,-10.000,-10.000,-4.999,-54.000,-54.000,-28.000,-28.000,-10.000,-10.000,-10.000,-10.000,0.0,0.0,0.0,0.0,0.0,0.0,0.0,0.0,0.0,0.0,0.0,0.0,0.0,0.0,0.0,0.0
1790303548.371285,14.280,-12.42218,-12.42218,-12.42218,-12.42218,-12.42218,-12.42218,-12.42218,0.04150,-12.42218,-12.42218,-12.42218,-12.42218,-12.42218,-12.42218,-12.42218,0.04150,-45.0000,-45.0000,-10.0000,-10.0000,-30.0000,-30.0000,-30.0000,-30.0000,-45.0000,-45.0000,-10.0000,-10.0000,-30.0000,-30.0000,-30.0000,-30.0000,-54.000,-54.000,-28.000,-28.000,-10.000,-10.000,-10.000,-10.000,-54.000,-54.000,-28.000,-28.000,-10.000,-10.000,-10.000,-10.000,0.0,0.0,0.0,0.0,0.0,0.0,0.0,0.0,0.0,0.0,0.0,0.0,0.0,0.0,0.0,0.0
1790303548.380612,14.289,-12.42218,-12.42218,-12.42218,-12.42218,-12.42218,-12.42218,-12.42218,0.04150,-12.42218,-12.42218,-12.42218,-12.42218,-12.42218,-12.42218,-12.42218,0.04150,-45.0000,-45.0000,-10.0000,-10.0000,-30.0000,-30.0000,-30.0000,-30.0000,-45.0000,-45.0000,-10.0000,-10.0000,-30.0000,-30.0000,-30.0000,-30.0000,-54.000,-54.000,-28.000,-28.000,-10.000,-10.000,-10.000,-10.000,-54.000,-54.000,-28.000,-28.000,-10.000,-10.000,-10.000,-10.000,0.0,0.0,0.0,0.0,0.0,0.0,0.0,0.0,0.0,0.0,0.0,0.0,0.0,0.0,0.0,0.0
1790303548.390153,14.299,-12.42218,-12.42218,-12.42218,-12.42218,-12.42218,-12.42218,-12.42218,0.04150,-12.42218,-12.42218,-12.42218,-12.42218,-12.42218,-12.42218,-12.42218,0.04150,-45.0000,-45.0000,-10.0000,-10.0000,-30.0000,-30.0000,-30.0000,-30.0000,-45.0000,-45.0000,-10.0000,-10.0000,-30.0000,-30.0000,-30.0000,-30.0000,-54.000,-54.000,-28.000,-28.000,-10.000,-10.000,-10.000,-10.000,-54.000,-54.000,-28.000,-28.000,-10.000,-10.000,-10.000,-10.000,0.0,0.0,0.0,0.0,0.0,0.0,0.0,0.0,0.0,0.0,0.0,0.0,0.0,0.0,0.0,0.0
1790303548.401093,14.310,-12.42218,-12.42218,-12.42218,-12.42218,-12.42218,-12.42218,-12.42218,0.04150,-12.42218,-12.42218,-12.42218,-12.42218,-12.42218,-12.42218,-12.42218,0.04150,-45.0000,-45.0000,-10.0000,-10.0000,-30.0000,-30.0000,-30.0000,-30.0000,-45.0000,-45.0000,-10.0000,-10.0000,-30.0000,-30.0000,-30.0000,-30.0000,-54.000,-54.000,-28.000,-28.000,-10.000,-10.000,-10.000,-10.000,-54.000,-54.000,-28.000,-28.000,-10.000,-10.000,-10.000,-10.000,0.0,0.0,0.0,0.0,0.0,0.0,0.0,0.0,0.0,0.0,0.0,0.0,0.0,0.0,0.0,0.0
1790303548.410992,14.320,-12.42218,-12.42218,-12.42218,-12.42218,-12.42218,-12.42218,-12.42218,0.04150,-12.42218,-12.42218,-12.42218,-12.42218,-12.42218,-12.42218,-12.42218,0.04150,-45.0000,-45.0000,-10.0000,-10.0000,-30.0000,-30.0000,-30.0000,-30.0000,-45.0000,-45.0000,-10.0000,-10.0000,-30.0000,-30.0000,-30.0000,-27.6557,-54.000,-54.000,-28.000,-28.000,-10.000,-10.000,-10.000,-10.000,-54.000,-54.000,-28.000,-28.000,-10.000,-10.000,-10.000,-4.999,0.0,0.0,0.0,0.0,0.0,0.0,0.0,0.0,0.0,0.0,0.0,0.0,0.0,0.0,0.0,0.0
1790303548.420138,14.329,-12.42218,-12.42218,-12.42218,-12.42218,-12.42218,-12.42218,-12.42218,0.04150,-12.42218,-12.42218,-12.42218,-12.42218,-12.42218,-12.42218,-12.42218,0.04150,-45.0000,-45.0000,-10.0000,-10.0000,-30.0000,-30.0000,-30.0000,-30.0000,-45.0000,-45.0000,-10.0000,-10.0000,-30.0000,-30.0000,-30.0000,-27.6557,-54.000,-54.000,-28.000,-28.000,-10.000,-10.000,-10.000,-10.000,-54.000,-54.000,-28.000,-28.000,-10.000,-10.000,-10.000,-4.999,0.0,0.0,0.0,0.0,0.0,0.0,0.0,0.0,0.0,0.0,0.0,0.0,0.0,0.0,0.0,0.0
1790303548.430790,14.340,-12.42218,-12.42218,-12.42218,-12.42218,-12.42218,-12.42218,-12.42218,0.04150,-12.42218,-12.42218,-12.42218,-12.42218,-12.42218,-12.42218,-12.42218,0.04150,-45.0000,-45.0000,-10.0000,-10.0000,-30.0000,-30.0000,-30.0000,-30.0000,-45.0000,-45.0000,-10.0000,-10.0000,-30.0000,-30.0000,-30.0000,-27.6557,-54.000,-54.000,-28.000,-28.000,-10.000,-10.000,-10.000,-10.000,-54.000,-54.000,-28.000,-28.000,-10.000,-10.000,-10.000,-4.999,0.0,0.0,0.0,0.0,0.0,0.0,0.0,0.0,0.0,0.0,0.0,0.0,0.0,0.0,0.0,0.0
1790303548.440609,14.349,-12.42218,-12.42218,-12.42218,-12.42218,-12.42218,-12.42218,-12.42218,0.04150,-12.42218,-12.42218,-12.42218,-12.42218,-12.42218,-12.42218,-12.42218,0.04150,-45.0000,-45.0000,-10.0000,-10.0000,-30.0000,-30.0000,-30.0000,-30.0000,-45.0000,-45.0000,-10.0000,-10.0000,-30.0000,-30.0000,-30.0000,-30.0000,-54.000,-54.000,-28.000,-28.000,-10.000,-10.000,-10.000,-10.000,-54.000,-54.000,-28.000,-28.000,-10.000,-10.000,-10.000,-10.000,0.0,0.0,0.0,0.0,0.0,0.0,0.0,0.0,0.0,0.0,0.0,0.0,0.0,0.0,0.0,0.0
1790303548.450345,14.359,-12.42218,-12.42218,-12.42218,-12.42218,-12.42218,-12.42218,-12.42218,0.04150,-12.42218,-12.42218,-12.42218,-12.42218,-12.42218,-12.42218,-12.42218,0.04150,-45.0000,-45.0000,-10.0000,-10.0000,-30.0000,-30.0000,-30.0000,-30.0000,-45.0000,-45.0000,-10.0000,-10.0000,-30.0000,-30.0000,-30.0000,-30.0000,-54.000,-54.000,-28.000,-28.000,-10.000,-10.000,-10.000,-10.000,-54.000,-54.000,-28.000,-28.000,-10.000,-10.000,-10.000,-10.000,0.0,0.0,0.0,0.0,0.0,0.0,0.0,0.0,0.0,0.0,0.0,0.0,0.0,0.0,0.0,0.0
1790303548.460552,14.369,-12.42218,-12.42218,-12.42218,-12.42218,-12.42218,-12.42218,-12.42218,0.04150,-12.42218,-12.42218,-12.42218,-12.42218,-12.42218,-12.42218,-12.42218,0.04150,-45.0000,-45.0000,-10.0000,-10.0000,-30.0000,-30.0000,-30.0000,-30.0000,-45.0000,-45.0000,-10.0000,-10.0000,-30.0000,-30.0000,-30.0000,-30.0000,-54.000,-54.000,-28.000,-28.000,-10.000,-10.000,-10.000,-10.000,-54.000,-54.000,-28.000,-28.000,-10.000,-10.000,-10.000,-10.000,0.0,0.0,0.0,0.0,0.0,0.0,0.0,0.0,0.0,0.0,0.0,0.0,0.0,0.0,0.0,0.0
1790303548.470833,14.380,-12.42218,-12.42218,-12.42218,-12.42218,-12.42218,-12.42218,-12.42218,0.04150,-12.42218,-12.42218,-12.42218,-12.42218,-12.42218,-12.42218,-12.42218,0.04150,-45.0000,-45.0000,-10.0000,-10.0000,-30.0000,-30.0000,-30.0000,-30.0000,-45.0000,-45.0000,-10.0000,-10.0000,-30.0000,-30.0000,-30.0000,-30.0000,-54.000,-54.000,-28.000,-28.000,-10.000,-10.000,-10.000,-10.000,-54.000,-54.000,-28.000,-28.000,-10.000,-10.000,-10.000,-10.000,0.0,0.0,0.0,0.0,0.0,0.0,0.0,0.0,0.0,0.0,0.0,0.0,0.0,0.0,0.0,0.0
1790303548.480616,14.389,-12.42218,-12.42218,-12.42218,-12.42218,-12.42218,-12.42218,-12.42218,0.04150,-12.42218,-12.42218,-12.42218,-12.42218,-12.42218,-12.42218,-12.42218,0.04150,-45.0000,-45.0000,-10.0000,-10.0000,-30.0000,-30.0000,-30.0000,-30.0000,-45.0000,-45.0000,-10.0000,-10.0000,-30.0000,-30.0000,-30.0000,-30.0000,-54.000,-54.000,-28.000,-28.000,-10.000,-10.000,-10.000,-10.000,-54.000,-54.000,-28.000,-28.000,-10.000,-10.000,-10.000,-10.000,0.0,0.0,0.0,0.0,0.0,0.0,0.0,0.0,0.0,0.0,0.0,0.0,0.0,0.0,0.0,0.0
1790303548.490461,14.399,-12.42218,-12.42218,-12.42218,-12.42218,-12.42218,-12.42218,-12.42218,0.04150,-12.42218,-12.42218,-12.42218,-12.42218,-12.42218,-12.42218,-12.42218,0.04150,-45.0000,-45.0000,-10.0000,-10.0000,-30.0000,-30.0000,-30.0000,-30.0000,-45.0000,-45.0000,-10.0000,-10.0000,-30.0000,-30.0000,-30.0000,-30.0000,-54.000,-54.000,-28.000,-28.000,-10.000,-10.000,-10.000,-10.000,-54.000,-54.000,-28.000,-28.000,-10.000,-10.000,-10.000,-10.000,0.0,0.0,0.0,0.0,0.0,0.0,0.0,0.0,0.0,0.0,0.0,0.0,0.0,0.0,0.0,0.0
1790303548.500198,14.409,-12.42218,-12.42218,-12.42218,-12.42218,-12.42218,-12.42218,-12.42218,0.04150,-12.42218,-12.42218,-12.42218,-12.42218,-12.42218,-12.42218,-12.42218,0.04150,-45.0000,-45.0000,-10.0000,-10.0000,-30.0000,-30.0000,-30.0000,-30.0000,-45.0000,-45.0000,-10.0000,-10.0000,-30.0000,-30.0000,-30.0000,-30.0000,-54.000,-54.000,-28.000,-28.000,-10.000,-10.000,-10.000,-10.000,-54.000,-54.000,-28.000,-28.000,-10.000,-10.000,-10.000,-10.000,0.0,0.0,0.0,0.0,0.0,0.0,0.0,0.0,0.0,0.0,0.0,0.0,0.0,0.0,0.0,0.0
1790303548.510818,14.420,-12.42218,-12.42218,-12.42218,-12.42218,-12.42218,-12.42218,-12.42218,0.04150,-12.42218,-12.42218,-12.42218,-12.42218,-12.42218,-12.42218,-12.42218,0.04150,-45.0000,-45.0000,-10.0000,-10.0000,-30.0000,-30.0000,-30.0000,-30.0000,-45.0000,-45.0000,-10.0000,-10.0000,-30.0000,-30.0000,-30.0000,-30.0000,-54.000,-54.000,-28.000,-28.000,-10.000,-10.000,-10.000,-10.000,-54.000,-54.000,-28.000,-28.000,-10.000,-10.000,-10.000,-10.000,0.0,0.0,0.0,0.0,0.0,0.0,0.0,0.0,0.0,0.0,0.0,0.0,0.0,0.0,0.0,0.0
1790303548.520568,14.429,-12.42218,-12.42218,-12.42218,-12.42218,-12.42218,-12.42218,-12.42218,0.04150,-12.42218,-12.42218,-12.42218,-12.42218,-12.42218,-12.42218,-12.42218,0.04150,-45.0000,-45.0000,-10.0000,-10.0000,-30.0000,-30.0000,-30.0000,-30.0000,-45.0000,-45.0000,-10.0000,-10.0000,-30.0000,-30.0000,-30.0000,-30.0000,-54.000,-54.000,-28.000,-28.000,-10.000,-10.000,-10.000,-10.000,-54.000,-54.000,-28.000,-28.000,-10.000,-10.000,-10.000,-10.000,0.0,0.0,0.0,0.0,0.0,0.0,0.0,0.0,0.0,0.0,0.0,0.0,0.0,0.0,0.0,0.0
1790303548.530692,14.440,-12.42218,-12.42218,-12.42218,-12.42218,-12.42218,-12.42218,-12.42218,0.04150,-12.42218,-12.42218,-12.42218,-12.42218,-12.42218,-12.42218,-12.42218,0.04150,-45.0000,-45.0000,-10.0000,-10.0000,-30.0000,-30.0000,-30.0000,-30.0000,-45.0000,-45.0000,-10.0000,-10.0000,-30.0000,-30.0000,-30.0000,-30.0000,-54.000,-54.000,-28.000,-28.000,-10.000,-10.000,-10.000,-10.000,-54.000,-54.000,-28.000,-28.000,-10.000,-10.000,-10.000,-10.000,0.0,0.0,0.0,0.0,0.0,0.0,0.0,0.0,0.0,0.0,0.0,0.0,0.0,0.0,0.0,0.0
1790303548.540570,14.449,-12.42218,-12.42218,-12.42218,-12.42218,-12.42218,-12.42218,-12.42218,0.04150,-12.42218,-12.42218,-12.42218,-12.42218,-12.42218,-12.42218,-12.42218,0.04150,-45.0000,-45.0000,-10.0000,-10.0000,-30.0000,-30.0000,-30.0000,-30.0000,-45.0000,-45.0000,-10.0000,-10.0000,-30.0000,-30.0000,-30.0000,-30.0000,-54.000,-54.000,-28.000,-28.000,-10.000,-10.000,-10.000,-10.000,-54.000,-54.000,-28.000,-28.000,-10.000,-10.000,-10.000,-10.000,0.0,0.0,0.0,0.0,0.0,0.0,0.0,0.0,0.0,0.0,0.0,0.0,0.0,0.0,0.0,0.0
1790303548.550897,14.460,-12.42218,-12.42218,-12.42218,-12.42218,-12.42218,-12.42218,-12.42218,0.04150,-12.42218,-12.42218,-12.42218,-12.42218,-12.42218,-12.42218,-12.42218,0.04150,-45.0000,-45.0000,-10.0000,-10.0000,-30.0000,-30.0000,-30.0000,-30.0000,-45.0000,-45.0000,-10.0000,-10.0000,-30.0000,-30.0000,-30.0000,-30.0000,-54.000,-54.000,-28.000,-28.000,-10.000,-10.000,-10.000,-10.000,-54.000,-54.000,-28.000,-28.000,-10.000,-10.000,-10.000,-10.000,0.0,0.0,0.0,0.0,0.0,0.0,0.0,0.0,0.0,0.0,0.0,0.0,0.0,0.0,0.0,0.0
1790303548.560688,14.470,-12.42218,-12.42218,-12.42218,-12.42218,-12.42218,-12.42218,-12.42218,0.04150,-12.42218,-12.42218,-12.42218,-12.42218,-12.42218,-12.42218,-12.42218,0.04150,-45.0000,-45.0000,-10.0000,-10.0000,-30.0000,-30.0000,-30.0000,-30.0000,-45.0000,-45.0000,-10.0000,-10.0000,-30.0000,-30.0000,-30.0000,-30.0000,-54.000,-54.000,-28.000,-28.000,-10.000,-10.000,-10.000,-10.000,-54.000,-54.000,-28.000,-28.000,-10.000,-10.000,-10.000,-10.000,0.0,0.0,0.0,0.0,0.0,0.0,0.0,0.0,0.0,0.0,0.0,0.0,0.0,0.0,0.0,0.0
1790303548.570854,14.480,-12.42218,-12.42218,-12.42218,-12.42218,-12.42218,-12.42218,-12.42218,0.04150,-12.42218,-12.42218,-12.42218,-12.42218,-12.42218,-12.42218,-12.42218,0.04150,-45.0000,-45.0000,-10.0000,-10.0000,-30.0000,-30.0000,-30.0000,-30.0000,-45.0000,-45.0000,-10.0000,-10.0000,-30.0000,-30.0000,-30.0000,-30.0000,-54.000,-54.000,-28.000,-28.000,-10.000,-10.000,-10.000,-10.000,-54.000,-54.000,-28.000,-28.000,-10.000,-10.000,-10.000,-10.000,0.0,0.0,0.0,0.0,0.0,0.0,0.0,0.0,0.0,0.0,0.0,0.0,0.0,0.0,0.0,0.0
1790303548.580267,14.489,-12.42218,-12.42218,-12.42218,-12.42218,-12.42218,-12.42218,-12.42218,0.04150,-12.42218,-12.42218,-12.42218,-12.42218,-12.42218,-12.42218,-12.42218,0.04150,-45.0000,-45.0000,-10.0000,-10.0000,-30.0000,-30.0000,-30.0000,-30.0000,-45.0000,-45.0000,-10.0000,-10.0000,-30.0000,-30.0000,-30.0000,-30.0000,-54.000,-54.000,-28.000,-28.000,-10.000,-10.000,-10.000,-10.000,-54.000,-54.000,-28.000,-28.000,-10.000,-10.000,-10.000,-10.000,0.0,0.0,0.0,0.0,0.0,0.0,0.0,0.0,0.0,0.0,0.0,0.0,0.0,0.0,0.0,0.0
1790303548.590934,14.500,-12.42218,-12.42218,-12.42218,-12.42218,-12.42218,-12.42218,-12.42218,0.04150,-12.42218,-12.42218,-12.42218,-12.42218,-12.42218,-12.42218,-12.42218,0.04150,-45.0000,-45.0000,-10.0000,-10.0000,-30.0000,-30.0000,-30.0000,-30.0000,-45.0000,-45.0000,-10.0000,-10.0000,-30.0000,-30.0000,-30.0000,-30.0000,-54.000,-54.000,-28.000,-28.000,-10.000,-10.000,-10.000,-10.000,-54.000,-54.000,-28.000,-28.000,-10.000,-10.000,-10.000,-10.000,0.0,0.0,0.0,0.0,0.0,0.0,0.0,0.0,0.0,0.0,0.0,0.0,0.0,0.0,0.0,0.0
1790303548.601230,14.510,-12.42218,-12.42218,-12.42218,-12.42218,-12.42218,-12.42218,-12.42218,0.04150,-12.42218,-12.42218,-12.42218,-12.42218,-12.42218,-12.42218,-12.42218,0.04150,-45.0000,-45.0000,-10.0000,-10.0000,-30.0000,-30.0000,-30.0000,-30.0000,-45.0000,-45.0000,-10.0000,-10.0000,-30.0000,-30.0000,-30.0000,-30.0000,-54.000,-54.000,-28.000,-28.000,-10.000,-10.000,-10.000,-10.000,-54.000,-54.000,-28.000,-28.000,-10.000,-10.000,-10.000,-10.000,0.0,0.0,0.0,0.0,0.0,0.0,0.0,0.0,0.0,0.0,0.0,0.0,0.0,0.0,0.0,0.0
1790303548.611050,14.520,-12.42218,-12.42218,-12.42218,-12.42218,-12.42218,-12.42218,-12.42218,0.04150,-12.42218,-12.42218,-12.42218,-12.42218,-12.42218,-12.42218,-12.42218,0.04150,-45.0000,-45.0000,-10.0000,-10.0000,-30.0000,-30.0000,-30.0000,-30.0000,-45.0000,-45.0000,-10.0000,-10.0000,-30.0000,-30.0000,-30.0000,-30.0000,-54.000,-54.000,-28.000,-28.000,-10.000,-10.000,-10.000,-10.000,-54.000,-54.000,-28.000,-28.000,-10.000,-10.000,-10.000,-10.000,0.0,0.0,0.0,0.0,0.0,0.0,0.0,0.0,0.0,0.0,0.0,0.0,0.0,0.0,0.0,0.0
1790303548.620614,14.529,-12.42218,-12.42218,-12.42218,-12.42218,-12.42218,-12.42218,-12.42218,0.04150,-12.42218,-12.42218,-12.42218,-12.42218,-12.42218,-12.42218,-12.42218,0.04150,-45.0000,-45.0000,-10.0000,-10.0000,-30.0000,-30.0000,-30.0000,-30.0000,-45.0000,-45.0000,-10.0000,-10.0000,-30.0000,-30.0000,-30.0000,-30.0000,-54.000,-54.000,-28.000,-28.000,-10.000,-10.000,-10.000,-10.000,-54.000,-54.000,-28.000,-28.000,-10.000,-10.000,-10.000,-10.000,0.0,0.0,0.0,0.0,0.0,0.0,0.0,0.0,0.0,0.0,0.0,0.0,0.0,0.0,0.0,0.0
1790303548.630512,14.539,-12.42218,-12.42218,-12.42218,-12.42218,-12.42218,-12.42218,-12.42218,0.04150,-12.42218,-12.42218,-12.42218,-12.42218,-12.42218,-12.42218,-12.42218,0.04150,-45.0000,-45.0000,-10.0000,-10.0000,-30.0000,-30.0000,-30.0000,-30.0000,-45.0000,-45.0000,-10.0000,-10.0000,-30.0000,-30.0000,-30.0000,-30.0000,-54.000,-54.000,-28.000,-28.000,-10.000,-10.000,-10.000,-10.000,-54.000,-54.000,-28.000,-28.000,-10.000,-10.000,-10.000,-10.000,0.0,0.0,0.0,0.0,0.0,0.0,0.0,0.0,0.0,0.0,0.0,0.0,0.0,0.0,0.0,0.0
1790303548.641802,14.551,-12.42218,-12.42218,-12.42218,-12.42218,-12.42218,-12.42218,-12.42218,0.04150,-12.42218,-12.42218,-12.42218,-12.42218,-12.42218,-12.42218,-12.42218,0.04150,-45.0000,-45.0000,-10.0000,-10.0000,-30.0000,-30.0000,-30.0000,-30.0000,-45.0000,-45.0000,-10.0000,-10.0000,-30.0000,-30.0000,-30.0000,-30.0000,-54.000,-54.000,-28.000,-28.000,-10.000,-10.000,-10.000,-10.000,-54.000,-54.000,-28.000,-28.000,-10.000,-10.000,-10.000,-10.000,0.0,0.0,0.0,0.0,0.0,0.0,0.0,0.0,0.0,0.0,0.0,0.0,0.0,0.0,0.0,0.0
1790303548.650694,14.560,-12.42218,-12.42218,-12.42218,-12.42218,-12.42218,-12.42218,-12.42218,0.04150,-12.42218,-12.42218,-12.42218,-12.42218,-12.42218,-12.42218,-12.42218,0.04150,-45.0000,-45.0000,-10.0000,-10.0000,-30.0000,-30.0000,-30.0000,-30.0000,-45.0000,-45.0000,-10.0000,-10.0000,-30.0000,-30.0000,-30.0000,-30.0000,-54.000,-54.000,-28.000,-28.000,-10.000,-10.000,-10.000,-10.000,-54.000,-54.000,-28.000,-28.000,-10.000,-10.000,-10.000,-10.000,0.0,0.0,0.0,0.0,0.0,0.0,0.0,0.0,0.0,0.0,0.0,0.0,0.0,0.0,0.0,0.0
1790303548.661515,14.570,-12.42218,-12.42218,-12.42218,-12.42218,-12.42218,-12.42218,-12.42218,0.04150,-12.42218,-12.42218,-12.42218,-12.42218,-12.42218,-12.42218,-12.42218,0.04150,-45.0000,-45.0000,-10.0000,-10.0000,-30.0000,-30.0000,-30.0000,-30.0000,-45.0000,-45.0000,-10.0000,-10.0000,-30.0000,-30.0000,-30.0000,-30.0000,-54.000,-54.000,-28.000,-28.000,-10.000,-10.000,-10.000,-10.000,-54.000,-54.000,-28.000,-28.000,-10.000,-10.000,-10.000,-10.000,0.0,0.0,0.0,0.0,0.0,0.0,0.0,0.0,0.0,0.0,0.0,0.0,0.0,0.0,0.0,0.0
1790303548.670825,14.580,-12.42218,-12.42218,-12.42218,-12.42218,-12.42218,-12.42218,-12.42218,0.04150,-12.42218,-12.42218,-12.42218,-12.42218,-12.42218,-12.42218,-12.42218,0.04150,-45.0000,-45.0000,-10.0000,-10.0000,-30.0000,-30.0000,-30.0000,-30.0000,-45.0000,-45.0000,-10.0000,-10.0000,-30.0000,-30.0000,-30.0000,-30.0000,-54.000,-54.000,-28.000,-28.000,-10.000,-10.000,-10.000,-10.000,-54.000,-54.000,-28.000,-28.000,-10.000,-10.000,-10.000,-10.000,0.0,0.0,0.0,0.0,0.0,0.0,0.0,0.0,0.0,0.0,0.0,0.0,0.0,0.0,0.0,0.0
1790303548.680882,14.590,-12.42218,-12.42218,-12.42218,-12.42218,-12.42218,-12.42218,-12.42218,0.04150,-12.42218,-12.42218,-12.42218,-12.42218,-12.42218,-12.42218,-12.42218,0.04150,-45.0000,-45.0000,-10.0000,-10.0000,-30.0000,-30.0000,-30.0000,-30.0000,-45.0000,-45.0000,-10.0000,-10.0000,-30.0000,-30.0000,-30.0000,-30.0000,-54.000,-54.000,-28.000,-28.000,-10.000,-10.000,-10.000,-10.000,-54.000,-54.000,-28.000,-28.000,-10.000,-10.000,-10.000,-10.000,0.0,0.0,0.0,0.0,0.0,0.0,0.0,0.0,0.0,0.0,0.0,0.0,0.0,0.0,0.0,0.0
1790303548.692606,14.601,-12.42218,-12.42218,-12.42218,-12.42218,-12.42218,-12.42218,-12.42218,0.04150,-12.42218,-12.42218,-12.42218,-12.42218,-12.42218,-12.42218,-12.42218,0.04150,-45.0000,-45.0000,-10.0000,-10.0000,-30.0000,-30.0000,-30.0000,-30.0000,-45.0000,-45.0000,-10.0000,-10.0000,-30.0000,-30.0000,-30.0000,-30.0000,-54.000,-54.000,-28.000,-28.000,-10.000,-10.000,-10.000,-10.000,-54.000,-54.000,-28.000,-28.000,-10.000,-10.000,-10.000,-10.000,0.0,0.0,0.0,0.0,0.0,0.0,0.0,0.0,0.0,0.0,0.0,0.0,0.0,0.0,0.0,0.0
1790303548.701682,14.611,-12.42218,-12.42218,-12.42218,-12.42218,-12.42218,-12.42218,-12.42218,0.04150,-12.42218,-12.42218,-12.42218,-12.42218,-12.42218,-12.42218,-12.42218,0.04150,-45.0000,-45.0000,-10.0000,-10.0000,-30.0000,-30.0000,-30.0000,-30.0000,-45.0000,-45.0000,-10.0000,-10.0000,-30.0000,-30.0000,-30.0000,-30.0000,-54.000,-54.000,-28.000,-28.000,-10.000,-10.000,-10.000,-10.000,-54.000,-54.000,-28.000,-28.000,-10.000,-10.000,-10.000,-10.000,0.0,0.0,0.0,0.0,0.0,0.0,0.0,0.0,0.0,0.0,0.0,0.0,0.0,0.0,0.0,0.0
1790303548.711534,14.620,-12.42218,-12.42218,-12.42218,-12.42218,-12.42218,-12.42218,-12.42218,0.04150,-12.42218,-12.42218,-12.42218,-12.42218,-12.42218,-12.42218,-12.42218,0.04150,-45.0000,-45.0000,-10.0000,-10.0000,-30.0000,-30.0000,-30.0000,-30.0000,-45.0000,-45.0000,-10.0000,-10.0000,-30.0000,-30.0000,-30.0000,-30.0000,-54.000,-54.000,-28.000,-28.000,-10.000,-10.000,-10.000,-10.000,-54.000,-54.000,-28.000,-28.000,-10.000,-10.000,-10.000,-10.000,0.0,0.0,0.0,0.0,0.0,0.0,0.0,0.0,0.0,0.0,0.0,0.0,0.0,0.0,0.0,0.0
1790303548.723498,14.632,-12.42218,-12.42218,-12.42218,-12.42218,-12.42218,-12.42218,-12.42218,0.04150,-12.42218,-12.42218,-12.42218,-12.42218,-12.42218,-12.42218,-12.42218,0.04150,-45.0000,-45.0000,-10.0000,-10.0000,-30.0000,-30.0000,-30.0000,-30.0000,-45.0000,-45.0000,-10.0000,-10.0000,-30.0000,-30.0000,-30.0000,-30.0000,-54.000,-54.000,-28.000,-28.000,-10.000,-10.000,-10.000,-10.000,-54.000,-54.000,-28.000,-28.000,-10.000,-10.000,-10.000,-10.000,0.0,0.0,0.0,0.0,0.0,0.0,0.0,0.0,0.0,0.0,0.0,0.0,0.0,0.0,0.0,0.0
1790303548.730423,14.639,-12.42218,-12.42218,-12.42218,-12.42218,-12.42218,-12.42218,-12.42218,0.04150,-12.42218,-12.42218,-12.42218,-12.42218,-12.42218,-12.42218,-12.42218,0.04150,-45.0000,-45.0000,-10.0000,-10.0000,-30.0000,-30.0000,-30.0000,-30.0000,-45.0000,-45.0000,-10.0000,-10.0000,-30.0000,-30.0000,-30.0000,-30.0000,-54.000,-54.000,-28.000,-28.000,-10.000,-10.000,-10.000,-10.000,-54.000,-54.000,-28.000,-28.000,-10.000,-10.000,-10.000,-10.000,0.0,0.0,0.0,0.0,0.0,0.0,0.0,0.0,0.0,0.0,0.0,0.0,0.0,0.0,0.0,0.0
1790303548.740264,14.649,-12.42218,-12.42218,-12.42218,-12.42218,-12.42218,-12.42218,-12.42218,0.04150,-12.42218,-12.42218,-12.42218,-12.42218,-12.42218,-12.42218,-12.42218,0.04150,-45.0000,-45.0000,-10.0000,-10.0000,-30.0000,-30.0000,-30.0000,-30.0000,-45.0000,-45.0000,-10.0000,-10.0000,-30.0000,-30.0000,-30.0000,-30.0000,-54.000,-54.000,-28.000,-28.000,-10.000,-10.000,-10.000,-10.000,-54.000,-54.000,-28.000,-28.000,-10.000,-10.000,-10.000,-10.000,0.0,0.0,0.0,0.0,0.0,0.0,0.0,0.0,0.0,0.0,0.0,0.0,0.0,0.0,0.0,0.0
1790303548.751001,14.660,-12.42218,-12.42218,-12.42218,-12.42218,-12.42218,-12.42218,-12.42218,0.04150,-12.42218,-12.42218,-12.42218,-12.42218,-12.42218,-12.42218,-12.42218,0.04150,-45.0000,-45.0000,-10.0000,-10.0000,-30.0000,-30.0000,-30.0000,-30.0000,-45.0000,-45.0000,-10.0000,-10.0000,-30.0000,-30.0000,-30.0000,-30.0000,-54.000,-54.000,-28.000,-28.000,-10.000,-10.000,-10.000,-10.000,-54.000,-54.000,-28.000,-28.000,-10.000,-10.000,-10.000,-10.000,0.0,0.0,0.0,0.0,0.0,0.0,0.0,0.0,0.0,0.0,0.0,0.0,0.0,0.0,0.0,0.0
1790303548.760673,14.670,-12.42218,-12.42218,-12.42218,-12.42218,-12.42218,-12.42218,-12.42218,0.04150,-12.42218,-12.42218,-12.42218,-12.42218,-12.42218,-12.42218,-12.42218,0.04150,-45.0000,-45.0000,-10.0000,-10.0000,-30.0000,-30.0000,-30.0000,-30.0000,-45.0000,-45.0000,-10.0000,-10.0000,-30.0000,-30.0000,-30.0000,-30.0000,-54.000,-54.000,-28.000,-28.000,-10.000,-10.000,-10.000,-10.000,-54.000,-54.000,-28.000,-28.000,-10.000,-10.000,-10.000,-10.000,0.0,0.0,0.0,0.0,0.0,0.0,0.0,0.0,0.0,0.0,0.0,0.0,0.0,0.0,0.0,0.0
1790303548.770406,14.679,-12.42218,-12.42218,-12.42218,-12.42218,-12.42218,-12.42218,-12.42218,0.04150,-12.42218,-12.42218,-12.42218,-12.42218,-12.42218,-12.42218,-12.42218,0.04150,-45.0000,-45.0000,-10.0000,-10.0000,-30.0000,-30.0000,-30.0000,-30.0000,-45.0000,-45.0000,-10.0000,-10.0000,-30.0000,-30.0000,-30.0000,-30.0000,-54.000,-54.000,-28.000,-28.000,-10.000,-10.000,-10.000,-10.000,-54.000,-54.000,-28.000,-28.000,-10.000,-10.000,-10.000,-10.000,0.0,0.0,0.0,0.0,0.0,0.0,0.0,0.0,0.0,0.0,0.0,0.0,0.0,0.0,0.0,0.0
1790303548.780224,14.689,-12.42218,-12.42218,-12.42218,-12.42218,-12.42218,-12.42218,-12.42218,0.04150,-12.42218,-12.42218,-12.42218,-12.42218,-12.42218,-12.42218,-12.42218,0.04150,-45.0000,-45.0000,-10.0000,-10.0000,-30.0000,-30.0000,-30.0000,-30.0000,-45.0000,-45.0000,-10.0000,-10.0000,-30.0000,-30.0000,-30.0000,-30.0000,-54.000,-54.000,-28.000,-28.000,-10.000,-10.000,-10.000,-10.000,-54.000,-54.000,-28.000,-28.000,-10.000,-10.000,-10.000,-10.000,0.0,0.0,0.0,0.0,0.0,0.0,0.0,0.0,0.0,0.0,0.0,0.0,0.0,0.0,0.0,0.0
1790303548.791499,14.700,-12.42218,-12.42218,-12.42218,-12.42218,-12.42218,-12.42218,-12.42218,0.04150,-12.42218,-12.42218,-12.42218,-12.42218,-12.42218,-12.42218,-12.42218,0.04150,-45.0000,-45.0000,-10.0000,-10.0000,-30.0000,-30.0000,-30.0000,-30.0000,-45.0000,-45.0000,-10.0000,-10.0000,-30.0000,-30.0000,-30.0000,-30.0000,-54.000,-54.000,-28.000,-28.000,-10.000,-10.000,-10.000,-10.000,-54.000,-54.000,-28.000,-28.000,-10.000,-10.000,-10.000,-10.000,0.0,0.0,0.0,0.0,0.0,0.0,0.0,0.0,0.0,0.0,0.0,0.0,0.0,0.0,0.0,0.0
1790303548.800388,14.709,-12.42218,-12.42218,-12.42218,-12.42218,-12.42218,-12.42218,-12.42218,0.04150,-12.42218,-12.42218,-12.42218,-12.42218,-12.42218,-12.42218,-12.42218,0.04150,-45.0000,-45.0000,-10.0000,-10.0000,-30.0000,-30.0000,-30.0000,-30.0000,-45.0000,-45.0000,-10.0000,-10.0000,-30.0000,-30.0000,-30.0000,-30.0000,-54.000,-54.000,-28.000,-28.000,-10.000,-10.000,-10.000,-10.000,-54.000,-54.000,-28.000,-28.000,-10.000,-10.000,-10.000,-10.000,0.0,0.0,0.0,0.0,0.0,0.0,0.0,0.0,0.0,0.0,0.0,0.0,0.0,0.0,0.0,0.0
1790303548.810440,14.719,-12.42218,-12.42218,-12.42218,-12.42218,-12.42218,-12.42218,-12.42218,0.04150,-12.42218,-12.42218,-12.42218,-12.42218,-12.42218,-12.42218,-12.42218,0.04150,-45.0000,-45.0000,-10.0000,-10.0000,-30.0000,-30.0000,-30.0000,-30.0000,-45.0000,-45.0000,-10.0000,-10.0000,-30.0000,-30.0000,-30.0000,-30.0000,-54.000,-54.000,-28.000,-28.000,-10.000,-10.000,-10.000,-10.000,-54.000,-54.000,-28.000,-28.000,-10.000,-10.000,-10.000,-10.000,0.0,0.0,0.0,0.0,0.0,0.0,0.0,0.0,0.0,0.0,0.0,0.0,0.0,0.0,0.0,0.0
1790303548.820658,14.730,-12.42218,-12.42218,-12.42218,-12.42218,-12.42218,-12.42218,-12.42218,0.04150,-12.42218,-12.42218,-12.42218,-12.42218,-12.42218,-12.42218,-12.42218,0.04150,-45.0000,-45.0000,-10.0000,-10.0000,-30.0000,-30.0000,-30.0000,-30.0000,-45.0000,-45.0000,-10.0000,-10.0000,-30.0000,-30.0000,-30.0000,-30.0000,-54.000,-54.000,-28.000,-28.000,-10.000,-10.000,-10.000,-10.000,-54.000,-54.000,-28.000,-28.000,-10.000,-10.000,-10.000,-10.000,0.0,0.0,0.0,0.0,0.0,0.0,0.0,0.0,0.0,0.0,0.0,0.0,0.0,0.0,0.0,0.0
1790303548.830980,14.740,-12.42218,-12.42218,-12.42218,-12.42218,-12.42218,-12.42218,-12.42218,0.04150,-12.42218,-12.42218,-12.42218,-12.42218,-12.42218,-12.42218,-12.42218,0.04150,-45.0000,-45.0000,-10.0000,-10.0000,-30.0000,-30.0000,-30.0000,-30.0000,-45.0000,-45.0000,-10.0000,-10.0000,-30.0000,-30.0000,-30.0000,-30.0000,-54.000,-54.000,-28.000,-28.000,-10.000,-10.000,-10.000,-10.000,-54.000,-54.000,-28.000,-28.000,-10.000,-10.000,-10.000,-10.000,0.0,0.0,0.0,0.0,0.0,0.0,0.0,0.0,0.0,0.0,0.0,0.0,0.0,0.0,0.0,0.0
1790303548.840667,14.750,-12.42218,-12.42218,-12.42218,-12.42218,-12.42218,-12.42218,-12.42218,0.04150,-12.42218,-12.42218,-12.42218,-12.42218,-12.42218,-12.42218,-12.42218,0.04150,-45.0000,-45.0000,-10.0000,-10.0000,-30.0000,-30.0000,-30.0000,-30.0000,-45.0000,-45.0000,-10.0000,-10.0000,-30.0000,-30.0000,-30.0000,-30.0000,-54.000,-54.000,-28.000,-28.000,-10.000,-10.000,-10.000,-10.000,-54.000,-54.000,-28.000,-28.000,-10.000,-10.000,-10.000,-10.000,0.0,0.0,0.0,0.0,0.0,0.0,0.0,0.0,0.0,0.0,0.0,0.0,0.0,0.0,0.0,0.0
1790303548.850861,14.760,-12.42218,-12.42218,-12.42218,-12.42218,-12.42218,-12.42218,-12.42218,0.04150,-12.42218,-12.42218,-12.42218,-12.42218,-12.42218,-12.42218,-12.42218,0.04150,-45.0000,-45.0000,-10.0000,-10.0000,-30.0000,-30.0000,-30.0000,-30.0000,-45.0000,-45.0000,-10.0000,-10.0000,-30.0000,-30.0000,-30.0000,-30.0000,-54.000,-54.000,-28.000,-28.000,-10.000,-10.000,-10.000,-10.000,-54.000,-54.000,-28.000,-28.000,-10.000,-10.000,-10.000,-10.000,0.0,0.0,0.0,0.0,0.0,0.0,0.0,0.0,0.0,0.0,0.0,0.0,0.0,0.0,0.0,0.0
1790303548.860582,14.769,-12.42218,-12.42218,-12.42218,-12.42218,-12.42218,-12.42218,-12.42218,0.04150,-12.42218,-12.42218,-12.42218,-12.42218,-12.42218,-12.42218,-12.42218,0.04150,-45.0000,-45.0000,-10.0000,-10.0000,-30.0000,-30.0000,-30.0000,-30.0000,-45.0000,-45.0000,-10.0000,-10.0000,-30.0000,-30.0000,-30.0000,-30.0000,-54.000,-54.000,-28.000,-28.000,-10.000,-10.000,-10.000,-10.000,-54.000,-54.000,-28.000,-28.000,-10.000,-10.000,-10.000,-10.000,0.0,0.0,0.0,0.0,0.0,0.0,0.0,0.0,0.0,0.0,0.0,0.0,0.0,0.0,0.0,0.0
1790303548.870798,14.780,-12.42218,-12.42218,-12.42218,-12.42218,-12.42218,-12.42218,-12.42218,0.04150,-12.42218,-12.42218,-12.42218,-12.42218,-12.42218,-12.42218,-12.42218,0.04150,-45.0000,-45.0000,-10.0000,-10.0000,-30.0000,-30.0000,-30.0000,-30.0000,-45.0000,-45.0000,-10.0000,-10.0000,-30.0000,-30.0000,-30.0000,-30.0000,-54.000,-54.000,-28.000,-28.000,-10.000,-10.000,-10.000,-10.000,-54.000,-54.000,-28.000,-28.000,-10.000,-10.000,-10.000,-10.000,0.0,0.0,0.0,0.0,0.0,0.0,0.0,0.0,0.0,0.0,0.0,0.0,0.0,0.0,0.0,0.0
1790303548.880388,14.789,-12.42218,-12.42218,-12.42218,-12.42218,-12.42218,-12.42218,-12.42218,0.04150,-12.42218,-12.42218,-12.42218,-12.42218,-12.42218,-12.42218,-12.42218,0.04150,-45.0000,-45.0000,-10.0000,-10.0000,-30.0000,-30.0000,-30.0000,-30.0000,-45.0000,-45.0000,-10.0000,-10.0000,-30.0000,-30.0000,-30.0000,-30.0000,-54.000,-54.000,-28.000,-28.000,-10.000,-10.000,-10.000,-10.000,-54.000,-54.000,-28.000,-28.000,-10.000,-10.000,-10.000,-10.000,0.0,0.0,0.0,0.0,0.0,0.0,0.0,0.0,0.0,0.0,0.0,0.0,0.0,0.0,0.0,0.0
1790303548.890433,14.799,-12.42218,-12.42218,-12.42218,-12.42218,-12.42218,-12.42218,-12.42218,0.04150,-12.42218,-12.42218,-12.42218,-12.42218,-12.42218,-12.42218,-12.42218,0.04150,-45.0000,-45.0000,-10.0000,-10.0000,-30.0000,-30.0000,-30.0000,-30.0000,-45.0000,-45.0000,-10.0000,-10.0000,-30.0000,-30.0000,-30.0000,-30.0000,-54.000,-54.000,-28.000,-28.000,-10.000,-10.000,-10.000,-10.000,-54.000,-54.000,-28.000,-28.000,-10.000,-10.000,-10.000,-10.000,0.0,0.0,0.0,0.0,0.0,0.0,0.0,0.0,0.0,0.0,0.0,0.0,0.0,0.0,0.0,0.0
1790303548.900507,14.809,-12.42218,-12.42218,-12.42218,-12.42218,-12.42218,-12.42218,-12.42218,0.04150,-12.42218,-12.42218,-12.42218,-12.42218,-12.42218,-12.42218,-12.42218,0.04150,-45.0000,-45.0000,-10.0000,-10.0000,-30.0000,-30.0000,-30.0000,-30.0000,-45.0000,-45.0000,-10.0000,-10.0000,-30.0000,-30.0000,-30.0000,-30.0000,-54.000,-54.000,-28.000,-28.000,-10.000,-10.000,-10.000,-10.000,-54.000,-54.000,-28.000,-28.000,-10.000,-10.000,-10.000,-10.000,0.0,0.0,0.0,0.0,0.0,0.0,0.0,0.0,0.0,0.0,0.0,0.0,0.0,0.0,0.0,0.0
1790303548.910794,14.820,-12.42218,-12.42218,-12.42218,-12.42218,-12.42218,-12.42218,-12.42218,0.04150,-12.42218,-12.42218,-12.42218,-12.42218,-12.42218,-12.42218,-12.42218,0.04150,-45.0000,-45.0000,-10.0000,-10.0000,-30.0000,-30.0000,-30.0000,-30.0000,-45.0000,-45.0000,-10.0000,-10.0000,-30.0000,-30.0000,-30.0000,-30.0000,-54.000,-54.000,-28.000,-28.000,-10.000,-10.000,-10.000,-10.000,-54.000,-54.000,-28.000,-28.000,-10.000,-10.000,-10.000,-10.000,0.0,0.0,0.0,0.0,0.0,0.0,0.0,0.0,0.0,0.0,0.0,0.0,0.0,0.0,0.0,0.0
1790303548.921277,14.830,-12.42218,-12.42218,-12.42218,-12.42218,-12.42218,-12.42218,-12.42218,0.04150,-12.42218,-12.42218,-12.42218,-12.42218,-12.42218,-12.42218,-12.42218,0.04150,-45.0000,-45.0000,-10.0000,-10.0000,-30.0000,-30.0000,-30.0000,-30.0000,-45.0000,-45.0000,-10.0000,-10.0000,-30.0000,-30.0000,-30.0000,-30.0000,-54.000,-54.000,-28.000,-28.000,-10.000,-10.000,-10.000,-10.000,-54.000,-54.000,-28.000,-28.000,-10.000,-10.000,-10.000,-10.000,0.0,0.0,0.0,0.0,0.0,0.0,0.0,0.0,0.0,0.0,0.0,0.0,0.0,0.0,0.0,0.0
1790303548.930464,14.839,-12.42218,-12.42218,-12.42218,-12.42218,-12.42218,-12.42218,-12.42218,0.04150,-12.42218,-12.42218,-12.42218,-12.42218,-12.42218,-12.42218,-12.42218,0.04150,-45.0000,-45.0000,-10.0000,-10.0000,-30.0000,-30.0000,-30.0000,-30.0000,-45.0000,-45.0000,-10.0000,-10.0000,-30.0000,-30.0000,-30.0000,-30.0000,-54.000,-54.000,-28.000,-28.000,-10.000,-10.000,-10.000,-10.000,-54.000,-54.000,-28.000,-28.000,-10.000,-10.000,-10.000,-10.000,0.0,0.0,0.0,0.0,0.0,0.0,0.0,0.0,0.0,0.0,0.0,0.0,0.0,0.0,0.0,0.0
1790303548.940614,14.849,-12.42218,-12.42218,-12.42218,-12.42218,-12.42218,-12.42218,-12.42218,0.04150,-12.42218,-12.42218,-12.42218,-12.42218,-12.42218,-12.42218,-12.42218,0.04150,-45.0000,-45.0000,-10.0000,-10.0000,-30.0000,-30.0000,-30.0000,-30.0000,-45.0000,-45.0000,-10.0000,-10.0000,-30.0000,-30.0000,-30.0000,-30.0000,-54.000,-54.000,-28.000,-28.000,-10.000,-10.000,-10.000,-10.000,-54.000,-54.000,-28.000,-28.000,-10.000,-10.000,-10.000,-10.000,0.0,0.0,0.0,0.0,0.0,0.0,0.0,0.0,0.0,0.0,0.0,0.0,0.0,0.0,0.0,0.0
1790303548.950832,14.860,-12.42218,-12.42218,-12.42218,-12.42218,-12.42218,-12.42218,-12.42218,0.04150,-12.42218,-12.42218,-12.42218,-12.42218,-12.42218,-12.42218,-12.42218,0.04150,-45.0000,-45.0000,-10.0000,-10.0000,-30.0000,-30.0000,-30.0000,-30.0000,-45.0000,-45.0000,-10.0000,-10.0000,-30.0000,-30.0000,-30.0000,-30.0000,-54.000,-54.000,-28.000,-28.000,-10.000,-10.000,-10.000,-10.000,-54.000,-54.000,-28.000,-28.000,-10.000,-10.000,-10.000,-10.000,0.0,0.0,0.0,0.0,0.0,0.0,0.0,0.0,0.0,0.0,0.0,0.0,0.0,0.0,0.0,0.0
1790303548.960546,14.869,-12.42218,-12.42218,-12.42218,-12.42218,-12.42218,-12.42218,-12.42218,0.04150,-12.42218,-12.42218,-12.42218,-12.42218,-12.42218,-12.42218,-12.42218,0.04150,-45.0000,-45.0000,-10.0000,-10.0000,-30.0000,-30.0000,-30.0000,-30.0000,-45.0000,-45.0000,-10.0000,-10.0000,-30.0000,-30.0000,-30.0000,-30.0000,-54.000,-54.000,-28.000,-28.000,-10.000,-10.000,-10.000,-10.000,-54.000,-54.000,-28.000,-28.000,-10.000,-10.000,-10.000,-10.000,0.0,0.0,0.0,0.0,0.0,0.0,0.0,0.0,0.0,0.0,0.0,0.0,0.0,0.0,0.0,0.0
1790303548.970829,14.880,-12.42218,-12.42218,-12.42218,-12.42218,-12.42218,-12.42218,-12.42218,0.04150,-12.42218,-12.42218,-12.42218,-12.42218,-12.42218,-12.42218,-12.42218,0.04150,-45.0000,-45.0000,-10.0000,-10.0000,-30.0000,-30.0000,-30.0000,-30.0000,-45.0000,-45.0000,-10.0000,-10.0000,-30.0000,-30.0000,-30.0000,-30.0000,-54.000,-54.000,-28.000,-28.000,-10.000,-10.000,-10.000,-10.000,-54.000,-54.000,-28.000,-28.000,-10.000,-10.000,-10.000,-10.000,0.0,0.0,0.0,0.0,0.0,0.0,0.0,0.0,0.0,0.0,0.0,0.0,0.0,0.0,0.0,0.0
1790303548.981420,14.890,-12.42218,-12.42218,-12.42218,-12.42218,-12.42218,-12.42218,-12.42218,0.04150,-12.42218,-12.42218,-12.42218,-12.42218,-12.42218,-12.42218,-12.42218,0.04150,-45.0000,-45.0000,-10.0000,-10.0000,-30.0000,-30.0000,-30.0000,-30.0000,-45.0000,-45.0000,-10.0000,-10.0000,-30.0000,-30.0000,-30.0000,-30.0000,-54.000,-54.000,-28.000,-28.000,-10.000,-10.000,-10.000,-10.000,-54.000,-54.000,-28.000,-28.000,-10.000,-10.000,-10.000,-10.000,0.0,0.0,0.0,0.0,0.0,0.0,0.0,0.0,0.0,0.0,0.0,0.0,0.0,0.0,0.0,0.0
1790303548.990463,14.899,-12.42218,-12.42218,-12.42218,-12.42218,-12.42218,-12.42218,-12.42218,0.04150,-12.42218,-12.42218,-12.42218,-12.42218,-12.42218,-12.42218,-12.42218,0.04150,-45.0000,-45.0000,-10.0000,-10.0000,-30.0000,-30.0000,-30.0000,-30.0000,-45.0000,-45.0000,-10.0000,-10.0000,-30.0000,-30.0000,-30.0000,-30.0000,-54.000,-54.000,-28.000,-28.000,-10.000,-10.000,-10.000,-10.000,-54.000,-54.000,-28.000,-28.000,-10.000,-10.000,-10.000,-10.000,0.0,0.0,0.0,0.0,0.0,0.0,0.0,0.0,0.0,0.0,0.0,0.0,0.0,0.0,0.0,0.0
1790303549.000660,14.910,-12.42218,-12.42218,-12.42218,-12.42218,-12.42218,-12.42218,-12.42218,0.04150,-12.42218,-12.42218,-12.42218,-12.42218,-12.42218,-12.42218,-12.42218,0.04150,-45.0000,-45.0000,-10.0000,-10.0000,-30.0000,-30.0000,-30.0000,-30.0000,-45.0000,-45.0000,-10.0000,-10.0000,-30.0000,-30.0000,-30.0000,-30.0000,-54.000,-54.000,-28.000,-28.000,-10.000,-10.000,-10.000,-10.000,-54.000,-54.000,-28.000,-28.000,-10.000,-10.000,-10.000,-10.000,0.0,0.0,0.0,0.0,0.0,0.0,0.0,0.0,0.0,0.0,0.0,0.0,0.0,0.0,0.0,0.0
1790303549.010941,14.920,-12.42218,-12.42218,-12.42218,-12.42218,-12.42218,-12.42218,-12.42218,0.04150,-12.42218,-12.42218,-12.42218,-12.42218,-12.42218,-12.42218,-12.42218,0.04150,-45.0000,-45.0000,-10.0000,-10.0000,-30.0000,-30.0000,-30.0000,-30.0000,-45.0000,-45.0000,-10.0000,-10.0000,-30.0000,-30.0000,-30.0000,-30.0000,-54.000,-54.000,-28.000,-28.000,-10.000,-10.000,-10.000,-10.000,-54.000,-54.000,-28.000,-28.000,-10.000,-10.000,-10.000,-10.000,0.0,0.0,0.0,0.0,0.0,0.0,0.0,0.0,0.0,0.0,0.0,0.0,0.0,0.0,0.0,0.0
1790303549.020124,14.929,-12.42218,-12.42218,-12.42218,-12.42218,-12.42218,-12.42218,-12.42218,0.04150,-12.42218,-12.42218,-12.42218,-12.42218,-12.42218,-12.42218,-12.42218,0.04150,-45.0000,-45.0000,-10.0000,-10.0000,-30.0000,-30.0000,-30.0000,-30.0000,-45.0000,-45.0000,-10.0000,-10.0000,-30.0000,-30.0000,-30.0000,-30.0000,-54.000,-54.000,-28.000,-28.000,-10.000,-10.000,-10.000,-10.000,-54.000,-54.000,-28.000,-28.000,-10.000,-10.000,-10.000,-10.000,0.0,0.0,0.0,0.0,0.0,0.0,0.0,0.0,0.0,0.0,0.0,0.0,0.0,0.0,0.0,0.0
1790303549.030456,14.939,-12.42218,-12.42218,-12.42218,-12.42218,-12.42218,-12.42218,-12.42218,0.04150,-12.42218,-12.42218,-12.42218,-12.42218,-12.42218,-12.42218,-12.42218,0.04150,-45.0000,-45.0000,-10.0000,-10.0000,-30.0000,-30.0000,-30.0000,-30.0000,-45.0000,-45.0000,-10.0000,-10.0000,-30.0000,-30.0000,-30.0000,-30.0000,-54.000,-54.000,-28.000,-28.000,-10.000,-10.000,-10.000,-10.000,-54.000,-54.000,-28.000,-28.000,-10.000,-10.000,-10.000,-10.000,0.0,0.0,0.0,0.0,0.0,0.0,0.0,0.0,0.0,0.0,0.0,0.0,0.0,0.0,0.0,0.0
1790303549.040250,14.949,-12.42218,-12.42218,-12.42218,-12.42218,-12.42218,-12.42218,-12.42218,0.04150,-12.42218,-12.42218,-12.42218,-12.42218,-12.42218,-12.42218,-12.42218,0.04150,-45.0000,-45.0000,-10.0000,-10.0000,-30.0000,-30.0000,-30.0000,-30.0000,-45.0000,-45.0000,-10.0000,-10.0000,-30.0000,-30.0000,-30.0000,-30.0000,-54.000,-54.000,-28.000,-28.000,-10.000,-10.000,-10.000,-10.000,-54.000,-54.000,-28.000,-28.000,-10.000,-10.000,-10.000,-10.000,0.0,0.0,0.0,0.0,0.0,0.0,0.0,0.0,0.0,0.0,0.0,0.0,0.0,0.0,0.0,0.0
1790303549.050509,14.959,-12.42218,-12.42218,-12.42218,-12.42218,-12.42218,-12.42218,-12.42218,0.04150,-12.42218,-12.42218,-12.42218,-12.42218,-12.42218,-12.42218,-12.42218,0.04150,-45.0000,-45.0000,-10.0000,-10.0000,-30.0000,-30.0000,-30.0000,-30.0000,-45.0000,-45.0000,-10.0000,-10.0000,-30.0000,-30.0000,-30.0000,-30.0000,-54.000,-54.000,-28.000,-28.000,-10.000,-10.000,-10.000,-10.000,-54.000,-54.000,-28.000,-28.000,-10.000,-10.000,-10.000,-10.000,0.0,0.0,0.0,0.0,0.0,0.0,0.0,0.0,0.0,0.0,0.0,0.0,0.0,0.0,0.0,0.0
1790303549.060222,14.969,-12.42218,-12.42218,-12.42218,-12.42218,-12.42218,-12.42218,-12.42218,0.04150,-12.42218,-12.42218,-12.42218,-12.42218,-12.42218,-12.42218,-12.42218,0.04150,-45.0000,-45.0000,-10.0000,-10.0000,-30.0000,-30.0000,-30.0000,-30.0000,-45.0000,-45.0000,-10.0000,-10.0000,-30.0000,-30.0000,-30.0000,-30.0000,-54.000,-54.000,-28.000,-28.000,-10.000,-10.000,-10.000,-10.000,-54.000,-54.000,-28.000,-28.000,-10.000,-10.000,-10.000,-10.000,0.0,0.0,0.0,0.0,0.0,0.0,0.0,0.0,0.0,0.0,0.0,0.0,0.0,0.0,0.0,0.0
1790303549.072037,14.981,-12.42218,-12.42218,-12.42218,-12.42218,-12.42218,-12.42218,-12.42218,0.04150,-12.42218,-12.42218,-12.42218,-12.42218,-12.42218,-12.42218,-12.42218,0.04150,-45.0000,-45.0000,-10.0000,-10.0000,-30.0000,-30.0000,-30.0000,-30.0000,-45.0000,-45.0000,-10.0000,-10.0000,-30.0000,-30.0000,-30.0000,-30.0000,-54.000,-54.000,-28.000,-28.000,-10.000,-10.000,-10.000,-10.000,-54.000,-54.000,-28.000,-28.000,-10.000,-10.000,-10.000,-10.000,0.0,0.0,0.0,0.0,0.0,0.0,0.0,0.0,0.0,0.0,0.0,0.0,0.0,0.0,0.0,0.0
1790303549.080635,14.990,-12.42218,-12.42218,-12.42218,-12.42218,-12.42218,-12.42218,-12.42218,0.04150,-12.42218,-12.42218,-12.42218,-12.42218,-12.42218,-12.42218,-12.42218,0.04150,-45.0000,-45.0000,-10.0000,-10.0000,-30.0000,-30.0000,-30.0000,-30.0000,-45.0000,-45.0000,-10.0000,-10.0000,-30.0000,-30.0000,-30.0000,-30.0000,-54.000,-54.000,-28.000,-28.000,-10.000,-10.000,-10.000,-10.000,-54.000,-54.000,-28.000,-28.000,-10.000,-10.000,-10.000,-10.000,0.0,0.0,0.0,0.0,0.0,0.0,0.0,0.0,0.0,0.0,0.0,0.0,0.0,0.0,0.0,0.0
1790303549.092218,15.001,-12.42218,-12.42218,-12.42218,-12.42218,-12.42218,-12.42218,-12.42218,0.04150,-12.42218,-12.42218,-12.42218,-12.42218,-12.42218,-12.42218,-12.42218,0.04150,-45.0000,-45.0000,-10.0000,-10.0000,-30.0000,-30.0000,-30.0000,-30.0000,-45.0000,-45.0000,-10.0000,-10.0000,-30.0000,-30.0000,-30.0000,-30.0000,-54.000,-54.000,-28.000,-28.000,-10.000,-10.000,-10.000,-10.000,-54.000,-54.000,-28.000,-28.000,-10.000,-10.000,-10.000,-10.000,0.0,0.0,0.0,0.0,0.0,0.0,0.0,0.0,0.0,0.0,0.0,0.0,0.0,0.0,0.0,0.0
1790303549.100265,15.009,-12.42218,-12.42218,-12.42218,-12.42218,-12.42218,-12.42218,-12.42218,0.04150,-12.42218,-12.42218,-12.42218,-12.42218,-12.42218,-12.42218,-12.42218,0.04150,-45.0000,-45.0000,-10.0000,-10.0000,-30.0000,-30.0000,-30.0000,-30.0000,-45.0000,-45.0000,-10.0000,-10.0000,-30.0000,-30.0000,-30.0000,-30.0000,-54.000,-54.000,-28.000,-28.000,-10.000,-10.000,-10.000,-10.000,-54.000,-54.000,-28.000,-28.000,-10.000,-10.000,-10.000,-10.000,0.0,0.0,0.0,0.0,0.0,0.0,0.0,0.0,0.0,0.0,0.0,0.0,0.0,0.0,0.0,0.0
1790303549.111436,15.020,-12.42218,-12.42218,-12.42218,-12.42218,-12.42218,-12.42218,-12.42218,0.04150,-12.42218,-12.42218,-12.42218,-12.42218,-12.42218,-12.42218,-12.42218,0.04150,-45.0000,-45.0000,-10.0000,-10.0000,-30.0000,-30.0000,-30.0000,-30.0000,-45.0000,-45.0000,-10.0000,-10.0000,-30.0000,-30.0000,-30.0000,-30.0000,-54.000,-54.000,-28.000,-28.000,-10.000,-10.000,-10.000,-10.000,-54.000,-54.000,-28.000,-28.000,-10.000,-10.000,-10.000,-10.000,0.0,0.0,0.0,0.0,0.0,0.0,0.0,0.0,0.0,0.0,0.0,0.0,0.0,0.0,0.0,0.0
1790303549.120600,15.029,-12.42218,-12.42218,-12.42218,-12.42218,-12.42218,-12.42218,-12.42218,0.04150,-12.42218,-12.42218,-12.42218,-12.42218,-12.42218,-12.42218,-12.42218,0.04150,-45.0000,-45.0000,-10.0000,-10.0000,-30.0000,-30.0000,-30.0000,-30.0000,-45.0000,-45.0000,-10.0000,-10.0000,-30.0000,-30.0000,-30.0000,-30.0000,-54.000,-54.000,-28.000,-28.000,-10.000,-10.000,-10.000,-10.000,-54.000,-54.000,-28.000,-28.000,-10.000,-10.000,-10.000,-10.000,0.0,0.0,0.0,0.0,0.0,0.0,0.0,0.0,0.0,0.0,0.0,0.0,0.0,0.0,0.0,0.0
1790303549.130396,15.039,-12.42218,-12.42218,-12.42218,-12.42218,-12.42218,-12.42218,-12.42218,0.04150,-12.42218,-12.42218,-12.42218,-12.42218,-12.42218,-12.42218,-12.42218,0.04150,-45.0000,-45.0000,-10.0000,-10.0000,-30.0000,-30.0000,-30.0000,-30.0000,-45.0000,-45.0000,-10.0000,-10.0000,-30.0000,-30.0000,-30.0000,-30.0000,-54.000,-54.000,-28.000,-28.000,-10.000,-10.000,-10.000,-10.000,-54.000,-54.000,-28.000,-28.000,-10.000,-10.000,-10.000,-10.000,0.0,0.0,0.0,0.0,0.0,0.0,0.0,0.0,0.0,0.0,0.0,0.0,0.0,0.0,0.0,0.0
1790303549.140208,15.049,-12.42218,-12.42218,-12.42218,-12.42218,-12.42218,-12.42218,-12.42218,0.04150,-12.42218,-12.42218,-12.42218,-12.42218,-12.42218,-12.42218,-12.42218,0.04150,-45.0000,-45.0000,-10.0000,-10.0000,-30.0000,-30.0000,-30.0000,-30.0000,-45.0000,-45.0000,-10.0000,-10.0000,-30.0000,-30.0000,-30.0000,-30.0000,-54.000,-54.000,-28.000,-28.000,-10.000,-10.000,-10.000,-10.000,-54.000,-54.000,-28.000,-28.000,-10.000,-10.000,-10.000,-10.000,0.0,0.0,0.0,0.0,0.0,0.0,0.0,0.0,0.0,0.0,0.0,0.0,0.0,0.0,0.0,0.0
1790303549.150535,15.059,-12.42218,-12.42218,-12.42218,-12.42218,-12.42218,-12.42218,-12.42218,0.04150,-12.42218,-12.42218,-12.42218,-12.42218,-12.42218,-12.42218,-12.42218,0.04150,-45.0000,-45.0000,-10.0000,-10.0000,-30.0000,-30.0000,-30.0000,-30.0000,-45.0000,-45.0000,-10.0000,-10.0000,-30.0000,-30.0000,-30.0000,-30.0000,-54.000,-54.000,-28.000,-28.000,-10.000,-10.000,-10.000,-10.000,-54.000,-54.000,-28.000,-28.000,-10.000,-10.000,-10.000,-10.000,0.0,0.0,0.0,0.0,0.0,0.0,0.0,0.0,0.0,0.0,0.0,0.0,0.0,0.0,0.0,0.0
1790303549.160191,15.069,-12.42218,-12.42218,-12.42218,-12.42218,-12.42218,-12.42218,-12.42218,0.04150,-12.42218,-12.42218,-12.42218,-12.42218,-12.42218,-12.42218,-12.42218,0.04150,-45.0000,-45.0000,-10.0000,-10.0000,-30.0000,-30.0000,-30.0000,-30.0000,-45.0000,-45.0000,-10.0000,-10.0000,-30.0000,-30.0000,-30.0000,-30.0000,-54.000,-54.000,-28.000,-28.000,-10.000,-10.000,-10.000,-10.000,-54.000,-54.000,-28.000,-28.000,-10.000,-10.000,-10.000,-10.000,0.0,0.0,0.0,0.0,0.0,0.0,0.0,0.0,0.0,0.0,0.0,0.0,0.0,0.0,0.0,0.0
1790303549.170375,15.079,-12.42218,-12.42218,-12.42218,-12.42218,-12.42218,-12.42218,-12.42218,0.04150,-12.42218,-12.42218,-12.42218,-12.42218,-12.42218,-12.42218,-12.42218,0.04150,-45.0000,-45.0000,-10.0000,-10.0000,-30.0000,-30.0000,-30.0000,-30.0000,-45.0000,-45.0000,-10.0000,-10.0000,-30.0000,-30.0000,-30.0000,-30.0000,-54.000,-54.000,-28.000,-28.000,-10.000,-10.000,-10.000,-10.000,-54.000,-54.000,-28.000,-28.000,-10.000,-10.000,-10.000,-10.000,0.0,0.0,0.0,0.0,0.0,0.0,0.0,0.0,0.0,0.0,0.0,0.0,0.0,0.0,0.0,0.0
1790303549.180974,15.090,-12.42218,-12.42218,-12.42218,-12.42218,-12.42218,-12.42218,-12.42218,0.04150,-12.42218,-12.42218,-12.42218,-12.42218,-12.42218,-12.42218,-12.42218,0.04150,-45.0000,-45.0000,-10.0000,-10.0000,-30.0000,-30.0000,-30.0000,-30.0000,-45.0000,-45.0000,-10.0000,-10.0000,-30.0000,-30.0000,-30.0000,-30.0000,-54.000,-54.000,-28.000,-28.000,-10.000,-10.000,-10.000,-10.000,-54.000,-54.000,-28.000,-28.000,-10.000,-10.000,-10.000,-10.000,0.0,0.0,0.0,0.0,0.0,0.0,0.0,0.0,0.0,0.0,0.0,0.0,0.0,0.0,0.0,0.0
1790303549.190390,15.099,-12.42218,-12.42218,-12.42218,-12.42218,-12.42218,-12.42218,-12.42218,0.04150,-12.42218,-12.42218,-12.42218,-12.42218,-12.42218,-12.42218,-12.42218,0.04150,-45.0000,-45.0000,-10.0000,-10.0000,-30.0000,-30.0000,-30.0000,-30.0000,-45.0000,-45.0000,-10.0000,-10.0000,-30.0000,-30.0000,-30.0000,-30.0000,-54.000,-54.000,-28.000,-28.000,-10.000,-10.000,-10.000,-10.000,-54.000,-54.000,-28.000,-28.000,-10.000,-10.000,-10.000,-10.000,0.0,0.0,0.0,0.0,0.0,0.0,0.0,0.0,0.0,0.0,0.0,0.0,0.0,0.0,0.0,0.0
1790303549.200252,15.109,-12.42218,-12.42218,-12.42218,-12.42218,-12.42218,-12.42218,-12.42218,0.04150,-12.42218,-12.42218,-12.42218,-12.42218,-12.42218,-12.42218,-12.42218,0.04150,-45.0000,-45.0000,-10.0000,-10.0000,-30.0000,-30.0000,-30.0000,-30.0000,-45.0000,-45.0000,-10.0000,-10.0000,-30.0000,-30.0000,-30.0000,-30.0000,-54.000,-54.000,-28.000,-28.000,-10.000,-10.000,-10.000,-10.000,-54.000,-54.000,-28.000,-28.000,-10.000,-10.000,-10.000,-10.000,0.0,0.0,0.0,0.0,0.0,0.0,0.0,0.0,0.0,0.0,0.0,0.0,0.0,0.0,0.0,0.0
1790303549.210454,15.119,-12.42218,-12.42218,-12.42218,-12.42218,-12.42218,-12.42218,-12.42218,0.04150,-12.42218,-12.42218,-12.42218,-12.42218,-12.42218,-12.42218,-12.42218,0.04150,-45.0000,-45.0000,-10.0000,-10.0000,-30.0000,-30.0000,-30.0000,-30.0000,-45.0000,-45.0000,-10.0000,-10.0000,-30.0000,-30.0000,-30.0000,-30.0000,-54.000,-54.000,-28.000,-28.000,-10.000,-10.000,-10.000,-10.000,-54.000,-54.000,-28.000,-28.000,-10.000,-10.000,-10.000,-10.000,0.0,0.0,0.0,0.0,0.0,0.0,0.0,0.0,0.0,0.0,0.0,0.0,0.0,0.0,0.0,0.0
1790303549.220250,15.129,-12.42218,-12.42218,-12.42218,-12.42218,-12.42218,-12.42218,-12.42218,0.04150,-12.42218,-12.42218,-12.42218,-12.42218,-12.42218,-12.42218,-12.42218,0.04150,-45.0000,-45.0000,-10.0000,-10.0000,-30.0000,-30.0000,-30.0000,-30.0000,-45.0000,-45.0000,-10.0000,-10.0000,-30.0000,-30.0000,-30.0000,-30.0000,-54.000,-54.000,-28.000,-28.000,-10.000,-10.000,-10.000,-10.000,-54.000,-54.000,-28.000,-28.000,-10.000,-10.000,-10.000,-10.000,0.0,0.0,0.0,0.0,0.0,0.0,0.0,0.0,0.0,0.0,0.0,0.0,0.0,0.0,0.0,0.0
1790303549.230865,15.140,-12.42218,-12.42218,-12.42218,-12.42218,-12.42218,-12.42218,-12.42218,0.04150,-12.42218,-12.42218,-12.42218,-12.42218,-12.42218,-12.42218,-12.42218,0.04150,-45.0000,-45.0000,-10.0000,-10.0000,-30.0000,-30.0000,-30.0000,-30.0000,-45.0000,-45.0000,-10.0000,-10.0000,-30.0000,-30.0000,-30.0000,-30.0000,-54.000,-54.000,-28.000,-28.000,-10.000,-10.000,-10.000,-10.000,-54.000,-54.000,-28.000,-28.000,-10.000,-10.000,-10.000,-10.000,0.0,0.0,0.0,0.0,0.0,0.0,0.0,0.0,0.0,0.0,0.0,0.0,0.0,0.0,0.0,0.0
1790303549.241165,15.150,-12.42218,-12.42218,-12.42218,-12.42218,-12.42218,-12.42218,-12.42218,0.04150,-12.42218,-12.42218,-12.42218,-12.42218,-12.42218,-12.42218,-12.42218,0.04150,-45.0000,-45.0000,-10.0000,-10.0000,-30.0000,-30.0000,-30.0000,-30.0000,-45.0000,-45.0000,-10.0000,-10.0000,-30.0000,-30.0000,-30.0000,-30.0000,-54.000,-54.000,-28.000,-28.000,-10.000,-10.000,-10.000,-10.000,-54.000,-54.000,-28.000,-28.000,-10.000,-10.000,-10.000,-10.000,0.0,0.0,0.0,0.0,0.0,0.0,0.0,0.0,0.0,0.0,0.0,0.0,0.0,0.0,0.0,0.0
1790303549.250602,15.159,-12.42218,-12.42218,-12.42218,-12.42218,-12.42218,-12.42218,-12.42218,0.04150,-12.42218,-12.42218,-12.42218,-12.42218,-12.42218,-12.42218,-12.42218,0.04150,-45.0000,-45.0000,-10.0000,-10.0000,-30.0000,-30.0000,-30.0000,-30.0000,-45.0000,-45.0000,-10.0000,-10.0000,-30.0000,-30.0000,-30.0000,-30.0000,-54.000,-54.000,-28.000,-28.000,-10.000,-10.000,-10.000,-10.000,-54.000,-54.000,-28.000,-28.000,-10.000,-10.000,-10.000,-10.000,0.0,0.0,0.0,0.0,0.0,0.0,0.0,0.0,0.0,0.0,0.0,0.0,0.0,0.0,0.0,0.0
1790303549.260647,15.170,-12.42218,-12.42218,-12.42218,-12.42218,-12.42218,-12.42218,-12.42218,0.04150,-12.42218,-12.42218,-12.42218,-12.42218,-12.42218,-12.42218,-12.42218,0.04150,-45.0000,-45.0000,-10.0000,-10.0000,-30.0000,-30.0000,-30.0000,-30.0000,-45.0000,-45.0000,-10.0000,-10.0000,-30.0000,-30.0000,-30.0000,-30.0000,-54.000,-54.000,-28.000,-28.000,-10.000,-10.000,-10.000,-10.000,-54.000,-54.000,-28.000,-28.000,-10.000,-10.000,-10.000,-10.000,0.0,0.0,0.0,0.0,0.0,0.0,0.0,0.0,0.0,0.0,0.0,0.0,0.0,0.0,0.0,0.0
1790303549.271446,15.180,-12.42218,-12.42218,-12.42218,-12.42218,-12.42218,-12.42218,-12.42218,0.04150,-12.42218,-12.42218,-12.42218,-12.42218,-12.42218,-12.42218,-12.42218,0.04150,-45.0000,-45.0000,-10.0000,-10.0000,-30.0000,-30.0000,-30.0000,-30.0000,-45.0000,-45.0000,-10.0000,-10.0000,-30.0000,-30.0000,-30.0000,-30.0000,-54.000,-54.000,-28.000,-28.000,-10.000,-10.000,-10.000,-10.000,-54.000,-54.000,-28.000,-28.000,-10.000,-10.000,-10.000,-10.000,0.0,0.0,0.0,0.0,0.0,0.0,0.0,0.0,0.0,0.0,0.0,0.0,0.0,0.0,0.0,0.0
1790303549.280415,15.189,-12.42218,-12.42218,-12.42218,-12.42218,-12.42218,-12.42218,-12.42218,0.04150,-12.42218,-12.42218,-12.42218,-12.42218,-12.42218,-12.42218,-12.42218,0.04150,-45.0000,-45.0000,-10.0000,-10.0000,-30.0000,-30.0000,-30.0000,-30.0000,-45.0000,-45.0000,-10.0000,-10.0000,-30.0000,-30.0000,-30.0000,-30.0000,-54.000,-54.000,-28.000,-28.000,-10.000,-10.000,-10.000,-10.000,-54.000,-54.000,-28.000,-28.000,-10.000,-10.000,-10.000,-10.000,0.0,0.0,0.0,0.0,0.0,0.0,0.0,0.0,0.0,0.0,0.0,0.0,0.0,0.0,0.0,0.0
1790303549.290410,15.199,-12.42218,-12.42218,-12.42218,-12.42218,-12.42218,-12.42218,-12.42218,0.04150,-12.42218,-12.42218,-12.42218,-12.42218,-12.42218,-12.42218,-12.42218,0.04150,-45.0000,-45.0000,-10.0000,-10.0000,-30.0000,-30.0000,-30.0000,-30.0000,-45.0000,-45.0000,-10.0000,-10.0000,-30.0000,-30.0000,-30.0000,-30.0000,-54.000,-54.000,-28.000,-28.000,-10.000,-10.000,-10.000,-10.000,-54.000,-54.000,-28.000,-28.000,-10.000,-10.000,-10.000,-10.000,0.0,0.0,0.0,0.0,0.0,0.0,0.0,0.0,0.0,0.0,0.0,0.0,0.0,0.0,0.0,0.0
1790303549.300688,15.210,-12.42218,-12.42218,-12.42218,-12.42218,-12.42218,-12.42218,-12.42218,0.04150,-12.42218,-12.42218,-12.42218,-12.42218,-12.42218,-12.42218,-12.42218,0.04150,-45.0000,-45.0000,-10.0000,-10.0000,-30.0000,-30.0000,-30.0000,-30.0000,-45.0000,-45.0000,-10.0000,-10.0000,-30.0000,-30.0000,-30.0000,-30.0000,-54.000,-54.000,-28.000,-28.000,-10.000,-10.000,-10.000,-10.000,-54.000,-54.000,-28.000,-28.000,-10.000,-10.000,-10.000,-10.000,0.0,0.0,0.0,0.0,0.0,0.0,0.0,0.0,0.0,0.0,0.0,0.0,0.0,0.0,0.0,0.0
1790303549.310833,15.220,-12.42218,-12.42218,-12.42218,-12.42218,-12.42218,-12.42218,-12.42218,0.04150,-12.42218,-12.42218,-12.42218,-12.42218,-12.42218,-12.42218,-12.42218,0.04150,-45.0000,-45.0000,-10.0000,-10.0000,-30.0000,-30.0000,-30.0000,-30.0000,-45.0000,-45.0000,-10.0000,-10.0000,-30.0000,-30.0000,-30.0000,-30.0000,-54.000,-54.000,-28.000,-28.000,-10.000,-10.000,-10.000,-10.000,-54.000,-54.000,-28.000,-28.000,-10.000,-10.000,-10.000,-10.000,0.0,0.0,0.0,0.0,0.0,0.0,0.0,0.0,0.0,0.0,0.0,0.0,0.0,0.0,0.0,0.0
1790303549.320273,15.229,-12.42218,-12.42218,-12.42218,-12.42218,-12.42218,-12.42218,-12.42218,0.04150,-12.42218,-12.42218,-12.42218,-12.42218,-12.42218,-12.42218,-12.42218,0.04150,-45.0000,-45.0000,-10.0000,-10.0000,-30.0000,-30.0000,-30.0000,-30.0000,-45.0000,-45.0000,-10.0000,-10.0000,-30.0000,-30.0000,-30.0000,-30.0000,-54.000,-54.000,-28.000,-28.000,-10.000,-10.000,-10.000,-10.000,-54.000,-54.000,-28.000,-28.000,-10.000,-10.000,-10.000,-10.000,0.0,0.0,0.0,0.0,0.0,0.0,0.0,0.0,0.0,0.0,0.0,0.0,0.0,0.0,0.0,0.0
1790303549.330422,15.239,-12.42218,-12.42218,-12.42218,-12.42218,-12.42218,-12.42218,-12.42218,0.04150,-12.42218,-12.42218,-12.42218,-12.42218,-12.42218,-12.42218,-12.42218,0.04150,-45.0000,-45.0000,-10.0000,-10.0000,-30.0000,-30.0000,-30.0000,-30.0000,-45.0000,-45.0000,-10.0000,-10.0000,-30.0000,-30.0000,-30.0000,-30.0000,-54.000,-54.000,-28.000,-28.000,-10.000,-10.000,-10.000,-10.000,-54.000,-54.000,-28.000,-28.000,-10.000,-10.000,-10.000,-10.000,0.0,0.0,0.0,0.0,0.0,0.0,0.0,0.0,0.0,0.0,0.0,0.0,0.0,0.0,0.0,0.0
1790303549.340625,15.250,-12.42218,-12.42218,-12.42218,-12.42218,-12.42218,-12.42218,-12.42218,0.04150,-12.42218,-12.42218,-12.42218,-12.42218,-12.42218,-12.42218,-12.42218,0.04150,-45.0000,-45.0000,-10.0000,-10.0000,-30.0000,-30.0000,-30.0000,-30.0000,-45.0000,-45.0000,-10.0000,-10.0000,-30.0000,-30.0000,-30.0000,-30.0000,-54.000,-54.000,-28.000,-28.000,-10.000,-10.000,-10.000,-10.000,-54.000,-54.000,-28.000,-28.000,-10.000,-10.000,-10.000,-10.000,0.0,0.0,0.0,0.0,0.0,0.0,0.0,0.0,0.0,0.0,0.0,0.0,0.0,0.0,0.0,0.0
1790303549.350954,15.260,-12.42218,-12.42218,-12.42218,-12.42218,-12.42218,-12.42218,-12.42218,0.04150,-12.42218,-12.42218,-12.42218,-12.42218,-12.42218,-12.42218,-12.42218,0.04150,-45.0000,-45.0000,-10.0000,-10.0000,-30.0000,-30.0000,-30.0000,-30.0000,-45.0000,-45.0000,-10.0000,-10.0000,-30.0000,-30.0000,-30.0000,-30.0000,-54.000,-54.000,-28.000,-28.000,-10.000,-10.000,-10.000,-10.000,-54.000,-54.000,-28.000,-28.000,-10.000,-10.000,-10.000,-10.000,0.0,0.0,0.0,0.0,0.0,0.0,0.0,0.0,0.0,0.0,0.0,0.0,0.0,0.0,0.0,0.0
1790303549.360659,15.270,-12.42218,-12.42218,-12.42218,-12.42218,-12.42218,-12.42218,-12.42218,0.04150,-12.42218,-12.42218,-12.42218,-12.42218,-12.42218,-12.42218,-12.42218,0.04150,-45.0000,-45.0000,-10.0000,-10.0000,-30.0000,-30.0000,-30.0000,-30.0000,-45.0000,-45.0000,-10.0000,-10.0000,-30.0000,-30.0000,-30.0000,-30.0000,-54.000,-54.000,-28.000,-28.000,-10.000,-10.000,-10.000,-10.000,-54.000,-54.000,-28.000,-28.000,-10.000,-10.000,-10.000,-10.000,0.0,0.0,0.0,0.0,0.0,0.0,0.0,0.0,0.0,0.0,0.0,0.0,0.0,0.0,0.0,0.0
1790303549.370874,15.280,-12.42218,-12.42218,-12.42218,-12.42218,-12.42218,-12.42218,-12.42218,0.04150,-12.42218,-12.42218,-12.42218,-12.42218,-12.42218,-12.42218,-12.42218,0.04150,-45.0000,-45.0000,-10.0000,-10.0000,-30.0000,-30.0000,-30.0000,-30.0000,-45.0000,-45.0000,-10.0000,-10.0000,-30.0000,-30.0000,-30.0000,-30.0000,-54.000,-54.000,-28.000,-28.000,-10.000,-10.000,-10.000,-10.000,-54.000,-54.000,-28.000,-28.000,-10.000,-10.000,-10.000,-10.000,0.0,0.0,0.0,0.0,0.0,0.0,0.0,0.0,0.0,0.0,0.0,0.0,0.0,0.0,0.0,0.0
1790303549.380658,15.290,-12.42218,-12.42218,-12.42218,-12.42218,-12.42218,-12.42218,-12.42218,0.04150,-12.42218,-12.42218,-12.42218,-12.42218,-12.42218,-12.42218,-12.42218,0.04150,-45.0000,-45.0000,-10.0000,-10.0000,-30.0000,-30.0000,-30.0000,-30.0000,-45.0000,-45.0000,-10.0000,-10.0000,-30.0000,-30.0000,-30.0000,-30.0000,-54.000,-54.000,-28.000,-28.000,-10.000,-10.000,-10.000,-10.000,-54.000,-54.000,-28.000,-28.000,-10.000,-10.000,-10.000,-10.000,0.0,0.0,0.0,0.0,0.0,0.0,0.0,0.0,0.0,0.0,0.0,0.0,0.0,0.0,0.0,0.0
1790303549.391636,15.301,-12.42218,-12.42218,-12.42218,-12.42218,-12.42218,-12.42218,-12.42218,0.04150,-12.42218,-12.42218,-12.42218,-12.42218,-12.42218,-12.42218,-12.42218,0.04150,-45.0000,-45.0000,-10.0000,-10.0000,-30.0000,-30.0000,-30.0000,-27.6557,-45.0000,-45.0000,-10.0000,-10.0000,-30.0000,-30.0000,-30.0000,-30.0000,-54.000,-54.000,-28.000,-28.000,-10.000,-10.000,-10.000,-4.999,-54.000,-54.000,-28.000,-28.000,-10.000,-10.000,-10.000,-10.000,0.0,0.0,0.0,0.0,0.0,0.0,0.0,0.0,0.0,0.0,0.0,0.0,0.0,0.0,0.0,0.0
1790303549.400611,15.309,-12.42218,-12.42218,-12.42218,-12.42218,-12.42218,-12.42218,-12.42218,0.04150,-12.42218,-12.42218,-12.42218,-12.42218,-12.42218,-12.42218,-12.42218,0.04150,-45.0000,-45.0000,-10.0000,-10.0000,-30.0000,-30.0000,-30.0000,-27.6557,-45.0000,-45.0000,-10.0000,-10.0000,-30.0000,-30.0000,-30.0000,-30.0000,-54.000,-54.000,-28.000,-28.000,-10.000,-10.000,-10.000,-4.999,-54.000,-54.000,-28.000,-28.000,-10.000,-10.000,-10.000,-10.000,0.0,0.0,0.0,0.0,0.0,0.0,0.0,0.0,0.0,0.0,0.0,0.0,0.0,0.0,0.0,0.0
1790303549.410287,15.319,-12.42218,-12.42218,-12.42218,-12.42218,-12.42218,-12.42218,-12.42218,0.04150,-12.42218,-12.42218,-12.42218,-12.42218,-12.42218,-12.42218,-12.42218,0.04150,-45.0000,-45.0000,-10.0000,-10.0000,-30.0000,-30.0000,-30.0000,-27.6557,-45.0000,-45.0000,-10.0000,-10.0000,-30.0000,-30.0000,-30.0000,-30.0000,-54.000,-54.000,-28.000,-28.000,-10.000,-10.000,-10.000,-4.999,-54.000,-54.000,-28.000,-28.000,-10.000,-10.000,-10.000,-10.000,0.0,0.0,0.0,0.0,0.0,0.0,0.0,0.0,0.0,0.0,0.0,0.0,0.0,0.0,0.0,0.0
1790303549.420247,15.329,-12.42218,-12.42218,-12.42218,-12.42218,-12.42218,-12.42218,-12.42218,0.04150,-12.42218,-12.42218,-12.42218,-12.42218,-12.42218,-12.42218,-12.42218,0.04150,-45.0000,-45.0000,-10.0000,-10.0000,-30.0000,-30.0000,-30.0000,-30.0000,-45.0000,-45.0000,-10.0000,-10.0000,-30.0000,-30.0000,-30.0000,-30.0000,-54.000,-54.000,-28.000,-28.000,-10.000,-10.000,-10.000,-10.000,-54.000,-54.000,-28.000,-28.000,-10.000,-10.000,-10.000,-10.000,0.0,0.0,0.0,0.0,0.0,0.0,0.0,0.0,0.0,0.0,0.0,0.0,0.0,0.0,0.0,0.0
1790303549.430853,15.340,-12.42218,-12.42218,-12.42218,-12.42218,-12.42218,-12.42218,-12.42218,0.04150,-12.42218,-12.42218,-12.42218,-12.42218,-12.42218,-12.42218,-12.42218,0.04150,-45.0000,-45.0000,-10.0000,-10.0000,-30.0000,-30.0000,-30.0000,-30.0000,-45.0000,-45.0000,-10.0000,-10.0000,-30.0000,-30.0000,-30.0000,-30.0000,-54.000,-54.000,-28.000,-28.000,-10.000,-10.000,-10.000,-10.000,-54.000,-54.000,-28.000,-28.000,-10.000,-10.000,-10.000,-10.000,0.0,0.0,0.0,0.0,0.0,0.0,0.0,0.0,0.0,0.0,0.0,0.0,0.0,0.0,0.0,0.0
1790303549.440602,15.349,-12.42218,-12.42218,-12.42218,-12.42218,-12.42218,-12.42218,-12.42218,0.04150,-12.42218,-12.42218,-12.42218,-12.42218,-12.42218,-12.42218,-12.42218,0.04150,-45.0000,-45.0000,-10.0000,-10.0000,-30.0000,-30.0000,-30.0000,-30.0000,-45.0000,-45.0000,-10.0000,-10.0000,-30.0000,-30.0000,-30.0000,-30.0000,-54.000,-54.000,-28.000,-28.000,-10.000,-10.000,-10.000,-10.000,-54.000,-54.000,-28.000,-28.000,-10.000,-10.000,-10.000,-10.000,0.0,0.0,0.0,0.0,0.0,0.0,0.0,0.0,0.0,0.0,0.0,0.0,0.0,0.0,0.0,0.0
1790303549.450353,15.359,-12.42218,-12.42218,-12.42218,-12.42218,-12.42218,-12.42218,-12.42218,0.04150,-12.42218,-12.42218,-12.42218,-12.42218,-12.42218,-12.42218,-12.42218,0.04150,-45.0000,-45.0000,-10.0000,-10.0000,-30.0000,-30.0000,-30.0000,-30.0000,-45.0000,-45.0000,-10.0000,-10.0000,-30.0000,-30.0000,-30.0000,-27.6557,-54.000,-54.000,-28.000,-28.000,-10.000,-10.000,-10.000,-10.000,-54.000,-54.000,-28.000,-28.000,-10.000,-10.000,-10.000,-4.999,0.0,0.0,0.0,0.0,0.0,0.0,0.0,0.0,0.0,0.0,0.0,0.0,0.0,0.0,0.0,0.0
1790303549.460263,15.369,-12.42218,-12.42218,-12.42218,-12.42218,-12.42218,-12.42218,-12.42218,0.04150,-12.42218,-12.42218,-12.42218,-12.42218,-12.42218,-12.42218,-12.42218,0.04150,-45.0000,-45.0000,-10.0000,-10.0000,-30.0000,-30.0000,-30.0000,-30.0000,-45.0000,-45.0000,-10.0000,-10.0000,-30.0000,-30.0000,-30.0000,-30.0000,-54.000,-54.000,-28.000,-28.000,-10.000,-10.000,-10.000,-10.000,-54.000,-54.000,-28.000,-28.000,-10.000,-10.000,-10.000,-10.000,0.0,0.0,0.0,0.0,0.0,0.0,0.0,0.0,0.0,0.0,0.0,0.0,0.0,0.0,0.0,0.0
1790303549.470818,15.380,-12.42218,-12.42218,-12.42218,-12.42218,-12.42218,-12.42218,-12.42218,0.04150,-12.42218,-12.42218,-12.42218,-12.42218,-12.42218,-12.42218,-12.42218,0.04150,-45.0000,-45.0000,-10.0000,-10.0000,-30.0000,-30.0000,-30.0000,-30.0000,-45.0000,-45.0000,-10.0000,-10.0000,-30.0000,-30.0000,-30.0000,-30.0000,-54.000,-54.000,-28.000,-28.000,-10.000,-10.000,-10.000,-10.000,-54.000,-54.000,-28.000,-28.000,-10.000,-10.000,-10.000,-10.000,0.0,0.0,0.0,0.0,0.0,0.0,0.0,0.0,0.0,0.0,0.0,0.0,0.0,0.0,0.0,0.0
1790303549.480787,15.390,-12.42218,-12.42218,-12.42218,-12.42218,-12.42218,-12.42218,-12.42218,0.04150,-12.42218,-12.42218,-12.42218,-12.42218,-12.42218,-12.42218,-12.42218,0.04150,-45.0000,-45.0000,-10.0000,-10.0000,-30.0000,-30.0000,-30.0000,-30.0000,-45.0000,-45.0000,-10.0000,-10.0000,-30.0000,-30.0000,-30.0000,-30.0000,-54.000,-54.000,-28.000,-28.000,-10.000,-10.000,-10.000,-10.000,-54.000,-54.000,-28.000,-28.000,-10.000,-10.000,-10.000,-10.000,0.0,0.0,0.0,0.0,0.0,0.0,0.0,0.0,0.0,0.0,0.0,0.0,0.0,0.0,0.0,0.0
1790303549.493244,15.402,-12.42218,-12.42218,-12.42218,-12.42218,-12.42218,-12.42218,-12.42218,0.04150,-12.42218,-12.42218,-12.42218,-12.42218,-12.42218,-12.42218,-12.42218,0.04150,-45.0000,-45.0000,-10.0000,-10.0000,-30.0000,-30.0000,-30.0000,-30.0000,-45.0000,-45.0000,-10.0000,-10.0000,-30.0000,-30.0000,-30.0000,-30.0000,-54.000,-54.000,-28.000,-28.000,-10.000,-10.000,-10.000,-10.000,-54.000,-54.000,-28.000,-28.000,-10.000,-10.000,-10.000,-10.000,0.0,0.0,0.0,0.0,0.0,0.0,0.0,0.0,0.0,0.0,0.0,0.0,0.0,0.0,0.0,0.0
1790303549.501039,15.410,-12.42218,-12.42218,-12.42218,-12.42218,-12.42218,-12.42218,-12.42218,0.04150,-12.42218,-12.42218,-12.42218,-12.42218,-12.42218,-12.42218,-12.42218,0.04150,-45.0000,-45.0000,-10.0000,-10.0000,-30.0000,-30.0000,-30.0000,-30.0000,-45.0000,-45.0000,-10.0000,-10.0000,-30.0000,-30.0000,-30.0000,-30.0000,-54.000,-54.000,-28.000,-28.000,-10.000,-10.000,-10.000,-10.000,-54.000,-54.000,-28.000,-28.000,-10.000,-10.000,-10.000,-10.000,0.0,0.0,0.0,0.0,0.0,0.0,0.0,0.0,0.0,0.0,0.0,0.0,0.0,0.0,0.0,0.0
1790303549.511648,15.421,-12.42218,-12.42218,-12.42218,-12.42218,-12.42218,-12.42218,-12.42218,0.04150,-12.42218,-12.42218,-12.42218,-12.42218,-12.42218,-12.42218,-12.42218,0.04150,-45.0000,-45.0000,-10.0000,-10.0000,-30.0000,-30.0000,-30.0000,-30.0000,-45.0000,-45.0000,-10.0000,-10.0000,-30.0000,-30.0000,-30.0000,-30.0000,-54.000,-54.000,-28.000,-28.000,-10.000,-10.000,-10.000,-10.000,-54.000,-54.000,-28.000,-28.000,-10.000,-10.000,-10.000,-10.000,0.0,0.0,0.0,0.0,0.0,0.0,0.0,0.0,0.0,0.0,0.0,0.0,0.0,0.0,0.0,0.0
1790303549.524930,15.434,-12.42218,-12.42218,-12.42218,-12.42218,-12.42218,-12.42218,-12.42218,0.04150,-12.42218,-12.42218,-12.42218,-12.42218,-12.42218,-12.42218,-12.42218,0.04150,-45.0000,-45.0000,-10.0000,-10.0000,-30.0000,-30.0000,-30.0000,-30.0000,-45.0000,-45.0000,-10.0000,-10.0000,-30.0000,-30.0000,-30.0000,-30.0000,-54.000,-54.000,-28.000,-28.000,-10.000,-10.000,-10.000,-10.000,-54.000,-54.000,-28.000,-28.000,-10.000,-10.000,-10.000,-10.000,0.0,0.0,0.0,0.0,0.0,0.0,0.0,0.0,0.0,0.0,0.0,0.0,0.0,0.0,0.0,0.0
1790303549.530322,15.439,-12.42218,-12.42218,-12.42218,-12.42218,-12.42218,-12.42218,-12.42218,0.04150,-12.42218,-12.42218,-12.42218,-12.42218,-12.42218,-12.42218,-12.42218,0.04150,-45.0000,-45.0000,-10.0000,-10.0000,-30.0000,-30.0000,-30.0000,-30.0000,-45.0000,-45.0000,-10.0000,-10.0000,-30.0000,-30.0000,-30.0000,-30.0000,-54.000,-54.000,-28.000,-28.000,-10.000,-10.000,-10.000,-10.000,-54.000,-54.000,-28.000,-28.000,-10.000,-10.000,-10.000,-10.000,0.0,0.0,0.0,0.0,0.0,0.0,0.0,0.0,0.0,0.0,0.0,0.0,0.0,0.0,0.0,0.0
1790303549.540695,15.450,-12.42218,-12.42218,-12.42218,-12.42218,-12.42218,-12.42218,-12.42218,0.04150,-12.42218,-12.42218,-12.42218,-12.42218,-12.42218,-12.42218,-12.42218,0.04150,-45.0000,-45.0000,-10.0000,-10.0000,-30.0000,-30.0000,-30.0000,-30.0000,-45.0000,-45.0000,-10.0000,-10.0000,-30.0000,-30.0000,-30.0000,-30.0000,-54.000,-54.000,-28.000,-28.000,-10.000,-10.000,-10.000,-10.000,-54.000,-54.000,-28.000,-28.000,-10.000,-10.000,-10.000,-10.000,0.0,0.0,0.0,0.0,0.0,0.0,0.0,0.0,0.0,0.0,0.0,0.0,0.0,0.0,0.0,0.0
1790303549.550460,15.459,-12.42218,-12.42218,-12.42218,-12.42218,-12.42218,-12.42218,-12.42218,0.04150,-12.42218,-12.42218,-12.42218,-12.42218,-12.42218,-12.42218,-12.42218,0.04150,-45.0000,-45.0000,-10.0000,-10.0000,-30.0000,-30.0000,-30.0000,-30.0000,-45.0000,-45.0000,-10.0000,-10.0000,-30.0000,-30.0000,-30.0000,-30.0000,-54.000,-54.000,-28.000,-28.000,-10.000,-10.000,-10.000,-10.000,-54.000,-54.000,-28.000,-28.000,-10.000,-10.000,-10.000,-10.000,0.0,0.0,0.0,0.0,0.0,0.0,0.0,0.0,0.0,0.0,0.0,0.0,0.0,0.0,0.0,0.0
1790303549.560467,15.469,-12.42218,-12.42218,-12.42218,-12.42218,-12.42218,-12.42218,-12.42218,0.04150,-12.42218,-12.42218,-12.42218,-12.42218,-12.42218,-12.42218,-12.42218,0.04150,-45.0000,-45.0000,-10.0000,-10.0000,-30.0000,-30.0000,-30.0000,-30.0000,-45.0000,-45.0000,-10.0000,-10.0000,-30.0000,-30.0000,-30.0000,-30.0000,-54.000,-54.000,-28.000,-28.000,-10.000,-10.000,-10.000,-10.000,-54.000,-54.000,-28.000,-28.000,-10.000,-10.000,-10.000,-10.000,0.0,0.0,0.0,0.0,0.0,0.0,0.0,0.0,0.0,0.0,0.0,0.0,0.0,0.0,0.0,0.0
1790303549.570944,15.480,-12.42218,-12.42218,-12.42218,-12.42218,-12.42218,-12.42218,-12.42218,0.04150,-12.42218,-12.42218,-12.42218,-12.42218,-12.42218,-12.42218,-12.42218,0.04150,-45.0000,-45.0000,-10.0000,-10.0000,-30.0000,-30.0000,-30.0000,-30.0000,-45.0000,-45.0000,-10.0000,-10.0000,-30.0000,-30.0000,-30.0000,-30.0000,-54.000,-54.000,-28.000,-28.000,-10.000,-10.000,-10.000,-10.000,-54.000,-54.000,-28.000,-28.000,-10.000,-10.000,-10.000,-10.000,0.0,0.0,0.0,0.0,0.0,0.0,0.0,0.0,0.0,0.0,0.0,0.0,0.0,0.0,0.0,0.0
1790303549.580604,15.489,-12.42218,-12.42218,-12.42218,-12.42218,-12.42218,-12.42218,-12.42218,0.04150,-12.42218,-12.42218,-12.42218,-12.42218,-12.42218,-12.42218,-12.42218,0.04150,-45.0000,-45.0000,-10.0000,-10.0000,-30.0000,-30.0000,-30.0000,-30.0000,-45.0000,-45.0000,-10.0000,-10.0000,-30.0000,-30.0000,-30.0000,-30.0000,-54.000,-54.000,-28.000,-28.000,-10.000,-10.000,-10.000,-10.000,-54.000,-54.000,-28.000,-28.000,-10.000,-10.000,-10.000,-10.000,0.0,0.0,0.0,0.0,0.0,0.0,0.0,0.0,0.0,0.0,0.0,0.0,0.0,0.0,0.0,0.0
1790303549.590862,15.500,-12.42218,-12.42218,-12.42218,-12.42218,-12.42218,-12.42218,-12.42218,0.04150,-12.42218,-12.42218,-12.42218,-12.42218,-12.42218,-12.42218,-12.42218,0.04150,-45.0000,-45.0000,-10.0000,-10.0000,-30.0000,-30.0000,-30.0000,-30.0000,-45.0000,-45.0000,-10.0000,-10.0000,-30.0000,-30.0000,-30.0000,-30.0000,-54.000,-54.000,-28.000,-28.000,-10.000,-10.000,-10.000,-10.000,-54.000,-54.000,-28.000,-28.000,-10.000,-10.000,-10.000,-10.000,0.0,0.0,0.0,0.0,0.0,0.0,0.0,0.0,0.0,0.0,0.0,0.0,0.0,0.0,0.0,0.0
1790303549.600664,15.510,-12.42218,-12.42218,-12.42218,-12.42218,-12.42218,-12.42218,-12.42218,0.04150,-12.42218,-12.42218,-12.42218,-12.42218,-12.42218,-12.42218,-12.42218,0.04150,-45.0000,-45.0000,-10.0000,-10.0000,-30.0000,-30.0000,-30.0000,-30.0000,-45.0000,-45.0000,-10.0000,-10.0000,-30.0000,-30.0000,-30.0000,-30.0000,-54.000,-54.000,-28.000,-28.000,-10.000,-10.000,-10.000,-10.000,-54.000,-54.000,-28.000,-28.000,-10.000,-10.000,-10.000,-10.000,0.0,0.0,0.0,0.0,0.0,0.0,0.0,0.0,0.0,0.0,0.0,0.0,0.0,0.0,0.0,0.0
1790303549.610844,15.520,-12.42218,-12.42218,-12.42218,-12.42218,-12.42218,-12.42218,-12.42218,0.04150,-12.42218,-12.42218,-12.42218,-12.42218,-12.42218,-12.42218,-12.42218,0.04150,-45.0000,-45.0000,-10.0000,-10.0000,-30.0000,-30.0000,-30.0000,-30.0000,-45.0000,-45.0000,-10.0000,-10.0000,-30.0000,-30.0000,-30.0000,-30.0000,-54.000,-54.000,-28.000,-28.000,-10.000,-10.000,-10.000,-10.000,-54.000,-54.000,-28.000,-28.000,-10.000,-10.000,-10.000,-10.000,0.0,0.0,0.0,0.0,0.0,0.0,0.0,0.0,0.0,0.0,0.0,0.0,0.0,0.0,0.0,0.0
1790303549.621075,15.530,-12.42218,-12.42218,-12.42218,-12.42218,-12.42218,-12.42218,-12.42218,0.04150,-12.42218,-12.42218,-12.42218,-12.42218,-12.42218,-12.42218,-12.42218,0.04150,-45.0000,-45.0000,-10.0000,-10.0000,-30.0000,-30.0000,-30.0000,-30.0000,-45.0000,-45.0000,-10.0000,-10.0000,-30.0000,-30.0000,-30.0000,-30.0000,-54.000,-54.000,-28.000,-28.000,-10.000,-10.000,-10.000,-10.000,-54.000,-54.000,-28.000,-28.000,-10.000,-10.000,-10.000,-10.000,0.0,0.0,0.0,0.0,0.0,0.0,0.0,0.0,0.0,0.0,0.0,0.0,0.0,0.0,0.0,0.0
1790303549.630414,15.539,-12.42218,-12.42218,-12.42218,-12.42218,-12.42218,-12.42218,-12.42218,0.04150,-12.42218,-12.42218,-12.42218,-12.42218,-12.42218,-12.42218,-12.42218,0.04150,-45.0000,-45.0000,-10.0000,-10.0000,-30.0000,-30.0000,-30.0000,-30.0000,-45.0000,-45.0000,-10.0000,-10.0000,-30.0000,-30.0000,-30.0000,-30.0000,-54.000,-54.000,-28.000,-28.000,-10.000,-10.000,-10.000,-10.000,-54.000,-54.000,-28.000,-28.000,-10.000,-10.000,-10.000,-10.000,0.0,0.0,0.0,0.0,0.0,0.0,0.0,0.0,0.0,0.0,0.0,0.0,0.0,0.0,0.0,0.0
1790303549.640617,15.549,-12.42218,-12.42218,-12.42218,-12.42218,-12.42218,-12.42218,-12.42218,0.04150,-12.42218,-12.42218,-12.42218,-12.42218,-12.42218,-12.42218,-12.42218,0.04150,-45.0000,-45.0000,-10.0000,-10.0000,-30.0000,-30.0000,-30.0000,-30.0000,-45.0000,-45.0000,-10.0000,-10.0000,-30.0000,-30.0000,-30.0000,-30.0000,-54.000,-54.000,-28.000,-28.000,-10.000,-10.000,-10.000,-10.000,-54.000,-54.000,-28.000,-28.000,-10.000,-10.000,-10.000,-10.000,0.0,0.0,0.0,0.0,0.0,0.0,0.0,0.0,0.0,0.0,0.0,0.0,0.0,0.0,0.0,0.0
1790303549.651429,15.560,-12.42218,-12.42218,-12.42218,-12.42218,-12.42218,-12.42218,-12.42218,0.04150,-12.42218,-12.42218,-12.42218,-12.42218,-12.42218,-12.42218,-12.42218,0.04150,-45.0000,-45.0000,-10.0000,-10.0000,-30.0000,-30.0000,-30.0000,-30.0000,-45.0000,-45.0000,-10.0000,-10.0000,-30.0000,-30.0000,-30.0000,-30.0000,-54.000,-54.000,-28.000,-28.000,-10.000,-10.000,-10.000,-10.000,-54.000,-54.000,-28.000,-28.000,-10.000,-10.000,-10.000,-10.000,0.0,0.0,0.0,0.0,0.0,0.0,0.0,0.0,0.0,0.0,0.0,0.0,0.0,0.0,0.0,0.0
1790303549.662836,15.572,-12.42218,-12.42218,-12.42218,-12.42218,-12.42218,-12.42218,-12.42218,0.04150,-12.42218,-12.42218,-12.42218,-12.42218,-12.42218,-12.42218,-12.42218,0.04150,-45.0000,-45.0000,-10.0000,-10.0000,-30.0000,-30.0000,-30.0000,-30.0000,-45.0000,-45.0000,-10.0000,-10.0000,-30.0000,-30.0000,-30.0000,-30.0000,-54.000,-54.000,-28.000,-28.000,-10.000,-10.000,-10.000,-10.000,-54.000,-54.000,-28.000,-28.000,-10.000,-10.000,-10.000,-10.000,0.0,0.0,0.0,0.0,0.0,0.0,0.0,0.0,0.0,0.0,0.0,0.0,0.0,0.0,0.0,0.0
1790303549.670424,15.579,-12.42218,-12.42218,-12.42218,-12.42218,-12.42218,-12.42218,-12.42218,0.04150,-12.42218,-12.42218,-12.42218,-12.42218,-12.42218,-12.42218,-12.42218,0.04150,-45.0000,-45.0000,-10.0000,-10.0000,-30.0000,-30.0000,-30.0000,-30.0000,-45.0000,-45.0000,-10.0000,-10.0000,-30.0000,-30.0000,-30.0000,-30.0000,-54.000,-54.000,-28.000,-28.000,-10.000,-10.000,-10.000,-10.000,-54.000,-54.000,-28.000,-28.000,-10.000,-10.000,-10.000,-10.000,0.0,0.0,0.0,0.0,0.0,0.0,0.0,0.0,0.0,0.0,0.0,0.0,0.0,0.0,0.0,0.0
1790303549.680687,15.590,-12.42218,-12.42218,-12.42218,-12.42218,-12.42218,-12.42218,-12.42218,0.04150,-12.42218,-12.42218,-12.42218,-12.42218,-12.42218,-12.42218,-12.42218,0.04150,-45.0000,-45.0000,-10.0000,-10.0000,-30.0000,-30.0000,-30.0000,-30.0000,-45.0000,-45.0000,-10.0000,-10.0000,-30.0000,-30.0000,-30.0000,-30.0000,-54.000,-54.000,-28.000,-28.000,-10.000,-10.000,-10.000,-10.000,-54.000,-54.000,-28.000,-28.000,-10.000,-10.000,-10.000,-10.000,0.0,0.0,0.0,0.0,0.0,0.0,0.0,0.0,0.0,0.0,0.0,0.0,0.0,0.0,0.0,0.0
1790303549.690420,15.599,-12.42218,-12.42218,-12.42218,-12.42218,-12.42218,-12.42218,-12.42218,0.04150,-12.42218,-12.42218,-12.42218,-12.42218,-12.42218,-12.42218,-12.42218,0.04150,-45.0000,-45.0000,-10.0000,-10.0000,-30.0000,-30.0000,-30.0000,-30.0000,-45.0000,-45.0000,-10.0000,-10.0000,-30.0000,-30.0000,-30.0000,-30.0000,-54.000,-54.000,-28.000,-28.000,-10.000,-10.000,-10.000,-10.000,-54.000,-54.000,-28.000,-28.000,-10.000,-10.000,-10.000,-10.000,0.0,0.0,0.0,0.0,0.0,0.0,0.0,0.0,0.0,0.0,0.0,0.0,0.0,0.0,0.0,0.0
1790303549.700661,15.610,-12.42218,-12.42218,-12.42218,-12.42218,-12.42218,-12.42218,-12.42218,0.04150,-12.42218,-12.42218,-12.42218,-12.42218,-12.42218,-12.42218,-12.42218,0.04150,-45.0000,-45.0000,-10.0000,-10.0000,-30.0000,-30.0000,-30.0000,-30.0000,-45.0000,-45.0000,-10.0000,-10.0000,-30.0000,-30.0000,-30.0000,-30.0000,-54.000,-54.000,-28.000,-28.000,-10.000,-10.000,-10.000,-10.000,-54.000,-54.000,-28.000,-28.000,-10.000,-10.000,-10.000,-10.000,0.0,0.0,0.0,0.0,0.0,0.0,0.0,0.0,0.0,0.0,0.0,0.0,0.0,0.0,0.0,0.0
1790303549.710876,15.620,-12.42218,-12.42218,-12.42218,-12.42218,-12.42218,-12.42218,-12.42218,0.04150,-12.42218,-12.42218,-12.42218,-12.42218,-12.42218,-12.42218,-12.42218,0.04150,-45.0000,-45.0000,-10.0000,-10.0000,-30.0000,-30.0000,-30.0000,-30.0000,-45.0000,-45.0000,-10.0000,-10.0000,-30.0000,-30.0000,-30.0000,-30.0000,-54.000,-54.000,-28.000,-28.000,-10.000,-10.000,-10.000,-10.000,-54.000,-54.000,-28.000,-28.000,-10.000,-10.000,-10.000,-10.000,0.0,0.0,0.0,0.0,0.0,0.0,0.0,0.0,0.0,0.0,0.0,0.0,0.0,0.0,0.0,0.0
1790303549.721357,15.630,-12.42218,-12.42218,-12.42218,-12.42218,-12.42218,-12.42218,-12.42218,0.04150,-12.42218,-12.42218,-12.42218,-12.42218,-12.42218,-12.42218,-12.42218,0.04150,-45.0000,-45.0000,-10.0000,-10.0000,-30.0000,-30.0000,-30.0000,-30.0000,-45.0000,-45.0000,-10.0000,-10.0000,-30.0000,-30.0000,-30.0000,-30.0000,-54.000,-54.000,-28.000,-28.000,-10.000,-10.000,-10.000,-10.000,-54.000,-54.000,-28.000,-28.000,-10.000,-10.000,-10.000,-10.000,0.0,0.0,0.0,0.0,0.0,0.0,0.0,0.0,0.0,0.0,0.0,0.0,0.0,0.0,0.0,0.0
1790303549.731433,15.640,-12.42218,-12.42218,-12.42218,-12.42218,-12.42218,-12.42218,-12.42218,0.04150,-12.42218,-12.42218,-12.42218,-12.42218,-12.42218,-12.42218,-12.42218,0.04150,-45.0000,-45.0000,-10.0000,-10.0000,-30.0000,-30.0000,-30.0000,-30.0000,-45.0000,-45.0000,-10.0000,-10.0000,-30.0000,-30.0000,-30.0000,-30.0000,-54.000,-54.000,-28.000,-28.000,-10.000,-10.000,-10.000,-10.000,-54.000,-54.000,-28.000,-28.000,-10.000,-10.000,-10.000,-10.000,0.0,0.0,0.0,0.0,0.0,0.0,0.0,0.0,0.0,0.0,0.0,0.0,0.0,0.0,0.0,0.0
1790303549.740571,15.649,-12.42218,-12.42218,-12.42218,-12.42218,-12.42218,-12.42218,-12.42218,0.04150,-12.42218,-12.42218,-12.42218,-12.42218,-12.42218,-12.42218,-12.42218,0.04150,-45.0000,-45.0000,-10.0000,-10.0000,-30.0000,-30.0000,-30.0000,-30.0000,-45.0000,-45.0000,-10.0000,-10.0000,-30.0000,-30.0000,-30.0000,-30.0000,-54.000,-54.000,-28.000,-28.000,-10.000,-10.000,-10.000,-10.000,-54.000,-54.000,-28.000,-28.000,-10.000,-10.000,-10.000,-10.000,0.0,0.0,0.0,0.0,0.0,0.0,0.0,0.0,0.0,0.0,0.0,0.0,0.0,0.0,0.0,0.0
1790303549.750351,15.659,-12.42218,-12.42218,-12.42218,-12.42218,-12.42218,-12.42218,-12.42218,0.04150,-12.42218,-12.42218,-12.42218,-12.42218,-12.42218,-12.42218,-12.42218,0.04150,-45.0000,-45.0000,-10.0000,-10.0000,-30.0000,-30.0000,-30.0000,-30.0000,-45.0000,-45.0000,-10.0000,-10.0000,-30.0000,-30.0000,-30.0000,-30.0000,-54.000,-54.000,-28.000,-28.000,-10.000,-10.000,-10.000,-10.000,-54.000,-54.000,-28.000,-28.000,-10.000,-10.000,-10.000,-10.000,0.0,0.0,0.0,0.0,0.0,0.0,0.0,0.0,0.0,0.0,0.0,0.0,0.0,0.0,0.0,0.0
1790303549.760370,15.669,-12.42218,-12.42218,-12.42218,-12.42218,-12.42218,-12.42218,-12.42218,0.04150,-12.42218,-12.42218,-12.42218,-12.42218,-12.42218,-12.42218,-12.42218,0.04150,-45.0000,-45.0000,-10.0000,-10.0000,-30.0000,-30.0000,-30.0000,-30.0000,-45.0000,-45.0000,-10.0000,-10.0000,-30.0000,-30.0000,-30.0000,-30.0000,-54.000,-54.000,-28.000,-28.000,-10.000,-10.000,-10.000,-10.000,-54.000,-54.000,-28.000,-28.000,-10.000,-10.000,-10.000,-10.000,0.0,0.0,0.0,0.0,0.0,0.0,0.0,0.0,0.0,0.0,0.0,0.0,0.0,0.0,0.0,0.0
1790303549.770843,15.680,-12.42218,-12.42218,-12.42218,-12.42218,-12.42218,-12.42218,-12.42218,0.04150,-12.42218,-12.42218,-12.42218,-12.42218,-12.42218,-12.42218,-12.42218,0.04150,-45.0000,-45.0000,-10.0000,-10.0000,-30.0000,-30.0000,-30.0000,-30.0000,-45.0000,-45.0000,-10.0000,-10.0000,-30.0000,-30.0000,-30.0000,-30.0000,-54.000,-54.000,-28.000,-28.000,-10.000,-10.000,-10.000,-10.000,-54.000,-54.000,-28.000,-28.000,-10.000,-10.000,-10.000,-10.000,0.0,0.0,0.0,0.0,0.0,0.0,0.0,0.0,0.0,0.0,0.0,0.0,0.0,0.0,0.0,0.0
1790303549.780146,15.689,-12.42218,-12.42218,-12.42218,-12.42218,-12.42218,-12.42218,-12.42218,0.04150,-12.42218,-12.42218,-12.42218,-12.42218,-12.42218,-12.42218,-12.42218,0.04150,-45.0000,-45.0000,-10.0000,-10.0000,-30.0000,-30.0000,-30.0000,-30.0000,-45.0000,-45.0000,-10.0000,-10.0000,-30.0000,-30.0000,-30.0000,-30.0000,-54.000,-54.000,-28.000,-28.000,-10.000,-10.000,-10.000,-10.000,-54.000,-54.000,-28.000,-28.000,-10.000,-10.000,-10.000,-10.000,0.0,0.0,0.0,0.0,0.0,0.0,0.0,0.0,0.0,0.0,0.0,0.0,0.0,0.0,0.0,0.0
1790303549.791081,15.700,-12.42218,-12.42218,-12.42218,-12.42218,-12.42218,-12.42218,-12.42218,0.04150,-12.42218,-12.42218,-12.42218,-12.42218,-12.42218,-12.42218,-12.42218,0.04150,-45.0000,-45.0000,-10.0000,-10.0000,-30.0000,-30.0000,-30.0000,-30.0000,-45.0000,-45.0000,-10.0000,-10.0000,-30.0000,-30.0000,-30.0000,-30.0000,-54.000,-54.000,-28.000,-28.000,-10.000,-10.000,-10.000,-10.000,-54.000,-54.000,-28.000,-28.000,-10.000,-10.000,-10.000,-10.000,0.0,0.0,0.0,0.0,0.0,0.0,0.0,0.0,0.0,0.0,0.0,0.0,0.0,0.0,0.0,0.0
1790303549.800599,15.709,-12.42218,-12.42218,-12.42218,-12.42218,-12.42218,-12.42218,-12.42218,0.04150,-12.42218,-12.42218,-12.42218,-12.42218,-12.42218,-12.42218,-12.42218,0.04150,-45.0000,-45.0000,-10.0000,-10.0000,-30.0000,-30.0000,-30.0000,-30.0000,-45.0000,-45.0000,-10.0000,-10.0000,-30.0000,-30.0000,-30.0000,-30.0000,-54.000,-54.000,-28.000,-28.000,-10.000,-10.000,-10.000,-10.000,-54.000,-54.000,-28.000,-28.000,-10.000,-10.000,-10.000,-10.000,0.0,0.0,0.0,0.0,0.0,0.0,0.0,0.0,0.0,0.0,0.0,0.0,0.0,0.0,0.0,0.0
1790303549.810935,15.720,-12.42218,-12.42218,-12.42218,-12.42218,-12.42218,-12.42218,-12.42218,0.04150,-12.42218,-12.42218,-12.42218,-12.42218,-12.42218,-12.42218,-12.42218,0.04150,-45.0000,-45.0000,-10.0000,-10.0000,-30.0000,-30.0000,-30.0000,-30.0000,-45.0000,-45.0000,-10.0000,-10.0000,-30.0000,-30.0000,-30.0000,-30.0000,-54.000,-54.000,-28.000,-28.000,-10.000,-10.000,-10.000,-10.000,-54.000,-54.000,-28.000,-28.000,-10.000,-10.000,-10.000,-10.000,0.0,0.0,0.0,0.0,0.0,0.0,0.0,0.0,0.0,0.0,0.0,0.0,0.0,0.0,0.0,0.0
1790303549.820619,15.729,-12.42218,-12.42218,-12.42218,-12.42218,-12.42218,-12.42218,-12.42218,0.04150,-12.42218,-12.42218,-12.42218,-12.42218,-12.42218,-12.42218,-12.42218,0.04150,-45.0000,-45.0000,-10.0000,-10.0000,-30.0000,-30.0000,-30.0000,-30.0000,-45.0000,-45.0000,-10.0000,-10.0000,-30.0000,-30.0000,-30.0000,-30.0000,-54.000,-54.000,-28.000,-28.000,-10.000,-10.000,-10.000,-10.000,-54.000,-54.000,-28.000,-28.000,-10.000,-10.000,-10.000,-10.000,0.0,0.0,0.0,0.0,0.0,0.0,0.0,0.0,0.0,0.0,0.0,0.0,0.0,0.0,0.0,0.0
1790303549.830446,15.739,-12.42218,-12.42218,-12.42218,-12.42218,-12.42218,-12.42218,-12.42218,0.04150,-12.42218,-12.42218,-12.42218,-12.42218,-12.42218,-12.42218,-12.42218,0.04150,-45.0000,-45.0000,-10.0000,-10.0000,-30.0000,-30.0000,-30.0000,-30.0000,-45.0000,-45.0000,-10.0000,-10.0000,-30.0000,-30.0000,-30.0000,-30.0000,-54.000,-54.000,-28.000,-28.000,-10.000,-10.000,-10.000,-10.000,-54.000,-54.000,-28.000,-28.000,-10.000,-10.000,-10.000,-10.000,0.0,0.0,0.0,0.0,0.0,0.0,0.0,0.0,0.0,0.0,0.0,0.0,0.0,0.0,0.0,0.0
1790303549.841825,15.751,-12.42218,-12.42218,-12.42218,-12.42218,-12.42218,-12.42218,-12.42218,0.04150,-12.42218,-12.42218,-12.42218,-12.42218,-12.42218,-12.42218,-12.42218,0.04150,-45.0000,-45.0000,-10.0000,-10.0000,-30.0000,-30.0000,-30.0000,-30.0000,-45.0000,-45.0000,-10.0000,-10.0000,-30.0000,-30.0000,-30.0000,-30.0000,-54.000,-54.000,-28.000,-28.000,-10.000,-10.000,-10.000,-10.000,-54.000,-54.000,-28.000,-28.000,-10.000,-10.000,-10.000,-10.000,0.0,0.0,0.0,0.0,0.0,0.0,0.0,0.0,0.0,0.0,0.0,0.0,0.0,0.0,0.0,0.0
1790303549.850833,15.760,-12.42218,-12.42218,-12.42218,-12.42218,-12.42218,-12.42218,-12.42218,0.04150,-12.42218,-12.42218,-12.42218,-12.42218,-12.42218,-12.42218,-12.42218,0.04150,-45.0000,-45.0000,-10.0000,-10.0000,-30.0000,-30.0000,-30.0000,-30.0000,-45.0000,-45.0000,-10.0000,-10.0000,-30.0000,-30.0000,-30.0000,-30.0000,-54.000,-54.000,-28.000,-28.000,-10.000,-10.000,-10.000,-10.000,-54.000,-54.000,-28.000,-28.000,-10.000,-10.000,-10.000,-10.000,0.0,0.0,0.0,0.0,0.0,0.0,0.0,0.0,0.0,0.0,0.0,0.0,0.0,0.0,0.0,0.0
1790303549.860656,15.770,-12.42218,-12.42218,-12.42218,-12.42218,-12.42218,-12.42218,-12.42218,0.04150,-12.42218,-12.42218,-12.42218,-12.42218,-12.42218,-12.42218,-12.42218,0.04150,-45.0000,-45.0000,-10.0000,-10.0000,-30.0000,-30.0000,-30.0000,-30.0000,-45.0000,-45.0000,-10.0000,-10.0000,-30.0000,-30.0000,-30.0000,-30.0000,-54.000,-54.000,-28.000,-28.000,-10.000,-10.000,-10.000,-10.000,-54.000,-54.000,-28.000,-28.000,-10.000,-10.000,-10.000,-10.000,0.0,0.0,0.0,0.0,0.0,0.0,0.0,0.0,0.0,0.0,0.0,0.0,0.0,0.0,0.0,0.0
1790303549.870456,15.779,-12.42218,-12.42218,-12.42218,-12.42218,-12.42218,-12.42218,-12.42218,0.04150,-12.42218,-12.42218,-12.42218,-12.42218,-12.42218,-12.42218,-12.42218,0.04150,-45.0000,-45.0000,-10.0000,-10.0000,-30.0000,-30.0000,-30.0000,-30.0000,-45.0000,-45.0000,-10.0000,-10.0000,-30.0000,-30.0000,-30.0000,-30.0000,-54.000,-54.000,-28.000,-28.000,-10.000,-10.000,-10.000,-10.000,-54.000,-54.000,-28.000,-28.000,-10.000,-10.000,-10.000,-10.000,0.0,0.0,0.0,0.0,0.0,0.0,0.0,0.0,0.0,0.0,0.0,0.0,0.0,0.0,0.0,0.0
1790303549.880591,15.789,-12.42218,-12.42218,-12.42218,-12.42218,-12.42218,-12.42218,-12.42218,0.04150,-12.42218,-12.42218,-12.42218,-12.42218,-12.42218,-12.42218,-12.42218,0.04150,-45.0000,-45.0000,-10.0000,-10.0000,-30.0000,-30.0000,-30.0000,-30.0000,-45.0000,-45.0000,-10.0000,-10.0000,-30.0000,-30.0000,-30.0000,-30.0000,-54.000,-54.000,-28.000,-28.000,-10.000,-10.000,-10.000,-10.000,-54.000,-54.000,-28.000,-28.000,-10.000,-10.000,-10.000,-10.000,0.0,0.0,0.0,0.0,0.0,0.0,0.0,0.0,0.0,0.0,0.0,0.0,0.0,0.0,0.0,0.0
1790303549.891070,15.800,-12.42218,-12.42218,-12.42218,-12.42218,-12.42218,-12.42218,-12.42218,0.04150,-12.42218,-12.42218,-12.42218,-12.42218,-12.42218,-12.42218,-12.42218,0.04150,-45.0000,-45.0000,-10.0000,-10.0000,-30.0000,-30.0000,-30.0000,-30.0000,-45.0000,-45.0000,-10.0000,-10.0000,-30.0000,-30.0000,-30.0000,-30.0000,-54.000,-54.000,-28.000,-28.000,-10.000,-10.000,-10.000,-10.000,-54.000,-54.000,-28.000,-28.000,-10.000,-10.000,-10.000,-10.000,0.0,0.0,0.0,0.0,0.0,0.0,0.0,0.0,0.0,0.0,0.0,0.0,0.0,0.0,0.0,0.0
1790303549.900669,15.810,-12.42218,-12.42218,-12.42218,-12.42218,-12.42218,-12.42218,-12.42218,0.04150,-12.42218,-12.42218,-12.42218,-12.42218,-12.42218,-12.42218,-12.42218,0.04150,-45.0000,-45.0000,-10.0000,-10.0000,-30.0000,-30.0000,-30.0000,-30.0000,-45.0000,-45.0000,-10.0000,-10.0000,-30.0000,-30.0000,-30.0000,-30.0000,-54.000,-54.000,-28.000,-28.000,-10.000,-10.000,-10.000,-10.000,-54.000,-54.000,-28.000,-28.000,-10.000,-10.000,-10.000,-10.000,0.0,0.0,0.0,0.0,0.0,0.0,0.0,0.0,0.0,0.0,0.0,0.0,0.0,0.0,0.0,0.0
1790303549.912183,15.821,-12.42218,-12.42218,-12.42218,-12.42218,-12.42218,-12.42218,-12.42218,0.04150,-12.42218,-12.42218,-12.42218,-12.42218,-12.42218,-12.42218,-12.42218,0.04150,-45.0000,-45.0000,-10.0000,-10.0000,-30.0000,-30.0000,-30.0000,-30.0000,-45.0000,-45.0000,-10.0000,-10.0000,-30.0000,-30.0000,-30.0000,-30.0000,-54.000,-54.000,-28.000,-28.000,-10.000,-10.000,-10.000,-10.000,-54.000,-54.000,-28.000,-28.000,-10.000,-10.000,-10.000,-10.000,0.0,0.0,0.0,0.0,0.0,0.0,0.0,0.0,0.0,0.0,0.0,0.0,0.0,0.0,0.0,0.0
1790303549.920645,15.830,-12.42218,-12.42218,-12.42218,-12.42218,-12.42218,-12.42218,-12.42218,0.04150,-12.42218,-12.42218,-12.42218,-12.42218,-12.42218,-12.42218,-12.42218,0.04150,-45.0000,-45.0000,-10.0000,-10.0000,-30.0000,-30.0000,-30.0000,-30.0000,-45.0000,-45.0000,-10.0000,-10.0000,-30.0000,-30.0000,-30.0000,-30.0000,-54.000,-54.000,-28.000,-28.000,-10.000,-10.000,-10.000,-10.000,-54.000,-54.000,-28.000,-28.000,-10.000,-10.000,-10.000,-10.000,0.0,0.0,0.0,0.0,0.0,0.0,0.0,0.0,0.0,0.0,0.0,0.0,0.0,0.0,0.0,0.0
1790303549.930829,15.840,-12.42218,-12.42218,-12.42218,-12.42218,-12.42218,-12.42218,-12.42218,0.04150,-12.42218,-12.42218,-12.42218,-12.42218,-12.42218,-12.42218,-12.42218,0.04150,-45.0000,-45.0000,-10.0000,-10.0000,-30.0000,-30.0000,-30.0000,-30.0000,-45.0000,-45.0000,-10.0000,-10.0000,-30.0000,-30.0000,-30.0000,-30.0000,-54.000,-54.000,-28.000,-28.000,-10.000,-10.000,-10.000,-10.000,-54.000,-54.000,-28.000,-28.000,-10.000,-10.000,-10.000,-10.000,0.0,0.0,0.0,0.0,0.0,0.0,0.0,0.0,0.0,0.0,0.0,0.0,0.0,0.0,0.0,0.0
1790303549.940623,15.850,-12.42218,-12.42218,-12.42218,-12.42218,-12.42218,-12.42218,-12.42218,0.04150,-12.42218,-12.42218,-12.42218,-12.42218,-12.42218,-12.42218,-12.42218,0.04150,-45.0000,-45.0000,-10.0000,-10.0000,-30.0000,-30.0000,-30.0000,-30.0000,-45.0000,-45.0000,-10.0000,-10.0000,-30.0000,-30.0000,-30.0000,-30.0000,-54.000,-54.000,-28.000,-28.000,-10.000,-10.000,-10.000,-10.000,-54.000,-54.000,-28.000,-28.000,-10.000,-10.000,-10.000,-10.000,0.0,0.0,0.0,0.0,0.0,0.0,0.0,0.0,0.0,0.0,0.0,0.0,0.0,0.0,0.0,0.0
1790303549.954113,15.863,-12.42218,-12.42218,-12.42218,-12.42218,-12.42218,-12.42218,-12.42218,0.04150,-12.42218,-12.42218,-12.42218,-12.42218,-12.42218,-12.42218,-12.42218,0.04150,-45.0000,-45.0000,-10.0000,-10.0000,-30.0000,-30.0000,-30.0000,-30.0000,-45.0000,-45.0000,-10.0000,-10.0000,-30.0000,-30.0000,-30.0000,-30.0000,-54.000,-54.000,-28.000,-28.000,-10.000,-10.000,-10.000,-10.000,-54.000,-54.000,-28.000,-28.000,-10.000,-10.000,-10.000,-10.000,0.0,0.0,0.0,0.0,0.0,0.0,0.0,0.0,0.0,0.0,0.0,0.0,0.0,0.0,0.0,0.0
1790303549.960202,15.869,-12.42218,-12.42218,-12.42218,-12.42218,-12.42218,-12.42218,-12.42218,0.04150,-12.42218,-12.42218,-12.42218,-12.42218,-12.42218,-12.42218,-12.42218,0.04150,-45.0000,-45.0000,-10.0000,-10.0000,-30.0000,-30.0000,-30.0000,-30.0000,-45.0000,-45.0000,-10.0000,-10.0000,-30.0000,-30.0000,-30.0000,-30.0000,-54.000,-54.000,-28.000,-28.000,-10.000,-10.000,-10.000,-10.000,-54.000,-54.000,-28.000,-28.000,-10.000,-10.000,-10.000,-10.000,0.0,0.0,0.0,0.0,0.0,0.0,0.0,0.0,0.0,0.0,0.0,0.0,0.0,0.0,0.0,0.0
1790303549.972033,15.881,-12.42218,-12.42218,-12.42218,-12.42218,-12.42218,-12.42218,-12.42218,0.04150,-12.42218,-12.42218,-12.42218,-12.42218,-12.42218,-12.42218,-12.42218,0.04150,-45.0000,-45.0000,-10.0000,-10.0000,-30.0000,-30.0000,-30.0000,-30.0000,-45.0000,-45.0000,-10.0000,-10.0000,-30.0000,-30.0000,-30.0000,-30.0000,-54.000,-54.000,-28.000,-28.000,-10.000,-10.000,-10.000,-10.000,-54.000,-54.000,-28.000,-28.000,-10.000,-10.000,-10.000,-10.000,0.0,0.0,0.0,0.0,0.0,0.0,0.0,0.0,0.0,0.0,0.0,0.0,0.0,0.0,0.0,0.0
1790303549.980598,15.889,-12.42218,-12.42218,-12.42218,-12.42218,-12.42218,-12.42218,-12.42218,0.04150,-12.42218,-12.42218,-12.42218,-12.42218,-12.42218,-12.42218,-12.42218,0.04150,-45.0000,-45.0000,-10.0000,-10.0000,-30.0000,-30.0000,-30.0000,-30.0000,-45.0000,-45.0000,-10.0000,-10.0000,-30.0000,-30.0000,-30.0000,-30.0000,-54.000,-54.000,-28.000,-28.000,-10.000,-10.000,-10.000,-10.000,-54.000,-54.000,-28.000,-28.000,-10.000,-10.000,-10.000,-10.000,0.0,0.0,0.0,0.0,0.0,0.0,0.0,0.0,0.0,0.0,0.0,0.0,0.0,0.0,0.0,0.0
1790303549.990362,15.899,-12.42218,-12.42218,-12.42218,-12.42218,-12.42218,-12.42218,-12.42218,0.04150,-12.42218,-12.42218,-12.42218,-12.42218,-12.42218,-12.42218,-12.42218,0.04150,-45.0000,-45.0000,-10.0000,-10.0000,-30.0000,-30.0000,-30.0000,-30.0000,-45.0000,-45.0000,-10.0000,-10.0000,-30.0000,-30.0000,-30.0000,-30.0000,-54.000,-54.000,-28.000,-28.000,-10.000,-10.000,-10.000,-10.000,-54.000,-54.000,-28.000,-28.000,-10.000,-10.000,-10.000,-10.000,0.0,0.0,0.0,0.0,0.0,0.0,0.0,0.0,0.0,0.0,0.0,0.0,0.0,0.0,0.0,0.0
1790303550.001519,15.910,-12.42218,-12.42218,-12.42218,-12.42218,-12.42218,-12.42218,-12.42218,0.04150,-12.42218,-12.42218,-12.42218,-12.42218,-12.42218,-12.42218,-12.42218,0.04150,-45.0000,-45.0000,-10.0000,-10.0000,-30.0000,-30.0000,-30.0000,-30.0000,-45.0000,-45.0000,-10.0000,-10.0000,-30.0000,-30.0000,-30.0000,-30.0000,-54.000,-54.000,-28.000,-28.000,-10.000,-10.000,-10.000,-10.000,-54.000,-54.000,-28.000,-28.000,-10.000,-10.000,-10.000,-10.000,0.0,0.0,0.0,0.0,0.0,0.0,0.0,0.0,0.0,0.0,0.0,0.0,0.0,0.0,0.0,0.0
1790303550.010376,15.919,-12.42218,-12.42218,-12.42218,-12.42218,-12.42218,-12.42218,-12.42218,0.04150,-12.42218,-12.42218,-12.42218,-12.42218,-12.42218,-12.42218,-12.42218,0.04150,-45.0000,-45.0000,-10.0000,-10.0000,-30.0000,-30.0000,-30.0000,-30.0000,-45.0000,-45.0000,-10.0000,-10.0000,-30.0000,-30.0000,-30.0000,-30.0000,-54.000,-54.000,-28.000,-28.000,-10.000,-10.000,-10.000,-10.000,-54.000,-54.000,-28.000,-28.000,-10.000,-10.000,-10.000,-10.000,0.0,0.0,0.0,0.0,0.0,0.0,0.0,0.0,0.0,0.0,0.0,0.0,0.0,0.0,0.0,0.0
1790303550.020357,15.929,-12.42218,-12.42218,-12.42218,-12.42218,-12.42218,-12.42218,-12.42218,0.04150,-12.42218,-12.42218,-12.42218,-12.42218,-12.42218,-12.42218,-12.42218,0.04150,-45.0000,-45.0000,-10.0000,-10.0000,-30.0000,-30.0000,-30.0000,-30.0000,-45.0000,-45.0000,-10.0000,-10.0000,-30.0000,-30.0000,-30.0000,-30.0000,-54.000,-54.000,-28.000,-28.000,-10.000,-10.000,-10.000,-10.000,-54.000,-54.000,-28.000,-28.000,-10.000,-10.000,-10.000,-10.000,0.0,0.0,0.0,0.0,0.0,0.0,0.0,0.0,0.0,0.0,0.0,0.0,0.0,0.0,0.0,0.0
1790303550.031140,15.940,-12.42218,-12.42218,-12.42218,-12.42218,-12.42218,-12.42218,-12.42218,0.04150,-12.42218,-12.42218,-12.42218,-12.42218,-12.42218,-12.42218,-12.42218,0.04150,-45.0000,-45.0000,-10.0000,-10.0000,-30.0000,-30.0000,-30.0000,-30.0000,-45.0000,-45.0000,-10.0000,-10.0000,-30.0000,-30.0000,-30.0000,-30.0000,-54.000,-54.000,-28.000,-28.000,-10.000,-10.000,-10.000,-10.000,-54.000,-54.000,-28.000,-28.000,-10.000,-10.000,-10.000,-10.000,0.0,0.0,0.0,0.0,0.0,0.0,0.0,0.0,0.0,0.0,0.0,0.0,0.0,0.0,0.0,0.0
1790303550.040253,15.949,-12.42218,-12.42218,-12.42218,-12.42218,-12.42218,-12.42218,-12.42218,0.04150,-12.42218,-12.42218,-12.42218,-12.42218,-12.42218,-12.42218,-12.42218,0.04150,-45.0000,-45.0000,-10.0000,-10.0000,-30.0000,-30.0000,-30.0000,-30.0000,-45.0000,-45.0000,-10.0000,-10.0000,-30.0000,-30.0000,-30.0000,-30.0000,-54.000,-54.000,-28.000,-28.000,-10.000,-10.000,-10.000,-10.000,-54.000,-54.000,-28.000,-28.000,-10.000,-10.000,-10.000,-10.000,0.0,0.0,0.0,0.0,0.0,0.0,0.0,0.0,0.0,0.0,0.0,0.0,0.0,0.0,0.0,0.0
1790303550.050418,15.959,-12.42218,-12.42218,-12.42218,-12.42218,-12.42218,-12.42218,-12.42218,0.04150,-12.42218,-12.42218,-12.42218,-12.42218,-12.42218,-12.42218,-12.42218,0.04150,-45.0000,-45.0000,-10.0000,-10.0000,-30.0000,-30.0000,-30.0000,-30.0000,-45.0000,-45.0000,-10.0000,-10.0000,-30.0000,-30.0000,-30.0000,-30.0000,-54.000,-54.000,-28.000,-28.000,-10.000,-10.000,-10.000,-10.000,-54.000,-54.000,-28.000,-28.000,-10.000,-10.000,-10.000,-10.000,0.0,0.0,0.0,0.0,0.0,0.0,0.0,0.0,0.0,0.0,0.0,0.0,0.0,0.0,0.0,0.0
1790303550.060608,15.969,-12.42218,-12.42218,-12.42218,-12.42218,-12.42218,-12.42218,-12.42218,0.04150,-12.42218,-12.42218,-12.42218,-12.42218,-12.42218,-12.42218,-12.42218,0.04150,-45.0000,-45.0000,-10.0000,-10.0000,-30.0000,-30.0000,-30.0000,-30.0000,-45.0000,-45.0000,-10.0000,-10.0000,-30.0000,-30.0000,-30.0000,-30.0000,-54.000,-54.000,-28.000,-28.000,-10.000,-10.000,-10.000,-10.000,-54.000,-54.000,-28.000,-28.000,-10.000,-10.000,-10.000,-10.000,0.0,0.0,0.0,0.0,0.0,0.0,0.0,0.0,0.0,0.0,0.0,0.0,0.0,0.0,0.0,0.0
1790303550.070129,15.979,-12.42218,-12.42218,-12.42218,-12.42218,-12.42218,-12.42218,-12.42218,0.04150,-12.42218,-12.42218,-12.42218,-12.42218,-12.42218,-12.42218,-12.42218,0.04150,-45.0000,-45.0000,-10.0000,-10.0000,-30.0000,-30.0000,-30.0000,-30.0000,-45.0000,-45.0000,-10.0000,-10.0000,-30.0000,-30.0000,-30.0000,-30.0000,-54.000,-54.000,-28.000,-28.000,-10.000,-10.000,-10.000,-10.000,-54.000,-54.000,-28.000,-28.000,-10.000,-10.000,-10.000,-10.000,0.0,0.0,0.0,0.0,0.0,0.0,0.0,0.0,0.0,0.0,0.0,0.0,0.0,0.0,0.0,0.0
1790303550.080725,15.990,-12.42218,-12.42218,-12.42218,-12.42218,-12.42218,-12.42218,-12.42218,0.04150,-12.42218,-12.42218,-12.42218,-12.42218,-12.42218,-12.42218,-12.42218,0.04150,-45.0000,-45.0000,-10.0000,-10.0000,-30.0000,-30.0000,-30.0000,-30.0000,-45.0000,-45.0000,-10.0000,-10.0000,-30.0000,-30.0000,-30.0000,-30.0000,-54.000,-54.000,-28.000,-28.000,-10.000,-10.000,-10.000,-10.000,-54.000,-54.000,-28.000,-28.000,-10.000,-10.000,-10.000,-10.000,0.0,0.0,0.0,0.0,0.0,0.0,0.0,0.0,0.0,0.0,0.0,0.0,0.0,0.0,0.0,0.0
1790303550.091240,16.000,-12.42218,-12.42218,-12.42218,-12.42218,-12.42218,-12.42218,-12.42218,0.04150,-12.42218,-12.42218,-12.42218,-12.42218,-12.42218,-12.42218,-12.42218,0.04150,-45.0000,-45.0000,-10.0000,-10.0000,-30.0000,-30.0000,-30.0000,-30.0000,-45.0000,-45.0000,-10.0000,-10.0000,-30.0000,-30.0000,-30.0000,-30.0000,-54.000,-54.000,-28.000,-28.000,-10.000,-10.000,-10.000,-10.000,-54.000,-54.000,-28.000,-28.000,-10.000,-10.000,-10.000,-10.000,0.0,0.0,0.0,0.0,0.0,0.0,0.0,0.0,0.0,0.0,0.0,0.0,0.0,0.0,0.0,0.0
1790303550.100263,16.009,-12.42218,-12.42218,-12.42218,-12.42218,-12.42218,-12.42218,-12.42218,0.04150,-12.42218,-12.42218,-12.42218,-12.42218,-12.42218,-12.42218,-12.42218,0.04150,-45.0000,-45.0000,-10.0000,-10.0000,-30.0000,-30.0000,-30.0000,-30.0000,-45.0000,-45.0000,-10.0000,-10.0000,-30.0000,-30.0000,-30.0000,-30.0000,-54.000,-54.000,-28.000,-28.000,-10.000,-10.000,-10.000,-10.000,-54.000,-54.000,-28.000,-28.000,-10.000,-10.000,-10.000,-10.000,0.0,0.0,0.0,0.0,0.0,0.0,0.0,0.0,0.0,0.0,0.0,0.0,0.0,0.0,0.0,0.0
1790303550.110479,16.019,-12.42218,-12.42218,-12.42218,-12.42218,-12.42218,-12.42218,-12.42218,0.04150,-12.42218,-12.42218,-12.42218,-12.42218,-12.42218,-12.42218,-12.42218,0.04150,-45.0000,-45.0000,-10.0000,-10.0000,-30.0000,-30.0000,-30.0000,-30.0000,-45.0000,-45.0000,-10.0000,-10.0000,-30.0000,-30.0000,-30.0000,-30.0000,-54.000,-54.000,-28.000,-28.000,-10.000,-10.000,-10.000,-10.000,-54.000,-54.000,-28.000,-28.000,-10.000,-10.000,-10.000,-10.000,0.0,0.0,0.0,0.0,0.0,0.0,0.0,0.0,0.0,0.0,0.0,0.0,0.0,0.0,0.0,0.0
1790303550.120630,16.030,-12.42218,-12.42218,-12.42218,-12.42218,-12.42218,-12.42218,-12.42218,0.04150,-12.42218,-12.42218,-12.42218,-12.42218,-12.42218,-12.42218,-12.42218,0.04150,-45.0000,-45.0000,-10.0000,-10.0000,-30.0000,-30.0000,-30.0000,-30.0000,-45.0000,-45.0000,-10.0000,-10.0000,-30.0000,-30.0000,-30.0000,-30.0000,-54.000,-54.000,-28.000,-28.000,-10.000,-10.000,-10.000,-10.000,-54.000,-54.000,-28.000,-28.000,-10.000,-10.000,-10.000,-10.000,0.0,0.0,0.0,0.0,0.0,0.0,0.0,0.0,0.0,0.0,0.0,0.0,0.0,0.0,0.0,0.0
1790303550.130899,16.040,-12.42218,-12.42218,-12.42218,-12.42218,-12.42218,-12.42218,-12.42218,0.04150,-12.42218,-12.42218,-12.42218,-12.42218,-12.42218,-12.42218,-12.42218,0.04150,-45.0000,-45.0000,-10.0000,-10.0000,-30.0000,-30.0000,-30.0000,-30.0000,-45.0000,-45.0000,-10.0000,-10.0000,-30.0000,-30.0000,-30.0000,-30.0000,-54.000,-54.000,-28.000,-28.000,-10.000,-10.000,-10.000,-10.000,-54.000,-54.000,-28.000,-28.000,-10.000,-10.000,-10.000,-10.000,0.0,0.0,0.0,0.0,0.0,0.0,0.0,0.0,0.0,0.0,0.0,0.0,0.0,0.0,0.0,0.0
1790303550.140602,16.049,-12.42218,-12.42218,-12.42218,-12.42218,-12.42218,-12.42218,-12.42218,0.04150,-12.42218,-12.42218,-12.42218,-12.42218,-12.42218,-12.42218,-12.42218,0.04150,-45.0000,-45.0000,-10.0000,-10.0000,-30.0000,-30.0000,-30.0000,-30.0000,-45.0000,-45.0000,-10.0000,-10.0000,-30.0000,-30.0000,-30.0000,-30.0000,-54.000,-54.000,-28.000,-28.000,-10.000,-10.000,-10.000,-10.000,-54.000,-54.000,-28.000,-28.000,-10.000,-10.000,-10.000,-10.000,0.0,0.0,0.0,0.0,0.0,0.0,0.0,0.0,0.0,0.0,0.0,0.0,0.0,0.0,0.0,0.0
1790303550.150326,16.059,-12.42218,-12.42218,-12.42218,-12.42218,-12.42218,-12.42218,-12.42218,0.04150,-12.42218,-12.42218,-12.42218,-12.42218,-12.42218,-12.42218,-12.42218,0.04150,-45.0000,-45.0000,-10.0000,-10.0000,-30.0000,-30.0000,-30.0000,-30.0000,-45.0000,-45.0000,-10.0000,-10.0000,-30.0000,-30.0000,-30.0000,-30.0000,-54.000,-54.000,-28.000,-28.000,-10.000,-10.000,-10.000,-10.000,-54.000,-54.000,-28.000,-28.000,-10.000,-10.000,-10.000,-10.000,0.0,0.0,0.0,0.0,0.0,0.0,0.0,0.0,0.0,0.0,0.0,0.0,0.0,0.0,0.0,0.0
1790303550.160576,16.069,-12.42218,-12.42218,-12.42218,-12.42218,-12.42218,-12.42218,-12.42218,0.04150,-12.42218,-12.42218,-12.42218,-12.42218,-12.42218,-12.42218,-12.42218,0.04150,-45.0000,-45.0000,-10.0000,-10.0000,-30.0000,-30.0000,-30.0000,-30.0000,-45.0000,-45.0000,-10.0000,-10.0000,-30.0000,-30.0000,-30.0000,-30.0000,-54.000,-54.000,-28.000,-28.000,-10.000,-10.000,-10.000,-10.000,-54.000,-54.000,-28.000,-28.000,-10.000,-10.000,-10.000,-10.000,0.0,0.0,0.0,0.0,0.0,0.0,0.0,0.0,0.0,0.0,0.0,0.0,0.0,0.0,0.0,0.0
1790303550.170812,16.080,-12.42218,-12.42218,-12.42218,-12.42218,-12.42218,-12.42218,-12.42218,0.04150,-12.42218,-12.42218,-12.42218,-12.42218,-12.42218,-12.42218,-12.42218,0.04150,-45.0000,-45.0000,-10.0000,-10.0000,-30.0000,-30.0000,-30.0000,-30.0000,-45.0000,-45.0000,-10.0000,-10.0000,-30.0000,-30.0000,-30.0000,-30.0000,-54.000,-54.000,-28.000,-28.000,-10.000,-10.000,-10.000,-10.000,-54.000,-54.000,-28.000,-28.000,-10.000,-10.000,-10.000,-10.000,0.0,0.0,0.0,0.0,0.0,0.0,0.0,0.0,0.0,0.0,0.0,0.0,0.0,0.0,0.0,0.0
1790303550.180581,16.089,-12.42218,-12.42218,-12.42218,-12.42218,-12.42218,-12.42218,-12.42218,0.04150,-12.42218,-12.42218,-12.42218,-12.42218,-12.42218,-12.42218,-12.42218,0.04150,-45.0000,-45.0000,-10.0000,-10.0000,-30.0000,-30.0000,-30.0000,-30.0000,-45.0000,-45.0000,-10.0000,-10.0000,-30.0000,-30.0000,-30.0000,-30.0000,-54.000,-54.000,-28.000,-28.000,-10.000,-10.000,-10.000,-10.000,-54.000,-54.000,-28.000,-28.000,-10.000,-10.000,-10.000,-10.000,0.0,0.0,0.0,0.0,0.0,0.0,0.0,0.0,0.0,0.0,0.0,0.0,0.0,0.0,0.0,0.0
1790303550.192196,16.101,-12.42218,-12.42218,-12.42218,-12.42218,-12.42218,-12.42218,-12.42218,0.04150,-12.42218,-12.42218,-12.42218,-12.42218,-12.42218,-12.42218,-12.42218,0.04150,-45.0000,-45.0000,-10.0000,-10.0000,-30.0000,-30.0000,-30.0000,-30.0000,-45.0000,-45.0000,-10.0000,-10.0000,-30.0000,-30.0000,-30.0000,-30.0000,-54.000,-54.000,-28.000,-28.000,-10.000,-10.000,-10.000,-10.000,-54.000,-54.000,-28.000,-28.000,-10.000,-10.000,-10.000,-10.000,0.0,0.0,0.0,0.0,0.0,0.0,0.0,0.0,0.0,0.0,0.0,0.0,0.0,0.0,0.0,0.0
1790303550.200236,16.109,-12.42218,-12.42218,-12.42218,-12.42218,-12.42218,-12.42218,-12.42218,0.04150,-12.42218,-12.42218,-12.42218,-12.42218,-12.42218,-12.42218,-12.42218,0.04150,-45.0000,-45.0000,-10.0000,-10.0000,-30.0000,-30.0000,-30.0000,-30.0000,-45.0000,-45.0000,-10.0000,-10.0000,-30.0000,-30.0000,-30.0000,-30.0000,-54.000,-54.000,-28.000,-28.000,-10.000,-10.000,-10.000,-10.000,-54.000,-54.000,-28.000,-28.000,-10.000,-10.000,-10.000,-10.000,0.0,0.0,0.0,0.0,0.0,0.0,0.0,0.0,0.0,0.0,0.0,0.0,0.0,0.0,0.0,0.0
1790303550.210865,16.120,-12.42218,-12.42218,-12.42218,-12.42218,-12.42218,-12.42218,-12.42218,0.04150,-12.42218,-12.42218,-12.42218,-12.42218,-12.42218,-12.42218,-12.42218,0.04150,-45.0000,-45.0000,-10.0000,-10.0000,-30.0000,-30.0000,-30.0000,-30.0000,-45.0000,-45.0000,-10.0000,-10.0000,-30.0000,-30.0000,-30.0000,-30.0000,-54.000,-54.000,-28.000,-28.000,-10.000,-10.000,-10.000,-10.000,-54.000,-54.000,-28.000,-28.000,-10.000,-10.000,-10.000,-10.000,0.0,0.0,0.0,0.0,0.0,0.0,0.0,0.0,0.0,0.0,0.0,0.0,0.0,0.0,0.0,0.0
1790303550.220739,16.130,-12.42218,-12.42218,-12.42218,-12.42218,-12.42218,-12.42218,-12.42218,0.04150,-12.42218,-12.42218,-12.42218,-12.42218,-12.42218,-12.42218,-12.42218,0.04150,-45.0000,-45.0000,-10.0000,-10.0000,-30.0000,-30.0000,-30.0000,-30.0000,-45.0000,-45.0000,-10.0000,-10.0000,-30.0000,-30.0000,-30.0000,-30.0000,-54.000,-54.000,-28.000,-28.000,-10.000,-10.000,-10.000,-10.000,-54.000,-54.000,-28.000,-28.000,-10.000,-10.000,-10.000,-10.000,0.0,0.0,0.0,0.0,0.0,0.0,0.0,0.0,0.0,0.0,0.0,0.0,0.0,0.0,0.0,0.0
1790303550.230415,16.139,-12.42218,-12.42218,-12.42218,-12.42218,-12.42218,-12.42218,-12.42218,0.04150,-12.42218,-12.42218,-12.42218,-12.42218,-12.42218,-12.42218,-12.42218,0.04150,-45.0000,-45.0000,-10.0000,-10.0000,-30.0000,-30.0000,-30.0000,-30.0000,-45.0000,-45.0000,-10.0000,-10.0000,-30.0000,-30.0000,-30.0000,-30.0000,-54.000,-54.000,-28.000,-28.000,-10.000,-10.000,-10.000,-10.000,-54.000,-54.000,-28.000,-28.000,-10.000,-10.000,-10.000,-10.000,0.0,0.0,0.0,0.0,0.0,0.0,0.0,0.0,0.0,0.0,0.0,0.0,0.0,0.0,0.0,0.0
1790303550.240672,16.150,-12.42218,-12.42218,-12.42218,-12.42218,-12.42218,-12.42218,-12.42218,0.04150,-12.42218,-12.42218,-12.42218,-12.42218,-12.42218,-12.42218,-12.42218,0.04150,-45.0000,-45.0000,-10.0000,-10.0000,-30.0000,-30.0000,-30.0000,-30.0000,-45.0000,-45.0000,-10.0000,-10.0000,-30.0000,-30.0000,-30.0000,-30.0000,-54.000,-54.000,-28.000,-28.000,-10.000,-10.000,-10.000,-10.000,-54.000,-54.000,-28.000,-28.000,-10.000,-10.000,-10.000,-10.000,0.0,0.0,0.0,0.0,0.0,0.0,0.0,0.0,0.0,0.0,0.0,0.0,0.0,0.0,0.0,0.0
1790303550.250984,16.160,-12.42218,-12.42218,-12.42218,-12.42218,-12.42218,-12.42218,-12.42218,0.04150,-12.42218,-12.42218,-12.42218,-12.42218,-12.42218,-12.42218,-12.42218,0.04150,-45.0000,-45.0000,-10.0000,-10.0000,-30.0000,-30.0000,-30.0000,-30.0000,-45.0000,-45.0000,-10.0000,-10.0000,-30.0000,-30.0000,-30.0000,-30.0000,-54.000,-54.000,-28.000,-28.000,-10.000,-10.000,-10.000,-10.000,-54.000,-54.000,-28.000,-28.000,-10.000,-10.000,-10.000,-10.000,0.0,0.0,0.0,0.0,0.0,0.0,0.0,0.0,0.0,0.0,0.0,0.0,0.0,0.0,0.0,0.0
1790303550.260603,16.169,-12.42218,-12.42218,-12.42218,-12.42218,-12.42218,-12.42218,-12.42218,0.04150,-12.42218,-12.42218,-12.42218,-12.42218,-12.42218,-12.42218,-12.42218,0.04150,-45.0000,-45.0000,-10.0000,-10.0000,-30.0000,-30.0000,-30.0000,-30.0000,-45.0000,-45.0000,-10.0000,-10.0000,-30.0000,-30.0000,-30.0000,-30.0000,-54.000,-54.000,-28.000,-28.000,-10.000,-10.000,-10.000,-10.000,-54.000,-54.000,-28.000,-28.000,-10.000,-10.000,-10.000,-10.000,0.0,0.0,0.0,0.0,0.0,0.0,0.0,0.0,0.0,0.0,0.0,0.0,0.0,0.0,0.0,0.0
1790303550.270799,16.180,-12.42218,-12.42218,-12.42218,-12.42218,-12.42218,-12.42218,-12.42218,0.04150,-12.42218,-12.42218,-12.42218,-12.42218,-12.42218,-12.42218,-12.42218,0.04150,-45.0000,-45.0000,-10.0000,-10.0000,-30.0000,-30.0000,-30.0000,-30.0000,-45.0000,-45.0000,-10.0000,-10.0000,-30.0000,-30.0000,-30.0000,-30.0000,-54.000,-54.000,-28.000,-28.000,-10.000,-10.000,-10.000,-10.000,-54.000,-54.000,-28.000,-28.000,-10.000,-10.000,-10.000,-10.000,0.0,0.0,0.0,0.0,0.0,0.0,0.0,0.0,0.0,0.0,0.0,0.0,0.0,0.0,0.0,0.0
1790303550.280223,16.189,-12.42218,-12.42218,-12.42218,-12.42218,-12.42218,-12.42218,-12.42218,0.04150,-12.42218,-12.42218,-12.42218,-12.42218,-12.42218,-12.42218,-12.42218,0.04150,-45.0000,-45.0000,-10.0000,-10.0000,-30.0000,-30.0000,-30.0000,-30.0000,-45.0000,-45.0000,-10.0000,-10.0000,-30.0000,-30.0000,-30.0000,-30.0000,-54.000,-54.000,-28.000,-28.000,-10.000,-10.000,-10.000,-10.000,-54.000,-54.000,-28.000,-28.000,-10.000,-10.000,-10.000,-10.000,0.0,0.0,0.0,0.0,0.0,0.0,0.0,0.0,0.0,0.0,0.0,0.0,0.0,0.0,0.0,0.0
1790303550.290903,16.200,-12.42218,-12.42218,-12.42218,-12.42218,-12.42218,-12.42218,-12.42218,0.04150,-12.42218,-12.42218,-12.42218,-12.42218,-12.42218,-12.42218,-12.42218,0.04150,-45.0000,-45.0000,-10.0000,-10.0000,-30.0000,-30.0000,-30.0000,-30.0000,-45.0000,-45.0000,-10.0000,-10.0000,-30.0000,-30.0000,-30.0000,-30.0000,-54.000,-54.000,-28.000,-28.000,-10.000,-10.000,-10.000,-10.000,-54.000,-54.000,-28.000,-28.000,-10.000,-10.000,-10.000,-10.000,0.0,0.0,0.0,0.0,0.0,0.0,0.0,0.0,0.0,0.0,0.0,0.0,0.0,0.0,0.0,0.0
1790303550.300677,16.210,-12.42218,-12.42218,-12.42218,-12.42218,-12.42218,-12.42218,-12.42218,0.04150,-12.42218,-12.42218,-12.42218,-12.42218,-12.42218,-12.42218,-12.42218,0.04150,-45.0000,-45.0000,-10.0000,-10.0000,-30.0000,-30.0000,-30.0000,-30.0000,-45.0000,-45.0000,-10.0000,-10.0000,-30.0000,-30.0000,-30.0000,-30.0000,-54.000,-54.000,-28.000,-28.000,-10.000,-10.000,-10.000,-10.000,-54.000,-54.000,-28.000,-28.000,-10.000,-10.000,-10.000,-10.000,0.0,0.0,0.0,0.0,0.0,0.0,0.0,0.0,0.0,0.0,0.0,0.0,0.0,0.0,0.0,0.0
1790303550.310874,16.220,-12.42218,-12.42218,-12.42218,-12.42218,-12.42218,-12.42218,-12.42218,0.04150,-12.42218,-12.42218,-12.42218,-12.42218,-12.42218,-12.42218,-12.42218,0.04150,-45.0000,-45.0000,-10.0000,-10.0000,-30.0000,-30.0000,-30.0000,-30.0000,-45.0000,-45.0000,-10.0000,-10.0000,-30.0000,-30.0000,-30.0000,-30.0000,-54.000,-54.000,-28.000,-28.000,-10.000,-10.000,-10.000,-10.000,-54.000,-54.000,-28.000,-28.000,-10.000,-10.000,-10.000,-10.000,0.0,0.0,0.0,0.0,0.0,0.0,0.0,0.0,0.0,0.0,0.0,0.0,0.0,0.0,0.0,0.0
1790303550.320857,16.230,-12.42218,-12.42218,-12.42218,-12.42218,-12.42218,-12.42218,-12.42218,0.04150,-12.42218,-12.42218,-12.42218,-12.42218,-12.42218,-12.42218,-12.42218,0.04150,-45.0000,-45.0000,-10.0000,-10.0000,-30.0000,-30.0000,-30.0000,-30.0000,-45.0000,-45.0000,-10.0000,-10.0000,-30.0000,-30.0000,-30.0000,-30.0000,-54.000,-54.000,-28.000,-28.000,-10.000,-10.000,-10.000,-10.000,-54.000,-54.000,-28.000,-28.000,-10.000,-10.000,-10.000,-10.000,0.0,0.0,0.0,0.0,0.0,0.0,0.0,0.0,0.0,0.0,0.0,0.0,0.0,0.0,0.0,0.0
1790303550.330854,16.240,-12.42218,-12.42218,-12.42218,-12.42218,-12.42218,-12.42218,-12.42218,0.04150,-12.42218,-12.42218,-12.42218,-12.42218,-12.42218,-12.42218,-12.42218,0.04150,-45.0000,-45.0000,-10.0000,-10.0000,-30.0000,-30.0000,-30.0000,-30.0000,-45.0000,-45.0000,-10.0000,-10.0000,-30.0000,-30.0000,-30.0000,-30.0000,-54.000,-54.000,-28.000,-28.000,-10.000,-10.000,-10.000,-10.000,-54.000,-54.000,-28.000,-28.000,-10.000,-10.000,-10.000,-10.000,0.0,0.0,0.0,0.0,0.0,0.0,0.0,0.0,0.0,0.0,0.0,0.0,0.0,0.0,0.0,0.0
1790303550.342465,16.251,-12.42218,-12.42218,-12.42218,-12.42218,-12.42218,-12.42218,-12.42218,0.04150,-12.42218,-12.42218,-12.42218,-12.42218,-12.42218,-12.42218,-12.42218,0.04150,-45.0000,-45.0000,-10.0000,-10.0000,-30.0000,-30.0000,-30.0000,-30.0000,-45.0000,-45.0000,-10.0000,-10.0000,-30.0000,-30.0000,-30.0000,-30.0000,-54.000,-54.000,-28.000,-28.000,-10.000,-10.000,-10.000,-10.000,-54.000,-54.000,-28.000,-28.000,-10.000,-10.000,-10.000,-10.000,0.0,0.0,0.0,0.0,0.0,0.0,0.0,0.0,0.0,0.0,0.0,0.0,0.0,0.0,0.0,0.0
1790303550.350647,16.260,-12.42218,-12.42218,-12.42218,-12.42218,-12.42218,-12.42218,-12.42218,0.04150,-12.42218,-12.42218,-12.42218,-12.42218,-12.42218,-12.42218,-12.42218,0.04150,-45.0000,-45.0000,-10.0000,-10.0000,-30.0000,-30.0000,-30.0000,-30.0000,-45.0000,-45.0000,-10.0000,-10.0000,-30.0000,-30.0000,-30.0000,-30.0000,-54.000,-54.000,-28.000,-28.000,-10.000,-10.000,-10.000,-10.000,-54.000,-54.000,-28.000,-28.000,-10.000,-10.000,-10.000,-10.000,0.0,0.0,0.0,0.0,0.0,0.0,0.0,0.0,0.0,0.0,0.0,0.0,0.0,0.0,0.0,0.0
1790303550.360422,16.269,-12.42218,-12.42218,-12.42218,-12.42218,-12.42218,-12.42218,-12.42218,0.04150,-12.42218,-12.42218,-12.42218,-12.42218,-12.42218,-12.42218,-12.42218,0.04150,-45.0000,-45.0000,-10.0000,-10.0000,-30.0000,-30.0000,-30.0000,-30.0000,-45.0000,-45.0000,-10.0000,-10.0000,-30.0000,-30.0000,-30.0000,-30.0000,-54.000,-54.000,-28.000,-28.000,-10.000,-10.000,-10.000,-10.000,-54.000,-54.000,-28.000,-28.000,-10.000,-10.000,-10.000,-10.000,0.0,0.0,0.0,0.0,0.0,0.0,0.0,0.0,0.0,0.0,0.0,0.0,0.0,0.0,0.0,0.0
1790303550.370809,16.280,-12.42218,-12.42218,-12.42218,-12.42218,-12.42218,-12.42218,-12.42218,0.04150,-12.42218,-12.42218,-12.42218,-12.42218,-12.42218,-12.42218,-12.42218,0.04150,-45.0000,-45.0000,-10.0000,-10.0000,-30.0000,-30.0000,-30.0000,-30.0000,-45.0000,-45.0000,-10.0000,-10.0000,-30.0000,-30.0000,-30.0000,-30.0000,-54.000,-54.000,-28.000,-28.000,-10.000,-10.000,-10.000,-10.000,-54.000,-54.000,-28.000,-28.000,-10.000,-10.000,-10.000,-10.000,0.0,0.0,0.0,0.0,0.0,0.0,0.0,0.0,0.0,0.0,0.0,0.0,0.0,0.0,0.0,0.0
1790303550.380585,16.289,-12.42218,-12.42218,-12.42218,-12.42218,-12.42218,-12.42218,-12.42218,0.04150,-12.42218,-12.42218,-12.42218,-12.42218,-12.42218,-12.42218,-12.42218,0.04150,-45.0000,-45.0000,-10.0000,-10.0000,-30.0000,-30.0000,-30.0000,-30.0000,-45.0000,-45.0000,-10.0000,-10.0000,-30.0000,-30.0000,-30.0000,-30.0000,-54.000,-54.000,-28.000,-28.000,-10.000,-10.000,-10.000,-10.000,-54.000,-54.000,-28.000,-28.000,-10.000,-10.000,-10.000,-10.000,0.0,0.0,0.0,0.0,0.0,0.0,0.0,0.0,0.0,0.0,0.0,0.0,0.0,0.0,0.0,0.0
1790303550.390975,16.300,-12.42218,-12.42218,-12.42218,-12.42218,-12.42218,-12.42218,-12.42218,0.04150,-12.42218,-12.42218,-12.42218,-12.42218,-12.42218,-12.42218,-12.42218,0.04150,-45.0000,-45.0000,-10.0000,-10.0000,-30.0000,-30.0000,-30.0000,-30.0000,-45.0000,-45.0000,-10.0000,-10.0000,-30.0000,-30.0000,-30.0000,-30.0000,-54.000,-54.000,-28.000,-28.000,-10.000,-10.000,-10.000,-10.000,-54.000,-54.000,-28.000,-28.000,-10.000,-10.000,-10.000,-10.000,0.0,0.0,0.0,0.0,0.0,0.0,0.0,0.0,0.0,0.0,0.0,0.0,0.0,0.0,0.0,0.0
1790303550.400635,16.310,-12.42218,-12.42218,-12.42218,-12.42218,-12.42218,-12.42218,-12.42218,0.04150,-12.42218,-12.42218,-12.42218,-12.42218,-12.42218,-12.42218,-12.42218,0.04150,-45.0000,-45.0000,-10.0000,-10.0000,-30.0000,-30.0000,-30.0000,-30.0000,-45.0000,-45.0000,-10.0000,-10.0000,-30.0000,-30.0000,-30.0000,-30.0000,-54.000,-54.000,-28.000,-28.000,-10.000,-10.000,-10.000,-10.000,-54.000,-54.000,-28.000,-28.000,-10.000,-10.000,-10.000,-10.000,0.0,0.0,0.0,0.0,0.0,0.0,0.0,0.0,0.0,0.0,0.0,0.0,0.0,0.0,0.0,0.0
1790303550.411084,16.320,-12.42218,-12.42218,-12.42218,-12.42218,-12.42218,-12.42218,-12.42218,0.04150,-12.42218,-12.42218,-12.42218,-12.42218,-12.42218,-12.42218,-12.42218,0.04150,-45.0000,-45.0000,-10.0000,-10.0000,-30.0000,-30.0000,-30.0000,-27.6557,-45.0000,-45.0000,-10.0000,-10.0000,-30.0000,-30.0000,-30.0000,-30.0000,-54.000,-54.000,-28.000,-28.000,-10.000,-10.000,-10.000,-4.999,-54.000,-54.000,-28.000,-28.000,-10.000,-10.000,-10.000,-10.000,0.0,0.0,0.0,0.0,0.0,0.0,0.0,0.0,0.0,0.0,0.0,0.0,0.0,0.0,0.0,0.0
1790303550.420639,16.330,-12.42218,-12.42218,-12.42218,-12.42218,-12.42218,-12.42218,-12.42218,0.04150,-12.42218,-12.42218,-12.42218,-12.42218,-12.42218,-12.42218,-12.42218,0.04150,-45.0000,-45.0000,-10.0000,-10.0000,-30.0000,-30.0000,-30.0000,-27.6557,-45.0000,-45.0000,-10.0000,-10.0000,-30.0000,-30.0000,-30.0000,-30.0000,-54.000,-54.000,-28.000,-28.000,-10.000,-10.000,-10.000,-4.999,-54.000,-54.000,-28.000,-28.000,-10.000,-10.000,-10.000,-10.000,0.0,0.0,0.0,0.0,0.0,0.0,0.0,0.0,0.0,0.0,0.0,0.0,0.0,0.0,0.0,0.0
1790303550.430791,16.340,-12.42218,-12.42218,-12.42218,-12.42218,-12.42218,-12.42218,-12.42218,0.04150,-12.42218,-12.42218,-12.42218,-12.42218,-12.42218,-12.42218,-12.42218,0.04150,-45.0000,-45.0000,-10.0000,-10.0000,-30.0000,-30.0000,-30.0000,-27.6557,-45.0000,-45.0000,-10.0000,-10.0000,-30.0000,-30.0000,-30.0000,-30.0000,-54.000,-54.000,-28.000,-28.000,-10.000,-10.000,-10.000,-4.999,-54.000,-54.000,-28.000,-28.000,-10.000,-10.000,-10.000,-10.000,0.0,0.0,0.0,0.0,0.0,0.0,0.0,0.0,0.0,0.0,0.0,0.0,0.0,0.0,0.0,0.0
1790303550.440572,16.349,-12.42218,-12.42218,-12.42218,-12.42218,-12.42218,-12.42218,-12.42218,0.04150,-12.42218,-12.42218,-12.42218,-12.42218,-12.42218,-12.42218,-12.42218,0.04150,-45.0000,-45.0000,-10.0000,-10.0000,-30.0000,-30.0000,-30.0000,-30.0000,-45.0000,-45.0000,-10.0000,-10.0000,-30.0000,-30.0000,-30.0000,-30.0000,-54.000,-54.000,-28.000,-28.000,-10.000,-10.000,-10.000,-10.000,-54.000,-54.000,-28.000,-28.000,-10.000,-10.000,-10.000,-10.000,0.0,0.0,0.0,0.0,0.0,0.0,0.0,0.0,0.0,0.0,0.0,0.0,0.0,0.0,0.0,0.0
1790303550.450400,16.359,-12.42218,-12.42218,-12.42218,-12.42218,-12.42218,-12.42218,-12.42218,0.04150,-12.42218,-12.42218,-12.42218,-12.42218,-12.42218,-12.42218,-12.42218,0.04150,-45.0000,-45.0000,-10.0000,-10.0000,-30.0000,-30.0000,-30.0000,-30.0000,-45.0000,-45.0000,-10.0000,-10.0000,-30.0000,-30.0000,-30.0000,-30.0000,-54.000,-54.000,-28.000,-28.000,-10.000,-10.000,-10.000,-10.000,-54.000,-54.000,-28.000,-28.000,-10.000,-10.000,-10.000,-10.000,0.0,0.0,0.0,0.0,0.0,0.0,0.0,0.0,0.0,0.0,0.0,0.0,0.0,0.0,0.0,0.0
1790303550.460284,16.369,-12.42218,-12.42218,-12.42218,-12.42218,-12.42218,-12.42218,-12.42218,0.04150,-12.42218,-12.42218,-12.42218,-12.42218,-12.42218,-12.42218,-12.42218,0.04150,-45.0000,-45.0000,-10.0000,-10.0000,-30.0000,-30.0000,-30.0000,-30.0000,-45.0000,-45.0000,-10.0000,-10.0000,-30.0000,-30.0000,-30.0000,-30.0000,-54.000,-54.000,-28.000,-28.000,-10.000,-10.000,-10.000,-10.000,-54.000,-54.000,-28.000,-28.000,-10.000,-10.000,-10.000,-10.000,0.0,0.0,0.0,0.0,0.0,0.0,0.0,0.0,0.0,0.0,0.0,0.0,0.0,0.0,0.0,0.0
1790303550.470919,16.380,-12.42218,-12.42218,-12.42218,-12.42218,-12.42218,-12.42218,-12.42218,0.04150,-12.42218,-12.42218,-12.42218,-12.42218,-12.42218,-12.42218,-12.42218,0.04150,-45.0000,-45.0000,-10.0000,-10.0000,-30.0000,-30.0000,-30.0000,-30.0000,-45.0000,-45.0000,-10.0000,-10.0000,-30.0000,-30.0000,-30.0000,-27.6557,-54.000,-54.000,-28.000,-28.000,-10.000,-10.000,-10.000,-10.000,-54.000,-54.000,-28.000,-28.000,-10.000,-10.000,-10.000,-4.999,0.0,0.0,0.0,0.0,0.0,0.0,0.0,0.0,0.0,0.0,0.0,0.0,0.0,0.0,0.0,0.0
1790303550.480162,16.389,-12.42218,-12.42218,-12.42218,-12.42218,-12.42218,-12.42218,-12.42218,0.04150,-12.42218,-12.42218,-12.42218,-12.42218,-12.42218,-12.42218,-12.42218,0.04150,-45.0000,-45.0000,-10.0000,-10.0000,-30.0000,-30.0000,-30.0000,-30.0000,-45.0000,-45.0000,-10.0000,-10.0000,-30.0000,-30.0000,-30.0000,-27.6557,-54.000,-54.000,-28.000,-28.000,-10.000,-10.000,-10.000,-10.000,-54.000,-54.000,-28.000,-28.000,-10.000,-10.000,-10.000,-4.999,0.0,0.0,0.0,0.0,0.0,0.0,0.0,0.0,0.0,0.0,0.0,0.0,0.0,0.0,0.0,0.0
1790303550.490882,16.400,-12.42218,-12.42218,-12.42218,-12.42218,-12.42218,-12.42218,-12.42218,0.04150,-12.42218,-12.42218,-12.42218,-12.42218,-12.42218,-12.42218,-12.42218,0.04150,-45.0000,-45.0000,-10.0000,-10.0000,-30.0000,-30.0000,-30.0000,-30.0000,-45.0000,-45.0000,-10.0000,-10.0000,-30.0000,-30.0000,-30.0000,-27.6557,-54.000,-54.000,-28.000,-28.000,-10.000,-10.000,-10.000,-10.000,-54.000,-54.000,-28.000,-28.000,-10.000,-10.000,-10.000,-4.999,0.0,0.0,0.0,0.0,0.0,0.0,0.0,0.0,0.0,0.0,0.0,0.0,0.0,0.0,0.0,0.0
1790303550.500532,16.409,-12.42218,-12.42218,-12.42218,-12.42218,-12.42218,-12.42218,-12.42218,0.04150,-12.42218,-12.42218,-12.42218,-12.42218,-12.42218,-12.42218,-12.42218,0.04150,-45.0000,-45.0000,-10.0000,-10.0000,-30.0000,-30.0000,-30.0000,-30.0000,-45.0000,-45.0000,-10.0000,-10.0000,-30.0000,-30.0000,-30.0000,-30.0000,-54.000,-54.000,-28.000,-28.000,-10.000,-10.000,-10.000,-10.000,-54.000,-54.000,-28.000,-28.000,-10.000,-10.000,-10.000,-10.000,0.0,0.0,0.0,0.0,0.0,0.0,0.0,0.0,0.0,0.0,0.0,0.0,0.0,0.0,0.0,0.0
1790303550.510343,16.419,-12.42218,-12.42218,-12.42218,-12.42218,-12.42218,-12.42218,-12.42218,0.04150,-12.42218,-12.42218,-12.42218,-12.42218,-12.42218,-12.42218,-12.42218,0.04150,-45.0000,-45.0000,-10.0000,-10.0000,-30.0000,-30.0000,-30.0000,-30.0000,-45.0000,-45.0000,-10.0000,-10.0000,-30.0000,-30.0000,-30.0000,-30.0000,-54.000,-54.000,-28.000,-28.000,-10.000,-10.000,-10.000,-10.000,-54.000,-54.000,-28.000,-28.000,-10.000,-10.000,-10.000,-10.000,0.0,0.0,0.0,0.0,0.0,0.0,0.0,0.0,0.0,0.0,0.0,0.0,0.0,0.0,0.0,0.0
1790303550.520758,16.430,-12.42218,-12.42218,-12.42218,-12.42218,-12.42218,-12.42218,-12.42218,0.04150,-12.42218,-12.42218,-12.42218,-12.42218,-12.42218,-12.42218,-12.42218,0.04150,-45.0000,-45.0000,-10.0000,-10.0000,-30.0000,-30.0000,-30.0000,-30.0000,-45.0000,-45.0000,-10.0000,-10.0000,-30.0000,-30.0000,-30.0000,-30.0000,-54.000,-54.000,-28.000,-28.000,-10.000,-10.000,-10.000,-10.000,-54.000,-54.000,-28.000,-28.000,-10.000,-10.000,-10.000,-10.000,0.0,0.0,0.0,0.0,0.0,0.0,0.0,0.0,0.0,0.0,0.0,0.0,0.0,0.0,0.0,0.0
1790303550.530449,16.439,-12.42218,-12.42218,-12.42218,-12.42218,-12.42218,-12.42218,-12.42218,0.04150,-12.42218,-12.42218,-12.42218,-12.42218,-12.42218,-12.42218,-12.42218,0.04150,-45.0000,-45.0000,-10.0000,-10.0000,-30.0000,-30.0000,-30.0000,-30.0000,-45.0000,-45.0000,-10.0000,-10.0000,-30.0000,-30.0000,-30.0000,-30.0000,-54.000,-54.000,-28.000,-28.000,-10.000,-10.000,-10.000,-10.000,-54.000,-54.000,-28.000,-28.000,-10.000,-10.000,-10.000,-10.000,0.0,0.0,0.0,0.0,0.0,0.0,0.0,0.0,0.0,0.0,0.0,0.0,0.0,0.0,0.0,0.0
1790303550.540180,16.449,-12.42218,-12.42218,-12.42218,-12.42218,-12.42218,-12.42218,-12.42218,0.04150,-12.42218,-12.42218,-12.42218,-12.42218,-12.42218,-12.42218,-12.42218,0.04150,-45.0000,-45.0000,-10.0000,-10.0000,-30.0000,-30.0000,-30.0000,-30.0000,-45.0000,-45.0000,-10.0000,-10.0000,-30.0000,-30.0000,-30.0000,-30.0000,-54.000,-54.000,-28.000,-28.000,-10.000,-10.000,-10.000,-10.000,-54.000,-54.000,-28.000,-28.000,-10.000,-10.000,-10.000,-10.000,0.0,0.0,0.0,0.0,0.0,0.0,0.0,0.0,0.0,0.0,0.0,0.0,0.0,0.0,0.0,0.0
1790303550.550760,16.460,-12.42218,-12.42218,-12.42218,-12.42218,-12.42218,-12.42218,-12.42218,0.04150,-12.42218,-12.42218,-12.42218,-12.42218,-12.42218,-12.42218,-12.42218,0.04150,-45.0000,-45.0000,-10.0000,-10.0000,-30.0000,-30.0000,-30.0000,-30.0000,-45.0000,-45.0000,-10.0000,-10.0000,-30.0000,-30.0000,-30.0000,-30.0000,-54.000,-54.000,-28.000,-28.000,-10.000,-10.000,-10.000,-10.000,-54.000,-54.000,-28.000,-28.000,-10.000,-10.000,-10.000,-10.000,0.0,0.0,0.0,0.0,0.0,0.0,0.0,0.0,0.0,0.0,0.0,0.0,0.0,0.0,0.0,0.0
1790303550.560600,16.469,-12.42218,-12.42218,-12.42218,-12.42218,-12.42218,-12.42218,-12.42218,0.04150,-12.42218,-12.42218,-12.42218,-12.42218,-12.42218,-12.42218,-12.42218,0.04150,-45.0000,-45.0000,-10.0000,-10.0000,-30.0000,-30.0000,-30.0000,-30.0000,-45.0000,-45.0000,-10.0000,-10.0000,-30.0000,-30.0000,-30.0000,-30.0000,-54.000,-54.000,-28.000,-28.000,-10.000,-10.000,-10.000,-10.000,-54.000,-54.000,-28.000,-28.000,-10.000,-10.000,-10.000,-10.000,0.0,0.0,0.0,0.0,0.0,0.0,0.0,0.0,0.0,0.0,0.0,0.0,0.0,0.0,0.0,0.0
1790303550.570395,16.479,-12.42218,-12.42218,-12.42218,-12.42218,-12.42218,-12.42218,-12.42218,0.04150,-12.42218,-12.42218,-12.42218,-12.42218,-12.42218,-12.42218,-12.42218,0.04150,-45.0000,-45.0000,-10.0000,-10.0000,-30.0000,-30.0000,-30.0000,-30.0000,-45.0000,-45.0000,-10.0000,-10.0000,-30.0000,-30.0000,-30.0000,-30.0000,-54.000,-54.000,-28.000,-28.000,-10.000,-10.000,-10.000,-10.000,-54.000,-54.000,-28.000,-28.000,-10.000,-10.000,-10.000,-10.000,0.0,0.0,0.0,0.0,0.0,0.0,0.0,0.0,0.0,0.0,0.0,0.0,0.0,0.0,0.0,0.0
1790303550.580289,16.489,-12.42218,-12.42218,-12.42218,-12.42218,-12.42218,-12.42218,-12.42218,0.04150,-12.42218,-12.42218,-12.42218,-12.42218,-12.42218,-12.42218,-12.42218,0.04150,-45.0000,-45.0000,-10.0000,-10.0000,-30.0000,-30.0000,-30.0000,-30.0000,-45.0000,-45.0000,-10.0000,-10.0000,-30.0000,-30.0000,-30.0000,-30.0000,-54.000,-54.000,-28.000,-28.000,-10.000,-10.000,-10.000,-10.000,-54.000,-54.000,-28.000,-28.000,-10.000,-10.000,-10.000,-10.000,0.0,0.0,0.0,0.0,0.0,0.0,0.0,0.0,0.0,0.0,0.0,0.0,0.0,0.0,0.0,0.0
1790303550.590419,16.499,-12.42218,-12.42218,-12.42218,-12.42218,-12.42218,-12.42218,-12.42218,0.04150,-12.42218,-12.42218,-12.42218,-12.42218,-12.42218,-12.42218,-12.42218,0.04150,-45.0000,-45.0000,-10.0000,-10.0000,-30.0000,-30.0000,-30.0000,-30.0000,-45.0000,-45.0000,-10.0000,-10.0000,-30.0000,-30.0000,-30.0000,-30.0000,-54.000,-54.000,-28.000,-28.000,-10.000,-10.000,-10.000,-10.000,-54.000,-54.000,-28.000,-28.000,-10.000,-10.000,-10.000,-10.000,0.0,0.0,0.0,0.0,0.0,0.0,0.0,0.0,0.0,0.0,0.0,0.0,0.0,0.0,0.0,0.0
1790303550.600599,16.509,-12.42218,-12.42218,-12.42218,-12.42218,-12.42218,-12.42218,-12.42218,0.04150,-12.42218,-12.42218,-12.42218,-12.42218,-12.42218,-12.42218,-12.42218,0.04150,-45.0000,-45.0000,-10.0000,-10.0000,-30.0000,-30.0000,-30.0000,-30.0000,-45.0000,-45.0000,-10.0000,-10.0000,-30.0000,-30.0000,-30.0000,-30.0000,-54.000,-54.000,-28.000,-28.000,-10.000,-10.000,-10.000,-10.000,-54.000,-54.000,-28.000,-28.000,-10.000,-10.000,-10.000,-10.000,0.0,0.0,0.0,0.0,0.0,0.0,0.0,0.0,0.0,0.0,0.0,0.0,0.0,0.0,0.0,0.0
1790303550.610468,16.519,-12.42218,-12.42218,-12.42218,-12.42218,-12.42218,-12.42218,-12.42218,0.04150,-12.42218,-12.42218,-12.42218,-12.42218,-12.42218,-12.42218,-12.42218,0.04150,-45.0000,-45.0000,-10.0000,-10.0000,-30.0000,-30.0000,-30.0000,-30.0000,-45.0000,-45.0000,-10.0000,-10.0000,-30.0000,-30.0000,-30.0000,-30.0000,-54.000,-54.000,-28.000,-28.000,-10.000,-10.000,-10.000,-10.000,-54.000,-54.000,-28.000,-28.000,-10.000,-10.000,-10.000,-10.000,0.0,0.0,0.0,0.0,0.0,0.0,0.0,0.0,0.0,0.0,0.0,0.0,0.0,0.0,0.0,0.0
1790303550.621187,16.530,-12.42218,-12.42218,-12.42218,-12.42218,-12.42218,-12.42218,-12.42218,0.04150,-12.42218,-12.42218,-12.42218,-12.42218,-12.42218,-12.42218,-12.42218,0.04150,-45.0000,-45.0000,-10.0000,-10.0000,-30.0000,-30.0000,-30.0000,-30.0000,-45.0000,-45.0000,-10.0000,-10.0000,-30.0000,-30.0000,-30.0000,-30.0000,-54.000,-54.000,-28.000,-28.000,-10.000,-10.000,-10.000,-10.000,-54.000,-54.000,-28.000,-28.000,-10.000,-10.000,-10.000,-10.000,0.0,0.0,0.0,0.0,0.0,0.0,0.0,0.0,0.0,0.0,0.0,0.0,0.0,0.0,0.0,0.0
1790303550.630454,16.539,-12.42218,-12.42218,-12.42218,-12.42218,-12.42218,-12.42218,-12.42218,0.04150,-12.42218,-12.42218,-12.42218,-12.42218,-12.42218,-12.42218,-12.42218,0.04150,-45.0000,-45.0000,-10.0000,-10.0000,-30.0000,-30.0000,-30.0000,-30.0000,-45.0000,-45.0000,-10.0000,-10.0000,-30.0000,-30.0000,-30.0000,-30.0000,-54.000,-54.000,-28.000,-28.000,-10.000,-10.000,-10.000,-10.000,-54.000,-54.000,-28.000,-28.000,-10.000,-10.000,-10.000,-10.000,0.0,0.0,0.0,0.0,0.0,0.0,0.0,0.0,0.0,0.0,0.0,0.0,0.0,0.0,0.0,0.0
1790303550.640601,16.549,-12.42218,-12.42218,-12.42218,-12.42218,-12.42218,-12.42218,-12.42218,0.04150,-12.42218,-12.42218,-12.42218,-12.42218,-12.42218,-12.42218,-12.42218,0.04150,-45.0000,-45.0000,-10.0000,-10.0000,-30.0000,-30.0000,-30.0000,-30.0000,-45.0000,-45.0000,-10.0000,-10.0000,-30.0000,-30.0000,-30.0000,-30.0000,-54.000,-54.000,-28.000,-28.000,-10.000,-10.000,-10.000,-10.000,-54.000,-54.000,-28.000,-28.000,-10.000,-10.000,-10.000,-10.000,0.0,0.0,0.0,0.0,0.0,0.0,0.0,0.0,0.0,0.0,0.0,0.0,0.0,0.0,0.0,0.0
1790303550.650795,16.560,-12.42218,-12.42218,-12.42218,-12.42218,-12.42218,-12.42218,-12.42218,0.04150,-12.42218,-12.42218,-12.42218,-12.42218,-12.42218,-12.42218,-12.42218,0.04150,-45.0000,-45.0000,-10.0000,-10.0000,-30.0000,-30.0000,-30.0000,-30.0000,-45.0000,-45.0000,-10.0000,-10.0000,-30.0000,-30.0000,-30.0000,-30.0000,-54.000,-54.000,-28.000,-28.000,-10.000,-10.000,-10.000,-10.000,-54.000,-54.000,-28.000,-28.000,-10.000,-10.000,-10.000,-10.000,0.0,0.0,0.0,0.0,0.0,0.0,0.0,0.0,0.0,0.0,0.0,0.0,0.0,0.0,0.0,0.0
1790303550.660670,16.570,-12.42218,-12.42218,-12.42218,-12.42218,-12.42218,-12.42218,-12.42218,0.04150,-12.42218,-12.42218,-12.42218,-12.42218,-12.42218,-12.42218,-12.42218,0.04150,-45.0000,-45.0000,-10.0000,-10.0000,-30.0000,-30.0000,-30.0000,-30.0000,-45.0000,-45.0000,-10.0000,-10.0000,-30.0000,-30.0000,-30.0000,-30.0000,-54.000,-54.000,-28.000,-28.000,-10.000,-10.000,-10.000,-10.000,-54.000,-54.000,-28.000,-28.000,-10.000,-10.000,-10.000,-10.000,0.0,0.0,0.0,0.0,0.0,0.0,0.0,0.0,0.0,0.0,0.0,0.0,0.0,0.0,0.0,0.0
1790303550.670768,16.580,-12.42218,-12.42218,-12.42218,-12.42218,-12.42218,-12.42218,-12.42218,0.04150,-12.42218,-12.42218,-12.42218,-12.42218,-12.42218,-12.42218,-12.42218,0.04150,-45.0000,-45.0000,-10.0000,-10.0000,-30.0000,-30.0000,-30.0000,-30.0000,-45.0000,-45.0000,-10.0000,-10.0000,-30.0000,-30.0000,-30.0000,-30.0000,-54.000,-54.000,-28.000,-28.000,-10.000,-10.000,-10.000,-10.000,-54.000,-54.000,-28.000,-28.000,-10.000,-10.000,-10.000,-10.000,0.0,0.0,0.0,0.0,0.0,0.0,0.0,0.0,0.0,0.0,0.0,0.0,0.0,0.0,0.0,0.0
1790303550.680363,16.589,-12.42218,-12.42218,-12.42218,-12.42218,-12.42218,-12.42218,-12.42218,0.04150,-12.42218,-12.42218,-12.42218,-12.42218,-12.42218,-12.42218,-12.42218,0.04150,-45.0000,-45.0000,-10.0000,-10.0000,-30.0000,-30.0000,-30.0000,-30.0000,-45.0000,-45.0000,-10.0000,-10.0000,-30.0000,-30.0000,-30.0000,-30.0000,-54.000,-54.000,-28.000,-28.000,-10.000,-10.000,-10.000,-10.000,-54.000,-54.000,-28.000,-28.000,-10.000,-10.000,-10.000,-10.000,0.0,0.0,0.0,0.0,0.0,0.0,0.0,0.0,0.0,0.0,0.0,0.0,0.0,0.0,0.0,0.0
1790303550.690425,16.599,-12.42218,-12.42218,-12.42218,-12.42218,-12.42218,-12.42218,-12.42218,0.04150,-12.42218,-12.42218,-12.42218,-12.42218,-12.42218,-12.42218,-12.42218,0.04150,-45.0000,-45.0000,-10.0000,-10.0000,-30.0000,-30.0000,-30.0000,-30.0000,-45.0000,-45.0000,-10.0000,-10.0000,-30.0000,-30.0000,-30.0000,-30.0000,-54.000,-54.000,-28.000,-28.000,-10.000,-10.000,-10.000,-10.000,-54.000,-54.000,-28.000,-28.000,-10.000,-10.000,-10.000,-10.000,0.0,0.0,0.0,0.0,0.0,0.0,0.0,0.0,0.0,0.0,0.0,0.0,0.0,0.0,0.0,0.0
1790303550.700589,16.609,-12.42218,-12.42218,-12.42218,-12.42218,-12.42218,-12.42218,-12.42218,0.04150,-12.42218,-12.42218,-12.42218,-12.42218,-12.42218,-12.42218,-12.42218,0.04150,-45.0000,-45.0000,-10.0000,-10.0000,-30.0000,-30.0000,-30.0000,-30.0000,-45.0000,-45.0000,-10.0000,-10.0000,-30.0000,-30.0000,-30.0000,-30.0000,-54.000,-54.000,-28.000,-28.000,-10.000,-10.000,-10.000,-10.000,-54.000,-54.000,-28.000,-28.000,-10.000,-10.000,-10.000,-10.000,0.0,0.0,0.0,0.0,0.0,0.0,0.0,0.0,0.0,0.0,0.0,0.0,0.0,0.0,0.0,0.0
1790303550.711284,16.620,-12.42218,-12.42218,-12.42218,-12.42218,-12.42218,-12.42218,-12.42218,0.04150,-12.42218,-12.42218,-12.42218,-12.42218,-12.42218,-12.42218,-12.42218,0.04150,-45.0000,-45.0000,-10.0000,-10.0000,-30.0000,-30.0000,-30.0000,-30.0000,-45.0000,-45.0000,-10.0000,-10.0000,-30.0000,-30.0000,-30.0000,-30.0000,-54.000,-54.000,-28.000,-28.000,-10.000,-10.000,-10.000,-10.000,-54.000,-54.000,-28.000,-28.000,-10.000,-10.000,-10.000,-10.000,0.0,0.0,0.0,0.0,0.0,0.0,0.0,0.0,0.0,0.0,0.0,0.0,0.0,0.0,0.0,0.0
1790303550.720320,16.629,-12.42218,-12.42218,-12.42218,-12.42218,-12.42218,-12.42218,-12.42218,0.04150,-12.42218,-12.42218,-12.42218,-12.42218,-12.42218,-12.42218,-12.42218,0.04150,-45.0000,-45.0000,-10.0000,-10.0000,-30.0000,-30.0000,-30.0000,-30.0000,-45.0000,-45.0000,-10.0000,-10.0000,-30.0000,-30.0000,-30.0000,-30.0000,-54.000,-54.000,-28.000,-28.000,-10.000,-10.000,-10.000,-10.000,-54.000,-54.000,-28.000,-28.000,-10.000,-10.000,-10.000,-10.000,0.0,0.0,0.0,0.0,0.0,0.0,0.0,0.0,0.0,0.0,0.0,0.0,0.0,0.0,0.0,0.0
1790303550.730812,16.640,-12.42218,-12.42218,-12.42218,-12.42218,-12.42218,-12.42218,-12.42218,0.04150,-12.42218,-12.42218,-12.42218,-12.42218,-12.42218,-12.42218,-12.42218,0.04150,-45.0000,-45.0000,-10.0000,-10.0000,-30.0000,-30.0000,-30.0000,-30.0000,-45.0000,-45.0000,-10.0000,-10.0000,-30.0000,-30.0000,-30.0000,-30.0000,-54.000,-54.000,-28.000,-28.000,-10.000,-10.000,-10.000,-10.000,-54.000,-54.000,-28.000,-28.000,-10.000,-10.000,-10.000,-10.000,0.0,0.0,0.0,0.0,0.0,0.0,0.0,0.0,0.0,0.0,0.0,0.0,0.0,0.0,0.0,0.0
1790303550.740677,16.650,-12.42218,-12.42218,-12.42218,-12.42218,-12.42218,-12.42218,-12.42218,0.04150,-12.42218,-12.42218,-12.42218,-12.42218,-12.42218,-12.42218,-12.42218,0.04150,-45.0000,-45.0000,-10.0000,-10.0000,-30.0000,-30.0000,-30.0000,-30.0000,-45.0000,-45.0000,-10.0000,-10.0000,-30.0000,-30.0000,-30.0000,-30.0000,-54.000,-54.000,-28.000,-28.000,-10.000,-10.000,-10.000,-10.000,-54.000,-54.000,-28.000,-28.000,-10.000,-10.000,-10.000,-10.000,0.0,0.0,0.0,0.0,0.0,0.0,0.0,0.0,0.0,0.0,0.0,0.0,0.0,0.0,0.0,0.0
1790303550.750846,16.660,-12.42218,-12.42218,-12.42218,-12.42218,-12.42218,-12.42218,-12.42218,0.04150,-12.42218,-12.42218,-12.42218,-12.42218,-12.42218,-12.42218,-12.42218,0.04150,-45.0000,-45.0000,-10.0000,-10.0000,-30.0000,-30.0000,-30.0000,-30.0000,-45.0000,-45.0000,-10.0000,-10.0000,-30.0000,-30.0000,-30.0000,-30.0000,-54.000,-54.000,-28.000,-28.000,-10.000,-10.000,-10.000,-10.000,-54.000,-54.000,-28.000,-28.000,-10.000,-10.000,-10.000,-10.000,0.0,0.0,0.0,0.0,0.0,0.0,0.0,0.0,0.0,0.0,0.0,0.0,0.0,0.0,0.0,0.0
1790303550.760707,16.670,-12.42218,-12.42218,-12.42218,-12.42218,-12.42218,-12.42218,-12.42218,0.04150,-12.42218,-12.42218,-12.42218,-12.42218,-12.42218,-12.42218,-12.42218,0.04150,-45.0000,-45.0000,-10.0000,-10.0000,-30.0000,-30.0000,-30.0000,-30.0000,-45.0000,-45.0000,-10.0000,-10.0000,-30.0000,-30.0000,-30.0000,-30.0000,-54.000,-54.000,-28.000,-28.000,-10.000,-10.000,-10.000,-10.000,-54.000,-54.000,-28.000,-28.000,-10.000,-10.000,-10.000,-10.000,0.0,0.0,0.0,0.0,0.0,0.0,0.0,0.0,0.0,0.0,0.0,0.0,0.0,0.0,0.0,0.0
1790303550.770674,16.680,-12.42218,-12.42218,-12.42218,-12.42218,-12.42218,-12.42218,-12.42218,0.04150,-12.42218,-12.42218,-12.42218,-12.42218,-12.42218,-12.42218,-12.42218,0.04150,-45.0000,-45.0000,-10.0000,-10.0000,-30.0000,-30.0000,-30.0000,-30.0000,-45.0000,-45.0000,-10.0000,-10.0000,-30.0000,-30.0000,-30.0000,-30.0000,-54.000,-54.000,-28.000,-28.000,-10.000,-10.000,-10.000,-10.000,-54.000,-54.000,-28.000,-28.000,-10.000,-10.000,-10.000,-10.000,0.0,0.0,0.0,0.0,0.0,0.0,0.0,0.0,0.0,0.0,0.0,0.0,0.0,0.0,0.0,0.0
1790303550.780288,16.689,-12.42218,-12.42218,-12.42218,-12.42218,-12.42218,-12.42218,-12.42218,0.04150,-12.42218,-12.42218,-12.42218,-12.42218,-12.42218,-12.42218,-12.42218,0.04150,-45.0000,-45.0000,-10.0000,-10.0000,-30.0000,-30.0000,-30.0000,-30.0000,-45.0000,-45.0000,-10.0000,-10.0000,-30.0000,-30.0000,-30.0000,-30.0000,-54.000,-54.000,-28.000,-28.000,-10.000,-10.000,-10.000,-10.000,-54.000,-54.000,-28.000,-28.000,-10.000,-10.000,-10.000,-10.000,0.0,0.0,0.0,0.0,0.0,0.0,0.0,0.0,0.0,0.0,0.0,0.0,0.0,0.0,0.0,0.0
1790303550.790438,16.699,-12.42218,-12.42218,-12.42218,-12.42218,-12.42218,-12.42218,-12.42218,0.04150,-12.42218,-12.42218,-12.42218,-12.42218,-12.42218,-12.42218,-12.42218,0.04150,-45.0000,-45.0000,-10.0000,-10.0000,-30.0000,-30.0000,-30.0000,-30.0000,-45.0000,-45.0000,-10.0000,-10.0000,-30.0000,-30.0000,-30.0000,-30.0000,-54.000,-54.000,-28.000,-28.000,-10.000,-10.000,-10.000,-10.000,-54.000,-54.000,-28.000,-28.000,-10.000,-10.000,-10.000,-10.000,0.0,0.0,0.0,0.0,0.0,0.0,0.0,0.0,0.0,0.0,0.0,0.0,0.0,0.0,0.0,0.0
1790303550.800174,16.709,-12.42218,-12.42218,-12.42218,-12.42218,-12.42218,-12.42218,-12.42218,0.04150,-12.42218,-12.42218,-12.42218,-12.42218,-12.42218,-12.42218,-12.42218,0.04150,-45.0000,-45.0000,-10.0000,-10.0000,-30.0000,-30.0000,-30.0000,-30.0000,-45.0000,-45.0000,-10.0000,-10.0000,-30.0000,-30.0000,-30.0000,-30.0000,-54.000,-54.000,-28.000,-28.000,-10.000,-10.000,-10.000,-10.000,-54.000,-54.000,-28.000,-28.000,-10.000,-10.000,-10.000,-10.000,0.0,0.0,0.0,0.0,0.0,0.0,0.0,0.0,0.0,0.0,0.0,0.0,0.0,0.0,0.0,0.0
1790303550.810452,16.719,-12.42218,-12.42218,-12.42218,-12.42218,-12.42218,-12.42218,-12.42218,0.04150,-12.42218,-12.42218,-12.42218,-12.42218,-12.42218,-12.42218,-12.42218,0.04150,-45.0000,-45.0000,-10.0000,-10.0000,-30.0000,-30.0000,-30.0000,-30.0000,-45.0000,-45.0000,-10.0000,-10.0000,-30.0000,-30.0000,-30.0000,-30.0000,-54.000,-54.000,-28.000,-28.000,-10.000,-10.000,-10.000,-10.000,-54.000,-54.000,-28.000,-28.000,-10.000,-10.000,-10.000,-10.000,0.0,0.0,0.0,0.0,0.0,0.0,0.0,0.0,0.0,0.0,0.0,0.0,0.0,0.0,0.0,0.0
1790303550.820342,16.729,-12.42218,-12.42218,-12.42218,-12.42218,-12.42218,-12.42218,-12.42218,0.04150,-12.42218,-12.42218,-12.42218,-12.42218,-12.42218,-12.42218,-12.42218,0.04150,-45.0000,-45.0000,-10.0000,-10.0000,-30.0000,-30.0000,-30.0000,-30.0000,-45.0000,-45.0000,-10.0000,-10.0000,-30.0000,-30.0000,-30.0000,-30.0000,-54.000,-54.000,-28.000,-28.000,-10.000,-10.000,-10.000,-10.000,-54.000,-54.000,-28.000,-28.000,-10.000,-10.000,-10.000,-10.000,0.0,0.0,0.0,0.0,0.0,0.0,0.0,0.0,0.0,0.0,0.0,0.0,0.0,0.0,0.0,0.0
1790303550.830445,16.739,-12.42218,-12.42218,-12.42218,-12.42218,-12.42218,-12.42218,-12.42218,0.04150,-12.42218,-12.42218,-12.42218,-12.42218,-12.42218,-12.42218,-12.42218,0.04150,-45.0000,-45.0000,-10.0000,-10.0000,-30.0000,-30.0000,-30.0000,-30.0000,-45.0000,-45.0000,-10.0000,-10.0000,-30.0000,-30.0000,-30.0000,-30.0000,-54.000,-54.000,-28.000,-28.000,-10.000,-10.000,-10.000,-10.000,-54.000,-54.000,-28.000,-28.000,-10.000,-10.000,-10.000,-10.000,0.0,0.0,0.0,0.0,0.0,0.0,0.0,0.0,0.0,0.0,0.0,0.0,0.0,0.0,0.0,0.0
1790303550.841322,16.750,-12.42218,-12.42218,-12.42218,-12.42218,-12.42218,-12.42218,-12.42218,0.04150,-12.42218,-12.42218,-12.42218,-12.42218,-12.42218,-12.42218,-12.42218,0.04150,-45.0000,-45.0000,-10.0000,-10.0000,-30.0000,-30.0000,-30.0000,-30.0000,-45.0000,-45.0000,-10.0000,-10.0000,-30.0000,-30.0000,-30.0000,-30.0000,-54.000,-54.000,-28.000,-28.000,-10.000,-10.000,-10.000,-10.000,-54.000,-54.000,-28.000,-28.000,-10.000,-10.000,-10.000,-10.000,0.0,0.0,0.0,0.0,0.0,0.0,0.0,0.0,0.0,0.0,0.0,0.0,0.0,0.0,0.0,0.0
1790303550.850861,16.760,-12.42218,-12.42218,-12.42218,-12.42218,-12.42218,-12.42218,-12.42218,0.04150,-12.42218,-12.42218,-12.42218,-12.42218,-12.42218,-12.42218,-12.42218,0.04150,-45.0000,-45.0000,-10.0000,-10.0000,-30.0000,-30.0000,-30.0000,-30.0000,-45.0000,-45.0000,-10.0000,-10.0000,-30.0000,-30.0000,-30.0000,-30.0000,-54.000,-54.000,-28.000,-28.000,-10.000,-10.000,-10.000,-10.000,-54.000,-54.000,-28.000,-28.000,-10.000,-10.000,-10.000,-10.000,0.0,0.0,0.0,0.0,0.0,0.0,0.0,0.0,0.0,0.0,0.0,0.0,0.0,0.0,0.0,0.0
1790303550.860796,16.770,-12.42218,-12.42218,-12.42218,-12.42218,-12.42218,-12.42218,-12.42218,0.04150,-12.42218,-12.42218,-12.42218,-12.42218,-12.42218,-12.42218,-12.42218,0.04150,-45.0000,-45.0000,-10.0000,-10.0000,-30.0000,-30.0000,-30.0000,-30.0000,-45.0000,-45.0000,-10.0000,-10.0000,-30.0000,-30.0000,-30.0000,-30.0000,-54.000,-54.000,-28.000,-28.000,-10.000,-10.000,-10.000,-10.000,-54.000,-54.000,-28.000,-28.000,-10.000,-10.000,-10.000,-10.000,0.0,0.0,0.0,0.0,0.0,0.0,0.0,0.0,0.0,0.0,0.0,0.0,0.0,0.0,0.0,0.0
1790303550.870844,16.780,-12.42218,-12.42218,-12.42218,-12.42218,-12.42218,-12.42218,-12.42218,0.04150,-12.42218,-12.42218,-12.42218,-12.42218,-12.42218,-12.42218,-12.42218,0.04150,-45.0000,-45.0000,-10.0000,-10.0000,-30.0000,-30.0000,-30.0000,-30.0000,-45.0000,-45.0000,-10.0000,-10.0000,-30.0000,-30.0000,-30.0000,-30.0000,-54.000,-54.000,-28.000,-28.000,-10.000,-10.000,-10.000,-10.000,-54.000,-54.000,-28.000,-28.000,-10.000,-10.000,-10.000,-10.000,0.0,0.0,0.0,0.0,0.0,0.0,0.0,0.0,0.0,0.0,0.0,0.0,0.0,0.0,0.0,0.0
1790303550.880315,16.789,-12.42218,-12.42218,-12.42218,-12.42218,-12.42218,-12.42218,-12.42218,0.04150,-12.42218,-12.42218,-12.42218,-12.42218,-12.42218,-12.42218,-12.42218,0.04150,-45.0000,-45.0000,-10.0000,-10.0000,-30.0000,-30.0000,-30.0000,-30.0000,-45.0000,-45.0000,-10.0000,-10.0000,-30.0000,-30.0000,-30.0000,-30.0000,-54.000,-54.000,-28.000,-28.000,-10.000,-10.000,-10.000,-10.000,-54.000,-54.000,-28.000,-28.000,-10.000,-10.000,-10.000,-10.000,0.0,0.0,0.0,0.0,0.0,0.0,0.0,0.0,0.0,0.0,0.0,0.0,0.0,0.0,0.0,0.0
1790303550.890438,16.799,-12.42218,-12.42218,-12.42218,-12.42218,-12.42218,-12.42218,-12.42218,0.04150,-12.42218,-12.42218,-12.42218,-12.42218,-12.42218,-12.42218,-12.42218,0.04150,-45.0000,-45.0000,-10.0000,-10.0000,-30.0000,-30.0000,-30.0000,-30.0000,-45.0000,-45.0000,-10.0000,-10.0000,-30.0000,-30.0000,-30.0000,-30.0000,-54.000,-54.000,-28.000,-28.000,-10.000,-10.000,-10.000,-10.000,-54.000,-54.000,-28.000,-28.000,-10.000,-10.000,-10.000,-10.000,0.0,0.0,0.0,0.0,0.0,0.0,0.0,0.0,0.0,0.0,0.0,0.0,0.0,0.0,0.0,0.0
1790303550.901588,16.810,-12.42218,-12.42218,-12.42218,-12.42218,-12.42218,-12.42218,-12.42218,0.04150,-12.42218,-12.42218,-12.42218,-12.42218,-12.42218,-12.42218,-12.42218,0.04150,-45.0000,-45.0000,-10.0000,-10.0000,-30.0000,-30.0000,-30.0000,-30.0000,-45.0000,-45.0000,-10.0000,-10.0000,-30.0000,-30.0000,-30.0000,-30.0000,-54.000,-54.000,-28.000,-28.000,-10.000,-10.000,-10.000,-10.000,-54.000,-54.000,-28.000,-28.000,-10.000,-10.000,-10.000,-10.000,0.0,0.0,0.0,0.0,0.0,0.0,0.0,0.0,0.0,0.0,0.0,0.0,0.0,0.0,0.0,0.0
1790303550.910439,16.819,-12.42218,-12.42218,-12.42218,-12.42218,-12.42218,-12.42218,-12.42218,0.04150,-12.42218,-12.42218,-12.42218,-12.42218,-12.42218,-12.42218,-12.42218,0.04150,-45.0000,-45.0000,-10.0000,-10.0000,-30.0000,-30.0000,-30.0000,-30.0000,-45.0000,-45.0000,-10.0000,-10.0000,-30.0000,-30.0000,-30.0000,-30.0000,-54.000,-54.000,-28.000,-28.000,-10.000,-10.000,-10.000,-10.000,-54.000,-54.000,-28.000,-28.000,-10.000,-10.000,-10.000,-10.000,0.0,0.0,0.0,0.0,0.0,0.0,0.0,0.0,0.0,0.0,0.0,0.0,0.0,0.0,0.0,0.0
1790303550.921472,16.830,-12.42218,-12.42218,-12.42218,-12.42218,-12.42218,-12.42218,-12.42218,0.04150,-12.42218,-12.42218,-12.42218,-12.42218,-12.42218,-12.42218,-12.42218,0.04150,-45.0000,-45.0000,-10.0000,-10.0000,-30.0000,-30.0000,-30.0000,-30.0000,-45.0000,-45.0000,-10.0000,-10.0000,-30.0000,-30.0000,-30.0000,-30.0000,-54.000,-54.000,-28.000,-28.000,-10.000,-10.000,-10.000,-10.000,-54.000,-54.000,-28.000,-28.000,-10.000,-10.000,-10.000,-10.000,0.0,0.0,0.0,0.0,0.0,0.0,0.0,0.0,0.0,0.0,0.0,0.0,0.0,0.0,0.0,0.0
1790303550.930432,16.839,-12.42218,-12.42218,-12.42218,-12.42218,-12.42218,-12.42218,-12.42218,0.04150,-12.42218,-12.42218,-12.42218,-12.42218,-12.42218,-12.42218,-12.42218,0.04150,-45.0000,-45.0000,-10.0000,-10.0000,-30.0000,-30.0000,-30.0000,-30.0000,-45.0000,-45.0000,-10.0000,-10.0000,-30.0000,-30.0000,-30.0000,-30.0000,-54.000,-54.000,-28.000,-28.000,-10.000,-10.000,-10.000,-10.000,-54.000,-54.000,-28.000,-28.000,-10.000,-10.000,-10.000,-10.000,0.0,0.0,0.0,0.0,0.0,0.0,0.0,0.0,0.0,0.0,0.0,0.0,0.0,0.0,0.0,0.0
1790303550.940820,16.850,-12.42218,-12.42218,-12.42218,-12.42218,-12.42218,-12.42218,-12.42218,0.04150,-12.42218,-12.42218,-12.42218,-12.42218,-12.42218,-12.42218,-12.42218,0.04150,-45.0000,-45.0000,-10.0000,-10.0000,-30.0000,-30.0000,-30.0000,-30.0000,-45.0000,-45.0000,-10.0000,-10.0000,-30.0000,-30.0000,-30.0000,-30.0000,-54.000,-54.000,-28.000,-28.000,-10.000,-10.000,-10.000,-10.000,-54.000,-54.000,-28.000,-28.000,-10.000,-10.000,-10.000,-10.000,0.0,0.0,0.0,0.0,0.0,0.0,0.0,0.0,0.0,0.0,0.0,0.0,0.0,0.0,0.0,0.0
1790303550.950759,16.860,-12.42218,-12.42218,-12.42218,-12.42218,-12.42218,-12.42218,-12.42218,0.04150,-12.42218,-12.42218,-12.42218,-12.42218,-12.42218,-12.42218,-12.42218,0.04150,-45.0000,-45.0000,-10.0000,-10.0000,-30.0000,-30.0000,-30.0000,-30.0000,-45.0000,-45.0000,-10.0000,-10.0000,-30.0000,-30.0000,-30.0000,-30.0000,-54.000,-54.000,-28.000,-28.000,-10.000,-10.000,-10.000,-10.000,-54.000,-54.000,-28.000,-28.000,-10.000,-10.000,-10.000,-10.000,0.0,0.0,0.0,0.0,0.0,0.0,0.0,0.0,0.0,0.0,0.0,0.0,0.0,0.0,0.0,0.0
1790303550.960355,16.869,-12.42218,-12.42218,-12.42218,-12.42218,-12.42218,-12.42218,-12.42218,0.04150,-12.42218,-12.42218,-12.42218,-12.42218,-12.42218,-12.42218,-12.42218,0.04150,-45.0000,-45.0000,-10.0000,-10.0000,-30.0000,-30.0000,-30.0000,-30.0000,-45.0000,-45.0000,-10.0000,-10.0000,-30.0000,-30.0000,-30.0000,-30.0000,-54.000,-54.000,-28.000,-28.000,-10.000,-10.000,-10.000,-10.000,-54.000,-54.000,-28.000,-28.000,-10.000,-10.000,-10.000,-10.000,0.0,0.0,0.0,0.0,0.0,0.0,0.0,0.0,0.0,0.0,0.0,0.0,0.0,0.0,0.0,0.0
1790303550.971481,16.880,-12.42218,-12.42218,-12.42218,-12.42218,-12.42218,-12.42218,-12.42218,0.04150,-12.42218,-12.42218,-12.42218,-12.42218,-12.42218,-12.42218,-12.42218,0.04150,-45.0000,-45.0000,-10.0000,-10.0000,-30.0000,-30.0000,-30.0000,-30.0000,-45.0000,-45.0000,-10.0000,-10.0000,-30.0000,-30.0000,-30.0000,-30.0000,-54.000,-54.000,-28.000,-28.000,-10.000,-10.000,-10.000,-10.000,-54.000,-54.000,-28.000,-28.000,-10.000,-10.000,-10.000,-10.000,0.0,0.0,0.0,0.0,0.0,0.0,0.0,0.0,0.0,0.0,0.0,0.0,0.0,0.0,0.0,0.0
1790303550.980747,16.890,-12.42218,-12.42218,-12.42218,-12.42218,-12.42218,-12.42218,-12.42218,0.04150,-12.42218,-12.42218,-12.42218,-12.42218,-12.42218,-12.42218,-12.42218,0.04150,-45.0000,-45.0000,-10.0000,-10.0000,-30.0000,-30.0000,-30.0000,-30.0000,-45.0000,-45.0000,-10.0000,-10.0000,-30.0000,-30.0000,-30.0000,-30.0000,-54.000,-54.000,-28.000,-28.000,-10.000,-10.000,-10.000,-10.000,-54.000,-54.000,-28.000,-28.000,-10.000,-10.000,-10.000,-10.000,0.0,0.0,0.0,0.0,0.0,0.0,0.0,0.0,0.0,0.0,0.0,0.0,0.0,0.0,0.0,0.0
1790303550.990870,16.900,-12.42218,-12.42218,-12.42218,-12.42218,-12.42218,-12.42218,-12.42218,0.04150,-12.42218,-12.42218,-12.42218,-12.42218,-12.42218,-12.42218,-12.42218,0.04150,-45.0000,-45.0000,-10.0000,-10.0000,-30.0000,-30.0000,-30.0000,-30.0000,-45.0000,-45.0000,-10.0000,-10.0000,-30.0000,-30.0000,-30.0000,-30.0000,-54.000,-54.000,-28.000,-28.000,-10.000,-10.000,-10.000,-10.000,-54.000,-54.000,-28.000,-28.000,-10.000,-10.000,-10.000,-10.000,0.0,0.0,0.0,0.0,0.0,0.0,0.0,0.0,0.0,0.0,0.0,0.0,0.0,0.0,0.0,0.0
1790303551.000634,16.910,-12.42218,-12.42218,-12.42218,-12.42218,-12.42218,-12.42218,-12.42218,0.04150,-12.42218,-12.42218,-12.42218,-12.42218,-12.42218,-12.42218,-12.42218,0.04150,-45.0000,-45.0000,-10.0000,-10.0000,-30.0000,-30.0000,-30.0000,-30.0000,-45.0000,-45.0000,-10.0000,-10.0000,-30.0000,-30.0000,-30.0000,-30.0000,-54.000,-54.000,-28.000,-28.000,-10.000,-10.000,-10.000,-10.000,-54.000,-54.000,-28.000,-28.000,-10.000,-10.000,-10.000,-10.000,0.0,0.0,0.0,0.0,0.0,0.0,0.0,0.0,0.0,0.0,0.0,0.0,0.0,0.0,0.0,0.0
1790303551.010412,16.919,-12.42218,-12.42218,-12.42218,-12.42218,-12.42218,-12.42218,-12.42218,0.04150,-12.42218,-12.42218,-12.42218,-12.42218,-12.42218,-12.42218,-12.42218,0.04150,-45.0000,-45.0000,-10.0000,-10.0000,-30.0000,-30.0000,-30.0000,-30.0000,-45.0000,-45.0000,-10.0000,-10.0000,-30.0000,-30.0000,-30.0000,-30.0000,-54.000,-54.000,-28.000,-28.000,-10.000,-10.000,-10.000,-10.000,-54.000,-54.000,-28.000,-28.000,-10.000,-10.000,-10.000,-10.000,0.0,0.0,0.0,0.0,0.0,0.0,0.0,0.0,0.0,0.0,0.0,0.0,0.0,0.0,0.0,0.0
1790303551.020631,16.930,-12.42218,-12.42218,-12.42218,-12.42218,-12.42218,-12.42218,-12.42218,0.04150,-12.42218,-12.42218,-12.42218,-12.42218,-12.42218,-12.42218,-12.42218,0.04150,-45.0000,-45.0000,-10.0000,-10.0000,-30.0000,-30.0000,-30.0000,-30.0000,-45.0000,-45.0000,-10.0000,-10.0000,-30.0000,-30.0000,-30.0000,-30.0000,-54.000,-54.000,-28.000,-28.000,-10.000,-10.000,-10.000,-10.000,-54.000,-54.000,-28.000,-28.000,-10.000,-10.000,-10.000,-10.000,0.0,0.0,0.0,0.0,0.0,0.0,0.0,0.0,0.0,0.0,0.0,0.0,0.0,0.0,0.0,0.0
1790303551.031476,16.940,-12.42218,-12.42218,-12.42218,-12.42218,-12.42218,-12.42218,-12.42218,0.04150,-12.42218,-12.42218,-12.42218,-12.42218,-12.42218,-12.42218,-12.42218,0.04150,-45.0000,-45.0000,-10.0000,-10.0000,-30.0000,-30.0000,-30.0000,-30.0000,-45.0000,-45.0000,-10.0000,-10.0000,-30.0000,-30.0000,-30.0000,-30.0000,-54.000,-54.000,-28.000,-28.000,-10.000,-10.000,-10.000,-10.000,-54.000,-54.000,-28.000,-28.000,-10.000,-10.000,-10.000,-10.000,0.0,0.0,0.0,0.0,0.0,0.0,0.0,0.0,0.0,0.0,0.0,0.0,0.0,0.0,0.0,0.0
1790303551.040605,16.949,-12.42218,-12.42218,-12.42218,-12.42218,-12.42218,-12.42218,-12.42218,0.04150,-12.42218,-12.42218,-12.42218,-12.42218,-12.42218,-12.42218,-12.42218,0.04150,-45.0000,-45.0000,-10.0000,-10.0000,-30.0000,-30.0000,-30.0000,-30.0000,-45.0000,-45.0000,-10.0000,-10.0000,-30.0000,-30.0000,-30.0000,-30.0000,-54.000,-54.000,-28.000,-28.000,-10.000,-10.000,-10.000,-10.000,-54.000,-54.000,-28.000,-28.000,-10.000,-10.000,-10.000,-10.000,0.0,0.0,0.0,0.0,0.0,0.0,0.0,0.0,0.0,0.0,0.0,0.0,0.0,0.0,0.0,0.0
1790303551.050511,16.959,-12.42218,-12.42218,-12.42218,-12.42218,-12.42218,-12.42218,-12.42218,0.04150,-12.42218,-12.42218,-12.42218,-12.42218,-12.42218,-12.42218,-12.42218,0.04150,-45.0000,-45.0000,-10.0000,-10.0000,-30.0000,-30.0000,-30.0000,-30.0000,-45.0000,-45.0000,-10.0000,-10.0000,-30.0000,-30.0000,-30.0000,-30.0000,-54.000,-54.000,-28.000,-28.000,-10.000,-10.000,-10.000,-10.000,-54.000,-54.000,-28.000,-28.000,-10.000,-10.000,-10.000,-10.000,0.0,0.0,0.0,0.0,0.0,0.0,0.0,0.0,0.0,0.0,0.0,0.0,0.0,0.0,0.0,0.0
1790303551.060531,16.969,-12.42218,-12.42218,-12.42218,-12.42218,-12.42218,-12.42218,-12.42218,0.04150,-12.42218,-12.42218,-12.42218,-12.42218,-12.42218,-12.42218,-12.42218,0.04150,-45.0000,-45.0000,-10.0000,-10.0000,-30.0000,-30.0000,-30.0000,-30.0000,-45.0000,-45.0000,-10.0000,-10.0000,-30.0000,-30.0000,-30.0000,-30.0000,-54.000,-54.000,-28.000,-28.000,-10.000,-10.000,-10.000,-10.000,-54.000,-54.000,-28.000,-28.000,-10.000,-10.000,-10.000,-10.000,0.0,0.0,0.0,0.0,0.0,0.0,0.0,0.0,0.0,0.0,0.0,0.0,0.0,0.0,0.0,0.0
1790303551.070449,16.979,-12.42218,-12.42218,-12.42218,-12.42218,-12.42218,-12.42218,-12.42218,0.04150,-12.42218,-12.42218,-12.42218,-12.42218,-12.42218,-12.42218,-12.42218,0.04150,-45.0000,-45.0000,-10.0000,-10.0000,-30.0000,-30.0000,-30.0000,-30.0000,-45.0000,-45.0000,-10.0000,-10.0000,-30.0000,-30.0000,-30.0000,-30.0000,-54.000,-54.000,-28.000,-28.000,-10.000,-10.000,-10.000,-10.000,-54.000,-54.000,-28.000,-28.000,-10.000,-10.000,-10.000,-10.000,0.0,0.0,0.0,0.0,0.0,0.0,0.0,0.0,0.0,0.0,0.0,0.0,0.0,0.0,0.0,0.0
1790303551.082067,16.991,-12.42218,-12.42218,-12.42218,-12.42218,-12.42218,-12.42218,-12.42218,0.04150,-12.42218,-12.42218,-12.42218,-12.42218,-12.42218,-12.42218,-12.42218,0.04150,-45.0000,-45.0000,-10.0000,-10.0000,-30.0000,-30.0000,-30.0000,-30.0000,-45.0000,-45.0000,-10.0000,-10.0000,-30.0000,-30.0000,-30.0000,-30.0000,-54.000,-54.000,-28.000,-28.000,-10.000,-10.000,-10.000,-10.000,-54.000,-54.000,-28.000,-28.000,-10.000,-10.000,-10.000,-10.000,0.0,0.0,0.0,0.0,0.0,0.0,0.0,0.0,0.0,0.0,0.0,0.0,0.0,0.0,0.0,0.0
1790303551.090379,16.999,-12.42218,-12.42218,-12.42218,-12.42218,-12.42218,-12.42218,-12.42218,0.04150,-12.42218,-12.42218,-12.42218,-12.42218,-12.42218,-12.42218,-12.42218,0.04150,-45.0000,-45.0000,-10.0000,-10.0000,-30.0000,-30.0000,-30.0000,-30.0000,-45.0000,-45.0000,-10.0000,-10.0000,-30.0000,-30.0000,-30.0000,-30.0000,-54.000,-54.000,-28.000,-28.000,-10.000,-10.000,-10.000,-10.000,-54.000,-54.000,-28.000,-28.000,-10.000,-10.000,-10.000,-10.000,0.0,0.0,0.0,0.0,0.0,0.0,0.0,0.0,0.0,0.0,0.0,0.0,0.0,0.0,0.0,0.0
1790303551.100502,17.009,-12.42218,-12.42218,-12.42218,-12.42218,-12.42218,-12.42218,-12.42218,0.04150,-12.42218,-12.42218,-12.42218,-12.42218,-12.42218,-12.42218,-12.42218,0.04150,-45.0000,-45.0000,-10.0000,-10.0000,-30.0000,-30.0000,-30.0000,-30.0000,-45.0000,-45.0000,-10.0000,-10.0000,-30.0000,-30.0000,-30.0000,-30.0000,-54.000,-54.000,-28.000,-28.000,-10.000,-10.000,-10.000,-10.000,-54.000,-54.000,-28.000,-28.000,-10.000,-10.000,-10.000,-10.000,0.0,0.0,0.0,0.0,0.0,0.0,0.0,0.0,0.0,0.0,0.0,0.0,0.0,0.0,0.0,0.0
1790303551.110338,17.019,-12.42218,-12.42218,-12.42218,-12.42218,-12.42218,-12.42218,-12.42218,0.04150,-12.42218,-12.42218,-12.42218,-12.42218,-12.42218,-12.42218,-12.42218,0.04150,-45.0000,-45.0000,-10.0000,-10.0000,-30.0000,-30.0000,-30.0000,-30.0000,-45.0000,-45.0000,-10.0000,-10.0000,-30.0000,-30.0000,-30.0000,-30.0000,-54.000,-54.000,-28.000,-28.000,-10.000,-10.000,-10.000,-10.000,-54.000,-54.000,-28.000,-28.000,-10.000,-10.000,-10.000,-10.000,0.0,0.0,0.0,0.0,0.0,0.0,0.0,0.0,0.0,0.0,0.0,0.0,0.0,0.0,0.0,0.0
1790303551.120231,17.029,-12.42218,-12.42218,-12.42218,-12.42218,-12.42218,-12.42218,-12.42218,0.04150,-12.42218,-12.42218,-12.42218,-12.42218,-12.42218,-12.42218,-12.42218,0.04150,-45.0000,-45.0000,-10.0000,-10.0000,-30.0000,-30.0000,-30.0000,-30.0000,-45.0000,-45.0000,-10.0000,-10.0000,-30.0000,-30.0000,-30.0000,-30.0000,-54.000,-54.000,-28.000,-28.000,-10.000,-10.000,-10.000,-10.000,-54.000,-54.000,-28.000,-28.000,-10.000,-10.000,-10.000,-10.000,0.0,0.0,0.0,0.0,0.0,0.0,0.0,0.0,0.0,0.0,0.0,0.0,0.0,0.0,0.0,0.0
1790303551.130358,17.039,-12.42218,-12.42218,-12.42218,-12.42218,-12.42218,-12.42218,-12.42218,0.04150,-12.42218,-12.42218,-12.42218,-12.42218,-12.42218,-12.42218,-12.42218,0.04150,-45.0000,-45.0000,-10.0000,-10.0000,-30.0000,-30.0000,-30.0000,-30.0000,-45.0000,-45.0000,-10.0000,-10.0000,-30.0000,-30.0000,-30.0000,-30.0000,-54.000,-54.000,-28.000,-28.000,-10.000,-10.000,-10.000,-10.000,-54.000,-54.000,-28.000,-28.000,-10.000,-10.000,-10.000,-10.000,0.0,0.0,0.0,0.0,0.0,0.0,0.0,0.0,0.0,0.0,0.0,0.0,0.0,0.0,0.0,0.0
1790303551.140635,17.050,-12.42218,-12.42218,-12.42218,-12.42218,-12.42218,-12.42218,-12.42218,0.04150,-12.42218,-12.42218,-12.42218,-12.42218,-12.42218,-12.42218,-12.42218,0.04150,-45.0000,-45.0000,-10.0000,-10.0000,-30.0000,-30.0000,-30.0000,-30.0000,-45.0000,-45.0000,-10.0000,-10.0000,-30.0000,-30.0000,-30.0000,-30.0000,-54.000,-54.000,-28.000,-28.000,-10.000,-10.000,-10.000,-10.000,-54.000,-54.000,-28.000,-28.000,-10.000,-10.000,-10.000,-10.000,0.0,0.0,0.0,0.0,0.0,0.0,0.0,0.0,0.0,0.0,0.0,0.0,0.0,0.0,0.0,0.0
1790303551.150783,17.060,-12.42218,-12.42218,-12.42218,-12.42218,-12.42218,-12.42218,-12.42218,0.04150,-12.42218,-12.42218,-12.42218,-12.42218,-12.42218,-12.42218,-12.42218,0.04150,-45.0000,-45.0000,-10.0000,-10.0000,-30.0000,-30.0000,-30.0000,-30.0000,-45.0000,-45.0000,-10.0000,-10.0000,-30.0000,-30.0000,-30.0000,-30.0000,-54.000,-54.000,-28.000,-28.000,-10.000,-10.000,-10.000,-10.000,-54.000,-54.000,-28.000,-28.000,-10.000,-10.000,-10.000,-10.000,0.0,0.0,0.0,0.0,0.0,0.0,0.0,0.0,0.0,0.0,0.0,0.0,0.0,0.0,0.0,0.0
1790303551.160549,17.069,-12.42218,-12.42218,-12.42218,-12.42218,-12.42218,-12.42218,-12.42218,0.04150,-12.42218,-12.42218,-12.42218,-12.42218,-12.42218,-12.42218,-12.42218,0.04150,-45.0000,-45.0000,-10.0000,-10.0000,-30.0000,-30.0000,-30.0000,-30.0000,-45.0000,-45.0000,-10.0000,-10.0000,-30.0000,-30.0000,-30.0000,-30.0000,-54.000,-54.000,-28.000,-28.000,-10.000,-10.000,-10.000,-10.000,-54.000,-54.000,-28.000,-28.000,-10.000,-10.000,-10.000,-10.000,0.0,0.0,0.0,0.0,0.0,0.0,0.0,0.0,0.0,0.0,0.0,0.0,0.0,0.0,0.0,0.0
1790303551.170368,17.079,-12.42218,-12.42218,-12.42218,-12.42218,-12.42218,-12.42218,-12.42218,0.04150,-12.42218,-12.42218,-12.42218,-12.42218,-12.42218,-12.42218,-12.42218,0.04150,-45.0000,-45.0000,-10.0000,-10.0000,-30.0000,-30.0000,-30.0000,-30.0000,-45.0000,-45.0000,-10.0000,-10.0000,-30.0000,-30.0000,-30.0000,-30.0000,-54.000,-54.000,-28.000,-28.000,-10.000,-10.000,-10.000,-10.000,-54.000,-54.000,-28.000,-28.000,-10.000,-10.000,-10.000,-10.000,0.0,0.0,0.0,0.0,0.0,0.0,0.0,0.0,0.0,0.0,0.0,0.0,0.0,0.0,0.0,0.0
1790303551.180546,17.089,-12.42218,-12.42218,-12.42218,-12.42218,-12.42218,-12.42218,-12.42218,0.04150,-12.42218,-12.42218,-12.42218,-12.42218,-12.42218,-12.42218,-12.42218,0.04150,-45.0000,-45.0000,-10.0000,-10.0000,-30.0000,-30.0000,-30.0000,-30.0000,-45.0000,-45.0000,-10.0000,-10.0000,-30.0000,-30.0000,-30.0000,-30.0000,-54.000,-54.000,-28.000,-28.000,-10.000,-10.000,-10.000,-10.000,-54.000,-54.000,-28.000,-28.000,-10.000,-10.000,-10.000,-10.000,0.0,0.0,0.0,0.0,0.0,0.0,0.0,0.0,0.0,0.0,0.0,0.0,0.0,0.0,0.0,0.0
1790303551.190810,17.100,-12.42218,-12.42218,-12.42218,-12.42218,-12.42218,-12.42218,-12.42218,0.04150,-12.42218,-12.42218,-12.42218,-12.42218,-12.42218,-12.42218,-12.42218,0.04150,-45.0000,-45.0000,-10.0000,-10.0000,-30.0000,-30.0000,-30.0000,-30.0000,-45.0000,-45.0000,-10.0000,-10.0000,-30.0000,-30.0000,-30.0000,-30.0000,-54.000,-54.000,-28.000,-28.000,-10.000,-10.000,-10.000,-10.000,-54.000,-54.000,-28.000,-28.000,-10.000,-10.000,-10.000,-10.000,0.0,0.0,0.0,0.0,0.0,0.0,0.0,0.0,0.0,0.0,0.0,0.0,0.0,0.0,0.0,0.0
1790303551.200399,17.109,-12.42218,-12.42218,-12.42218,-12.42218,-12.42218,-12.42218,-12.42218,0.04150,-12.42218,-12.42218,-12.42218,-12.42218,-12.42218,-12.42218,-12.42218,0.04150,-45.0000,-45.0000,-10.0000,-10.0000,-30.0000,-30.0000,-30.0000,-30.0000,-45.0000,-45.0000,-10.0000,-10.0000,-30.0000,-30.0000,-30.0000,-30.0000,-54.000,-54.000,-28.000,-28.000,-10.000,-10.000,-10.000,-10.000,-54.000,-54.000,-28.000,-28.000,-10.000,-10.000,-10.000,-10.000,0.0,0.0,0.0,0.0,0.0,0.0,0.0,0.0,0.0,0.0,0.0,0.0,0.0,0.0,0.0,0.0
1790303551.210418,17.119,-12.42218,-12.42218,-12.42218,-12.42218,-12.42218,-12.42218,-12.42218,0.04150,-12.42218,-12.42218,-12.42218,-12.42218,-12.42218,-12.42218,-12.42218,0.04150,-45.0000,-45.0000,-10.0000,-10.0000,-30.0000,-30.0000,-30.0000,-30.0000,-45.0000,-45.0000,-10.0000,-10.0000,-30.0000,-30.0000,-30.0000,-30.0000,-54.000,-54.000,-28.000,-28.000,-10.000,-10.000,-10.000,-10.000,-54.000,-54.000,-28.000,-28.000,-10.000,-10.000,-10.000,-10.000,0.0,0.0,0.0,0.0,0.0,0.0,0.0,0.0,0.0,0.0,0.0,0.0,0.0,0.0,0.0,0.0
1790303551.220150,17.129,-12.42218,-12.42218,-12.42218,-12.42218,-12.42218,-12.42218,-12.42218,0.04150,-12.42218,-12.42218,-12.42218,-12.42218,-12.42218,-12.42218,-12.42218,0.04150,-45.0000,-45.0000,-10.0000,-10.0000,-30.0000,-30.0000,-30.0000,-30.0000,-45.0000,-45.0000,-10.0000,-10.0000,-30.0000,-30.0000,-30.0000,-30.0000,-54.000,-54.000,-28.000,-28.000,-10.000,-10.000,-10.000,-10.000,-54.000,-54.000,-28.000,-28.000,-10.000,-10.000,-10.000,-10.000,0.0,0.0,0.0,0.0,0.0,0.0,0.0,0.0,0.0,0.0,0.0,0.0,0.0,0.0,0.0,0.0
1790303551.230373,17.139,-12.42218,-12.42218,-12.42218,-12.42218,-12.42218,-12.42218,-12.42218,0.04150,-12.42218,-12.42218,-12.42218,-12.42218,-12.42218,-12.42218,-12.42218,0.04150,-45.0000,-45.0000,-10.0000,-10.0000,-30.0000,-30.0000,-30.0000,-30.0000,-45.0000,-45.0000,-10.0000,-10.0000,-30.0000,-30.0000,-30.0000,-30.0000,-54.000,-54.000,-28.000,-28.000,-10.000,-10.000,-10.000,-10.000,-54.000,-54.000,-28.000,-28.000,-10.000,-10.000,-10.000,-10.000,0.0,0.0,0.0,0.0,0.0,0.0,0.0,0.0,0.0,0.0,0.0,0.0,0.0,0.0,0.0,0.0
1790303551.240315,17.149,-12.42218,-12.42218,-12.42218,-12.42218,-12.42218,-12.42218,-12.42218,0.04150,-12.42218,-12.42218,-12.42218,-12.42218,-12.42218,-12.42218,-12.42218,0.04150,-45.0000,-45.0000,-10.0000,-10.0000,-30.0000,-30.0000,-30.0000,-30.0000,-45.0000,-45.0000,-10.0000,-10.0000,-30.0000,-30.0000,-30.0000,-30.0000,-54.000,-54.000,-28.000,-28.000,-10.000,-10.000,-10.000,-10.000,-54.000,-54.000,-28.000,-28.000,-10.000,-10.000,-10.000,-10.000,0.0,0.0,0.0,0.0,0.0,0.0,0.0,0.0,0.0,0.0,0.0,0.0,0.0,0.0,0.0,0.0
1790303551.250373,17.159,-12.42218,-12.42218,-12.42218,-12.42218,-12.42218,-12.42218,-12.42218,0.04150,-12.42218,-12.42218,-12.42218,-12.42218,-12.42218,-12.42218,-12.42218,0.04150,-45.0000,-45.0000,-10.0000,-10.0000,-30.0000,-30.0000,-30.0000,-30.0000,-45.0000,-45.0000,-10.0000,-10.0000,-30.0000,-30.0000,-30.0000,-30.0000,-54.000,-54.000,-28.000,-28.000,-10.000,-10.000,-10.000,-10.000,-54.000,-54.000,-28.000,-28.000,-10.000,-10.000,-10.000,-10.000,0.0,0.0,0.0,0.0,0.0,0.0,0.0,0.0,0.0,0.0,0.0,0.0,0.0,0.0,0.0,0.0
1790303551.260568,17.169,-12.42218,-12.42218,-12.42218,-12.42218,-12.42218,-12.42218,-12.42218,0.04150,-12.42218,-12.42218,-12.42218,-12.42218,-12.42218,-12.42218,-12.42218,0.04150,-45.0000,-45.0000,-10.0000,-10.0000,-30.0000,-30.0000,-30.0000,-30.0000,-45.0000,-45.0000,-10.0000,-10.0000,-30.0000,-30.0000,-30.0000,-30.0000,-54.000,-54.000,-28.000,-28.000,-10.000,-10.000,-10.000,-10.000,-54.000,-54.000,-28.000,-28.000,-10.000,-10.000,-10.000,-10.000,0.0,0.0,0.0,0.0,0.0,0.0,0.0,0.0,0.0,0.0,0.0,0.0,0.0,0.0,0.0,0.0
1790303551.270400,17.179,-12.42218,-12.42218,-12.42218,-12.42218,-12.42218,-12.42218,-12.42218,0.04150,-12.42218,-12.42218,-12.42218,-12.42218,-12.42218,-12.42218,-12.42218,0.04150,-45.0000,-45.0000,-10.0000,-10.0000,-30.0000,-30.0000,-30.0000,-30.0000,-45.0000,-45.0000,-10.0000,-10.0000,-30.0000,-30.0000,-30.0000,-30.0000,-54.000,-54.000,-28.000,-28.000,-10.000,-10.000,-10.000,-10.000,-54.000,-54.000,-28.000,-28.000,-10.000,-10.000,-10.000,-10.000,0.0,0.0,0.0,0.0,0.0,0.0,0.0,0.0,0.0,0.0,0.0,0.0,0.0,0.0,0.0,0.0
1790303551.280169,17.189,-12.42218,-12.42218,-12.42218,-12.42218,-12.42218,-12.42218,-12.42218,0.04150,-12.42218,-12.42218,-12.42218,-12.42218,-12.42218,-12.42218,-12.42218,0.04150,-45.0000,-45.0000,-10.0000,-10.0000,-30.0000,-30.0000,-30.0000,-30.0000,-45.0000,-45.0000,-10.0000,-10.0000,-30.0000,-30.0000,-30.0000,-30.0000,-54.000,-54.000,-28.000,-28.000,-10.000,-10.000,-10.000,-10.000,-54.000,-54.000,-28.000,-28.000,-10.000,-10.000,-10.000,-10.000,0.0,0.0,0.0,0.0,0.0,0.0,0.0,0.0,0.0,0.0,0.0,0.0,0.0,0.0,0.0,0.0
1790303551.290423,17.199,-12.42218,-12.42218,-12.42218,-12.42218,-12.42218,-12.42218,-12.42218,0.04150,-12.42218,-12.42218,-12.42218,-12.42218,-12.42218,-12.42218,-12.42218,0.04150,-45.0000,-45.0000,-10.0000,-10.0000,-30.0000,-30.0000,-30.0000,-30.0000,-45.0000,-45.0000,-10.0000,-10.0000,-30.0000,-30.0000,-30.0000,-30.0000,-54.000,-54.000,-28.000,-28.000,-10.000,-10.000,-10.000,-10.000,-54.000,-54.000,-28.000,-28.000,-10.000,-10.000,-10.000,-10.000,0.0,0.0,0.0,0.0,0.0,0.0,0.0,0.0,0.0,0.0,0.0,0.0,0.0,0.0,0.0,0.0
1790303551.300190,17.209,-12.42218,-12.42218,-12.42218,-12.42218,-12.42218,-12.42218,-12.42218,0.04150,-12.42218,-12.42218,-12.42218,-12.42218,-12.42218,-12.42218,-12.42218,0.04150,-45.0000,-45.0000,-10.0000,-10.0000,-30.0000,-30.0000,-30.0000,-30.0000,-45.0000,-45.0000,-10.0000,-10.0000,-30.0000,-30.0000,-30.0000,-30.0000,-54.000,-54.000,-28.000,-28.000,-10.000,-10.000,-10.000,-10.000,-54.000,-54.000,-28.000,-28.000,-10.000,-10.000,-10.000,-10.000,0.0,0.0,0.0,0.0,0.0,0.0,0.0,0.0,0.0,0.0,0.0,0.0,0.0,0.0,0.0,0.0
1790303551.310356,17.219,-12.42218,-12.42218,-12.42218,-12.42218,-12.42218,-12.42218,-12.42218,0.04150,-12.42218,-12.42218,-12.42218,-12.42218,-12.42218,-12.42218,-12.42218,0.04150,-45.0000,-45.0000,-10.0000,-10.0000,-30.0000,-30.0000,-30.0000,-30.0000,-45.0000,-45.0000,-10.0000,-10.0000,-30.0000,-30.0000,-30.0000,-30.0000,-54.000,-54.000,-28.000,-28.000,-10.000,-10.000,-10.000,-10.000,-54.000,-54.000,-28.000,-28.000,-10.000,-10.000,-10.000,-10.000,0.0,0.0,0.0,0.0,0.0,0.0,0.0,0.0,0.0,0.0,0.0,0.0,0.0,0.0,0.0,0.0
1790303551.320290,17.229,-12.42218,-12.42218,-12.42218,-12.42218,-12.42218,-12.42218,-12.42218,0.04150,-12.42218,-12.42218,-12.42218,-12.42218,-12.42218,-12.42218,-12.42218,0.04150,-45.0000,-45.0000,-10.0000,-10.0000,-30.0000,-30.0000,-30.0000,-30.0000,-45.0000,-45.0000,-10.0000,-10.0000,-30.0000,-30.0000,-30.0000,-30.0000,-54.000,-54.000,-28.000,-28.000,-10.000,-10.000,-10.000,-10.000,-54.000,-54.000,-28.000,-28.000,-10.000,-10.000,-10.000,-10.000,0.0,0.0,0.0,0.0,0.0,0.0,0.0,0.0,0.0,0.0,0.0,0.0,0.0,0.0,0.0,0.0
1790303551.330362,17.239,-12.42218,-12.42218,-12.42218,-12.42218,-12.42218,-12.42218,-12.42218,0.04150,-12.42218,-12.42218,-12.42218,-12.42218,-12.42218,-12.42218,-12.42218,0.04150,-45.0000,-45.0000,-10.0000,-10.0000,-30.0000,-30.0000,-30.0000,-30.0000,-45.0000,-45.0000,-10.0000,-10.0000,-30.0000,-30.0000,-30.0000,-30.0000,-54.000,-54.000,-28.000,-28.000,-10.000,-10.000,-10.000,-10.000,-54.000,-54.000,-28.000,-28.000,-10.000,-10.000,-10.000,-10.000,0.0,0.0,0.0,0.0,0.0,0.0,0.0,0.0,0.0,0.0,0.0,0.0,0.0,0.0,0.0,0.0
1790303551.340547,17.249,-12.42218,-12.42218,-12.42218,-12.42218,-12.42218,-12.42218,-12.42218,0.04150,-12.42218,-12.42218,-12.42218,-12.42218,-12.42218,-12.42218,-12.42218,0.04150,-45.0000,-45.0000,-10.0000,-10.0000,-30.0000,-30.0000,-30.0000,-30.0000,-45.0000,-45.0000,-10.0000,-10.0000,-30.0000,-30.0000,-30.0000,-30.0000,-54.000,-54.000,-28.000,-28.000,-10.000,-10.000,-10.000,-10.000,-54.000,-54.000,-28.000,-28.000,-10.000,-10.000,-10.000,-10.000,0.0,0.0,0.0,0.0,0.0,0.0,0.0,0.0,0.0,0.0,0.0,0.0,0.0,0.0,0.0,0.0
1790303551.350846,17.260,-12.42218,-12.42218,-12.42218,-12.42218,-12.42218,-12.42218,-12.42218,0.04150,-12.42218,-12.42218,-12.42218,-12.42218,-12.42218,-12.42218,-12.42218,0.04150,-45.0000,-45.0000,-10.0000,-10.0000,-30.0000,-30.0000,-30.0000,-30.0000,-45.0000,-45.0000,-10.0000,-10.0000,-30.0000,-30.0000,-30.0000,-30.0000,-54.000,-54.000,-28.000,-28.000,-10.000,-10.000,-10.000,-10.000,-54.000,-54.000,-28.000,-28.000,-10.000,-10.000,-10.000,-10.000,0.0,0.0,0.0,0.0,0.0,0.0,0.0,0.0,0.0,0.0,0.0,0.0,0.0,0.0,0.0,0.0
1790303551.360538,17.269,-12.42218,-12.42218,-12.42218,-12.42218,-12.42218,-12.42218,-12.42218,0.04150,-12.42218,-12.42218,-12.42218,-12.42218,-12.42218,-12.42218,-12.42218,0.04150,-45.0000,-45.0000,-10.0000,-10.0000,-30.0000,-30.0000,-30.0000,-30.0000,-45.0000,-45.0000,-10.0000,-10.0000,-30.0000,-30.0000,-30.0000,-30.0000,-54.000,-54.000,-28.000,-28.000,-10.000,-10.000,-10.000,-10.000,-54.000,-54.000,-28.000,-28.000,-10.000,-10.000,-10.000,-10.000,0.0,0.0,0.0,0.0,0.0,0.0,0.0,0.0,0.0,0.0,0.0,0.0,0.0,0.0,0.0,0.0
1790303551.370358,17.279,-12.42218,-12.42218,-12.42218,-12.42218,-12.42218,-12.42218,-12.42218,0.04150,-12.42218,-12.42218,-12.42218,-12.42218,-12.42218,-12.42218,-12.42218,0.04150,-45.0000,-45.0000,-10.0000,-10.0000,-30.0000,-30.0000,-30.0000,-30.0000,-45.0000,-45.0000,-10.0000,-10.0000,-30.0000,-30.0000,-30.0000,-30.0000,-54.000,-54.000,-28.000,-28.000,-10.000,-10.000,-10.000,-10.000,-54.000,-54.000,-28.000,-28.000,-10.000,-10.000,-10.000,-10.000,0.0,0.0,0.0,0.0,0.0,0.0,0.0,0.0,0.0,0.0,0.0,0.0,0.0,0.0,0.0,0.0
1790303551.380146,17.289,-12.42218,-12.42218,-12.42218,-12.42218,-12.42218,-12.42218,-12.42218,0.04150,-12.42218,-12.42218,-12.42218,-12.42218,-12.42218,-12.42218,-12.42218,0.04150,-45.0000,-45.0000,-10.0000,-10.0000,-30.0000,-30.0000,-30.0000,-30.0000,-45.0000,-45.0000,-10.0000,-10.0000,-30.0000,-30.0000,-30.0000,-30.0000,-54.000,-54.000,-28.000,-28.000,-10.000,-10.000,-10.000,-10.000,-54.000,-54.000,-28.000,-28.000,-10.000,-10.000,-10.000,-10.000,0.0,0.0,0.0,0.0,0.0,0.0,0.0,0.0,0.0,0.0,0.0,0.0,0.0,0.0,0.0,0.0
1790303551.390340,17.299,-12.42218,-12.42218,-12.42218,-12.42218,-12.42218,-12.42218,-12.42218,0.04150,-12.42218,-12.42218,-12.42218,-12.42218,-12.42218,-12.42218,-12.42218,0.04150,-45.0000,-45.0000,-10.0000,-10.0000,-30.0000,-30.0000,-30.0000,-30.0000,-45.0000,-45.0000,-10.0000,-10.0000,-30.0000,-30.0000,-30.0000,-30.0000,-54.000,-54.000,-28.000,-28.000,-10.000,-10.000,-10.000,-10.000,-54.000,-54.000,-28.000,-28.000,-10.000,-10.000,-10.000,-10.000,0.0,0.0,0.0,0.0,0.0,0.0,0.0,0.0,0.0,0.0,0.0,0.0,0.0,0.0,0.0,0.0
1790303551.400526,17.309,-12.42218,-12.42218,-12.42218,-12.42218,-12.42218,-12.42218,-12.42218,0.04150,-12.42218,-12.42218,-12.42218,-12.42218,-12.42218,-12.42218,-12.42218,0.04150,-45.0000,-45.0000,-10.0000,-10.0000,-30.0000,-30.0000,-30.0000,-30.0000,-45.0000,-45.0000,-10.0000,-10.0000,-30.0000,-30.0000,-30.0000,-30.0000,-54.000,-54.000,-28.000,-28.000,-10.000,-10.000,-10.000,-10.000,-54.000,-54.000,-28.000,-28.000,-10.000,-10.000,-10.000,-10.000,0.0,0.0,0.0,0.0,0.0,0.0,0.0,0.0,0.0,0.0,0.0,0.0,0.0,0.0,0.0,0.0
1790303551.410760,17.320,-12.42218,-12.42218,-12.42218,-12.42218,-12.42218,-12.42218,-12.42218,0.04150,-12.42218,-12.42218,-12.42218,-12.42218,-12.42218,-12.42218,-12.42218,0.04150,-45.0000,-45.0000,-10.0000,-10.0000,-30.0000,-30.0000,-30.0000,-30.0000,-45.0000,-45.0000,-10.0000,-10.0000,-30.0000,-30.0000,-30.0000,-30.0000,-54.000,-54.000,-28.000,-28.000,-10.000,-10.000,-10.000,-10.000,-54.000,-54.000,-28.000,-28.000,-10.000,-10.000,-10.000,-10.000,0.0,0.0,0.0,0.0,0.0,0.0,0.0,0.0,0.0,0.0,0.0,0.0,0.0,0.0,0.0,0.0
1790303551.420536,17.329,-12.42218,-12.42218,-12.42218,-12.42218,-12.42218,-12.42218,-12.42218,0.04150,-12.42218,-12.42218,-12.42218,-12.42218,-12.42218,-12.42218,-12.42218,0.04150,-45.0000,-45.0000,-10.0000,-10.0000,-30.0000,-30.0000,-30.0000,-30.0000,-45.0000,-45.0000,-10.0000,-10.0000,-30.0000,-30.0000,-30.0000,-30.0000,-54.000,-54.000,-28.000,-28.000,-10.000,-10.000,-10.000,-10.000,-54.000,-54.000,-28.000,-28.000,-10.000,-10.000,-10.000,-10.000,0.0,0.0,0.0,0.0,0.0,0.0,0.0,0.0,0.0,0.0,0.0,0.0,0.0,0.0,0.0,0.0
1790303551.430372,17.339,-12.42218,-12.42218,-12.42218,-12.42218,-12.42218,-12.42218,-12.42218,0.04150,-12.42218,-12.42218,-12.42218,-12.42218,-12.42218,-12.42218,-12.42218,0.04150,-45.0000,-45.0000,-10.0000,-10.0000,-30.0000,-30.0000,-30.0000,-27.6557,-45.0000,-45.0000,-10.0000,-10.0000,-30.0000,-30.0000,-30.0000,-30.0000,-54.000,-54.000,-28.000,-28.000,-10.000,-10.000,-10.000,-4.999,-54.000,-54.000,-28.000,-28.000,-10.000,-10.000,-10.000,-10.000,0.0,0.0,0.0,0.0,0.0,0.0,0.0,0.0,0.0,0.0,0.0,0.0,0.0,0.0,0.0,0.0
1790303551.440519,17.349,-12.42218,-12.42218,-12.42218,-12.42218,-12.42218,-12.42218,-12.42218,0.04150,-12.42218,-12.42218,-12.42218,-12.42218,-12.42218,-12.42218,-12.42218,0.04150,-45.0000,-45.0000,-10.0000,-10.0000,-30.0000,-30.0000,-30.0000,-27.6557,-45.0000,-45.0000,-10.0000,-10.0000,-30.0000,-30.0000,-30.0000,-30.0000,-54.000,-54.000,-28.000,-28.000,-10.000,-10.000,-10.000,-4.999,-54.000,-54.000,-28.000,-28.000,-10.000,-10.000,-10.000,-10.000,0.0,0.0,0.0,0.0,0.0,0.0,0.0,0.0,0.0,0.0,0.0,0.0,0.0,0.0,0.0,0.0
1790303551.450831,17.360,-12.42218,-12.42218,-12.42218,-12.42218,-12.42218,-12.42218,-12.42218,0.04150,-12.42218,-12.42218,-12.42218,-12.42218,-12.42218,-12.42218,-12.42218,0.04150,-45.0000,-45.0000,-10.0000,-10.0000,-30.0000,-30.0000,-30.0000,-27.6557,-45.0000,-45.0000,-10.0000,-10.0000,-30.0000,-30.0000,-30.0000,-30.0000,-54.000,-54.000,-28.000,-28.000,-10.000,-10.000,-10.000,-4.999,-54.000,-54.000,-28.000,-28.000,-10.000,-10.000,-10.000,-10.000,0.0,0.0,0.0,0.0,0.0,0.0,0.0,0.0,0.0,0.0,0.0,0.0,0.0,0.0,0.0,0.0
1790303551.460535,17.369,-12.42218,-12.42218,-12.42218,-12.42218,-12.42218,-12.42218,-12.42218,0.04150,-12.42218,-12.42218,-12.42218,-12.42218,-12.42218,-12.42218,-12.42218,0.04150,-45.0000,-45.0000,-10.0000,-10.0000,-30.0000,-30.0000,-30.0000,-27.6557,-45.0000,-45.0000,-10.0000,-10.0000,-30.0000,-30.0000,-30.0000,-30.0000,-54.000,-54.000,-28.000,-28.000,-10.000,-10.000,-10.000,-4.999,-54.000,-54.000,-28.000,-28.000,-10.000,-10.000,-10.000,-10.000,0.0,0.0,0.0,0.0,0.0,0.0,0.0,0.0,0.0,0.0,0.0,0.0,0.0,0.0,0.0,0.0
1790303551.470343,17.379,-12.42218,-12.42218,-12.42218,-12.42218,-12.42218,-12.42218,-12.42218,0.04150,-12.42218,-12.42218,-12.42218,-12.42218,-12.42218,-12.42218,-12.42218,0.04150,-45.0000,-45.0000,-10.0000,-10.0000,-30.0000,-30.0000,-30.0000,-30.0000,-45.0000,-45.0000,-10.0000,-10.0000,-30.0000,-30.0000,-30.0000,-30.0000,-54.000,-54.000,-28.000,-28.000,-10.000,-10.000,-10.000,-10.000,-54.000,-54.000,-28.000,-28.000,-10.000,-10.000,-10.000,-10.000,0.0,0.0,0.0,0.0,0.0,0.0,0.0,0.0,0.0,0.0,0.0,0.0,0.0,0.0,0.0,0.0
1790303551.480561,17.389,-12.42218,-12.42218,-12.42218,-12.42218,-12.42218,-12.42218,-12.42218,0.04150,-12.42218,-12.42218,-12.42218,-12.42218,-12.42218,-12.42218,-12.42218,0.04150,-45.0000,-45.0000,-10.0000,-10.0000,-30.0000,-30.0000,-30.0000,-30.0000,-45.0000,-45.0000,-10.0000,-10.0000,-30.0000,-30.0000,-30.0000,-30.0000,-54.000,-54.000,-28.000,-28.000,-10.000,-10.000,-10.000,-10.000,-54.000,-54.000,-28.000,-28.000,-10.000,-10.000,-10.000,-10.000,0.0,0.0,0.0,0.0,0.0,0.0,0.0,0.0,0.0,0.0,0.0,0.0,0.0,0.0,0.0,0.0
1790303551.490364,17.399,-12.42218,-12.42218,-12.42218,-12.42218,-12.42218,-12.42218,-12.42218,0.04150,-12.42218,-12.42218,-12.42218,-12.42218,-12.42218,-12.42218,-12.42218,0.04150,-45.0000,-45.0000,-10.0000,-10.0000,-30.0000,-30.0000,-30.0000,-30.0000,-45.0000,-45.0000,-10.0000,-10.0000,-30.0000,-30.0000,-30.0000,-27.6557,-54.000,-54.000,-28.000,-28.000,-10.000,-10.000,-10.000,-10.000,-54.000,-54.000,-28.000,-28.000,-10.000,-10.000,-10.000,-4.999,0.0,0.0,0.0,0.0,0.0,0.0,0.0,0.0,0.0,0.0,0.0,0.0,0.0,0.0,0.0,0.0
1790303551.500563,17.409,-12.42218,-12.42218,-12.42218,-12.42218,-12.42218,-12.42218,-12.42218,0.04150,-12.42218,-12.42218,-12.42218,-12.42218,-12.42218,-12.42218,-12.42218,0.04150,-45.0000,-45.0000,-10.0000,-10.0000,-30.0000,-30.0000,-30.0000,-30.0000,-45.0000,-45.0000,-10.0000,-10.0000,-30.0000,-30.0000,-30.0000,-27.6557,-54.000,-54.000,-28.000,-28.000,-10.000,-10.000,-10.000,-10.000,-54.000,-54.000,-28.000,-28.000,-10.000,-10.000,-10.000,-4.999,0.0,0.0,0.0,0.0,0.0,0.0,0.0,0.0,0.0,0.0,0.0,0.0,0.0,0.0,0.0,0.0
1790303551.510364,17.419,-12.42218,-12.42218,-12.42218,-12.42218,-12.42218,-12.42218,-12.42218,0.04150,-12.42218,-12.42218,-12.42218,-12.42218,-12.42218,-12.42218,-12.42218,0.04150,-45.0000,-45.0000,-10.0000,-10.0000,-30.0000,-30.0000,-30.0000,-30.0000,-45.0000,-45.0000,-10.0000,-10.0000,-30.0000,-30.0000,-30.0000,-30.0000,-54.000,-54.000,-28.000,-28.000,-10.000,-10.000,-10.000,-10.000,-54.000,-54.000,-28.000,-28.000,-10.000,-10.000,-10.000,-10.000,0.0,0.0,0.0,0.0,0.0,0.0,0.0,0.0,0.0,0.0,0.0,0.0,0.0,0.0,0.0,0.0
1790303551.520304,17.429,-12.42218,-12.42218,-12.42218,-12.42218,-12.42218,-12.42218,-12.42218,0.04150,-12.42218,-12.42218,-12.42218,-12.42218,-12.42218,-12.42218,-12.42218,0.04150,-45.0000,-45.0000,-10.0000,-10.0000,-30.0000,-30.0000,-30.0000,-30.0000,-45.0000,-45.0000,-10.0000,-10.0000,-30.0000,-30.0000,-30.0000,-30.0000,-54.000,-54.000,-28.000,-28.000,-10.000,-10.000,-10.000,-10.000,-54.000,-54.000,-28.000,-28.000,-10.000,-10.000,-10.000,-10.000,0.0,0.0,0.0,0.0,0.0,0.0,0.0,0.0,0.0,0.0,0.0,0.0,0.0,0.0,0.0,0.0
1790303551.530370,17.439,-12.42218,-12.42218,-12.42218,-12.42218,-12.42218,-12.42218,-12.42218,0.04150,-12.42218,-12.42218,-12.42218,-12.42218,-12.42218,-12.42218,-12.42218,0.04150,-45.0000,-45.0000,-10.0000,-10.0000,-30.0000,-30.0000,-30.0000,-30.0000,-45.0000,-45.0000,-10.0000,-10.0000,-30.0000,-30.0000,-30.0000,-30.0000,-54.000,-54.000,-28.000,-28.000,-10.000,-10.000,-10.000,-10.000,-54.000,-54.000,-28.000,-28.000,-10.000,-10.000,-10.000,-10.000,0.0,0.0,0.0,0.0,0.0,0.0,0.0,0.0,0.0,0.0,0.0,0.0,0.0,0.0,0.0,0.0
1790303551.540565,17.449,-12.42218,-12.42218,-12.42218,-12.42218,-12.42218,-12.42218,-12.42218,0.04150,-12.42218,-12.42218,-12.42218,-12.42218,-12.42218,-12.42218,-12.42218,0.04150,-45.0000,-45.0000,-10.0000,-10.0000,-30.0000,-30.0000,-30.0000,-30.0000,-45.0000,-45.0000,-10.0000,-10.0000,-30.0000,-30.0000,-30.0000,-30.0000,-54.000,-54.000,-28.000,-28.000,-10.000,-10.000,-10.000,-10.000,-54.000,-54.000,-28.000,-28.000,-10.000,-10.000,-10.000,-10.000,0.0,0.0,0.0,0.0,0.0,0.0,0.0,0.0,0.0,0.0,0.0,0.0,0.0,0.0,0.0,0.0
1790303551.550922,17.460,-12.42218,-12.42218,-12.42218,-12.42218,-12.42218,-12.42218,-12.42218,0.04150,-12.42218,-12.42218,-12.42218,-12.42218,-12.42218,-12.42218,-12.42218,0.04150,-45.0000,-45.0000,-10.0000,-10.0000,-30.0000,-30.0000,-30.0000,-30.0000,-45.0000,-45.0000,-10.0000,-10.0000,-30.0000,-30.0000,-30.0000,-30.0000,-54.000,-54.000,-28.000,-28.000,-10.000,-10.000,-10.000,-10.000,-54.000,-54.000,-28.000,-28.000,-10.000,-10.000,-10.000,-10.000,0.0,0.0,0.0,0.0,0.0,0.0,0.0,0.0,0.0,0.0,0.0,0.0,0.0,0.0,0.0,0.0
1790303551.560039,17.469,-12.42218,-12.42218,-12.42218,-12.42218,-12.42218,-12.42218,-12.42218,0.04150,-12.42218,-12.42218,-12.42218,-12.42218,-12.42218,-12.42218,-12.42218,0.04150,-45.0000,-45.0000,-10.0000,-10.0000,-30.0000,-30.0000,-30.0000,-30.0000,-45.0000,-45.0000,-10.0000,-10.0000,-30.0000,-30.0000,-30.0000,-30.0000,-54.000,-54.000,-28.000,-28.000,-10.000,-10.000,-10.000,-10.000,-54.000,-54.000,-28.000,-28.000,-10.000,-10.000,-10.000,-10.000,0.0,0.0,0.0,0.0,0.0,0.0,0.0,0.0,0.0,0.0,0.0,0.0,0.0,0.0,0.0,0.0
1790303551.570120,17.479,-12.42218,-12.42218,-12.42218,-12.42218,-12.42218,-12.42218,-12.42218,0.04150,-12.42218,-12.42218,-12.42218,-12.42218,-12.42218,-12.42218,-12.42218,0.04150,-45.0000,-45.0000,-10.0000,-10.0000,-30.0000,-30.0000,-30.0000,-30.0000,-45.0000,-45.0000,-10.0000,-10.0000,-30.0000,-30.0000,-30.0000,-30.0000,-54.000,-54.000,-28.000,-28.000,-10.000,-10.000,-10.000,-10.000,-54.000,-54.000,-28.000,-28.000,-10.000,-10.000,-10.000,-10.000,0.0,0.0,0.0,0.0,0.0,0.0,0.0,0.0,0.0,0.0,0.0,0.0,0.0,0.0,0.0,0.0
1790303551.580971,17.490,-12.42218,-12.42218,-12.42218,-12.42218,-12.42218,-12.42218,-12.42218,0.04150,-12.42218,-12.42218,-12.42218,-12.42218,-12.42218,-12.42218,-12.42218,0.04150,-45.0000,-45.0000,-10.0000,-10.0000,-30.0000,-30.0000,-30.0000,-30.0000,-45.0000,-45.0000,-10.0000,-10.0000,-30.0000,-30.0000,-30.0000,-30.0000,-54.000,-54.000,-28.000,-28.000,-10.000,-10.000,-10.000,-10.000,-54.000,-54.000,-28.000,-28.000,-10.000,-10.000,-10.000,-10.000,0.0,0.0,0.0,0.0,0.0,0.0,0.0,0.0,0.0,0.0,0.0,0.0,0.0,0.0,0.0,0.0
1790303551.591029,17.500,-12.42218,-12.42218,-12.42218,-12.42218,-12.42218,-12.42218,-12.42218,0.04150,-12.42218,-12.42218,-12.42218,-12.42218,-12.42218,-12.42218,-12.42218,0.04150,-45.0000,-45.0000,-10.0000,-10.0000,-30.0000,-30.0000,-30.0000,-30.0000,-45.0000,-45.0000,-10.0000,-10.0000,-30.0000,-30.0000,-30.0000,-30.0000,-54.000,-54.000,-28.000,-28.000,-10.000,-10.000,-10.000,-10.000,-54.000,-54.000,-28.000,-28.000,-10.000,-10.000,-10.000,-10.000,0.0,0.0,0.0,0.0,0.0,0.0,0.0,0.0,0.0,0.0,0.0,0.0,0.0,0.0,0.0,0.0
1790303551.600599,17.509,-12.42218,-12.42218,-12.42218,-12.42218,-12.42218,-12.42218,-12.42218,0.04150,-12.42218,-12.42218,-12.42218,-12.42218,-12.42218,-12.42218,-12.42218,0.04150,-45.0000,-45.0000,-10.0000,-10.0000,-30.0000,-30.0000,-30.0000,-30.0000,-45.0000,-45.0000,-10.0000,-10.0000,-30.0000,-30.0000,-30.0000,-30.0000,-54.000,-54.000,-28.000,-28.000,-10.000,-10.000,-10.000,-10.000,-54.000,-54.000,-28.000,-28.000,-10.000,-10.000,-10.000,-10.000,0.0,0.0,0.0,0.0,0.0,0.0,0.0,0.0,0.0,0.0,0.0,0.0,0.0,0.0,0.0,0.0
1790303551.610785,17.520,-12.42218,-12.42218,-12.42218,-12.42218,-12.42218,-12.42218,-12.42218,0.04150,-12.42218,-12.42218,-12.42218,-12.42218,-12.42218,-12.42218,-12.42218,0.04150,-45.0000,-45.0000,-10.0000,-10.0000,-30.0000,-30.0000,-30.0000,-30.0000,-45.0000,-45.0000,-10.0000,-10.0000,-30.0000,-30.0000,-30.0000,-30.0000,-54.000,-54.000,-28.000,-28.000,-10.000,-10.000,-10.000,-10.000,-54.000,-54.000,-28.000,-28.000,-10.000,-10.000,-10.000,-10.000,0.0,0.0,0.0,0.0,0.0,0.0,0.0,0.0,0.0,0.0,0.0,0.0,0.0,0.0,0.0,0.0
1790303551.620546,17.529,-12.42218,-12.42218,-12.42218,-12.42218,-12.42218,-12.42218,-12.42218,0.04150,-12.42218,-12.42218,-12.42218,-12.42218,-12.42218,-12.42218,-12.42218,0.04150,-45.0000,-45.0000,-10.0000,-10.0000,-30.0000,-30.0000,-30.0000,-30.0000,-45.0000,-45.0000,-10.0000,-10.0000,-30.0000,-30.0000,-30.0000,-30.0000,-54.000,-54.000,-28.000,-28.000,-10.000,-10.000,-10.000,-10.000,-54.000,-54.000,-28.000,-28.000,-10.000,-10.000,-10.000,-10.000,0.0,0.0,0.0,0.0,0.0,0.0,0.0,0.0,0.0,0.0,0.0,0.0,0.0,0.0,0.0,0.0
1790303551.630778,17.540,-12.42218,-12.42218,-12.42218,-12.42218,-12.42218,-12.42218,-12.42218,0.04150,-12.42218,-12.42218,-12.42218,-12.42218,-12.42218,-12.42218,-12.42218,0.04150,-45.0000,-45.0000,-10.0000,-10.0000,-30.0000,-30.0000,-30.0000,-30.0000,-45.0000,-45.0000,-10.0000,-10.0000,-30.0000,-30.0000,-30.0000,-30.0000,-54.000,-54.000,-28.000,-28.000,-10.000,-10.000,-10.000,-10.000,-54.000,-54.000,-28.000,-28.000,-10.000,-10.000,-10.000,-10.000,0.0,0.0,0.0,0.0,0.0,0.0,0.0,0.0,0.0,0.0,0.0,0.0,0.0,0.0,0.0,0.0
1790303551.640563,17.549,-12.42218,-12.42218,-12.42218,-12.42218,-12.42218,-12.42218,-12.42218,0.04150,-12.42218,-12.42218,-12.42218,-12.42218,-12.42218,-12.42218,-12.42218,0.04150,-45.0000,-45.0000,-10.0000,-10.0000,-30.0000,-30.0000,-30.0000,-30.0000,-45.0000,-45.0000,-10.0000,-10.0000,-30.0000,-30.0000,-30.0000,-30.0000,-54.000,-54.000,-28.000,-28.000,-10.000,-10.000,-10.000,-10.000,-54.000,-54.000,-28.000,-28.000,-10.000,-10.000,-10.000,-10.000,0.0,0.0,0.0,0.0,0.0,0.0,0.0,0.0,0.0,0.0,0.0,0.0,0.0,0.0,0.0,0.0
1790303551.650770,17.560,-12.42218,-12.42218,-12.42218,-12.42218,-12.42218,-12.42218,-12.42218,0.04150,-12.42218,-12.42218,-12.42218,-12.42218,-12.42218,-12.42218,-12.42218,0.04150,-45.0000,-45.0000,-10.0000,-10.0000,-30.0000,-30.0000,-30.0000,-30.0000,-45.0000,-45.0000,-10.0000,-10.0000,-30.0000,-30.0000,-30.0000,-30.0000,-54.000,-54.000,-28.000,-28.000,-10.000,-10.000,-10.000,-10.000,-54.000,-54.000,-28.000,-28.000,-10.000,-10.000,-10.000,-10.000,0.0,0.0,0.0,0.0,0.0,0.0,0.0,0.0,0.0,0.0,0.0,0.0,0.0,0.0,0.0,0.0
1790303551.660639,17.570,-12.42218,-12.42218,-12.42218,-12.42218,-12.42218,-12.42218,-12.42218,0.04150,-12.42218,-12.42218,-12.42218,-12.42218,-12.42218,-12.42218,-12.42218,0.04150,-45.0000,-45.0000,-10.0000,-10.0000,-30.0000,-30.0000,-30.0000,-30.0000,-45.0000,-45.0000,-10.0000,-10.0000,-30.0000,-30.0000,-30.0000,-30.0000,-54.000,-54.000,-28.000,-28.000,-10.000,-10.000,-10.000,-10.000,-54.000,-54.000,-28.000,-28.000,-10.000,-10.000,-10.000,-10.000,0.0,0.0,0.0,0.0,0.0,0.0,0.0,0.0,0.0,0.0,0.0,0.0,0.0,0.0,0.0,0.0
1790303551.670769,17.580,-12.42218,-12.42218,-12.42218,-12.42218,-12.42218,-12.42218,-12.42218,0.04150,-12.42218,-12.42218,-12.42218,-12.42218,-12.42218,-12.42218,-12.42218,0.04150,-45.0000,-45.0000,-10.0000,-10.0000,-30.0000,-30.0000,-30.0000,-30.0000,-45.0000,-45.0000,-10.0000,-10.0000,-30.0000,-30.0000,-30.0000,-30.0000,-54.000,-54.000,-28.000,-28.000,-10.000,-10.000,-10.000,-10.000,-54.000,-54.000,-28.000,-28.000,-10.000,-10.000,-10.000,-10.000,0.0,0.0,0.0,0.0,0.0,0.0,0.0,0.0,0.0,0.0,0.0,0.0,0.0,0.0,0.0,0.0
1790303551.680583,17.589,-12.42218,-12.42218,-12.42218,-12.42218,-12.42218,-12.42218,-12.42218,0.04150,-12.42218,-12.42218,-12.42218,-12.42218,-12.42218,-12.42218,-12.42218,0.04150,-45.0000,-45.0000,-10.0000,-10.0000,-30.0000,-30.0000,-30.0000,-30.0000,-45.0000,-45.0000,-10.0000,-10.0000,-30.0000,-30.0000,-30.0000,-30.0000,-54.000,-54.000,-28.000,-28.000,-10.000,-10.000,-10.000,-10.000,-54.000,-54.000,-28.000,-28.000,-10.000,-10.000,-10.000,-10.000,0.0,0.0,0.0,0.0,0.0,0.0,0.0,0.0,0.0,0.0,0.0,0.0,0.0,0.0,0.0,0.0
1790303551.690766,17.600,-12.42218,-12.42218,-12.42218,-12.42218,-12.42218,-12.42218,-12.42218,0.04150,-12.42218,-12.42218,-12.42218,-12.42218,-12.42218,-12.42218,-12.42218,0.04150,-45.0000,-45.0000,-10.0000,-10.0000,-30.0000,-30.0000,-30.0000,-30.0000,-45.0000,-45.0000,-10.0000,-10.0000,-30.0000,-30.0000,-30.0000,-30.0000,-54.000,-54.000,-28.000,-28.000,-10.000,-10.000,-10.000,-10.000,-54.000,-54.000,-28.000,-28.000,-10.000,-10.000,-10.000,-10.000,0.0,0.0,0.0,0.0,0.0,0.0,0.0,0.0,0.0,0.0,0.0,0.0,0.0,0.0,0.0,0.0
1790303551.700564,17.609,-12.42218,-12.42218,-12.42218,-12.42218,-12.42218,-12.42218,-12.42218,0.04150,-12.42218,-12.42218,-12.42218,-12.42218,-12.42218,-12.42218,-12.42218,0.04150,-45.0000,-45.0000,-10.0000,-10.0000,-30.0000,-30.0000,-30.0000,-30.0000,-45.0000,-45.0000,-10.0000,-10.0000,-30.0000,-30.0000,-30.0000,-30.0000,-54.000,-54.000,-28.000,-28.000,-10.000,-10.000,-10.000,-10.000,-54.000,-54.000,-28.000,-28.000,-10.000,-10.000,-10.000,-10.000,0.0,0.0,0.0,0.0,0.0,0.0,0.0,0.0,0.0,0.0,0.0,0.0,0.0,0.0,0.0,0.0
1790303551.710802,17.620,-12.42218,-12.42218,-12.42218,-12.42218,-12.42218,-12.42218,-12.42218,0.04150,-12.42218,-12.42218,-12.42218,-12.42218,-12.42218,-12.42218,-12.42218,0.04150,-45.0000,-45.0000,-10.0000,-10.0000,-30.0000,-30.0000,-30.0000,-30.0000,-45.0000,-45.0000,-10.0000,-10.0000,-30.0000,-30.0000,-30.0000,-30.0000,-54.000,-54.000,-28.000,-28.000,-10.000,-10.000,-10.000,-10.000,-54.000,-54.000,-28.000,-28.000,-10.000,-10.000,-10.000,-10.000,0.0,0.0,0.0,0.0,0.0,0.0,0.0,0.0,0.0,0.0,0.0,0.0,0.0,0.0,0.0,0.0
1790303551.720550,17.629,-12.42218,-12.42218,-12.42218,-12.42218,-12.42218,-12.42218,-12.42218,0.04150,-12.42218,-12.42218,-12.42218,-12.42218,-12.42218,-12.42218,-12.42218,0.04150,-45.0000,-45.0000,-10.0000,-10.0000,-30.0000,-30.0000,-30.0000,-30.0000,-45.0000,-45.0000,-10.0000,-10.0000,-30.0000,-30.0000,-30.0000,-30.0000,-54.000,-54.000,-28.000,-28.000,-10.000,-10.000,-10.000,-10.000,-54.000,-54.000,-28.000,-28.000,-10.000,-10.000,-10.000,-10.000,0.0,0.0,0.0,0.0,0.0,0.0,0.0,0.0,0.0,0.0,0.0,0.0,0.0,0.0,0.0,0.0
1790303551.730759,17.640,-12.42218,-12.42218,-12.42218,-12.42218,-12.42218,-12.42218,-12.42218,0.04150,-12.42218,-12.42218,-12.42218,-12.42218,-12.42218,-12.42218,-12.42218,0.04150,-45.0000,-45.0000,-10.0000,-10.0000,-30.0000,-30.0000,-30.0000,-30.0000,-45.0000,-45.0000,-10.0000,-10.0000,-30.0000,-30.0000,-30.0000,-30.0000,-54.000,-54.000,-28.000,-28.000,-10.000,-10.000,-10.000,-10.000,-54.000,-54.000,-28.000,-28.000,-10.000,-10.000,-10.000,-10.000,0.0,0.0,0.0,0.0,0.0,0.0,0.0,0.0,0.0,0.0,0.0,0.0,0.0,0.0,0.0,0.0
1790303551.741401,17.650,-12.42218,-12.42218,-12.42218,-12.42218,-12.42218,-12.42218,-12.42218,0.04150,-12.42218,-12.42218,-12.42218,-12.42218,-12.42218,-12.42218,-12.42218,0.04150,-45.0000,-45.0000,-10.0000,-10.0000,-30.0000,-30.0000,-30.0000,-30.0000,-45.0000,-45.0000,-10.0000,-10.0000,-30.0000,-30.0000,-30.0000,-30.0000,-54.000,-54.000,-28.000,-28.000,-10.000,-10.000,-10.000,-10.000,-54.000,-54.000,-28.000,-28.000,-10.000,-10.000,-10.000,-10.000,0.0,0.0,0.0,0.0,0.0,0.0,0.0,0.0,0.0,0.0,0.0,0.0,0.0,0.0,0.0,0.0
1790303551.750800,17.660,-12.42218,-12.42218,-12.42218,-12.42218,-12.42218,-12.42218,-12.42218,0.04150,-12.42218,-12.42218,-12.42218,-12.42218,-12.42218,-12.42218,-12.42218,0.04150,-45.0000,-45.0000,-10.0000,-10.0000,-30.0000,-30.0000,-30.0000,-30.0000,-45.0000,-45.0000,-10.0000,-10.0000,-30.0000,-30.0000,-30.0000,-30.0000,-54.000,-54.000,-28.000,-28.000,-10.000,-10.000,-10.000,-10.000,-54.000,-54.000,-28.000,-28.000,-10.000,-10.000,-10.000,-10.000,0.0,0.0,0.0,0.0,0.0,0.0,0.0,0.0,0.0,0.0,0.0,0.0,0.0,0.0,0.0,0.0
1790303551.760550,17.669,-12.42218,-12.42218,-12.42218,-12.42218,-12.42218,-12.42218,-12.42218,0.04150,-12.42218,-12.42218,-12.42218,-12.42218,-12.42218,-12.42218,-12.42218,0.04150,-45.0000,-45.0000,-10.0000,-10.0000,-30.0000,-30.0000,-30.0000,-30.0000,-45.0000,-45.0000,-10.0000,-10.0000,-30.0000,-30.0000,-30.0000,-30.0000,-54.000,-54.000,-28.000,-28.000,-10.000,-10.000,-10.000,-10.000,-54.000,-54.000,-28.000,-28.000,-10.000,-10.000,-10.000,-10.000,0.0,0.0,0.0,0.0,0.0,0.0,0.0,0.0,0.0,0.0,0.0,0.0,0.0,0.0,0.0,0.0
1790303551.770800,17.680,-12.42218,-12.42218,-12.42218,-12.42218,-12.42218,-12.42218,-12.42218,0.04150,-12.42218,-12.42218,-12.42218,-12.42218,-12.42218,-12.42218,-12.42218,0.04150,-45.0000,-45.0000,-10.0000,-10.0000,-30.0000,-30.0000,-30.0000,-30.0000,-45.0000,-45.0000,-10.0000,-10.0000,-30.0000,-30.0000,-30.0000,-30.0000,-54.000,-54.000,-28.000,-28.000,-10.000,-10.000,-10.000,-10.000,-54.000,-54.000,-28.000,-28.000,-10.000,-10.000,-10.000,-10.000,0.0,0.0,0.0,0.0,0.0,0.0,0.0,0.0,0.0,0.0,0.0,0.0,0.0,0.0,0.0,0.0
1790303551.780559,17.689,-12.42218,-12.42218,-12.42218,-12.42218,-12.42218,-12.42218,-12.42218,0.04150,-12.42218,-12.42218,-12.42218,-12.42218,-12.42218,-12.42218,-12.42218,0.04150,-45.0000,-45.0000,-10.0000,-10.0000,-30.0000,-30.0000,-30.0000,-30.0000,-45.0000,-45.0000,-10.0000,-10.0000,-30.0000,-30.0000,-30.0000,-30.0000,-54.000,-54.000,-28.000,-28.000,-10.000,-10.000,-10.000,-10.000,-54.000,-54.000,-28.000,-28.000,-10.000,-10.000,-10.000,-10.000,0.0,0.0,0.0,0.0,0.0,0.0,0.0,0.0,0.0,0.0,0.0,0.0,0.0,0.0,0.0,0.0
1790303551.790766,17.700,-12.42218,-12.42218,-12.42218,-12.42218,-12.42218,-12.42218,-12.42218,0.04150,-12.42218,-12.42218,-12.42218,-12.42218,-12.42218,-12.42218,-12.42218,0.04150,-45.0000,-45.0000,-10.0000,-10.0000,-30.0000,-30.0000,-30.0000,-30.0000,-45.0000,-45.0000,-10.0000,-10.0000,-30.0000,-30.0000,-30.0000,-30.0000,-54.000,-54.000,-28.000,-28.000,-10.000,-10.000,-10.000,-10.000,-54.000,-54.000,-28.000,-28.000,-10.000,-10.000,-10.000,-10.000,0.0,0.0,0.0,0.0,0.0,0.0,0.0,0.0,0.0,0.0,0.0,0.0,0.0,0.0,0.0,0.0
1790303551.800024,17.709,-12.42218,-12.42218,-12.42218,-12.42218,-12.42218,-12.42218,-12.42218,0.04150,-12.42218,-12.42218,-12.42218,-12.42218,-12.42218,-12.42218,-12.42218,0.04150,-45.0000,-45.0000,-10.0000,-10.0000,-30.0000,-30.0000,-30.0000,-30.0000,-45.0000,-45.0000,-10.0000,-10.0000,-30.0000,-30.0000,-30.0000,-30.0000,-54.000,-54.000,-28.000,-28.000,-10.000,-10.000,-10.000,-10.000,-54.000,-54.000,-28.000,-28.000,-10.000,-10.000,-10.000,-10.000,0.0,0.0,0.0,0.0,0.0,0.0,0.0,0.0,0.0,0.0,0.0,0.0,0.0,0.0,0.0,0.0
1790303551.810071,17.719,-12.42218,-12.42218,-12.42218,-12.42218,-12.42218,-12.42218,-12.42218,0.04150,-12.42218,-12.42218,-12.42218,-12.42218,-12.42218,-12.42218,-12.42218,0.04150,-45.0000,-45.0000,-10.0000,-10.0000,-30.0000,-30.0000,-30.0000,-30.0000,-45.0000,-45.0000,-10.0000,-10.0000,-30.0000,-30.0000,-30.0000,-30.0000,-54.000,-54.000,-28.000,-28.000,-10.000,-10.000,-10.000,-10.000,-54.000,-54.000,-28.000,-28.000,-10.000,-10.000,-10.000,-10.000,0.0,0.0,0.0,0.0,0.0,0.0,0.0,0.0,0.0,0.0,0.0,0.0,0.0,0.0,0.0,0.0
1790303551.820159,17.729,-12.42218,-12.42218,-12.42218,-12.42218,-12.42218,-12.42218,-12.42218,0.04150,-12.42218,-12.42218,-12.42218,-12.42218,-12.42218,-12.42218,-12.42218,0.04150,-45.0000,-45.0000,-10.0000,-10.0000,-30.0000,-30.0000,-30.0000,-30.0000,-45.0000,-45.0000,-10.0000,-10.0000,-30.0000,-30.0000,-30.0000,-30.0000,-54.000,-54.000,-28.000,-28.000,-10.000,-10.000,-10.000,-10.000,-54.000,-54.000,-28.000,-28.000,-10.000,-10.000,-10.000,-10.000,0.0,0.0,0.0,0.0,0.0,0.0,0.0,0.0,0.0,0.0,0.0,0.0,0.0,0.0,0.0,0.0
1790303551.830409,17.739,-12.42218,-12.42218,-12.42218,-12.42218,-12.42218,-12.42218,-12.42218,0.04150,-12.42218,-12.42218,-12.42218,-12.42218,-12.42218,-12.42218,-12.42218,0.04150,-45.0000,-45.0000,-10.0000,-10.0000,-30.0000,-30.0000,-30.0000,-30.0000,-45.0000,-45.0000,-10.0000,-10.0000,-30.0000,-30.0000,-30.0000,-30.0000,-54.000,-54.000,-28.000,-28.000,-10.000,-10.000,-10.000,-10.000,-54.000,-54.000,-28.000,-28.000,-10.000,-10.000,-10.000,-10.000,0.0,0.0,0.0,0.0,0.0,0.0,0.0,0.0,0.0,0.0,0.0,0.0,0.0,0.0,0.0,0.0
1790303551.840182,17.749,-12.42218,-12.42218,-12.42218,-12.42218,-12.42218,-12.42218,-12.42218,0.04150,-12.42218,-12.42218,-12.42218,-12.42218,-12.42218,-12.42218,-12.42218,0.04150,-45.0000,-45.0000,-10.0000,-10.0000,-30.0000,-30.0000,-30.0000,-30.0000,-45.0000,-45.0000,-10.0000,-10.0000,-30.0000,-30.0000,-30.0000,-30.0000,-54.000,-54.000,-28.000,-28.000,-10.000,-10.000,-10.000,-10.000,-54.000,-54.000,-28.000,-28.000,-10.000,-10.000,-10.000,-10.000,0.0,0.0,0.0,0.0,0.0,0.0,0.0,0.0,0.0,0.0,0.0,0.0,0.0,0.0,0.0,0.0
1790303551.850761,17.760,-12.42218,-12.42218,-12.42218,-12.42218,-12.42218,-12.42218,-12.42218,0.04150,-12.42218,-12.42218,-12.42218,-12.42218,-12.42218,-12.42218,-12.42218,0.04150,-45.0000,-45.0000,-10.0000,-10.0000,-30.0000,-30.0000,-30.0000,-30.0000,-45.0000,-45.0000,-10.0000,-10.0000,-30.0000,-30.0000,-30.0000,-30.0000,-54.000,-54.000,-28.000,-28.000,-10.000,-10.000,-10.000,-10.000,-54.000,-54.000,-28.000,-28.000,-10.000,-10.000,-10.000,-10.000,0.0,0.0,0.0,0.0,0.0,0.0,0.0,0.0,0.0,0.0,0.0,0.0,0.0,0.0,0.0,0.0
1790303551.860556,17.769,-12.42218,-12.42218,-12.42218,-12.42218,-12.42218,-12.42218,-12.42218,0.04150,-12.42218,-12.42218,-12.42218,-12.42218,-12.42218,-12.42218,-12.42218,0.04150,-45.0000,-45.0000,-10.0000,-10.0000,-30.0000,-30.0000,-30.0000,-30.0000,-45.0000,-45.0000,-10.0000,-10.0000,-30.0000,-30.0000,-30.0000,-30.0000,-54.000,-54.000,-28.000,-28.000,-10.000,-10.000,-10.000,-10.000,-54.000,-54.000,-28.000,-28.000,-10.000,-10.000,-10.000,-10.000,0.0,0.0,0.0,0.0,0.0,0.0,0.0,0.0,0.0,0.0,0.0,0.0,0.0,0.0,0.0,0.0
1790303551.870862,17.780,-12.42218,-12.42218,-12.42218,-12.42218,-12.42218,-12.42218,-12.42218,0.04150,-12.42218,-12.42218,-12.42218,-12.42218,-12.42218,-12.42218,-12.42218,0.04150,-45.0000,-45.0000,-10.0000,-10.0000,-30.0000,-30.0000,-30.0000,-30.0000,-45.0000,-45.0000,-10.0000,-10.0000,-30.0000,-30.0000,-30.0000,-30.0000,-54.000,-54.000,-28.000,-28.000,-10.000,-10.000,-10.000,-10.000,-54.000,-54.000,-28.000,-28.000,-10.000,-10.000,-10.000,-10.000,0.0,0.0,0.0,0.0,0.0,0.0,0.0,0.0,0.0,0.0,0.0,0.0,0.0,0.0,0.0,0.0
1790303551.880596,17.789,-12.42218,-12.42218,-12.42218,-12.42218,-12.42218,-12.42218,-12.42218,0.04150,-12.42218,-12.42218,-12.42218,-12.42218,-12.42218,-12.42218,-12.42218,0.04150,-45.0000,-45.0000,-10.0000,-10.0000,-30.0000,-30.0000,-30.0000,-30.0000,-45.0000,-45.0000,-10.0000,-10.0000,-30.0000,-30.0000,-30.0000,-30.0000,-54.000,-54.000,-28.000,-28.000,-10.000,-10.000,-10.000,-10.000,-54.000,-54.000,-28.000,-28.000,-10.000,-10.000,-10.000,-10.000,0.0,0.0,0.0,0.0,0.0,0.0,0.0,0.0,0.0,0.0,0.0,0.0,0.0,0.0,0.0,0.0
1790303551.890053,17.799,-12.42218,-12.42218,-12.42218,-12.42218,-12.42218,-12.42218,-12.42218,0.04150,-12.42218,-12.42218,-12.42218,-12.42218,-12.42218,-12.42218,-12.42218,0.04150,-45.0000,-45.0000,-10.0000,-10.0000,-30.0000,-30.0000,-30.0000,-30.0000,-45.0000,-45.0000,-10.0000,-10.0000,-30.0000,-30.0000,-30.0000,-30.0000,-54.000,-54.000,-28.000,-28.000,-10.000,-10.000,-10.000,-10.000,-54.000,-54.000,-28.000,-28.000,-10.000,-10.000,-10.000,-10.000,0.0,0.0,0.0,0.0,0.0,0.0,0.0,0.0,0.0,0.0,0.0,0.0,0.0,0.0,0.0,0.0
1790303551.900185,17.809,-12.42218,-12.42218,-12.42218,-12.42218,-12.42218,-12.42218,-12.42218,0.04150,-12.42218,-12.42218,-12.42218,-12.42218,-12.42218,-12.42218,-12.42218,0.04150,-45.0000,-45.0000,-10.0000,-10.0000,-30.0000,-30.0000,-30.0000,-30.0000,-45.0000,-45.0000,-10.0000,-10.0000,-30.0000,-30.0000,-30.0000,-30.0000,-54.000,-54.000,-28.000,-28.000,-10.000,-10.000,-10.000,-10.000,-54.000,-54.000,-28.000,-28.000,-10.000,-10.000,-10.000,-10.000,0.0,0.0,0.0,0.0,0.0,0.0,0.0,0.0,0.0,0.0,0.0,0.0,0.0,0.0,0.0,0.0
1790303551.910765,17.820,-12.42218,-12.42218,-12.42218,-12.42218,-12.42218,-12.42218,-12.42218,0.04150,-12.42218,-12.42218,-12.42218,-12.42218,-12.42218,-12.42218,-12.42218,0.04150,-45.0000,-45.0000,-10.0000,-10.0000,-30.0000,-30.0000,-30.0000,-30.0000,-45.0000,-45.0000,-10.0000,-10.0000,-30.0000,-30.0000,-30.0000,-30.0000,-54.000,-54.000,-28.000,-28.000,-10.000,-10.000,-10.000,-10.000,-54.000,-54.000,-28.000,-28.000,-10.000,-10.000,-10.000,-10.000,0.0,0.0,0.0,0.0,0.0,0.0,0.0,0.0,0.0,0.0,0.0,0.0,0.0,0.0,0.0,0.0
1790303551.920719,17.830,-12.42218,-12.42218,-12.42218,-12.42218,-12.42218,-12.42218,-12.42218,0.04150,-12.42218,-12.42218,-12.42218,-12.42218,-12.42218,-12.42218,-12.42218,0.04150,-45.0000,-45.0000,-10.0000,-10.0000,-30.0000,-30.0000,-30.0000,-30.0000,-45.0000,-45.0000,-10.0000,-10.0000,-30.0000,-30.0000,-30.0000,-30.0000,-54.000,-54.000,-28.000,-28.000,-10.000,-10.000,-10.000,-10.000,-54.000,-54.000,-28.000,-28.000,-10.000,-10.000,-10.000,-10.000,0.0,0.0,0.0,0.0,0.0,0.0,0.0,0.0,0.0,0.0,0.0,0.0,0.0,0.0,0.0,0.0
1790303551.930754,17.840,-12.42218,-12.42218,-12.42218,-12.42218,-12.42218,-12.42218,-12.42218,0.04150,-12.42218,-12.42218,-12.42218,-12.42218,-12.42218,-12.42218,-12.42218,0.04150,-45.0000,-45.0000,-10.0000,-10.0000,-30.0000,-30.0000,-30.0000,-30.0000,-45.0000,-45.0000,-10.0000,-10.0000,-30.0000,-30.0000,-30.0000,-30.0000,-54.000,-54.000,-28.000,-28.000,-10.000,-10.000,-10.000,-10.000,-54.000,-54.000,-28.000,-28.000,-10.000,-10.000,-10.000,-10.000,0.0,0.0,0.0,0.0,0.0,0.0,0.0,0.0,0.0,0.0,0.0,0.0,0.0,0.0,0.0,0.0
1790303551.940575,17.849,-12.42218,-12.42218,-12.42218,-12.42218,-12.42218,-12.42218,-12.42218,0.04150,-12.42218,-12.42218,-12.42218,-12.42218,-12.42218,-12.42218,-12.42218,0.04150,-45.0000,-45.0000,-10.0000,-10.0000,-30.0000,-30.0000,-30.0000,-30.0000,-45.0000,-45.0000,-10.0000,-10.0000,-30.0000,-30.0000,-30.0000,-30.0000,-54.000,-54.000,-28.000,-28.000,-10.000,-10.000,-10.000,-10.000,-54.000,-54.000,-28.000,-28.000,-10.000,-10.000,-10.000,-10.000,0.0,0.0,0.0,0.0,0.0,0.0,0.0,0.0,0.0,0.0,0.0,0.0,0.0,0.0,0.0,0.0
1790303551.950773,17.860,-12.42218,-12.42218,-12.42218,-12.42218,-12.42218,-12.42218,-12.42218,0.04150,-12.42218,-12.42218,-12.42218,-12.42218,-12.42218,-12.42218,-12.42218,0.04150,-45.0000,-45.0000,-10.0000,-10.0000,-30.0000,-30.0000,-30.0000,-30.0000,-45.0000,-45.0000,-10.0000,-10.0000,-30.0000,-30.0000,-30.0000,-30.0000,-54.000,-54.000,-28.000,-28.000,-10.000,-10.000,-10.000,-10.000,-54.000,-54.000,-28.000,-28.000,-10.000,-10.000,-10.000,-10.000,0.0,0.0,0.0,0.0,0.0,0.0,0.0,0.0,0.0,0.0,0.0,0.0,0.0,0.0,0.0,0.0
1790303551.960188,17.869,-12.42218,-12.42218,-12.42218,-12.42218,-12.42218,-12.42218,-12.42218,0.04150,-12.42218,-12.42218,-12.42218,-12.42218,-12.42218,-12.42218,-12.42218,0.04150,-45.0000,-45.0000,-10.0000,-10.0000,-30.0000,-30.0000,-30.0000,-30.0000,-45.0000,-45.0000,-10.0000,-10.0000,-30.0000,-30.0000,-30.0000,-30.0000,-54.000,-54.000,-28.000,-28.000,-10.000,-10.000,-10.000,-10.000,-54.000,-54.000,-28.000,-28.000,-10.000,-10.000,-10.000,-10.000,0.0,0.0,0.0,0.0,0.0,0.0,0.0,0.0,0.0,0.0,0.0,0.0,0.0,0.0,0.0,0.0
1790303551.970091,17.879,-12.42218,-12.42218,-12.42218,-12.42218,-12.42218,-12.42218,-12.42218,0.04150,-12.42218,-12.42218,-12.42218,-12.42218,-12.42218,-12.42218,-12.42218,0.04150,-45.0000,-45.0000,-10.0000,-10.0000,-30.0000,-30.0000,-30.0000,-30.0000,-45.0000,-45.0000,-10.0000,-10.0000,-30.0000,-30.0000,-30.0000,-30.0000,-54.000,-54.000,-28.000,-28.000,-10.000,-10.000,-10.000,-10.000,-54.000,-54.000,-28.000,-28.000,-10.000,-10.000,-10.000,-10.000,0.0,0.0,0.0,0.0,0.0,0.0,0.0,0.0,0.0,0.0,0.0,0.0,0.0,0.0,0.0,0.0
1790303551.980980,17.890,-12.42218,-12.42218,-12.42218,-12.42218,-12.42218,-12.42218,-12.42218,0.04150,-12.42218,-12.42218,-12.42218,-12.42218,-12.42218,-12.42218,-12.42218,0.04150,-45.0000,-45.0000,-10.0000,-10.0000,-30.0000,-30.0000,-30.0000,-30.0000,-45.0000,-45.0000,-10.0000,-10.0000,-30.0000,-30.0000,-30.0000,-30.0000,-54.000,-54.000,-28.000,-28.000,-10.000,-10.000,-10.000,-10.000,-54.000,-54.000,-28.000,-28.000,-10.000,-10.000,-10.000,-10.000,0.0,0.0,0.0,0.0,0.0,0.0,0.0,0.0,0.0,0.0,0.0,0.0,0.0,0.0,0.0,0.0
1790303551.990798,17.900,-12.42218,-12.42218,-12.42218,-12.42218,-12.42218,-12.42218,-12.42218,0.04150,-12.42218,-12.42218,-12.42218,-12.42218,-12.42218,-12.42218,-12.42218,0.04150,-45.0000,-45.0000,-10.0000,-10.0000,-30.0000,-30.0000,-30.0000,-30.0000,-45.0000,-45.0000,-10.0000,-10.0000,-30.0000,-30.0000,-30.0000,-30.0000,-54.000,-54.000,-28.000,-28.000,-10.000,-10.000,-10.000,-10.000,-54.000,-54.000,-28.000,-28.000,-10.000,-10.000,-10.000,-10.000,0.0,0.0,0.0,0.0,0.0,0.0,0.0,0.0,0.0,0.0,0.0,0.0,0.0,0.0,0.0,0.0
1790303552.000639,17.910,-12.42218,-12.42218,-12.42218,-12.42218,-12.42218,-12.42218,-12.42218,0.04150,-12.42218,-12.42218,-12.42218,-12.42218,-12.42218,-12.42218,-12.42218,0.04150,-45.0000,-45.0000,-10.0000,-10.0000,-30.0000,-30.0000,-30.0000,-30.0000,-45.0000,-45.0000,-10.0000,-10.0000,-30.0000,-30.0000,-30.0000,-30.0000,-54.000,-54.000,-28.000,-28.000,-10.000,-10.000,-10.000,-10.000,-54.000,-54.000,-28.000,-28.000,-10.000,-10.000,-10.000,-10.000,0.0,0.0,0.0,0.0,0.0,0.0,0.0,0.0,0.0,0.0,0.0,0.0,0.0,0.0,0.0,0.0
1790303552.010794,17.920,-12.42218,-12.42218,-12.42218,-12.42218,-12.42218,-12.42218,-12.42218,0.04150,-12.42218,-12.42218,-12.42218,-12.42218,-12.42218,-12.42218,-12.42218,0.04150,-45.0000,-45.0000,-10.0000,-10.0000,-30.0000,-30.0000,-30.0000,-30.0000,-45.0000,-45.0000,-10.0000,-10.0000,-30.0000,-30.0000,-30.0000,-30.0000,-54.000,-54.000,-28.000,-28.000,-10.000,-10.000,-10.000,-10.000,-54.000,-54.000,-28.000,-28.000,-10.000,-10.000,-10.000,-10.000,0.0,0.0,0.0,0.0,0.0,0.0,0.0,0.0,0.0,0.0,0.0,0.0,0.0,0.0,0.0,0.0
1790303552.020580,17.929,-12.42218,-12.42218,-12.42218,-12.42218,-12.42218,-12.42218,-12.42218,0.04150,-12.42218,-12.42218,-12.42218,-12.42218,-12.42218,-12.42218,-12.42218,0.04150,-45.0000,-45.0000,-10.0000,-10.0000,-30.0000,-30.0000,-30.0000,-30.0000,-45.0000,-45.0000,-10.0000,-10.0000,-30.0000,-30.0000,-30.0000,-30.0000,-54.000,-54.000,-28.000,-28.000,-10.000,-10.000,-10.000,-10.000,-54.000,-54.000,-28.000,-28.000,-10.000,-10.000,-10.000,-10.000,0.0,0.0,0.0,0.0,0.0,0.0,0.0,0.0,0.0,0.0,0.0,0.0,0.0,0.0,0.0,0.0
1790303552.030923,17.940,-12.42218,-12.42218,-12.42218,-12.42218,-12.42218,-12.42218,-12.42218,0.04150,-12.42218,-12.42218,-12.42218,-12.42218,-12.42218,-12.42218,-12.42218,0.04150,-45.0000,-45.0000,-10.0000,-10.0000,-30.0000,-30.0000,-30.0000,-30.0000,-45.0000,-45.0000,-10.0000,-10.0000,-30.0000,-30.0000,-30.0000,-30.0000,-54.000,-54.000,-28.000,-28.000,-10.000,-10.000,-10.000,-10.000,-54.000,-54.000,-28.000,-28.000,-10.000,-10.000,-10.000,-10.000,0.0,0.0,0.0,0.0,0.0,0.0,0.0,0.0,0.0,0.0,0.0,0.0,0.0,0.0,0.0,0.0
1790303552.040564,17.949,-12.42218,-12.42218,-12.42218,-12.42218,-12.42218,-12.42218,-12.42218,0.04150,-12.42218,-12.42218,-12.42218,-12.42218,-12.42218,-12.42218,-12.42218,0.04150,-45.0000,-45.0000,-10.0000,-10.0000,-30.0000,-30.0000,-30.0000,-30.0000,-45.0000,-45.0000,-10.0000,-10.0000,-30.0000,-30.0000,-30.0000,-30.0000,-54.000,-54.000,-28.000,-28.000,-10.000,-10.000,-10.000,-10.000,-54.000,-54.000,-28.000,-28.000,-10.000,-10.000,-10.000,-10.000,0.0,0.0,0.0,0.0,0.0,0.0,0.0,0.0,0.0,0.0,0.0,0.0,0.0,0.0,0.0,0.0
1790303552.050795,17.960,-12.42218,-12.42218,-12.42218,-12.42218,-12.42218,-12.42218,-12.42218,0.04150,-12.42218,-12.42218,-12.42218,-12.42218,-12.42218,-12.42218,-12.42218,0.04150,-45.0000,-45.0000,-10.0000,-10.0000,-30.0000,-30.0000,-30.0000,-30.0000,-45.0000,-45.0000,-10.0000,-10.0000,-30.0000,-30.0000,-30.0000,-30.0000,-54.000,-54.000,-28.000,-28.000,-10.000,-10.000,-10.000,-10.000,-54.000,-54.000,-28.000,-28.000,-10.000,-10.000,-10.000,-10.000,0.0,0.0,0.0,0.0,0.0,0.0,0.0,0.0,0.0,0.0,0.0,0.0,0.0,0.0,0.0,0.0
1790303552.060580,17.969,-12.42218,-12.42218,-12.42218,-12.42218,-12.42218,-12.42218,-12.42218,0.04150,-12.42218,-12.42218,-12.42218,-12.42218,-12.42218,-12.42218,-12.42218,0.04150,-45.0000,-45.0000,-10.0000,-10.0000,-30.0000,-30.0000,-30.0000,-30.0000,-45.0000,-45.0000,-10.0000,-10.0000,-30.0000,-30.0000,-30.0000,-30.0000,-54.000,-54.000,-28.000,-28.000,-10.000,-10.000,-10.000,-10.000,-54.000,-54.000,-28.000,-28.000,-10.000,-10.000,-10.000,-10.000,0.0,0.0,0.0,0.0,0.0,0.0,0.0,0.0,0.0,0.0,0.0,0.0,0.0,0.0,0.0,0.0
1790303552.070820,17.980,-12.42218,-12.42218,-12.42218,-12.42218,-12.42218,-12.42218,-12.42218,0.04150,-12.42218,-12.42218,-12.42218,-12.42218,-12.42218,-12.42218,-12.42218,0.04150,-45.0000,-45.0000,-10.0000,-10.0000,-30.0000,-30.0000,-30.0000,-30.0000,-45.0000,-45.0000,-10.0000,-10.0000,-30.0000,-30.0000,-30.0000,-30.0000,-54.000,-54.000,-28.000,-28.000,-10.000,-10.000,-10.000,-10.000,-54.000,-54.000,-28.000,-28.000,-10.000,-10.000,-10.000,-10.000,0.0,0.0,0.0,0.0,0.0,0.0,0.0,0.0,0.0,0.0,0.0,0.0,0.0,0.0,0.0,0.0
1790303552.080547,17.989,-12.42218,-12.42218,-12.42218,-12.42218,-12.42218,-12.42218,-12.42218,0.04150,-12.42218,-12.42218,-12.42218,-12.42218,-12.42218,-12.42218,-12.42218,0.04150,-45.0000,-45.0000,-10.0000,-10.0000,-30.0000,-30.0000,-30.0000,-30.0000,-45.0000,-45.0000,-10.0000,-10.0000,-30.0000,-30.0000,-30.0000,-30.0000,-54.000,-54.000,-28.000,-28.000,-10.000,-10.000,-10.000,-10.000,-54.000,-54.000,-28.000,-28.000,-10.000,-10.000,-10.000,-10.000,0.0,0.0,0.0,0.0,0.0,0.0,0.0,0.0,0.0,0.0,0.0,0.0,0.0,0.0,0.0,0.0
1790303552.090777,18.000,-12.42218,-12.42218,-12.42218,-12.42218,-12.42218,-12.42218,-12.42218,0.04150,-12.42218,-12.42218,-12.42218,-12.42218,-12.42218,-12.42218,-12.42218,0.04150,-45.0000,-45.0000,-10.0000,-10.0000,-30.0000,-30.0000,-30.0000,-30.0000,-45.0000,-45.0000,-10.0000,-10.0000,-30.0000,-30.0000,-30.0000,-30.0000,-54.000,-54.000,-28.000,-28.000,-10.000,-10.000,-10.000,-10.000,-54.000,-54.000,-28.000,-28.000,-10.000,-10.000,-10.000,-10.000,0.0,0.0,0.0,0.0,0.0,0.0,0.0,0.0,0.0,0.0,0.0,0.0,0.0,0.0,0.0,0.0
1790303552.100077,18.009,-12.42218,-12.42218,-12.42218,-12.42218,-12.42218,-12.42218,-12.42218,0.04150,-12.42218,-12.42218,-12.42218,-12.42218,-12.42218,-12.42218,-12.42218,0.04150,-45.0000,-45.0000,-10.0000,-10.0000,-30.0000,-30.0000,-30.0000,-30.0000,-45.0000,-45.0000,-10.0000,-10.0000,-30.0000,-30.0000,-30.0000,-30.0000,-54.000,-54.000,-28.000,-28.000,-10.000,-10.000,-10.000,-10.000,-54.000,-54.000,-28.000,-28.000,-10.000,-10.000,-10.000,-10.000,0.0,0.0,0.0,0.0,0.0,0.0,0.0,0.0,0.0,0.0,0.0,0.0,0.0,0.0,0.0,0.0
1790303552.110100,18.019,-12.42218,-12.42218,-12.42218,-12.42218,-12.42218,-12.42218,-12.42218,0.04150,-12.42218,-12.42218,-12.42218,-12.42218,-12.42218,-12.42218,-12.42218,0.04150,-45.0000,-45.0000,-10.0000,-10.0000,-30.0000,-30.0000,-30.0000,-30.0000,-45.0000,-45.0000,-10.0000,-10.0000,-30.0000,-30.0000,-30.0000,-30.0000,-54.000,-54.000,-28.000,-28.000,-10.000,-10.000,-10.000,-10.000,-54.000,-54.000,-28.000,-28.000,-10.000,-10.000,-10.000,-10.000,0.0,0.0,0.0,0.0,0.0,0.0,0.0,0.0,0.0,0.0,0.0,0.0,0.0,0.0,0.0,0.0
1790303552.120079,18.029,-12.42218,-12.42218,-12.42218,-12.42218,-12.42218,-12.42218,-12.42218,0.04150,-12.42218,-12.42218,-12.42218,-12.42218,-12.42218,-12.42218,-12.42218,0.04150,-45.0000,-45.0000,-10.0000,-10.0000,-30.0000,-30.0000,-30.0000,-30.0000,-45.0000,-45.0000,-10.0000,-10.0000,-30.0000,-30.0000,-30.0000,-30.0000,-54.000,-54.000,-28.000,-28.000,-10.000,-10.000,-10.000,-10.000,-54.000,-54.000,-28.000,-28.000,-10.000,-10.000,-10.000,-10.000,0.0,0.0,0.0,0.0,0.0,0.0,0.0,0.0,0.0,0.0,0.0,0.0,0.0,0.0,0.0,0.0
1790303552.130090,18.039,-12.42218,-12.42218,-12.42218,-12.42218,-12.42218,-12.42218,-12.42218,0.04150,-12.42218,-12.42218,-12.42218,-12.42218,-12.42218,-12.42218,-12.42218,0.04150,-45.0000,-45.0000,-10.0000,-10.0000,-30.0000,-30.0000,-30.0000,-30.0000,-45.0000,-45.0000,-10.0000,-10.0000,-30.0000,-30.0000,-30.0000,-30.0000,-54.000,-54.000,-28.000,-28.000,-10.000,-10.000,-10.000,-10.000,-54.000,-54.000,-28.000,-28.000,-10.000,-10.000,-10.000,-10.000,0.0,0.0,0.0,0.0,0.0,0.0,0.0,0.0,0.0,0.0,0.0,0.0,0.0,0.0,0.0,0.0
1790303552.140170,18.049,-12.42218,-12.42218,-12.42218,-12.42218,-12.42218,-12.42218,-12.42218,0.04150,-12.42218,-12.42218,-12.42218,-12.42218,-12.42218,-12.42218,-12.42218,0.04150,-45.0000,-45.0000,-10.0000,-10.0000,-30.0000,-30.0000,-30.0000,-30.0000,-45.0000,-45.0000,-10.0000,-10.0000,-30.0000,-30.0000,-30.0000,-30.0000,-54.000,-54.000,-28.000,-28.000,-10.000,-10.000,-10.000,-10.000,-54.000,-54.000,-28.000,-28.000,-10.000,-10.000,-10.000,-10.000,0.0,0.0,0.0,0.0,0.0,0.0,0.0,0.0,0.0,0.0,0.0,0.0,0.0,0.0,0.0,0.0
1790303552.150365,18.059,-12.42218,-12.42218,-12.42218,-12.42218,-12.42218,-12.42218,-12.42218,0.04150,-12.42218,-12.42218,-12.42218,-12.42218,-12.42218,-12.42218,-12.42218,0.04150,-45.0000,-45.0000,-10.0000,-10.0000,-30.0000,-30.0000,-30.0000,-30.0000,-45.0000,-45.0000,-10.0000,-10.0000,-30.0000,-30.0000,-30.0000,-30.0000,-54.000,-54.000,-28.000,-28.000,-10.000,-10.000,-10.000,-10.000,-54.000,-54.000,-28.000,-28.000,-10.000,-10.000,-10.000,-10.000,0.0,0.0,0.0,0.0,0.0,0.0,0.0,0.0,0.0,0.0,0.0,0.0,0.0,0.0,0.0,0.0
1790303552.160192,18.069,-12.42218,-12.42218,-12.42218,-12.42218,-12.42218,-12.42218,-12.42218,0.04150,-12.42218,-12.42218,-12.42218,-12.42218,-12.42218,-12.42218,-12.42218,0.04150,-45.0000,-45.0000,-10.0000,-10.0000,-30.0000,-30.0000,-30.0000,-30.0000,-45.0000,-45.0000,-10.0000,-10.0000,-30.0000,-30.0000,-30.0000,-30.0000,-54.000,-54.000,-28.000,-28.000,-10.000,-10.000,-10.000,-10.000,-54.000,-54.000,-28.000,-28.000,-10.000,-10.000,-10.000,-10.000,0.0,0.0,0.0,0.0,0.0,0.0,0.0,0.0,0.0,0.0,0.0,0.0,0.0,0.0,0.0,0.0
1790303552.170307,18.079,-12.42218,-12.42218,-12.42218,-12.42218,-12.42218,-12.42218,-12.42218,0.04150,-12.42218,-12.42218,-12.42218,-12.42218,-12.42218,-12.42218,-12.42218,0.04150,-45.0000,-45.0000,-10.0000,-10.0000,-30.0000,-30.0000,-30.0000,-30.0000,-45.0000,-45.0000,-10.0000,-10.0000,-30.0000,-30.0000,-30.0000,-30.0000,-54.000,-54.000,-28.000,-28.000,-10.000,-10.000,-10.000,-10.000,-54.000,-54.000,-28.000,-28.000,-10.000,-10.000,-10.000,-10.000,0.0,0.0,0.0,0.0,0.0,0.0,0.0,0.0,0.0,0.0,0.0,0.0,0.0,0.0,0.0,0.0
1790303552.180206,18.089,-12.42218,-12.42218,-12.42218,-12.42218,-12.42218,-12.42218,-12.42218,0.04150,-12.42218,-12.42218,-12.42218,-12.42218,-12.42218,-12.42218,-12.42218,0.04150,-45.0000,-45.0000,-10.0000,-10.0000,-30.0000,-30.0000,-30.0000,-30.0000,-45.0000,-45.0000,-10.0000,-10.0000,-30.0000,-30.0000,-30.0000,-30.0000,-54.000,-54.000,-28.000,-28.000,-10.000,-10.000,-10.000,-10.000,-54.000,-54.000,-28.000,-28.000,-10.000,-10.000,-10.000,-10.000,0.0,0.0,0.0,0.0,0.0,0.0,0.0,0.0,0.0,0.0,0.0,0.0,0.0,0.0,0.0,0.0
1790303552.190343,18.099,-12.42218,-12.42218,-12.42218,-12.42218,-12.42218,-12.42218,-12.42218,0.04150,-12.42218,-12.42218,-12.42218,-12.42218,-12.42218,-12.42218,-12.42218,0.04150,-45.0000,-45.0000,-10.0000,-10.0000,-30.0000,-30.0000,-30.0000,-30.0000,-45.0000,-45.0000,-10.0000,-10.0000,-30.0000,-30.0000,-30.0000,-30.0000,-54.000,-54.000,-28.000,-28.000,-10.000,-10.000,-10.000,-10.000,-54.000,-54.000,-28.000,-28.000,-10.000,-10.000,-10.000,-10.000,0.0,0.0,0.0,0.0,0.0,0.0,0.0,0.0,0.0,0.0,0.0,0.0,0.0,0.0,0.0,0.0
1790303552.200577,18.109,-12.42218,-12.42218,-12.42218,-12.42218,-12.42218,-12.42218,-12.42218,0.04150,-12.42218,-12.42218,-12.42218,-12.42218,-12.42218,-12.42218,-12.42218,0.04150,-45.0000,-45.0000,-10.0000,-10.0000,-30.0000,-30.0000,-30.0000,-30.0000,-45.0000,-45.0000,-10.0000,-10.0000,-30.0000,-30.0000,-30.0000,-30.0000,-54.000,-54.000,-28.000,-28.000,-10.000,-10.000,-10.000,-10.000,-54.000,-54.000,-28.000,-28.000,-10.000,-10.000,-10.000,-10.000,0.0,0.0,0.0,0.0,0.0,0.0,0.0,0.0,0.0,0.0,0.0,0.0,0.0,0.0,0.0,0.0
1790303552.219581,18.128,-12.42218,-12.42218,-12.42218,-12.42218,-12.42218,-12.42218,-12.42218,0.04150,-12.42218,-12.42218,-12.42218,-12.42218,-12.42218,-12.42218,-12.42218,0.04150,-45.0000,-45.0000,-10.0000,-10.0000,-30.0000,-30.0000,-30.0000,-30.0000,-45.0000,-45.0000,-10.0000,-10.0000,-30.0000,-30.0000,-30.0000,-30.0000,-54.000,-54.000,-28.000,-28.000,-10.000,-10.000,-10.000,-10.000,-54.000,-54.000,-28.000,-28.000,-10.000,-10.000,-10.000,-10.000,0.0,0.0,0.0,0.0,0.0,0.0,0.0,0.0,0.0,0.0,0.0,0.0,0.0,0.0,0.0,0.0
1790303552.222733,18.132,-12.42218,-12.42218,-12.42218,-12.42218,-12.42218,-12.42218,-12.42218,0.04150,-12.42218,-12.42218,-12.42218,-12.42218,-12.42218,-12.42218,-12.42218,0.04150,-45.0000,-45.0000,-10.0000,-10.0000,-30.0000,-30.0000,-30.0000,-30.0000,-45.0000,-45.0000,-10.0000,-10.0000,-30.0000,-30.0000,-30.0000,-30.0000,-54.000,-54.000,-28.000,-28.000,-10.000,-10.000,-10.000,-10.000,-54.000,-54.000,-28.000,-28.000,-10.000,-10.000,-10.000,-10.000,0.0,0.0,0.0,0.0,0.0,0.0,0.0,0.0,0.0,0.0,0.0,0.0,0.0,0.0,0.0,0.0
1790303552.230342,18.139,-12.42218,-12.42218,-12.42218,-12.42218,-12.42218,-12.42218,-12.42218,0.04150,-12.42218,-12.42218,-12.42218,-12.42218,-12.42218,-12.42218,-12.42218,0.04150,-45.0000,-45.0000,-10.0000,-10.0000,-30.0000,-30.0000,-30.0000,-30.0000,-45.0000,-45.0000,-10.0000,-10.0000,-30.0000,-30.0000,-30.0000,-30.0000,-54.000,-54.000,-28.000,-28.000,-10.000,-10.000,-10.000,-10.000,-54.000,-54.000,-28.000,-28.000,-10.000,-10.000,-10.000,-10.000,0.0,0.0,0.0,0.0,0.0,0.0,0.0,0.0,0.0,0.0,0.0,0.0,0.0,0.0,0.0,0.0
1790303552.240156,18.149,-12.42218,-12.42218,-12.42218,-12.42218,-12.42218,-12.42218,-12.42218,0.04150,-12.42218,-12.42218,-12.42218,-12.42218,-12.42218,-12.42218,-12.42218,0.04150,-45.0000,-45.0000,-10.0000,-10.0000,-30.0000,-30.0000,-30.0000,-30.0000,-45.0000,-45.0000,-10.0000,-10.0000,-30.0000,-30.0000,-30.0000,-30.0000,-54.000,-54.000,-28.000,-28.000,-10.000,-10.000,-10.000,-10.000,-54.000,-54.000,-28.000,-28.000,-10.000,-10.000,-10.000,-10.000,0.0,0.0,0.0,0.0,0.0,0.0,0.0,0.0,0.0,0.0,0.0,0.0,0.0,0.0,0.0,0.0
1790303552.250149,18.159,-12.42218,-12.42218,-12.42218,-12.42218,-12.42218,-12.42218,-12.42218,0.04150,-12.42218,-12.42218,-12.42218,-12.42218,-12.42218,-12.42218,-12.42218,0.04150,-45.0000,-45.0000,-10.0000,-10.0000,-30.0000,-30.0000,-30.0000,-30.0000,-45.0000,-45.0000,-10.0000,-10.0000,-30.0000,-30.0000,-30.0000,-30.0000,-54.000,-54.000,-28.000,-28.000,-10.000,-10.000,-10.000,-10.000,-54.000,-54.000,-28.000,-28.000,-10.000,-10.000,-10.000,-10.000,0.0,0.0,0.0,0.0,0.0,0.0,0.0,0.0,0.0,0.0,0.0,0.0,0.0,0.0,0.0,0.0
1790303552.261222,18.170,-12.42218,-12.42218,-12.42218,-12.42218,-12.42218,-12.42218,-12.42218,0.04150,-12.42218,-12.42218,-12.42218,-12.42218,-12.42218,-12.42218,-12.42218,0.04150,-45.0000,-45.0000,-10.0000,-10.0000,-30.0000,-30.0000,-30.0000,-30.0000,-45.0000,-45.0000,-10.0000,-10.0000,-30.0000,-30.0000,-30.0000,-30.0000,-54.000,-54.000,-28.000,-28.000,-10.000,-10.000,-10.000,-10.000,-54.000,-54.000,-28.000,-28.000,-10.000,-10.000,-10.000,-10.000,0.0,0.0,0.0,0.0,0.0,0.0,0.0,0.0,0.0,0.0,0.0,0.0,0.0,0.0,0.0,0.0
